batch_size,batches_per_step,center_generation_bounds,dataset_names,dead_time,features_dimension,interaction_rate,lambda_sensitivity,learning_rate,max_input_dim,max_output_dim,n_bees,n_classes,n_epochs,n_per_class_test,n_per_class_train,n_steps_per_epoch,n_tasks,param_id,production_rate,punish_rate,punishment,random_seed,replicate_id,run_time,run_timestamp,save_nn_epochs,seed,use_gauss,use_per_class_variance,variance_bounds,n_tasks_1,n_bees_total,n_bees_final,t_end,task_spec_mean_final,agent_spec_mean_final,final_min_task_best,final_mean_task_best,max_thr_matching_final,onset_thr_0p8,task_spec_mean_onset_thr_0p8,agent_spec_mean_onset_thr_0p8,onset_thr_0p9,task_spec_mean_onset_thr_0p9,agent_spec_mean_onset_thr_0p9,root,param_folder,param_dir,event_log_path,config_path
32,1000,"[0,1]","[""task_1"",""task_2"",""task_3"",""task_4"",""task_5"",""task_6"",""task_7"",""task_8"",""task_9"",""task_10""]",0.01,10,500.0,100,1.0e-5,10,15,10,15,500,50,100,1,10,100,1,0.1,time_out,242649821,1,8154.32,2025-12-14T16:07:10.671,0,242649821,true,true,"[0.01,0.05]",10,10,10,500.0020684737896,0.16485660909328007,0.18137876603023356,0.10666666666666667,0.3336,0.092,,,,,,,/scratch/n/N.Pfaffenzeller/nikolas_nethive/nethive_multiverse/results/test_runs/10b10t15c500e_log_sweep,param_100_rep_1,/scratch/n/N.Pfaffenzeller/nikolas_nethive/nethive_multiverse/results/test_runs/10b10t15c500e_log_sweep/data/param_100_rep_1,/scratch/n/N.Pfaffenzeller/nikolas_nethive/nethive_multiverse/results/test_runs/10b10t15c500e_log_sweep/data/param_100_rep_1/event_log.csv,/scratch/n/N.Pfaffenzeller/nikolas_nethive/nethive_multiverse/results/test_runs/10b10t15c500e_log_sweep/data/param_100_rep_1/config.json
32,1000,"[0,1]","[""task_1"",""task_2"",""task_3"",""task_4"",""task_5"",""task_6"",""task_7"",""task_8"",""task_9"",""task_10""]",0.01,10,500.0,100,1.0e-5,10,15,10,15,500,50,100,1,10,100,1,0.1,time_out,242649822,2,8721.39,2025-12-14T16:07:45.335,0,242649822,true,true,"[0.01,0.05]",10,10,10,500.00069603784107,0.17897242826014273,0.21547038515837302,0.11066666666666666,0.3829333333333333,0.11066666666666666,,,,,,,/scratch/n/N.Pfaffenzeller/nikolas_nethive/nethive_multiverse/results/test_runs/10b10t15c500e_log_sweep,param_100_rep_2,/scratch/n/N.Pfaffenzeller/nikolas_nethive/nethive_multiverse/results/test_runs/10b10t15c500e_log_sweep/data/param_100_rep_2,/scratch/n/N.Pfaffenzeller/nikolas_nethive/nethive_multiverse/results/test_runs/10b10t15c500e_log_sweep/data/param_100_rep_2/event_log.csv,/scratch/n/N.Pfaffenzeller/nikolas_nethive/nethive_multiverse/results/test_runs/10b10t15c500e_log_sweep/data/param_100_rep_2/config.json
32,1000,"[0,1]","[""task_1"",""task_2"",""task_3"",""task_4"",""task_5"",""task_6"",""task_7"",""task_8"",""task_9"",""task_10""]",0.01,10,500.0,100,1.0e-5,10,15,10,15,500,50,100,1,10,100,1,0.1,time_out,242649823,3,8485.88,2025-12-14T16:07:35.192,0,242649823,true,true,"[0.01,0.05]",10,10,10,500.00069382942075,0.1323659316188865,0.1528009688667302,0.09733333333333333,0.3312,0.09733333333333333,,,,,,,/scratch/n/N.Pfaffenzeller/nikolas_nethive/nethive_multiverse/results/test_runs/10b10t15c500e_log_sweep,param_100_rep_3,/scratch/n/N.Pfaffenzeller/nikolas_nethive/nethive_multiverse/results/test_runs/10b10t15c500e_log_sweep/data/param_100_rep_3,/scratch/n/N.Pfaffenzeller/nikolas_nethive/nethive_multiverse/results/test_runs/10b10t15c500e_log_sweep/data/param_100_rep_3/event_log.csv,/scratch/n/N.Pfaffenzeller/nikolas_nethive/nethive_multiverse/results/test_runs/10b10t15c500e_log_sweep/data/param_100_rep_3/config.json
32,1000,"[0,1]","[""task_1"",""task_2"",""task_3"",""task_4"",""task_5"",""task_6"",""task_7"",""task_8"",""task_9"",""task_10""]",0.05,10,500.0,100,1.0e-5,10,15,10,15,500,50,100,1,10,101,1,0.1,time_out,242650821,1,4587.24,2025-12-14T16:07:35.149,0,242650821,true,true,"[0.01,0.05]",10,10,10,500.000329046538,0.5552052933405676,0.5514013221794406,0.6613333333333333,0.7453333333333334,0.6613333333333333,,,,,,,/scratch/n/N.Pfaffenzeller/nikolas_nethive/nethive_multiverse/results/test_runs/10b10t15c500e_log_sweep,param_101_rep_1,/scratch/n/N.Pfaffenzeller/nikolas_nethive/nethive_multiverse/results/test_runs/10b10t15c500e_log_sweep/data/param_101_rep_1,/scratch/n/N.Pfaffenzeller/nikolas_nethive/nethive_multiverse/results/test_runs/10b10t15c500e_log_sweep/data/param_101_rep_1/event_log.csv,/scratch/n/N.Pfaffenzeller/nikolas_nethive/nethive_multiverse/results/test_runs/10b10t15c500e_log_sweep/data/param_101_rep_1/config.json
32,1000,"[0,1]","[""task_1"",""task_2"",""task_3"",""task_4"",""task_5"",""task_6"",""task_7"",""task_8"",""task_9"",""task_10""]",0.05,10,500.0,100,1.0e-5,10,15,10,15,500,50,100,1,10,101,1,0.1,time_out,242650822,2,10410.4,2025-12-14T16:08:35.104,0,242650822,true,true,"[0.01,0.05]",10,10,10,500.0002164851143,0.6336578162184094,0.6298893682703841,0.7466666666666667,0.8045333333333333,0.7466666666666667,,,,,,,/scratch/n/N.Pfaffenzeller/nikolas_nethive/nethive_multiverse/results/test_runs/10b10t15c500e_log_sweep,param_101_rep_2,/scratch/n/N.Pfaffenzeller/nikolas_nethive/nethive_multiverse/results/test_runs/10b10t15c500e_log_sweep/data/param_101_rep_2,/scratch/n/N.Pfaffenzeller/nikolas_nethive/nethive_multiverse/results/test_runs/10b10t15c500e_log_sweep/data/param_101_rep_2/event_log.csv,/scratch/n/N.Pfaffenzeller/nikolas_nethive/nethive_multiverse/results/test_runs/10b10t15c500e_log_sweep/data/param_101_rep_2/config.json
32,1000,"[0,1]","[""task_1"",""task_2"",""task_3"",""task_4"",""task_5"",""task_6"",""task_7"",""task_8"",""task_9"",""task_10""]",0.05,10,500.0,100,1.0e-5,10,15,10,15,500,50,100,1,10,101,1,0.1,time_out,242650823,3,5047.37,2025-12-14T16:08:11.835,0,242650823,true,true,"[0.01,0.05]",10,10,10,500.001880812484,0.5667231481850857,0.5619358475100438,0.5853333333333334,0.7548000000000001,0.5853333333333334,,,,,,,/scratch/n/N.Pfaffenzeller/nikolas_nethive/nethive_multiverse/results/test_runs/10b10t15c500e_log_sweep,param_101_rep_3,/scratch/n/N.Pfaffenzeller/nikolas_nethive/nethive_multiverse/results/test_runs/10b10t15c500e_log_sweep/data/param_101_rep_3,/scratch/n/N.Pfaffenzeller/nikolas_nethive/nethive_multiverse/results/test_runs/10b10t15c500e_log_sweep/data/param_101_rep_3/event_log.csv,/scratch/n/N.Pfaffenzeller/nikolas_nethive/nethive_multiverse/results/test_runs/10b10t15c500e_log_sweep/data/param_101_rep_3/config.json
32,1000,"[0,1]","[""task_1"",""task_2"",""task_3"",""task_4"",""task_5"",""task_6"",""task_7"",""task_8"",""task_9"",""task_10""]",0.1,10,500.0,100,1.0e-5,10,15,10,15,500,50,100,1,10,102,1,0.1,time_out,242651821,1,3301.49,2025-12-14T16:08:12.663,0,242651821,true,true,"[0.01,0.05]",10,10,10,500.0014518947374,0.7603973102410295,0.7602327586190748,0.768,0.8865333333333334,0.768,278.30105292401123,0.7086950322884781,0.7043711174089677,,,,/scratch/n/N.Pfaffenzeller/nikolas_nethive/nethive_multiverse/results/test_runs/10b10t15c500e_log_sweep,param_102_rep_1,/scratch/n/N.Pfaffenzeller/nikolas_nethive/nethive_multiverse/results/test_runs/10b10t15c500e_log_sweep/data/param_102_rep_1,/scratch/n/N.Pfaffenzeller/nikolas_nethive/nethive_multiverse/results/test_runs/10b10t15c500e_log_sweep/data/param_102_rep_1/event_log.csv,/scratch/n/N.Pfaffenzeller/nikolas_nethive/nethive_multiverse/results/test_runs/10b10t15c500e_log_sweep/data/param_102_rep_1/config.json
32,1000,"[0,1]","[""task_1"",""task_2"",""task_3"",""task_4"",""task_5"",""task_6"",""task_7"",""task_8"",""task_9"",""task_10""]",0.1,10,500.0,100,1.0e-5,10,15,10,15,500,50,100,1,10,102,1,0.1,time_out,242651822,2,4287.67,2025-12-14T16:08:35.734,0,242651822,true,true,"[0.01,0.05]",10,10,10,500.00045108015667,0.7694854652362014,0.7661469184233912,0.82,0.8876000000000002,0.82,320.1256968113936,0.708300854168915,0.7024405982714231,,,,/scratch/n/N.Pfaffenzeller/nikolas_nethive/nethive_multiverse/results/test_runs/10b10t15c500e_log_sweep,param_102_rep_2,/scratch/n/N.Pfaffenzeller/nikolas_nethive/nethive_multiverse/results/test_runs/10b10t15c500e_log_sweep/data/param_102_rep_2,/scratch/n/N.Pfaffenzeller/nikolas_nethive/nethive_multiverse/results/test_runs/10b10t15c500e_log_sweep/data/param_102_rep_2/event_log.csv,/scratch/n/N.Pfaffenzeller/nikolas_nethive/nethive_multiverse/results/test_runs/10b10t15c500e_log_sweep/data/param_102_rep_2/config.json
32,1000,"[0,1]","[""task_1"",""task_2"",""task_3"",""task_4"",""task_5"",""task_6"",""task_7"",""task_8"",""task_9"",""task_10""]",0.1,10,500.0,100,1.0e-5,10,15,10,15,500,50,100,1,10,102,1,0.1,time_out,242651823,3,4197.02,2025-12-14T16:09:23.628,0,242651823,true,true,"[0.01,0.05]",10,10,10,500.00252180014576,0.7628101529232656,0.7613593587977942,0.728,0.8832000000000001,0.728,,,,,,,/scratch/n/N.Pfaffenzeller/nikolas_nethive/nethive_multiverse/results/test_runs/10b10t15c500e_log_sweep,param_102_rep_3,/scratch/n/N.Pfaffenzeller/nikolas_nethive/nethive_multiverse/results/test_runs/10b10t15c500e_log_sweep/data/param_102_rep_3,/scratch/n/N.Pfaffenzeller/nikolas_nethive/nethive_multiverse/results/test_runs/10b10t15c500e_log_sweep/data/param_102_rep_3/event_log.csv,/scratch/n/N.Pfaffenzeller/nikolas_nethive/nethive_multiverse/results/test_runs/10b10t15c500e_log_sweep/data/param_102_rep_3/config.json
32,1000,"[0,1]","[""task_1"",""task_2"",""task_3"",""task_4"",""task_5"",""task_6"",""task_7"",""task_8"",""task_9"",""task_10""]",0.5,10,500.0,100,1.0e-5,10,15,10,15,500,50,100,1,10,103,1,0.1,time_out,242652821,1,9006.05,2025-12-14T16:09:54.751,0,242652821,true,true,"[0.01,0.05]",10,10,10,500.0022404702238,0.6356338690002351,0.6764402563608497,0.12533333333333332,0.7586666666666667,0.07466666666666667,,,,,,,/scratch/n/N.Pfaffenzeller/nikolas_nethive/nethive_multiverse/results/test_runs/10b10t15c500e_log_sweep,param_103_rep_1,/scratch/n/N.Pfaffenzeller/nikolas_nethive/nethive_multiverse/results/test_runs/10b10t15c500e_log_sweep/data/param_103_rep_1,/scratch/n/N.Pfaffenzeller/nikolas_nethive/nethive_multiverse/results/test_runs/10b10t15c500e_log_sweep/data/param_103_rep_1/event_log.csv,/scratch/n/N.Pfaffenzeller/nikolas_nethive/nethive_multiverse/results/test_runs/10b10t15c500e_log_sweep/data/param_103_rep_1/config.json
32,1000,"[0,1]","[""task_1"",""task_2"",""task_3"",""task_4"",""task_5"",""task_6"",""task_7"",""task_8"",""task_9"",""task_10""]",0.5,10,500.0,100,1.0e-5,10,15,10,15,500,50,100,1,10,103,1,0.1,time_out,242652822,2,3932.63,2025-12-14T16:10:24.023,0,242652822,true,true,"[0.01,0.05]",10,10,10,500.0014421236947,0.711084301842045,0.6991478706176053,0.28933333333333333,0.7893333333333334,0.088,,,,,,,/scratch/n/N.Pfaffenzeller/nikolas_nethive/nethive_multiverse/results/test_runs/10b10t15c500e_log_sweep,param_103_rep_2,/scratch/n/N.Pfaffenzeller/nikolas_nethive/nethive_multiverse/results/test_runs/10b10t15c500e_log_sweep/data/param_103_rep_2,/scratch/n/N.Pfaffenzeller/nikolas_nethive/nethive_multiverse/results/test_runs/10b10t15c500e_log_sweep/data/param_103_rep_2/event_log.csv,/scratch/n/N.Pfaffenzeller/nikolas_nethive/nethive_multiverse/results/test_runs/10b10t15c500e_log_sweep/data/param_103_rep_2/config.json
32,1000,"[0,1]","[""task_1"",""task_2"",""task_3"",""task_4"",""task_5"",""task_6"",""task_7"",""task_8"",""task_9"",""task_10""]",0.5,10,500.0,100,1.0e-5,10,15,10,15,500,50,100,1,10,103,1,0.1,time_out,242652823,3,2917.73,2025-12-14T16:11:24.403,0,242652823,true,true,"[0.01,0.05]",10,10,10,500.0000358907861,0.8052069753430153,0.8007924260817525,0.48933333333333334,0.8685333333333333,0.11466666666666667,,,,,,,/scratch/n/N.Pfaffenzeller/nikolas_nethive/nethive_multiverse/results/test_runs/10b10t15c500e_log_sweep,param_103_rep_3,/scratch/n/N.Pfaffenzeller/nikolas_nethive/nethive_multiverse/results/test_runs/10b10t15c500e_log_sweep/data/param_103_rep_3,/scratch/n/N.Pfaffenzeller/nikolas_nethive/nethive_multiverse/results/test_runs/10b10t15c500e_log_sweep/data/param_103_rep_3/event_log.csv,/scratch/n/N.Pfaffenzeller/nikolas_nethive/nethive_multiverse/results/test_runs/10b10t15c500e_log_sweep/data/param_103_rep_3/config.json
32,1000,"[0,1]","[""task_1"",""task_2"",""task_3"",""task_4"",""task_5"",""task_6"",""task_7"",""task_8"",""task_9"",""task_10""]",1.0,10,500.0,100,1.0e-5,10,15,10,15,500,50,100,1,10,104,1,0.1,time_out,242653821,1,2831.08,2025-12-14T16:12:21.980,0,242653821,true,true,"[0.01,0.05]",10,10,10,500.0000746387632,0.8194911964806748,0.822691176633298,0.20666666666666667,0.8709333333333333,0.20666666666666667,,,,,,,/scratch/n/N.Pfaffenzeller/nikolas_nethive/nethive_multiverse/results/test_runs/10b10t15c500e_log_sweep,param_104_rep_1,/scratch/n/N.Pfaffenzeller/nikolas_nethive/nethive_multiverse/results/test_runs/10b10t15c500e_log_sweep/data/param_104_rep_1,/scratch/n/N.Pfaffenzeller/nikolas_nethive/nethive_multiverse/results/test_runs/10b10t15c500e_log_sweep/data/param_104_rep_1/event_log.csv,/scratch/n/N.Pfaffenzeller/nikolas_nethive/nethive_multiverse/results/test_runs/10b10t15c500e_log_sweep/data/param_104_rep_1/config.json
32,1000,"[0,1]","[""task_1"",""task_2"",""task_3"",""task_4"",""task_5"",""task_6"",""task_7"",""task_8"",""task_9"",""task_10""]",1.0,10,500.0,100,1.0e-5,10,15,10,15,500,50,100,1,10,104,1,0.1,time_out,242653822,2,6902.43,2025-12-14T16:13:07.302,0,242653822,true,true,"[0.01,0.05]",10,10,10,500.0070224694398,0.7836445851246816,0.7824471856364263,0.27066666666666667,0.8577333333333332,0.06666666666666667,,,,,,,/scratch/n/N.Pfaffenzeller/nikolas_nethive/nethive_multiverse/results/test_runs/10b10t15c500e_log_sweep,param_104_rep_2,/scratch/n/N.Pfaffenzeller/nikolas_nethive/nethive_multiverse/results/test_runs/10b10t15c500e_log_sweep/data/param_104_rep_2,/scratch/n/N.Pfaffenzeller/nikolas_nethive/nethive_multiverse/results/test_runs/10b10t15c500e_log_sweep/data/param_104_rep_2/event_log.csv,/scratch/n/N.Pfaffenzeller/nikolas_nethive/nethive_multiverse/results/test_runs/10b10t15c500e_log_sweep/data/param_104_rep_2/config.json
32,1000,"[0,1]","[""task_1"",""task_2"",""task_3"",""task_4"",""task_5"",""task_6"",""task_7"",""task_8"",""task_9"",""task_10""]",1.0,10,500.0,100,1.0e-5,10,15,10,15,500,50,100,1,10,104,1,0.1,time_out,242653823,3,2971.64,2025-12-14T16:12:55.135,0,242653823,true,true,"[0.01,0.05]",10,10,10,500.0015934153555,0.8528257315651266,0.8524669963973924,0.22533333333333333,0.8902666666666667,0.07466666666666667,,,,,,,/scratch/n/N.Pfaffenzeller/nikolas_nethive/nethive_multiverse/results/test_runs/10b10t15c500e_log_sweep,param_104_rep_3,/scratch/n/N.Pfaffenzeller/nikolas_nethive/nethive_multiverse/results/test_runs/10b10t15c500e_log_sweep/data/param_104_rep_3,/scratch/n/N.Pfaffenzeller/nikolas_nethive/nethive_multiverse/results/test_runs/10b10t15c500e_log_sweep/data/param_104_rep_3/event_log.csv,/scratch/n/N.Pfaffenzeller/nikolas_nethive/nethive_multiverse/results/test_runs/10b10t15c500e_log_sweep/data/param_104_rep_3/config.json
32,1000,"[0,1]","[""task_1"",""task_2"",""task_3"",""task_4"",""task_5"",""task_6"",""task_7"",""task_8"",""task_9"",""task_10""]",5.0,10,500.0,100,1.0e-5,10,15,10,15,500,50,100,1,10,105,1,0.1,time_out,242654821,1,6432.07,2025-12-14T16:16:34.380,0,242654821,true,true,"[0.01,0.05]",10,10,10,500.0015248469868,0.7236049494349046,0.7041676615731902,0.25466666666666665,0.7689333333333334,0.06666666666666667,,,,,,,/scratch/n/N.Pfaffenzeller/nikolas_nethive/nethive_multiverse/results/test_runs/10b10t15c500e_log_sweep,param_105_rep_1,/scratch/n/N.Pfaffenzeller/nikolas_nethive/nethive_multiverse/results/test_runs/10b10t15c500e_log_sweep/data/param_105_rep_1,/scratch/n/N.Pfaffenzeller/nikolas_nethive/nethive_multiverse/results/test_runs/10b10t15c500e_log_sweep/data/param_105_rep_1/event_log.csv,/scratch/n/N.Pfaffenzeller/nikolas_nethive/nethive_multiverse/results/test_runs/10b10t15c500e_log_sweep/data/param_105_rep_1/config.json
32,1000,"[0,1]","[""task_1"",""task_2"",""task_3"",""task_4"",""task_5"",""task_6"",""task_7"",""task_8"",""task_9"",""task_10""]",5.0,10,500.0,100,1.0e-5,10,15,10,15,500,50,100,1,10,105,1,0.1,time_out,242654822,2,8673.58,2025-12-14T16:16:44.595,0,242654822,true,true,"[0.01,0.05]",10,10,10,500.00063890308417,0.5282650907564397,0.5351586035740107,0.06666666666666667,0.6061333333333334,0.06666666666666667,,,,,,,/scratch/n/N.Pfaffenzeller/nikolas_nethive/nethive_multiverse/results/test_runs/10b10t15c500e_log_sweep,param_105_rep_2,/scratch/n/N.Pfaffenzeller/nikolas_nethive/nethive_multiverse/results/test_runs/10b10t15c500e_log_sweep/data/param_105_rep_2,/scratch/n/N.Pfaffenzeller/nikolas_nethive/nethive_multiverse/results/test_runs/10b10t15c500e_log_sweep/data/param_105_rep_2/event_log.csv,/scratch/n/N.Pfaffenzeller/nikolas_nethive/nethive_multiverse/results/test_runs/10b10t15c500e_log_sweep/data/param_105_rep_2/config.json
32,1000,"[0,1]","[""task_1"",""task_2"",""task_3"",""task_4"",""task_5"",""task_6"",""task_7"",""task_8"",""task_9"",""task_10""]",5.0,10,500.0,100,1.0e-5,10,15,10,15,500,50,100,1,10,105,1,0.1,time_out,242654823,3,3203.5,2025-12-14T16:17:26.511,0,242654823,true,true,"[0.01,0.05]",10,10,10,500.00134531914483,0.6317276050714101,0.6200446828149135,0.06666666666666667,0.6929333333333333,0.06666666666666667,,,,,,,/scratch/n/N.Pfaffenzeller/nikolas_nethive/nethive_multiverse/results/test_runs/10b10t15c500e_log_sweep,param_105_rep_3,/scratch/n/N.Pfaffenzeller/nikolas_nethive/nethive_multiverse/results/test_runs/10b10t15c500e_log_sweep/data/param_105_rep_3,/scratch/n/N.Pfaffenzeller/nikolas_nethive/nethive_multiverse/results/test_runs/10b10t15c500e_log_sweep/data/param_105_rep_3/event_log.csv,/scratch/n/N.Pfaffenzeller/nikolas_nethive/nethive_multiverse/results/test_runs/10b10t15c500e_log_sweep/data/param_105_rep_3/config.json
32,1000,"[0,1]","[""task_1"",""task_2"",""task_3"",""task_4"",""task_5"",""task_6"",""task_7"",""task_8"",""task_9"",""task_10""]",10.0,10,500.0,100,1.0e-5,10,15,10,15,500,50,100,1,10,106,1,0.1,time_out,242655821,1,7469.16,2025-12-14T16:18:38.801,0,242655821,true,true,"[0.01,0.05]",10,10,10,500.00014407591243,0.6049787231848212,0.659680612942064,0.06666666666666667,0.6967999999999999,0.06666666666666667,,,,,,,/scratch/n/N.Pfaffenzeller/nikolas_nethive/nethive_multiverse/results/test_runs/10b10t15c500e_log_sweep,param_106_rep_1,/scratch/n/N.Pfaffenzeller/nikolas_nethive/nethive_multiverse/results/test_runs/10b10t15c500e_log_sweep/data/param_106_rep_1,/scratch/n/N.Pfaffenzeller/nikolas_nethive/nethive_multiverse/results/test_runs/10b10t15c500e_log_sweep/data/param_106_rep_1/event_log.csv,/scratch/n/N.Pfaffenzeller/nikolas_nethive/nethive_multiverse/results/test_runs/10b10t15c500e_log_sweep/data/param_106_rep_1/config.json
32,1000,"[0,1]","[""task_1"",""task_2"",""task_3"",""task_4"",""task_5"",""task_6"",""task_7"",""task_8"",""task_9"",""task_10""]",10.0,10,500.0,100,1.0e-5,10,15,10,15,500,50,100,1,10,106,1,0.1,time_out,242655822,2,3080.76,2025-12-14T16:18:27.011,0,242655822,true,true,"[0.01,0.05]",10,10,10,500.0013608172763,0.9198271323803036,0.9135349068203074,0.6973333333333334,0.9361333333333333,0.6973333333333334,485.6842025694916,0.9270948568757467,0.9205345767247269,,,,/scratch/n/N.Pfaffenzeller/nikolas_nethive/nethive_multiverse/results/test_runs/10b10t15c500e_log_sweep,param_106_rep_2,/scratch/n/N.Pfaffenzeller/nikolas_nethive/nethive_multiverse/results/test_runs/10b10t15c500e_log_sweep/data/param_106_rep_2,/scratch/n/N.Pfaffenzeller/nikolas_nethive/nethive_multiverse/results/test_runs/10b10t15c500e_log_sweep/data/param_106_rep_2/event_log.csv,/scratch/n/N.Pfaffenzeller/nikolas_nethive/nethive_multiverse/results/test_runs/10b10t15c500e_log_sweep/data/param_106_rep_2/config.json
32,1000,"[0,1]","[""task_1"",""task_2"",""task_3"",""task_4"",""task_5"",""task_6"",""task_7"",""task_8"",""task_9"",""task_10""]",10.0,10,500.0,100,1.0e-5,10,15,10,15,500,50,100,1,10,106,1,0.1,time_out,242655823,3,3529.7,2025-12-14T16:18:36.393,0,242655823,true,true,"[0.01,0.05]",10,10,10,500.00040308573017,0.3967075218031717,0.41291074840253994,0.06666666666666667,0.4568,0.06666666666666667,,,,,,,/scratch/n/N.Pfaffenzeller/nikolas_nethive/nethive_multiverse/results/test_runs/10b10t15c500e_log_sweep,param_106_rep_3,/scratch/n/N.Pfaffenzeller/nikolas_nethive/nethive_multiverse/results/test_runs/10b10t15c500e_log_sweep/data/param_106_rep_3,/scratch/n/N.Pfaffenzeller/nikolas_nethive/nethive_multiverse/results/test_runs/10b10t15c500e_log_sweep/data/param_106_rep_3/event_log.csv,/scratch/n/N.Pfaffenzeller/nikolas_nethive/nethive_multiverse/results/test_runs/10b10t15c500e_log_sweep/data/param_106_rep_3/config.json
32,1000,"[0,1]","[""task_1"",""task_2"",""task_3"",""task_4"",""task_5"",""task_6"",""task_7"",""task_8"",""task_9"",""task_10""]",50.0,10,500.0,100,1.0e-5,10,15,10,15,500,50,100,1,10,107,1,0.1,time_out,242656821,1,4137.92,2025-12-14T16:18:42.508,0,242656821,true,true,"[0.01,0.05]",10,10,10,500.00026663257364,0.2761412878104589,0.32296401276541425,0.06666666666666667,0.36773333333333336,0.06666666666666667,,,,,,,/scratch/n/N.Pfaffenzeller/nikolas_nethive/nethive_multiverse/results/test_runs/10b10t15c500e_log_sweep,param_107_rep_1,/scratch/n/N.Pfaffenzeller/nikolas_nethive/nethive_multiverse/results/test_runs/10b10t15c500e_log_sweep/data/param_107_rep_1,/scratch/n/N.Pfaffenzeller/nikolas_nethive/nethive_multiverse/results/test_runs/10b10t15c500e_log_sweep/data/param_107_rep_1/event_log.csv,/scratch/n/N.Pfaffenzeller/nikolas_nethive/nethive_multiverse/results/test_runs/10b10t15c500e_log_sweep/data/param_107_rep_1/config.json
32,1000,"[0,1]","[""task_1"",""task_2"",""task_3"",""task_4"",""task_5"",""task_6"",""task_7"",""task_8"",""task_9"",""task_10""]",50.0,10,500.0,100,1.0e-5,10,15,10,15,500,50,100,1,10,107,1,0.1,time_out,242656822,2,8167.3,2025-12-14T16:19:35.626,0,242656822,true,true,"[0.01,0.05]",10,10,10,500.00041777400196,0.47060239254093295,0.5134447598595013,0.06933333333333333,0.5484,0.06666666666666667,,,,,,,/scratch/n/N.Pfaffenzeller/nikolas_nethive/nethive_multiverse/results/test_runs/10b10t15c500e_log_sweep,param_107_rep_2,/scratch/n/N.Pfaffenzeller/nikolas_nethive/nethive_multiverse/results/test_runs/10b10t15c500e_log_sweep/data/param_107_rep_2,/scratch/n/N.Pfaffenzeller/nikolas_nethive/nethive_multiverse/results/test_runs/10b10t15c500e_log_sweep/data/param_107_rep_2/event_log.csv,/scratch/n/N.Pfaffenzeller/nikolas_nethive/nethive_multiverse/results/test_runs/10b10t15c500e_log_sweep/data/param_107_rep_2/config.json
32,1000,"[0,1]","[""task_1"",""task_2"",""task_3"",""task_4"",""task_5"",""task_6"",""task_7"",""task_8"",""task_9"",""task_10""]",50.0,10,500.0,100,1.0e-5,10,15,10,15,500,50,100,1,10,107,1,0.1,time_out,242656823,3,3583.65,2025-12-14T16:19:34.968,0,242656823,true,true,"[0.01,0.05]",10,10,10,500.0000025910549,0.353334219005842,0.38595766437183443,0.068,0.44159999999999994,0.06666666666666667,,,,,,,/scratch/n/N.Pfaffenzeller/nikolas_nethive/nethive_multiverse/results/test_runs/10b10t15c500e_log_sweep,param_107_rep_3,/scratch/n/N.Pfaffenzeller/nikolas_nethive/nethive_multiverse/results/test_runs/10b10t15c500e_log_sweep/data/param_107_rep_3,/scratch/n/N.Pfaffenzeller/nikolas_nethive/nethive_multiverse/results/test_runs/10b10t15c500e_log_sweep/data/param_107_rep_3/event_log.csv,/scratch/n/N.Pfaffenzeller/nikolas_nethive/nethive_multiverse/results/test_runs/10b10t15c500e_log_sweep/data/param_107_rep_3/config.json
32,1000,"[0,1]","[""task_1"",""task_2"",""task_3"",""task_4"",""task_5"",""task_6"",""task_7"",""task_8"",""task_9"",""task_10""]",100.0,10,500.0,100,1.0e-5,10,15,10,15,500,50,100,1,10,108,1,0.1,time_out,242657821,1,4268.16,2025-12-14T16:19:24.549,0,242657821,true,true,"[0.01,0.05]",10,10,10,500.0008956510639,0.2773120184423775,0.3244505003485087,0.06666666666666667,0.38066666666666665,0.06666666666666667,,,,,,,/scratch/n/N.Pfaffenzeller/nikolas_nethive/nethive_multiverse/results/test_runs/10b10t15c500e_log_sweep,param_108_rep_1,/scratch/n/N.Pfaffenzeller/nikolas_nethive/nethive_multiverse/results/test_runs/10b10t15c500e_log_sweep/data/param_108_rep_1,/scratch/n/N.Pfaffenzeller/nikolas_nethive/nethive_multiverse/results/test_runs/10b10t15c500e_log_sweep/data/param_108_rep_1/event_log.csv,/scratch/n/N.Pfaffenzeller/nikolas_nethive/nethive_multiverse/results/test_runs/10b10t15c500e_log_sweep/data/param_108_rep_1/config.json
32,1000,"[0,1]","[""task_1"",""task_2"",""task_3"",""task_4"",""task_5"",""task_6"",""task_7"",""task_8"",""task_9"",""task_10""]",100.0,10,500.0,100,1.0e-5,10,15,10,15,500,50,100,1,10,108,1,0.1,time_out,242657822,2,3737.07,2025-12-14T16:19:17.676,0,242657822,true,true,"[0.01,0.05]",10,10,10,500.0000511009439,0.14265229331582577,0.16357968560454944,0.07866666666666666,0.22133333333333333,0.07866666666666666,,,,,,,/scratch/n/N.Pfaffenzeller/nikolas_nethive/nethive_multiverse/results/test_runs/10b10t15c500e_log_sweep,param_108_rep_2,/scratch/n/N.Pfaffenzeller/nikolas_nethive/nethive_multiverse/results/test_runs/10b10t15c500e_log_sweep/data/param_108_rep_2,/scratch/n/N.Pfaffenzeller/nikolas_nethive/nethive_multiverse/results/test_runs/10b10t15c500e_log_sweep/data/param_108_rep_2/event_log.csv,/scratch/n/N.Pfaffenzeller/nikolas_nethive/nethive_multiverse/results/test_runs/10b10t15c500e_log_sweep/data/param_108_rep_2/config.json
32,1000,"[0,1]","[""task_1"",""task_2"",""task_3"",""task_4"",""task_5"",""task_6"",""task_7"",""task_8"",""task_9"",""task_10""]",100.0,10,500.0,100,1.0e-5,10,15,10,15,500,50,100,1,10,108,1,0.1,time_out,242657823,3,3664.38,2025-12-14T16:19:45.058,0,242657823,true,true,"[0.01,0.05]",10,10,10,500.0009096075866,0.2090930175849309,0.24072438656092246,0.06666666666666667,0.2908,0.06666666666666667,,,,,,,/scratch/n/N.Pfaffenzeller/nikolas_nethive/nethive_multiverse/results/test_runs/10b10t15c500e_log_sweep,param_108_rep_3,/scratch/n/N.Pfaffenzeller/nikolas_nethive/nethive_multiverse/results/test_runs/10b10t15c500e_log_sweep/data/param_108_rep_3,/scratch/n/N.Pfaffenzeller/nikolas_nethive/nethive_multiverse/results/test_runs/10b10t15c500e_log_sweep/data/param_108_rep_3/event_log.csv,/scratch/n/N.Pfaffenzeller/nikolas_nethive/nethive_multiverse/results/test_runs/10b10t15c500e_log_sweep/data/param_108_rep_3/config.json
32,1000,"[0,1]","[""task_1"",""task_2"",""task_3"",""task_4"",""task_5"",""task_6"",""task_7"",""task_8"",""task_9"",""task_10""]",500.0,10,500.0,100,1.0e-5,10,15,10,15,500,50,100,1,10,109,1,0.1,time_out,242658821,1,3828.2,2025-12-14T16:19:57.512,0,242658821,true,true,"[0.01,0.05]",10,10,10,500.0004178703436,0.23202329021942303,0.25956474121434137,0.06666666666666667,0.2956,0.06666666666666667,,,,,,,/scratch/n/N.Pfaffenzeller/nikolas_nethive/nethive_multiverse/results/test_runs/10b10t15c500e_log_sweep,param_109_rep_1,/scratch/n/N.Pfaffenzeller/nikolas_nethive/nethive_multiverse/results/test_runs/10b10t15c500e_log_sweep/data/param_109_rep_1,/scratch/n/N.Pfaffenzeller/nikolas_nethive/nethive_multiverse/results/test_runs/10b10t15c500e_log_sweep/data/param_109_rep_1/event_log.csv,/scratch/n/N.Pfaffenzeller/nikolas_nethive/nethive_multiverse/results/test_runs/10b10t15c500e_log_sweep/data/param_109_rep_1/config.json
32,1000,"[0,1]","[""task_1"",""task_2"",""task_3"",""task_4"",""task_5"",""task_6"",""task_7"",""task_8"",""task_9"",""task_10""]",500.0,10,500.0,100,1.0e-5,10,15,10,15,500,50,100,1,10,109,1,0.1,time_out,242658822,2,3908.04,2025-12-14T16:19:56.305,0,242658822,true,true,"[0.01,0.05]",10,10,10,500.0018895296116,0.218920450944319,0.25880143456096333,0.06666666666666667,0.29119999999999996,0.06666666666666667,,,,,,,/scratch/n/N.Pfaffenzeller/nikolas_nethive/nethive_multiverse/results/test_runs/10b10t15c500e_log_sweep,param_109_rep_2,/scratch/n/N.Pfaffenzeller/nikolas_nethive/nethive_multiverse/results/test_runs/10b10t15c500e_log_sweep/data/param_109_rep_2,/scratch/n/N.Pfaffenzeller/nikolas_nethive/nethive_multiverse/results/test_runs/10b10t15c500e_log_sweep/data/param_109_rep_2/event_log.csv,/scratch/n/N.Pfaffenzeller/nikolas_nethive/nethive_multiverse/results/test_runs/10b10t15c500e_log_sweep/data/param_109_rep_2/config.json
32,1000,"[0,1]","[""task_1"",""task_2"",""task_3"",""task_4"",""task_5"",""task_6"",""task_7"",""task_8"",""task_9"",""task_10""]",500.0,10,500.0,100,1.0e-5,10,15,10,15,500,50,100,1,10,109,1,0.1,time_out,242658823,3,4265.58,2025-12-14T16:20:25.134,0,242658823,true,true,"[0.01,0.05]",10,10,10,500.0005190715671,0.22751753947967246,0.2689503863241822,0.06666666666666667,0.30173333333333335,0.06666666666666667,,,,,,,/scratch/n/N.Pfaffenzeller/nikolas_nethive/nethive_multiverse/results/test_runs/10b10t15c500e_log_sweep,param_109_rep_3,/scratch/n/N.Pfaffenzeller/nikolas_nethive/nethive_multiverse/results/test_runs/10b10t15c500e_log_sweep/data/param_109_rep_3,/scratch/n/N.Pfaffenzeller/nikolas_nethive/nethive_multiverse/results/test_runs/10b10t15c500e_log_sweep/data/param_109_rep_3/event_log.csv,/scratch/n/N.Pfaffenzeller/nikolas_nethive/nethive_multiverse/results/test_runs/10b10t15c500e_log_sweep/data/param_109_rep_3/config.json
32,1000,"[0,1]","[""task_1"",""task_2"",""task_3"",""task_4"",""task_5"",""task_6"",""task_7"",""task_8"",""task_9"",""task_10""]",500.0,10,0.01,100,1.0e-5,10,15,10,15,500,50,100,1,10,10,1,0.1,time_out,242559821,1,544.48,2025-12-14T15:17:27.175,0,242559821,true,true,"[0.01,0.05]",10,10,10,500.0105259972346,0.32701735516159036,0.3531441356197794,0.208,0.3388,0.18933333333333333,,,,,,,/scratch/n/N.Pfaffenzeller/nikolas_nethive/nethive_multiverse/results/test_runs/10b10t15c500e_log_sweep,param_10_rep_1,/scratch/n/N.Pfaffenzeller/nikolas_nethive/nethive_multiverse/results/test_runs/10b10t15c500e_log_sweep/data/param_10_rep_1,/scratch/n/N.Pfaffenzeller/nikolas_nethive/nethive_multiverse/results/test_runs/10b10t15c500e_log_sweep/data/param_10_rep_1/event_log.csv,/scratch/n/N.Pfaffenzeller/nikolas_nethive/nethive_multiverse/results/test_runs/10b10t15c500e_log_sweep/data/param_10_rep_1/config.json
32,1000,"[0,1]","[""task_1"",""task_2"",""task_3"",""task_4"",""task_5"",""task_6"",""task_7"",""task_8"",""task_9"",""task_10""]",500.0,10,0.01,100,1.0e-5,10,15,10,15,500,50,100,1,10,10,1,0.1,time_out,242559822,2,551.03,2025-12-14T15:17:46.061,0,242559822,true,true,"[0.01,0.05]",10,10,10,500.0090618365634,0.3330432982207938,0.36308221891943265,0.03866666666666667,0.33080000000000004,0.03866666666666667,,,,,,,/scratch/n/N.Pfaffenzeller/nikolas_nethive/nethive_multiverse/results/test_runs/10b10t15c500e_log_sweep,param_10_rep_2,/scratch/n/N.Pfaffenzeller/nikolas_nethive/nethive_multiverse/results/test_runs/10b10t15c500e_log_sweep/data/param_10_rep_2,/scratch/n/N.Pfaffenzeller/nikolas_nethive/nethive_multiverse/results/test_runs/10b10t15c500e_log_sweep/data/param_10_rep_2/event_log.csv,/scratch/n/N.Pfaffenzeller/nikolas_nethive/nethive_multiverse/results/test_runs/10b10t15c500e_log_sweep/data/param_10_rep_2/config.json
32,1000,"[0,1]","[""task_1"",""task_2"",""task_3"",""task_4"",""task_5"",""task_6"",""task_7"",""task_8"",""task_9"",""task_10""]",500.0,10,0.01,100,1.0e-5,10,15,10,15,500,50,100,1,10,10,1,0.1,time_out,242559823,3,587.08,2025-12-14T15:17:44.304,0,242559823,true,true,"[0.01,0.05]",10,10,10,500.00316082948956,0.2850348240347883,0.32963988017552426,0.07733333333333334,0.3192,0.07733333333333334,,,,,,,/scratch/n/N.Pfaffenzeller/nikolas_nethive/nethive_multiverse/results/test_runs/10b10t15c500e_log_sweep,param_10_rep_3,/scratch/n/N.Pfaffenzeller/nikolas_nethive/nethive_multiverse/results/test_runs/10b10t15c500e_log_sweep/data/param_10_rep_3,/scratch/n/N.Pfaffenzeller/nikolas_nethive/nethive_multiverse/results/test_runs/10b10t15c500e_log_sweep/data/param_10_rep_3/event_log.csv,/scratch/n/N.Pfaffenzeller/nikolas_nethive/nethive_multiverse/results/test_runs/10b10t15c500e_log_sweep/data/param_10_rep_3/config.json
32,1000,"[0,1]","[""task_1"",""task_2"",""task_3"",""task_4"",""task_5"",""task_6"",""task_7"",""task_8"",""task_9"",""task_10""]",1000.0,10,500.0,100,1.0e-5,10,15,10,15,500,50,100,1,10,110,1,0.1,time_out,242659821,1,3778.35,2025-12-14T16:20:27.637,0,242659821,true,true,"[0.01,0.05]",10,10,10,500.0030686941572,0.3016735498360189,0.33879874732446424,0.06666666666666667,0.3998666666666667,0.06666666666666667,,,,,,,/scratch/n/N.Pfaffenzeller/nikolas_nethive/nethive_multiverse/results/test_runs/10b10t15c500e_log_sweep,param_110_rep_1,/scratch/n/N.Pfaffenzeller/nikolas_nethive/nethive_multiverse/results/test_runs/10b10t15c500e_log_sweep/data/param_110_rep_1,/scratch/n/N.Pfaffenzeller/nikolas_nethive/nethive_multiverse/results/test_runs/10b10t15c500e_log_sweep/data/param_110_rep_1/event_log.csv,/scratch/n/N.Pfaffenzeller/nikolas_nethive/nethive_multiverse/results/test_runs/10b10t15c500e_log_sweep/data/param_110_rep_1/config.json
32,1000,"[0,1]","[""task_1"",""task_2"",""task_3"",""task_4"",""task_5"",""task_6"",""task_7"",""task_8"",""task_9"",""task_10""]",1000.0,10,500.0,100,1.0e-5,10,15,10,15,500,50,100,1,10,110,1,0.1,time_out,242659822,2,3669.21,2025-12-14T16:20:27.157,0,242659822,true,true,"[0.01,0.05]",10,10,10,500.00091793294405,0.3827472995944593,0.42740488698120827,0.06666666666666667,0.46373333333333344,0.06666666666666667,,,,,,,/scratch/n/N.Pfaffenzeller/nikolas_nethive/nethive_multiverse/results/test_runs/10b10t15c500e_log_sweep,param_110_rep_2,/scratch/n/N.Pfaffenzeller/nikolas_nethive/nethive_multiverse/results/test_runs/10b10t15c500e_log_sweep/data/param_110_rep_2,/scratch/n/N.Pfaffenzeller/nikolas_nethive/nethive_multiverse/results/test_runs/10b10t15c500e_log_sweep/data/param_110_rep_2/event_log.csv,/scratch/n/N.Pfaffenzeller/nikolas_nethive/nethive_multiverse/results/test_runs/10b10t15c500e_log_sweep/data/param_110_rep_2/config.json
32,1000,"[0,1]","[""task_1"",""task_2"",""task_3"",""task_4"",""task_5"",""task_6"",""task_7"",""task_8"",""task_9"",""task_10""]",1000.0,10,500.0,100,1.0e-5,10,15,10,15,500,50,100,1,10,110,1,0.1,time_out,242659823,3,3989.3,2025-12-14T16:20:26.718,0,242659823,true,true,"[0.01,0.05]",10,10,10,500.0013297400527,0.21516970934991048,0.2493941206885734,0.06666666666666667,0.2897333333333333,0.06666666666666667,,,,,,,/scratch/n/N.Pfaffenzeller/nikolas_nethive/nethive_multiverse/results/test_runs/10b10t15c500e_log_sweep,param_110_rep_3,/scratch/n/N.Pfaffenzeller/nikolas_nethive/nethive_multiverse/results/test_runs/10b10t15c500e_log_sweep/data/param_110_rep_3,/scratch/n/N.Pfaffenzeller/nikolas_nethive/nethive_multiverse/results/test_runs/10b10t15c500e_log_sweep/data/param_110_rep_3/event_log.csv,/scratch/n/N.Pfaffenzeller/nikolas_nethive/nethive_multiverse/results/test_runs/10b10t15c500e_log_sweep/data/param_110_rep_3/config.json
32,1000,"[0,1]","[""task_1"",""task_2"",""task_3"",""task_4"",""task_5"",""task_6"",""task_7"",""task_8"",""task_9"",""task_10""]",0.01,10,1000.0,100,1.0e-5,10,15,10,15,500,50,100,1,10,111,1,0.1,time_out,242660821,1,13016.25,2025-12-14T16:20:53.373,0,242660821,true,true,"[0.01,0.05]",10,10,10,500.00000540721993,0.41403572920153736,0.4097504133391648,0.324,0.6198666666666668,0.324,,,,,,,/scratch/n/N.Pfaffenzeller/nikolas_nethive/nethive_multiverse/results/test_runs/10b10t15c500e_log_sweep,param_111_rep_1,/scratch/n/N.Pfaffenzeller/nikolas_nethive/nethive_multiverse/results/test_runs/10b10t15c500e_log_sweep/data/param_111_rep_1,/scratch/n/N.Pfaffenzeller/nikolas_nethive/nethive_multiverse/results/test_runs/10b10t15c500e_log_sweep/data/param_111_rep_1/event_log.csv,/scratch/n/N.Pfaffenzeller/nikolas_nethive/nethive_multiverse/results/test_runs/10b10t15c500e_log_sweep/data/param_111_rep_1/config.json
32,1000,"[0,1]","[""task_1"",""task_2"",""task_3"",""task_4"",""task_5"",""task_6"",""task_7"",""task_8"",""task_9"",""task_10""]",0.01,10,1000.0,100,1.0e-5,10,15,10,15,500,50,100,1,10,111,1,0.1,time_out,242660823,3,12648.26,2025-12-14T16:21:27.491,0,242660823,true,true,"[0.01,0.05]",10,10,10,500.00007881698656,0.41395603738856857,0.4155163355371515,0.4266666666666667,0.6334666666666666,0.4266666666666667,,,,,,,/scratch/n/N.Pfaffenzeller/nikolas_nethive/nethive_multiverse/results/test_runs/10b10t15c500e_log_sweep,param_111_rep_3,/scratch/n/N.Pfaffenzeller/nikolas_nethive/nethive_multiverse/results/test_runs/10b10t15c500e_log_sweep/data/param_111_rep_3,/scratch/n/N.Pfaffenzeller/nikolas_nethive/nethive_multiverse/results/test_runs/10b10t15c500e_log_sweep/data/param_111_rep_3/event_log.csv,/scratch/n/N.Pfaffenzeller/nikolas_nethive/nethive_multiverse/results/test_runs/10b10t15c500e_log_sweep/data/param_111_rep_3/config.json
32,1000,"[0,1]","[""task_1"",""task_2"",""task_3"",""task_4"",""task_5"",""task_6"",""task_7"",""task_8"",""task_9"",""task_10""]",0.05,10,1000.0,100,1.0e-5,10,15,10,15,500,50,100,1,10,112,1,0.1,time_out,242661821,1,7936.02,2025-12-14T16:21:35.688,0,242661821,true,true,"[0.01,0.05]",10,10,10,500.00008546970184,0.7004040219045677,0.6977137173204053,0.7813333333333333,0.8514666666666667,0.7813333333333333,472.09444176061226,0.7440972896679015,0.7403913134543251,,,,/scratch/n/N.Pfaffenzeller/nikolas_nethive/nethive_multiverse/results/test_runs/10b10t15c500e_log_sweep,param_112_rep_1,/scratch/n/N.Pfaffenzeller/nikolas_nethive/nethive_multiverse/results/test_runs/10b10t15c500e_log_sweep/data/param_112_rep_1,/scratch/n/N.Pfaffenzeller/nikolas_nethive/nethive_multiverse/results/test_runs/10b10t15c500e_log_sweep/data/param_112_rep_1/event_log.csv,/scratch/n/N.Pfaffenzeller/nikolas_nethive/nethive_multiverse/results/test_runs/10b10t15c500e_log_sweep/data/param_112_rep_1/config.json
32,1000,"[0,1]","[""task_1"",""task_2"",""task_3"",""task_4"",""task_5"",""task_6"",""task_7"",""task_8"",""task_9"",""task_10""]",0.05,10,1000.0,100,1.0e-5,10,15,10,15,500,50,100,1,10,112,1,0.1,time_out,242661822,2,7684.75,2025-12-14T16:21:24.516,0,242661822,true,true,"[0.01,0.05]",10,10,10,500.00080757248696,0.7618472656321881,0.7578975130927802,0.6866666666666666,0.8779999999999999,0.6866666666666666,457.5578210851201,0.7477376899625601,0.7472863376331923,,,,/scratch/n/N.Pfaffenzeller/nikolas_nethive/nethive_multiverse/results/test_runs/10b10t15c500e_log_sweep,param_112_rep_2,/scratch/n/N.Pfaffenzeller/nikolas_nethive/nethive_multiverse/results/test_runs/10b10t15c500e_log_sweep/data/param_112_rep_2,/scratch/n/N.Pfaffenzeller/nikolas_nethive/nethive_multiverse/results/test_runs/10b10t15c500e_log_sweep/data/param_112_rep_2/event_log.csv,/scratch/n/N.Pfaffenzeller/nikolas_nethive/nethive_multiverse/results/test_runs/10b10t15c500e_log_sweep/data/param_112_rep_2/config.json
32,1000,"[0,1]","[""task_1"",""task_2"",""task_3"",""task_4"",""task_5"",""task_6"",""task_7"",""task_8"",""task_9"",""task_10""]",0.05,10,1000.0,100,1.0e-5,10,15,10,15,500,50,100,1,10,112,1,0.1,time_out,242661823,3,8975.62,2025-12-14T16:21:25.357,0,242661823,true,true,"[0.01,0.05]",10,10,10,500.00002960646407,0.6308364152824202,0.6465126492842324,0.3453333333333333,0.7844,0.15866666666666668,,,,,,,/scratch/n/N.Pfaffenzeller/nikolas_nethive/nethive_multiverse/results/test_runs/10b10t15c500e_log_sweep,param_112_rep_3,/scratch/n/N.Pfaffenzeller/nikolas_nethive/nethive_multiverse/results/test_runs/10b10t15c500e_log_sweep/data/param_112_rep_3,/scratch/n/N.Pfaffenzeller/nikolas_nethive/nethive_multiverse/results/test_runs/10b10t15c500e_log_sweep/data/param_112_rep_3/event_log.csv,/scratch/n/N.Pfaffenzeller/nikolas_nethive/nethive_multiverse/results/test_runs/10b10t15c500e_log_sweep/data/param_112_rep_3/config.json
32,1000,"[0,1]","[""task_1"",""task_2"",""task_3"",""task_4"",""task_5"",""task_6"",""task_7"",""task_8"",""task_9"",""task_10""]",0.1,10,1000.0,100,1.0e-5,10,15,10,15,500,50,100,1,10,113,1,0.1,time_out,242662821,1,5484.26,2025-12-14T16:22:08.184,0,242662821,true,true,"[0.01,0.05]",10,10,10,500.00116890330264,0.8082843624956066,0.8048038051433691,0.8386666666666667,0.9033333333333333,0.8386666666666667,281.4302741662977,0.7737991912893525,0.7712187574540162,,,,/scratch/n/N.Pfaffenzeller/nikolas_nethive/nethive_multiverse/results/test_runs/10b10t15c500e_log_sweep,param_113_rep_1,/scratch/n/N.Pfaffenzeller/nikolas_nethive/nethive_multiverse/results/test_runs/10b10t15c500e_log_sweep/data/param_113_rep_1,/scratch/n/N.Pfaffenzeller/nikolas_nethive/nethive_multiverse/results/test_runs/10b10t15c500e_log_sweep/data/param_113_rep_1/event_log.csv,/scratch/n/N.Pfaffenzeller/nikolas_nethive/nethive_multiverse/results/test_runs/10b10t15c500e_log_sweep/data/param_113_rep_1/config.json
32,1000,"[0,1]","[""task_1"",""task_2"",""task_3"",""task_4"",""task_5"",""task_6"",""task_7"",""task_8"",""task_9"",""task_10""]",0.1,10,1000.0,100,1.0e-5,10,15,10,15,500,50,100,1,10,113,1,0.1,time_out,242662822,2,5324.15,2025-12-14T16:21:35.340,0,242662822,true,true,"[0.01,0.05]",10,10,10,500.0023852280925,0.8399306868870976,0.8392494949943371,0.9013333333333333,0.9276,0.9013333333333333,246.35509506887516,0.7651049286051237,0.7631712121476335,305.96209304624034,0.8399306868870976,0.8392494949943371,/scratch/n/N.Pfaffenzeller/nikolas_nethive/nethive_multiverse/results/test_runs/10b10t15c500e_log_sweep,param_113_rep_2,/scratch/n/N.Pfaffenzeller/nikolas_nethive/nethive_multiverse/results/test_runs/10b10t15c500e_log_sweep/data/param_113_rep_2,/scratch/n/N.Pfaffenzeller/nikolas_nethive/nethive_multiverse/results/test_runs/10b10t15c500e_log_sweep/data/param_113_rep_2/event_log.csv,/scratch/n/N.Pfaffenzeller/nikolas_nethive/nethive_multiverse/results/test_runs/10b10t15c500e_log_sweep/data/param_113_rep_2/config.json
32,1000,"[0,1]","[""task_1"",""task_2"",""task_3"",""task_4"",""task_5"",""task_6"",""task_7"",""task_8"",""task_9"",""task_10""]",0.1,10,1000.0,100,1.0e-5,10,15,10,15,500,50,100,1,10,113,1,0.1,time_out,242662823,3,6473.35,2025-12-14T16:21:37.160,0,242662823,true,true,"[0.01,0.05]",10,10,10,500.0004460134914,0.6431924413906804,0.648905002930136,0.36133333333333334,0.7899999999999999,0.13333333333333333,,,,,,,/scratch/n/N.Pfaffenzeller/nikolas_nethive/nethive_multiverse/results/test_runs/10b10t15c500e_log_sweep,param_113_rep_3,/scratch/n/N.Pfaffenzeller/nikolas_nethive/nethive_multiverse/results/test_runs/10b10t15c500e_log_sweep/data/param_113_rep_3,/scratch/n/N.Pfaffenzeller/nikolas_nethive/nethive_multiverse/results/test_runs/10b10t15c500e_log_sweep/data/param_113_rep_3/event_log.csv,/scratch/n/N.Pfaffenzeller/nikolas_nethive/nethive_multiverse/results/test_runs/10b10t15c500e_log_sweep/data/param_113_rep_3/config.json
32,1000,"[0,1]","[""task_1"",""task_2"",""task_3"",""task_4"",""task_5"",""task_6"",""task_7"",""task_8"",""task_9"",""task_10""]",0.5,10,1000.0,100,1.0e-5,10,15,10,15,500,50,100,1,10,114,1,0.1,time_out,242663821,1,7395.93,2025-12-14T16:21:43.152,0,242663821,true,true,"[0.01,0.05]",10,10,10,500.0001950401129,0.6169142878427093,0.6060857073779911,0.348,0.7083999999999999,0.07466666666666667,,,,,,,/scratch/n/N.Pfaffenzeller/nikolas_nethive/nethive_multiverse/results/test_runs/10b10t15c500e_log_sweep,param_114_rep_1,/scratch/n/N.Pfaffenzeller/nikolas_nethive/nethive_multiverse/results/test_runs/10b10t15c500e_log_sweep/data/param_114_rep_1,/scratch/n/N.Pfaffenzeller/nikolas_nethive/nethive_multiverse/results/test_runs/10b10t15c500e_log_sweep/data/param_114_rep_1/event_log.csv,/scratch/n/N.Pfaffenzeller/nikolas_nethive/nethive_multiverse/results/test_runs/10b10t15c500e_log_sweep/data/param_114_rep_1/config.json
32,1000,"[0,1]","[""task_1"",""task_2"",""task_3"",""task_4"",""task_5"",""task_6"",""task_7"",""task_8"",""task_9"",""task_10""]",0.5,10,1000.0,100,1.0e-5,10,15,10,15,500,50,100,1,10,114,1,0.1,time_out,242663822,2,7024.93,2025-12-14T16:21:53.374,0,242663822,true,true,"[0.01,0.05]",10,10,10,500.0006572031461,0.5987699114578666,0.5723687771126919,0.304,0.6828000000000001,0.06666666666666667,,,,,,,/scratch/n/N.Pfaffenzeller/nikolas_nethive/nethive_multiverse/results/test_runs/10b10t15c500e_log_sweep,param_114_rep_2,/scratch/n/N.Pfaffenzeller/nikolas_nethive/nethive_multiverse/results/test_runs/10b10t15c500e_log_sweep/data/param_114_rep_2,/scratch/n/N.Pfaffenzeller/nikolas_nethive/nethive_multiverse/results/test_runs/10b10t15c500e_log_sweep/data/param_114_rep_2/event_log.csv,/scratch/n/N.Pfaffenzeller/nikolas_nethive/nethive_multiverse/results/test_runs/10b10t15c500e_log_sweep/data/param_114_rep_2/config.json
32,1000,"[0,1]","[""task_1"",""task_2"",""task_3"",""task_4"",""task_5"",""task_6"",""task_7"",""task_8"",""task_9"",""task_10""]",0.5,10,1000.0,100,1.0e-5,10,15,10,15,500,50,100,1,10,114,1,0.1,time_out,242663823,3,5521.87,2025-12-14T16:21:56.815,0,242663823,true,true,"[0.01,0.05]",10,10,10,500.0005249559824,0.681261344707706,0.7328289416137125,0.06666666666666667,0.7826666666666666,0.06666666666666667,,,,,,,/scratch/n/N.Pfaffenzeller/nikolas_nethive/nethive_multiverse/results/test_runs/10b10t15c500e_log_sweep,param_114_rep_3,/scratch/n/N.Pfaffenzeller/nikolas_nethive/nethive_multiverse/results/test_runs/10b10t15c500e_log_sweep/data/param_114_rep_3,/scratch/n/N.Pfaffenzeller/nikolas_nethive/nethive_multiverse/results/test_runs/10b10t15c500e_log_sweep/data/param_114_rep_3/event_log.csv,/scratch/n/N.Pfaffenzeller/nikolas_nethive/nethive_multiverse/results/test_runs/10b10t15c500e_log_sweep/data/param_114_rep_3/config.json
32,1000,"[0,1]","[""task_1"",""task_2"",""task_3"",""task_4"",""task_5"",""task_6"",""task_7"",""task_8"",""task_9"",""task_10""]",1.0,10,1000.0,100,1.0e-5,10,15,10,15,500,50,100,1,10,115,1,0.1,time_out,242664821,1,15461.73,2025-12-14T16:22:38.106,0,242664821,true,true,"[0.01,0.05]",10,10,10,500.001965816499,0.7937383272299752,0.7817954483255113,0.3466666666666667,0.8488000000000001,0.06666666666666667,,,,,,,/scratch/n/N.Pfaffenzeller/nikolas_nethive/nethive_multiverse/results/test_runs/10b10t15c500e_log_sweep,param_115_rep_1,/scratch/n/N.Pfaffenzeller/nikolas_nethive/nethive_multiverse/results/test_runs/10b10t15c500e_log_sweep/data/param_115_rep_1,/scratch/n/N.Pfaffenzeller/nikolas_nethive/nethive_multiverse/results/test_runs/10b10t15c500e_log_sweep/data/param_115_rep_1/event_log.csv,/scratch/n/N.Pfaffenzeller/nikolas_nethive/nethive_multiverse/results/test_runs/10b10t15c500e_log_sweep/data/param_115_rep_1/config.json
32,1000,"[0,1]","[""task_1"",""task_2"",""task_3"",""task_4"",""task_5"",""task_6"",""task_7"",""task_8"",""task_9"",""task_10""]",1.0,10,1000.0,100,1.0e-5,10,15,10,15,500,50,100,1,10,115,1,0.1,time_out,242664822,2,3593.32,2025-12-14T16:22:27.355,0,242664822,true,true,"[0.01,0.05]",10,10,10,500.00031866429083,0.8874389327423191,0.887113466959995,0.9013333333333333,0.9465333333333333,0.9013333333333333,207.2374642711649,0.8900975207603687,0.8895766060987705,216.18866719104804,0.8874389327423191,0.887113466959995,/scratch/n/N.Pfaffenzeller/nikolas_nethive/nethive_multiverse/results/test_runs/10b10t15c500e_log_sweep,param_115_rep_2,/scratch/n/N.Pfaffenzeller/nikolas_nethive/nethive_multiverse/results/test_runs/10b10t15c500e_log_sweep/data/param_115_rep_2,/scratch/n/N.Pfaffenzeller/nikolas_nethive/nethive_multiverse/results/test_runs/10b10t15c500e_log_sweep/data/param_115_rep_2/event_log.csv,/scratch/n/N.Pfaffenzeller/nikolas_nethive/nethive_multiverse/results/test_runs/10b10t15c500e_log_sweep/data/param_115_rep_2/config.json
32,1000,"[0,1]","[""task_1"",""task_2"",""task_3"",""task_4"",""task_5"",""task_6"",""task_7"",""task_8"",""task_9"",""task_10""]",1.0,10,1000.0,100,1.0e-5,10,15,10,15,500,50,100,1,10,115,1,0.1,time_out,242664823,3,14153.28,2025-12-14T16:25:38.484,0,242664823,true,true,"[0.01,0.05]",10,10,10,500.000197168954,0.6812139039137636,0.6895275523341434,0.15333333333333332,0.7513333333333334,0.06666666666666667,,,,,,,/scratch/n/N.Pfaffenzeller/nikolas_nethive/nethive_multiverse/results/test_runs/10b10t15c500e_log_sweep,param_115_rep_3,/scratch/n/N.Pfaffenzeller/nikolas_nethive/nethive_multiverse/results/test_runs/10b10t15c500e_log_sweep/data/param_115_rep_3,/scratch/n/N.Pfaffenzeller/nikolas_nethive/nethive_multiverse/results/test_runs/10b10t15c500e_log_sweep/data/param_115_rep_3/event_log.csv,/scratch/n/N.Pfaffenzeller/nikolas_nethive/nethive_multiverse/results/test_runs/10b10t15c500e_log_sweep/data/param_115_rep_3/config.json
32,1000,"[0,1]","[""task_1"",""task_2"",""task_3"",""task_4"",""task_5"",""task_6"",""task_7"",""task_8"",""task_9"",""task_10""]",5.0,10,1000.0,100,1.0e-5,10,15,10,15,500,50,100,1,10,116,1,0.1,time_out,242665821,1,10923.45,2025-12-14T16:30:12.469,0,242665821,true,true,"[0.01,0.05]",10,10,10,500.0018989017079,0.9182481180243197,0.9177810858198553,0.9026666666666666,0.9612,0.9026666666666666,460.5483647389644,0.9101715169271813,0.9086366106210763,477.94316550931035,0.9182481180243197,0.9177810858198553,/scratch/n/N.Pfaffenzeller/nikolas_nethive/nethive_multiverse/results/test_runs/10b10t15c500e_log_sweep,param_116_rep_1,/scratch/n/N.Pfaffenzeller/nikolas_nethive/nethive_multiverse/results/test_runs/10b10t15c500e_log_sweep/data/param_116_rep_1,/scratch/n/N.Pfaffenzeller/nikolas_nethive/nethive_multiverse/results/test_runs/10b10t15c500e_log_sweep/data/param_116_rep_1/event_log.csv,/scratch/n/N.Pfaffenzeller/nikolas_nethive/nethive_multiverse/results/test_runs/10b10t15c500e_log_sweep/data/param_116_rep_1/config.json
32,1000,"[0,1]","[""task_1"",""task_2"",""task_3"",""task_4"",""task_5"",""task_6"",""task_7"",""task_8"",""task_9"",""task_10""]",5.0,10,1000.0,100,1.0e-5,10,15,10,15,500,50,100,1,10,116,1,0.1,time_out,242665822,2,18306.75,2025-12-14T16:36:13.175,0,242665822,true,true,"[0.01,0.05]",10,10,10,500.00025846129006,0.36365177436269935,0.3630091030865733,0.06666666666666667,0.4390666666666666,0.06666666666666667,,,,,,,/scratch/n/N.Pfaffenzeller/nikolas_nethive/nethive_multiverse/results/test_runs/10b10t15c500e_log_sweep,param_116_rep_2,/scratch/n/N.Pfaffenzeller/nikolas_nethive/nethive_multiverse/results/test_runs/10b10t15c500e_log_sweep/data/param_116_rep_2,/scratch/n/N.Pfaffenzeller/nikolas_nethive/nethive_multiverse/results/test_runs/10b10t15c500e_log_sweep/data/param_116_rep_2/event_log.csv,/scratch/n/N.Pfaffenzeller/nikolas_nethive/nethive_multiverse/results/test_runs/10b10t15c500e_log_sweep/data/param_116_rep_2/config.json
32,1000,"[0,1]","[""task_1"",""task_2"",""task_3"",""task_4"",""task_5"",""task_6"",""task_7"",""task_8"",""task_9"",""task_10""]",5.0,10,1000.0,100,1.0e-5,10,15,10,15,500,50,100,1,10,116,1,0.1,time_out,242665823,3,15369.79,2025-12-14T16:37:55.338,0,242665823,true,true,"[0.01,0.05]",10,10,10,500.0004405446777,0.6333997027175441,0.6284479480288243,0.06666666666666667,0.6948,0.06666666666666667,,,,,,,/scratch/n/N.Pfaffenzeller/nikolas_nethive/nethive_multiverse/results/test_runs/10b10t15c500e_log_sweep,param_116_rep_3,/scratch/n/N.Pfaffenzeller/nikolas_nethive/nethive_multiverse/results/test_runs/10b10t15c500e_log_sweep/data/param_116_rep_3,/scratch/n/N.Pfaffenzeller/nikolas_nethive/nethive_multiverse/results/test_runs/10b10t15c500e_log_sweep/data/param_116_rep_3/event_log.csv,/scratch/n/N.Pfaffenzeller/nikolas_nethive/nethive_multiverse/results/test_runs/10b10t15c500e_log_sweep/data/param_116_rep_3/config.json
32,1000,"[0,1]","[""task_1"",""task_2"",""task_3"",""task_4"",""task_5"",""task_6"",""task_7"",""task_8"",""task_9"",""task_10""]",10.0,10,1000.0,100,1.0e-5,10,15,10,15,500,50,100,1,10,117,1,0.1,time_out,242666821,1,6910.45,2025-12-14T16:39:32.032,0,242666821,true,true,"[0.01,0.05]",10,10,10,500.00091504469975,0.5923457699373094,0.6335924989394225,0.06666666666666667,0.6854666666666667,0.06666666666666667,,,,,,,/scratch/n/N.Pfaffenzeller/nikolas_nethive/nethive_multiverse/results/test_runs/10b10t15c500e_log_sweep,param_117_rep_1,/scratch/n/N.Pfaffenzeller/nikolas_nethive/nethive_multiverse/results/test_runs/10b10t15c500e_log_sweep/data/param_117_rep_1,/scratch/n/N.Pfaffenzeller/nikolas_nethive/nethive_multiverse/results/test_runs/10b10t15c500e_log_sweep/data/param_117_rep_1/event_log.csv,/scratch/n/N.Pfaffenzeller/nikolas_nethive/nethive_multiverse/results/test_runs/10b10t15c500e_log_sweep/data/param_117_rep_1/config.json
32,1000,"[0,1]","[""task_1"",""task_2"",""task_3"",""task_4"",""task_5"",""task_6"",""task_7"",""task_8"",""task_9"",""task_10""]",10.0,10,1000.0,100,1.0e-5,10,15,10,15,500,50,100,1,10,117,1,0.1,time_out,242666822,2,15658.86,2025-12-14T16:40:47.090,0,242666822,true,true,"[0.01,0.05]",10,10,10,500.0000712543503,0.5169422231901819,0.5817361274656889,0.06666666666666667,0.6137333333333334,0.06666666666666667,,,,,,,/scratch/n/N.Pfaffenzeller/nikolas_nethive/nethive_multiverse/results/test_runs/10b10t15c500e_log_sweep,param_117_rep_2,/scratch/n/N.Pfaffenzeller/nikolas_nethive/nethive_multiverse/results/test_runs/10b10t15c500e_log_sweep/data/param_117_rep_2,/scratch/n/N.Pfaffenzeller/nikolas_nethive/nethive_multiverse/results/test_runs/10b10t15c500e_log_sweep/data/param_117_rep_2/event_log.csv,/scratch/n/N.Pfaffenzeller/nikolas_nethive/nethive_multiverse/results/test_runs/10b10t15c500e_log_sweep/data/param_117_rep_2/config.json
32,1000,"[0,1]","[""task_1"",""task_2"",""task_3"",""task_4"",""task_5"",""task_6"",""task_7"",""task_8"",""task_9"",""task_10""]",10.0,10,1000.0,100,1.0e-5,10,15,10,15,500,50,100,1,10,117,1,0.1,time_out,242666823,3,17917.27,2025-12-14T16:41:13.442,0,242666823,true,true,"[0.01,0.05]",10,10,10,500.0000771130066,0.17347532648256342,0.18874636131057448,0.108,0.21839999999999998,0.09733333333333333,,,,,,,/scratch/n/N.Pfaffenzeller/nikolas_nethive/nethive_multiverse/results/test_runs/10b10t15c500e_log_sweep,param_117_rep_3,/scratch/n/N.Pfaffenzeller/nikolas_nethive/nethive_multiverse/results/test_runs/10b10t15c500e_log_sweep/data/param_117_rep_3,/scratch/n/N.Pfaffenzeller/nikolas_nethive/nethive_multiverse/results/test_runs/10b10t15c500e_log_sweep/data/param_117_rep_3/event_log.csv,/scratch/n/N.Pfaffenzeller/nikolas_nethive/nethive_multiverse/results/test_runs/10b10t15c500e_log_sweep/data/param_117_rep_3/config.json
32,1000,"[0,1]","[""task_1"",""task_2"",""task_3"",""task_4"",""task_5"",""task_6"",""task_7"",""task_8"",""task_9"",""task_10""]",50.0,10,1000.0,100,1.0e-5,10,15,10,15,500,50,100,1,10,118,1,0.1,time_out,242667821,1,7357.25,2025-12-14T16:41:34.610,0,242667821,true,true,"[0.01,0.05]",10,10,10,500.00117481943124,0.43555847845091167,0.4855322246041438,0.06933333333333333,0.5265333333333333,0.06933333333333333,,,,,,,/scratch/n/N.Pfaffenzeller/nikolas_nethive/nethive_multiverse/results/test_runs/10b10t15c500e_log_sweep,param_118_rep_1,/scratch/n/N.Pfaffenzeller/nikolas_nethive/nethive_multiverse/results/test_runs/10b10t15c500e_log_sweep/data/param_118_rep_1,/scratch/n/N.Pfaffenzeller/nikolas_nethive/nethive_multiverse/results/test_runs/10b10t15c500e_log_sweep/data/param_118_rep_1/event_log.csv,/scratch/n/N.Pfaffenzeller/nikolas_nethive/nethive_multiverse/results/test_runs/10b10t15c500e_log_sweep/data/param_118_rep_1/config.json
32,1000,"[0,1]","[""task_1"",""task_2"",""task_3"",""task_4"",""task_5"",""task_6"",""task_7"",""task_8"",""task_9"",""task_10""]",50.0,10,1000.0,100,1.0e-5,10,15,10,15,500,50,100,1,10,118,1,0.1,time_out,242667822,2,17360.59,2025-12-14T16:45:54.437,0,242667822,true,true,"[0.01,0.05]",10,10,10,500.00003438861086,0.29831776745075866,0.3405372757163108,0.076,0.37960000000000005,0.068,,,,,,,/scratch/n/N.Pfaffenzeller/nikolas_nethive/nethive_multiverse/results/test_runs/10b10t15c500e_log_sweep,param_118_rep_2,/scratch/n/N.Pfaffenzeller/nikolas_nethive/nethive_multiverse/results/test_runs/10b10t15c500e_log_sweep/data/param_118_rep_2,/scratch/n/N.Pfaffenzeller/nikolas_nethive/nethive_multiverse/results/test_runs/10b10t15c500e_log_sweep/data/param_118_rep_2/event_log.csv,/scratch/n/N.Pfaffenzeller/nikolas_nethive/nethive_multiverse/results/test_runs/10b10t15c500e_log_sweep/data/param_118_rep_2/config.json
32,1000,"[0,1]","[""task_1"",""task_2"",""task_3"",""task_4"",""task_5"",""task_6"",""task_7"",""task_8"",""task_9"",""task_10""]",50.0,10,1000.0,100,1.0e-5,10,15,10,15,500,50,100,1,10,118,1,0.1,time_out,242667823,3,7591.28,2025-12-14T16:46:03.727,0,242667823,true,true,"[0.01,0.05]",10,10,10,500.0000899293192,0.06831208075787858,0.07043918614498038,0.07733333333333334,0.12866666666666665,0.06666666666666667,,,,,,,/scratch/n/N.Pfaffenzeller/nikolas_nethive/nethive_multiverse/results/test_runs/10b10t15c500e_log_sweep,param_118_rep_3,/scratch/n/N.Pfaffenzeller/nikolas_nethive/nethive_multiverse/results/test_runs/10b10t15c500e_log_sweep/data/param_118_rep_3,/scratch/n/N.Pfaffenzeller/nikolas_nethive/nethive_multiverse/results/test_runs/10b10t15c500e_log_sweep/data/param_118_rep_3/event_log.csv,/scratch/n/N.Pfaffenzeller/nikolas_nethive/nethive_multiverse/results/test_runs/10b10t15c500e_log_sweep/data/param_118_rep_3/config.json
32,1000,"[0,1]","[""task_1"",""task_2"",""task_3"",""task_4"",""task_5"",""task_6"",""task_7"",""task_8"",""task_9"",""task_10""]",100.0,10,1000.0,100,1.0e-5,10,15,10,15,500,50,100,1,10,119,1,0.1,time_out,242668821,1,17151.35,2025-12-14T16:56:49.498,0,242668821,true,true,"[0.01,0.05]",10,10,10,500.000096287301,0.29856960508626573,0.3303521556872242,0.06666666666666667,0.35986666666666667,0.06666666666666667,,,,,,,/scratch/n/N.Pfaffenzeller/nikolas_nethive/nethive_multiverse/results/test_runs/10b10t15c500e_log_sweep,param_119_rep_1,/scratch/n/N.Pfaffenzeller/nikolas_nethive/nethive_multiverse/results/test_runs/10b10t15c500e_log_sweep/data/param_119_rep_1,/scratch/n/N.Pfaffenzeller/nikolas_nethive/nethive_multiverse/results/test_runs/10b10t15c500e_log_sweep/data/param_119_rep_1/event_log.csv,/scratch/n/N.Pfaffenzeller/nikolas_nethive/nethive_multiverse/results/test_runs/10b10t15c500e_log_sweep/data/param_119_rep_1/config.json
32,1000,"[0,1]","[""task_1"",""task_2"",""task_3"",""task_4"",""task_5"",""task_6"",""task_7"",""task_8"",""task_9"",""task_10""]",100.0,10,1000.0,100,1.0e-5,10,15,10,15,500,50,100,1,10,119,1,0.1,time_out,242668822,2,6935.63,2025-12-14T17:00:39.785,0,242668822,true,true,"[0.01,0.05]",10,10,10,500.00052696733326,0.37353141026272335,0.4214664040851777,0.06666666666666667,0.4402666666666667,0.06666666666666667,,,,,,,/scratch/n/N.Pfaffenzeller/nikolas_nethive/nethive_multiverse/results/test_runs/10b10t15c500e_log_sweep,param_119_rep_2,/scratch/n/N.Pfaffenzeller/nikolas_nethive/nethive_multiverse/results/test_runs/10b10t15c500e_log_sweep/data/param_119_rep_2,/scratch/n/N.Pfaffenzeller/nikolas_nethive/nethive_multiverse/results/test_runs/10b10t15c500e_log_sweep/data/param_119_rep_2/event_log.csv,/scratch/n/N.Pfaffenzeller/nikolas_nethive/nethive_multiverse/results/test_runs/10b10t15c500e_log_sweep/data/param_119_rep_2/config.json
32,1000,"[0,1]","[""task_1"",""task_2"",""task_3"",""task_4"",""task_5"",""task_6"",""task_7"",""task_8"",""task_9"",""task_10""]",100.0,10,1000.0,100,1.0e-5,10,15,10,15,500,50,100,1,10,119,1,0.1,time_out,242668823,3,8124.52,2025-12-14T17:00:45.176,0,242668823,true,true,"[0.01,0.05]",10,10,10,500.0004008978529,0.24165400369917944,0.27204407063662667,0.076,0.30346666666666666,0.076,,,,,,,/scratch/n/N.Pfaffenzeller/nikolas_nethive/nethive_multiverse/results/test_runs/10b10t15c500e_log_sweep,param_119_rep_3,/scratch/n/N.Pfaffenzeller/nikolas_nethive/nethive_multiverse/results/test_runs/10b10t15c500e_log_sweep/data/param_119_rep_3,/scratch/n/N.Pfaffenzeller/nikolas_nethive/nethive_multiverse/results/test_runs/10b10t15c500e_log_sweep/data/param_119_rep_3/event_log.csv,/scratch/n/N.Pfaffenzeller/nikolas_nethive/nethive_multiverse/results/test_runs/10b10t15c500e_log_sweep/data/param_119_rep_3/config.json
32,1000,"[0,1]","[""task_1"",""task_2"",""task_3"",""task_4"",""task_5"",""task_6"",""task_7"",""task_8"",""task_9"",""task_10""]",1000.0,10,0.01,100,1.0e-5,10,15,10,15,500,50,100,1,10,11,1,0.1,time_out,242560821,1,574.63,2025-12-14T15:17:14.426,0,242560821,true,true,"[0.01,0.05]",10,10,10,500.03263464247004,0.37711956846219524,0.41383294085581357,0.116,0.4317333333333334,0.10666666666666667,,,,,,,/scratch/n/N.Pfaffenzeller/nikolas_nethive/nethive_multiverse/results/test_runs/10b10t15c500e_log_sweep,param_11_rep_1,/scratch/n/N.Pfaffenzeller/nikolas_nethive/nethive_multiverse/results/test_runs/10b10t15c500e_log_sweep/data/param_11_rep_1,/scratch/n/N.Pfaffenzeller/nikolas_nethive/nethive_multiverse/results/test_runs/10b10t15c500e_log_sweep/data/param_11_rep_1/event_log.csv,/scratch/n/N.Pfaffenzeller/nikolas_nethive/nethive_multiverse/results/test_runs/10b10t15c500e_log_sweep/data/param_11_rep_1/config.json
32,1000,"[0,1]","[""task_1"",""task_2"",""task_3"",""task_4"",""task_5"",""task_6"",""task_7"",""task_8"",""task_9"",""task_10""]",1000.0,10,0.01,100,1.0e-5,10,15,10,15,500,50,100,1,10,11,1,0.1,time_out,242560822,2,561.79,2025-12-14T15:17:39.389,0,242560822,true,true,"[0.01,0.05]",10,10,10,500.00879810846874,0.2948063448156303,0.31601519500957886,0.15333333333333332,0.3292,0.15333333333333332,,,,,,,/scratch/n/N.Pfaffenzeller/nikolas_nethive/nethive_multiverse/results/test_runs/10b10t15c500e_log_sweep,param_11_rep_2,/scratch/n/N.Pfaffenzeller/nikolas_nethive/nethive_multiverse/results/test_runs/10b10t15c500e_log_sweep/data/param_11_rep_2,/scratch/n/N.Pfaffenzeller/nikolas_nethive/nethive_multiverse/results/test_runs/10b10t15c500e_log_sweep/data/param_11_rep_2/event_log.csv,/scratch/n/N.Pfaffenzeller/nikolas_nethive/nethive_multiverse/results/test_runs/10b10t15c500e_log_sweep/data/param_11_rep_2/config.json
32,1000,"[0,1]","[""task_1"",""task_2"",""task_3"",""task_4"",""task_5"",""task_6"",""task_7"",""task_8"",""task_9"",""task_10""]",1000.0,10,0.01,100,1.0e-5,10,15,10,15,500,50,100,1,10,11,1,0.1,time_out,242560823,3,527.41,2025-12-14T15:17:24.844,0,242560823,true,true,"[0.01,0.05]",10,10,10,500.0688465919814,0.40118839846704635,0.40641961871109056,0.276,0.4809333333333333,0.23866666666666667,,,,,,,/scratch/n/N.Pfaffenzeller/nikolas_nethive/nethive_multiverse/results/test_runs/10b10t15c500e_log_sweep,param_11_rep_3,/scratch/n/N.Pfaffenzeller/nikolas_nethive/nethive_multiverse/results/test_runs/10b10t15c500e_log_sweep/data/param_11_rep_3,/scratch/n/N.Pfaffenzeller/nikolas_nethive/nethive_multiverse/results/test_runs/10b10t15c500e_log_sweep/data/param_11_rep_3/event_log.csv,/scratch/n/N.Pfaffenzeller/nikolas_nethive/nethive_multiverse/results/test_runs/10b10t15c500e_log_sweep/data/param_11_rep_3/config.json
32,1000,"[0,1]","[""task_1"",""task_2"",""task_3"",""task_4"",""task_5"",""task_6"",""task_7"",""task_8"",""task_9"",""task_10""]",500.0,10,1000.0,100,1.0e-5,10,15,10,15,500,50,100,1,10,120,1,0.1,time_out,242669822,2,8907.03,2025-12-14T17:03:25.486,0,242669822,true,true,"[0.01,0.05]",10,10,10,500.00090686533804,0.12698149971859873,0.14950402329997056,0.068,0.21213333333333334,0.06666666666666667,,,,,,,/scratch/n/N.Pfaffenzeller/nikolas_nethive/nethive_multiverse/results/test_runs/10b10t15c500e_log_sweep,param_120_rep_2,/scratch/n/N.Pfaffenzeller/nikolas_nethive/nethive_multiverse/results/test_runs/10b10t15c500e_log_sweep/data/param_120_rep_2,/scratch/n/N.Pfaffenzeller/nikolas_nethive/nethive_multiverse/results/test_runs/10b10t15c500e_log_sweep/data/param_120_rep_2/event_log.csv,/scratch/n/N.Pfaffenzeller/nikolas_nethive/nethive_multiverse/results/test_runs/10b10t15c500e_log_sweep/data/param_120_rep_2/config.json
32,1000,"[0,1]","[""task_1"",""task_2"",""task_3"",""task_4"",""task_5"",""task_6"",""task_7"",""task_8"",""task_9"",""task_10""]",500.0,10,1000.0,100,1.0e-5,10,15,10,15,500,50,100,1,10,120,1,0.1,time_out,242669823,3,7042.68,2025-12-14T19:34:23.398,0,242669823,true,true,"[0.01,0.05]",10,10,10,500.0000847437125,0.11331792602974593,0.12017275690242599,0.06666666666666667,0.13866666666666666,0.06666666666666667,,,,,,,/scratch/n/N.Pfaffenzeller/nikolas_nethive/nethive_multiverse/results/test_runs/10b10t15c500e_log_sweep,param_120_rep_3,/scratch/n/N.Pfaffenzeller/nikolas_nethive/nethive_multiverse/results/test_runs/10b10t15c500e_log_sweep/data/param_120_rep_3,/scratch/n/N.Pfaffenzeller/nikolas_nethive/nethive_multiverse/results/test_runs/10b10t15c500e_log_sweep/data/param_120_rep_3/event_log.csv,/scratch/n/N.Pfaffenzeller/nikolas_nethive/nethive_multiverse/results/test_runs/10b10t15c500e_log_sweep/data/param_120_rep_3/config.json
32,1000,"[0,1]","[""task_1"",""task_2"",""task_3"",""task_4"",""task_5"",""task_6"",""task_7"",""task_8"",""task_9"",""task_10""]",1000.0,10,1000.0,100,1.0e-5,10,15,10,15,500,50,100,1,10,121,1,0.1,time_out,242670821,1,16369.01,2025-12-14T17:07:06.876,0,242670821,true,true,"[0.01,0.05]",10,10,10,500.0007828504744,0.21699861031834353,0.24680192924216193,0.1,0.30093333333333333,0.06666666666666667,,,,,,,/scratch/n/N.Pfaffenzeller/nikolas_nethive/nethive_multiverse/results/test_runs/10b10t15c500e_log_sweep,param_121_rep_1,/scratch/n/N.Pfaffenzeller/nikolas_nethive/nethive_multiverse/results/test_runs/10b10t15c500e_log_sweep/data/param_121_rep_1,/scratch/n/N.Pfaffenzeller/nikolas_nethive/nethive_multiverse/results/test_runs/10b10t15c500e_log_sweep/data/param_121_rep_1/event_log.csv,/scratch/n/N.Pfaffenzeller/nikolas_nethive/nethive_multiverse/results/test_runs/10b10t15c500e_log_sweep/data/param_121_rep_1/config.json
32,1000,"[0,1]","[""task_1"",""task_2"",""task_3"",""task_4"",""task_5"",""task_6"",""task_7"",""task_8"",""task_9"",""task_10""]",1000.0,10,1000.0,100,1.0e-5,10,15,10,15,500,50,100,1,10,121,1,0.1,time_out,242670822,2,16188.46,2025-12-14T17:09:44.480,0,242670822,true,true,"[0.01,0.05]",10,10,10,500.00068165376814,0.2575856902916012,0.28067947270914917,0.06666666666666667,0.31626666666666664,0.06666666666666667,,,,,,,/scratch/n/N.Pfaffenzeller/nikolas_nethive/nethive_multiverse/results/test_runs/10b10t15c500e_log_sweep,param_121_rep_2,/scratch/n/N.Pfaffenzeller/nikolas_nethive/nethive_multiverse/results/test_runs/10b10t15c500e_log_sweep/data/param_121_rep_2,/scratch/n/N.Pfaffenzeller/nikolas_nethive/nethive_multiverse/results/test_runs/10b10t15c500e_log_sweep/data/param_121_rep_2/event_log.csv,/scratch/n/N.Pfaffenzeller/nikolas_nethive/nethive_multiverse/results/test_runs/10b10t15c500e_log_sweep/data/param_121_rep_2/config.json
32,1000,"[0,1]","[""task_1"",""task_2"",""task_3"",""task_4"",""task_5"",""task_6"",""task_7"",""task_8"",""task_9"",""task_10""]",0.01,10,0.01,100,5.0e-5,10,15,10,15,500,50,100,1,10,122,1,0.1,time_out,242671821,1,723.04,2025-12-14T17:10:58.007,0,242671821,true,true,"[0.01,0.05]",10,10,10,500.0077804056521,0.20418460044501333,0.2460145087698387,0.08666666666666667,0.3045333333333334,0.08666666666666667,,,,,,,/scratch/n/N.Pfaffenzeller/nikolas_nethive/nethive_multiverse/results/test_runs/10b10t15c500e_log_sweep,param_122_rep_1,/scratch/n/N.Pfaffenzeller/nikolas_nethive/nethive_multiverse/results/test_runs/10b10t15c500e_log_sweep/data/param_122_rep_1,/scratch/n/N.Pfaffenzeller/nikolas_nethive/nethive_multiverse/results/test_runs/10b10t15c500e_log_sweep/data/param_122_rep_1/event_log.csv,/scratch/n/N.Pfaffenzeller/nikolas_nethive/nethive_multiverse/results/test_runs/10b10t15c500e_log_sweep/data/param_122_rep_1/config.json
32,1000,"[0,1]","[""task_1"",""task_2"",""task_3"",""task_4"",""task_5"",""task_6"",""task_7"",""task_8"",""task_9"",""task_10""]",0.01,10,0.01,100,5.0e-5,10,15,10,15,500,50,100,1,10,122,1,0.1,time_out,242671822,2,674.21,2025-12-14T17:11:59.115,0,242671822,true,true,"[0.01,0.05]",10,10,10,500.00243430241363,0.19603161787383566,0.23306092291779076,0.164,0.3392,0.11733333333333333,,,,,,,/scratch/n/N.Pfaffenzeller/nikolas_nethive/nethive_multiverse/results/test_runs/10b10t15c500e_log_sweep,param_122_rep_2,/scratch/n/N.Pfaffenzeller/nikolas_nethive/nethive_multiverse/results/test_runs/10b10t15c500e_log_sweep/data/param_122_rep_2,/scratch/n/N.Pfaffenzeller/nikolas_nethive/nethive_multiverse/results/test_runs/10b10t15c500e_log_sweep/data/param_122_rep_2/event_log.csv,/scratch/n/N.Pfaffenzeller/nikolas_nethive/nethive_multiverse/results/test_runs/10b10t15c500e_log_sweep/data/param_122_rep_2/config.json
32,1000,"[0,1]","[""task_1"",""task_2"",""task_3"",""task_4"",""task_5"",""task_6"",""task_7"",""task_8"",""task_9"",""task_10""]",0.01,10,0.01,100,5.0e-5,10,15,10,15,500,50,100,1,10,122,1,0.1,time_out,242671823,3,1513.34,2025-12-14T17:17:14.932,0,242671823,true,true,"[0.01,0.05]",10,10,10,500.00376911701784,0.22598401657363984,0.33866508489277103,0.028,0.3296,0.028,,,,,,,/scratch/n/N.Pfaffenzeller/nikolas_nethive/nethive_multiverse/results/test_runs/10b10t15c500e_log_sweep,param_122_rep_3,/scratch/n/N.Pfaffenzeller/nikolas_nethive/nethive_multiverse/results/test_runs/10b10t15c500e_log_sweep/data/param_122_rep_3,/scratch/n/N.Pfaffenzeller/nikolas_nethive/nethive_multiverse/results/test_runs/10b10t15c500e_log_sweep/data/param_122_rep_3/event_log.csv,/scratch/n/N.Pfaffenzeller/nikolas_nethive/nethive_multiverse/results/test_runs/10b10t15c500e_log_sweep/data/param_122_rep_3/config.json
32,1000,"[0,1]","[""task_1"",""task_2"",""task_3"",""task_4"",""task_5"",""task_6"",""task_7"",""task_8"",""task_9"",""task_10""]",0.05,10,0.01,100,5.0e-5,10,15,10,15,500,50,100,1,10,123,1,0.1,time_out,242672821,1,715.76,2025-12-14T17:16:58.510,0,242672821,true,true,"[0.01,0.05]",10,10,10,500.0050984093833,0.26709389187889504,0.3041058393969406,0.084,0.39226666666666665,0.084,,,,,,,/scratch/n/N.Pfaffenzeller/nikolas_nethive/nethive_multiverse/results/test_runs/10b10t15c500e_log_sweep,param_123_rep_1,/scratch/n/N.Pfaffenzeller/nikolas_nethive/nethive_multiverse/results/test_runs/10b10t15c500e_log_sweep/data/param_123_rep_1,/scratch/n/N.Pfaffenzeller/nikolas_nethive/nethive_multiverse/results/test_runs/10b10t15c500e_log_sweep/data/param_123_rep_1/event_log.csv,/scratch/n/N.Pfaffenzeller/nikolas_nethive/nethive_multiverse/results/test_runs/10b10t15c500e_log_sweep/data/param_123_rep_1/config.json
32,1000,"[0,1]","[""task_1"",""task_2"",""task_3"",""task_4"",""task_5"",""task_6"",""task_7"",""task_8"",""task_9"",""task_10""]",0.05,10,0.01,100,5.0e-5,10,15,10,15,500,50,100,1,10,123,1,0.1,time_out,242672822,2,1508.58,2025-12-14T17:18:15.960,0,242672822,true,true,"[0.01,0.05]",10,10,10,500.00373876535946,0.23991315711374778,0.2926609164904594,0.104,0.35519999999999996,0.104,,,,,,,/scratch/n/N.Pfaffenzeller/nikolas_nethive/nethive_multiverse/results/test_runs/10b10t15c500e_log_sweep,param_123_rep_2,/scratch/n/N.Pfaffenzeller/nikolas_nethive/nethive_multiverse/results/test_runs/10b10t15c500e_log_sweep/data/param_123_rep_2,/scratch/n/N.Pfaffenzeller/nikolas_nethive/nethive_multiverse/results/test_runs/10b10t15c500e_log_sweep/data/param_123_rep_2/event_log.csv,/scratch/n/N.Pfaffenzeller/nikolas_nethive/nethive_multiverse/results/test_runs/10b10t15c500e_log_sweep/data/param_123_rep_2/config.json
32,1000,"[0,1]","[""task_1"",""task_2"",""task_3"",""task_4"",""task_5"",""task_6"",""task_7"",""task_8"",""task_9"",""task_10""]",0.05,10,0.01,100,5.0e-5,10,15,10,15,500,50,100,1,10,123,1,0.1,time_out,242672823,3,1480.71,2025-12-14T17:18:16.618,0,242672823,true,true,"[0.01,0.05]",10,10,10,500.02044403061615,0.23407336936200127,0.3097022170822392,0.08,0.33320000000000005,0.058666666666666666,,,,,,,/scratch/n/N.Pfaffenzeller/nikolas_nethive/nethive_multiverse/results/test_runs/10b10t15c500e_log_sweep,param_123_rep_3,/scratch/n/N.Pfaffenzeller/nikolas_nethive/nethive_multiverse/results/test_runs/10b10t15c500e_log_sweep/data/param_123_rep_3,/scratch/n/N.Pfaffenzeller/nikolas_nethive/nethive_multiverse/results/test_runs/10b10t15c500e_log_sweep/data/param_123_rep_3/event_log.csv,/scratch/n/N.Pfaffenzeller/nikolas_nethive/nethive_multiverse/results/test_runs/10b10t15c500e_log_sweep/data/param_123_rep_3/config.json
32,1000,"[0,1]","[""task_1"",""task_2"",""task_3"",""task_4"",""task_5"",""task_6"",""task_7"",""task_8"",""task_9"",""task_10""]",0.1,10,0.01,100,5.0e-5,10,15,10,15,500,50,100,1,10,124,1,0.1,time_out,242673821,1,657.91,2025-12-14T17:18:31.608,0,242673821,true,true,"[0.01,0.05]",10,10,10,500.01083655386327,0.2971402635332673,0.37420870377271187,0.07333333333333333,0.3669333333333333,0.064,,,,,,,/scratch/n/N.Pfaffenzeller/nikolas_nethive/nethive_multiverse/results/test_runs/10b10t15c500e_log_sweep,param_124_rep_1,/scratch/n/N.Pfaffenzeller/nikolas_nethive/nethive_multiverse/results/test_runs/10b10t15c500e_log_sweep/data/param_124_rep_1,/scratch/n/N.Pfaffenzeller/nikolas_nethive/nethive_multiverse/results/test_runs/10b10t15c500e_log_sweep/data/param_124_rep_1/event_log.csv,/scratch/n/N.Pfaffenzeller/nikolas_nethive/nethive_multiverse/results/test_runs/10b10t15c500e_log_sweep/data/param_124_rep_1/config.json
32,1000,"[0,1]","[""task_1"",""task_2"",""task_3"",""task_4"",""task_5"",""task_6"",""task_7"",""task_8"",""task_9"",""task_10""]",0.1,10,0.01,100,5.0e-5,10,15,10,15,500,50,100,1,10,124,1,0.1,time_out,242673822,2,677.94,2025-12-14T17:20:28.668,0,242673822,true,true,"[0.01,0.05]",10,10,10,500.0057332848011,0.2422617364138048,0.2713270571985136,0.14933333333333335,0.38506666666666667,0.14933333333333335,,,,,,,/scratch/n/N.Pfaffenzeller/nikolas_nethive/nethive_multiverse/results/test_runs/10b10t15c500e_log_sweep,param_124_rep_2,/scratch/n/N.Pfaffenzeller/nikolas_nethive/nethive_multiverse/results/test_runs/10b10t15c500e_log_sweep/data/param_124_rep_2,/scratch/n/N.Pfaffenzeller/nikolas_nethive/nethive_multiverse/results/test_runs/10b10t15c500e_log_sweep/data/param_124_rep_2/event_log.csv,/scratch/n/N.Pfaffenzeller/nikolas_nethive/nethive_multiverse/results/test_runs/10b10t15c500e_log_sweep/data/param_124_rep_2/config.json
32,1000,"[0,1]","[""task_1"",""task_2"",""task_3"",""task_4"",""task_5"",""task_6"",""task_7"",""task_8"",""task_9"",""task_10""]",0.1,10,0.01,100,5.0e-5,10,15,10,15,500,50,100,1,10,124,1,0.1,time_out,242673823,3,718.67,2025-12-14T17:20:30.488,0,242673823,true,true,"[0.01,0.05]",10,10,10,500.02116355480916,0.29594953320363404,0.31217918289011043,0.12533333333333332,0.372,0.12533333333333332,,,,,,,/scratch/n/N.Pfaffenzeller/nikolas_nethive/nethive_multiverse/results/test_runs/10b10t15c500e_log_sweep,param_124_rep_3,/scratch/n/N.Pfaffenzeller/nikolas_nethive/nethive_multiverse/results/test_runs/10b10t15c500e_log_sweep/data/param_124_rep_3,/scratch/n/N.Pfaffenzeller/nikolas_nethive/nethive_multiverse/results/test_runs/10b10t15c500e_log_sweep/data/param_124_rep_3/event_log.csv,/scratch/n/N.Pfaffenzeller/nikolas_nethive/nethive_multiverse/results/test_runs/10b10t15c500e_log_sweep/data/param_124_rep_3/config.json
32,1000,"[0,1]","[""task_1"",""task_2"",""task_3"",""task_4"",""task_5"",""task_6"",""task_7"",""task_8"",""task_9"",""task_10""]",0.5,10,0.01,100,5.0e-5,10,15,10,15,500,50,100,1,10,125,1,0.1,time_out,242674821,1,713.33,2025-12-14T17:21:01.653,0,242674821,true,true,"[0.01,0.05]",10,10,10,500.0011140106413,0.1677766522053902,0.21106171785677574,0.064,0.29666666666666663,0.064,,,,,,,/scratch/n/N.Pfaffenzeller/nikolas_nethive/nethive_multiverse/results/test_runs/10b10t15c500e_log_sweep,param_125_rep_1,/scratch/n/N.Pfaffenzeller/nikolas_nethive/nethive_multiverse/results/test_runs/10b10t15c500e_log_sweep/data/param_125_rep_1,/scratch/n/N.Pfaffenzeller/nikolas_nethive/nethive_multiverse/results/test_runs/10b10t15c500e_log_sweep/data/param_125_rep_1/event_log.csv,/scratch/n/N.Pfaffenzeller/nikolas_nethive/nethive_multiverse/results/test_runs/10b10t15c500e_log_sweep/data/param_125_rep_1/config.json
32,1000,"[0,1]","[""task_1"",""task_2"",""task_3"",""task_4"",""task_5"",""task_6"",""task_7"",""task_8"",""task_9"",""task_10""]",0.5,10,0.01,100,5.0e-5,10,15,10,15,500,50,100,1,10,125,1,0.1,time_out,242674822,2,677.01,2025-12-14T17:21:57.422,0,242674822,true,true,"[0.01,0.05]",10,10,10,500.00140332841096,0.27968368210014255,0.3011206244075993,0.15466666666666667,0.3897333333333333,0.15466666666666667,,,,,,,/scratch/n/N.Pfaffenzeller/nikolas_nethive/nethive_multiverse/results/test_runs/10b10t15c500e_log_sweep,param_125_rep_2,/scratch/n/N.Pfaffenzeller/nikolas_nethive/nethive_multiverse/results/test_runs/10b10t15c500e_log_sweep/data/param_125_rep_2,/scratch/n/N.Pfaffenzeller/nikolas_nethive/nethive_multiverse/results/test_runs/10b10t15c500e_log_sweep/data/param_125_rep_2/event_log.csv,/scratch/n/N.Pfaffenzeller/nikolas_nethive/nethive_multiverse/results/test_runs/10b10t15c500e_log_sweep/data/param_125_rep_2/config.json
32,1000,"[0,1]","[""task_1"",""task_2"",""task_3"",""task_4"",""task_5"",""task_6"",""task_7"",""task_8"",""task_9"",""task_10""]",0.5,10,0.01,100,5.0e-5,10,15,10,15,500,50,100,1,10,125,1,0.1,time_out,242674823,3,686.7,2025-12-14T17:22:31.844,0,242674823,true,true,"[0.01,0.05]",10,10,10,500.0071168662488,0.28475492298444083,0.31108829835810864,0.16133333333333333,0.3741333333333333,0.16133333333333333,,,,,,,/scratch/n/N.Pfaffenzeller/nikolas_nethive/nethive_multiverse/results/test_runs/10b10t15c500e_log_sweep,param_125_rep_3,/scratch/n/N.Pfaffenzeller/nikolas_nethive/nethive_multiverse/results/test_runs/10b10t15c500e_log_sweep/data/param_125_rep_3,/scratch/n/N.Pfaffenzeller/nikolas_nethive/nethive_multiverse/results/test_runs/10b10t15c500e_log_sweep/data/param_125_rep_3/event_log.csv,/scratch/n/N.Pfaffenzeller/nikolas_nethive/nethive_multiverse/results/test_runs/10b10t15c500e_log_sweep/data/param_125_rep_3/config.json
32,1000,"[0,1]","[""task_1"",""task_2"",""task_3"",""task_4"",""task_5"",""task_6"",""task_7"",""task_8"",""task_9"",""task_10""]",1.0,10,0.01,100,5.0e-5,10,15,10,15,500,50,100,1,10,126,1,0.1,time_out,242675821,1,684.16,2025-12-14T17:22:58.119,0,242675821,true,true,"[0.01,0.05]",10,10,10,500.00879557367267,0.3099715361042713,0.40340255442155987,0.04533333333333334,0.40613333333333335,0.04533333333333334,,,,,,,/scratch/n/N.Pfaffenzeller/nikolas_nethive/nethive_multiverse/results/test_runs/10b10t15c500e_log_sweep,param_126_rep_1,/scratch/n/N.Pfaffenzeller/nikolas_nethive/nethive_multiverse/results/test_runs/10b10t15c500e_log_sweep/data/param_126_rep_1,/scratch/n/N.Pfaffenzeller/nikolas_nethive/nethive_multiverse/results/test_runs/10b10t15c500e_log_sweep/data/param_126_rep_1/event_log.csv,/scratch/n/N.Pfaffenzeller/nikolas_nethive/nethive_multiverse/results/test_runs/10b10t15c500e_log_sweep/data/param_126_rep_1/config.json
32,1000,"[0,1]","[""task_1"",""task_2"",""task_3"",""task_4"",""task_5"",""task_6"",""task_7"",""task_8"",""task_9"",""task_10""]",1.0,10,0.01,100,5.0e-5,10,15,10,15,500,50,100,1,10,126,1,0.1,time_out,242675822,2,736.16,2025-12-14T17:23:31.558,0,242675822,true,true,"[0.01,0.05]",10,10,10,500.0037192130054,0.29540049252160994,0.36836508349361324,0.088,0.4421333333333333,0.088,,,,,,,/scratch/n/N.Pfaffenzeller/nikolas_nethive/nethive_multiverse/results/test_runs/10b10t15c500e_log_sweep,param_126_rep_2,/scratch/n/N.Pfaffenzeller/nikolas_nethive/nethive_multiverse/results/test_runs/10b10t15c500e_log_sweep/data/param_126_rep_2,/scratch/n/N.Pfaffenzeller/nikolas_nethive/nethive_multiverse/results/test_runs/10b10t15c500e_log_sweep/data/param_126_rep_2/event_log.csv,/scratch/n/N.Pfaffenzeller/nikolas_nethive/nethive_multiverse/results/test_runs/10b10t15c500e_log_sweep/data/param_126_rep_2/config.json
32,1000,"[0,1]","[""task_1"",""task_2"",""task_3"",""task_4"",""task_5"",""task_6"",""task_7"",""task_8"",""task_9"",""task_10""]",1.0,10,0.01,100,5.0e-5,10,15,10,15,500,50,100,1,10,126,1,0.1,time_out,242675823,3,717.43,2025-12-14T17:23:58.366,0,242675823,true,true,"[0.01,0.05]",10,10,10,500.0112003571978,0.21622175009866398,0.25758967823623713,0.03333333333333333,0.33666666666666667,0.03333333333333333,,,,,,,/scratch/n/N.Pfaffenzeller/nikolas_nethive/nethive_multiverse/results/test_runs/10b10t15c500e_log_sweep,param_126_rep_3,/scratch/n/N.Pfaffenzeller/nikolas_nethive/nethive_multiverse/results/test_runs/10b10t15c500e_log_sweep/data/param_126_rep_3,/scratch/n/N.Pfaffenzeller/nikolas_nethive/nethive_multiverse/results/test_runs/10b10t15c500e_log_sweep/data/param_126_rep_3/event_log.csv,/scratch/n/N.Pfaffenzeller/nikolas_nethive/nethive_multiverse/results/test_runs/10b10t15c500e_log_sweep/data/param_126_rep_3/config.json
32,1000,"[0,1]","[""task_1"",""task_2"",""task_3"",""task_4"",""task_5"",""task_6"",""task_7"",""task_8"",""task_9"",""task_10""]",5.0,10,0.01,100,5.0e-5,10,15,10,15,500,50,100,1,10,127,1,0.1,time_out,242676821,1,672.87,2025-12-14T17:24:44.716,0,242676821,true,true,"[0.01,0.05]",10,10,10,500.0042824028425,0.2627190264519707,0.359273841316898,0.042666666666666665,0.37546666666666667,0.042666666666666665,,,,,,,/scratch/n/N.Pfaffenzeller/nikolas_nethive/nethive_multiverse/results/test_runs/10b10t15c500e_log_sweep,param_127_rep_1,/scratch/n/N.Pfaffenzeller/nikolas_nethive/nethive_multiverse/results/test_runs/10b10t15c500e_log_sweep/data/param_127_rep_1,/scratch/n/N.Pfaffenzeller/nikolas_nethive/nethive_multiverse/results/test_runs/10b10t15c500e_log_sweep/data/param_127_rep_1/event_log.csv,/scratch/n/N.Pfaffenzeller/nikolas_nethive/nethive_multiverse/results/test_runs/10b10t15c500e_log_sweep/data/param_127_rep_1/config.json
32,1000,"[0,1]","[""task_1"",""task_2"",""task_3"",""task_4"",""task_5"",""task_6"",""task_7"",""task_8"",""task_9"",""task_10""]",5.0,10,0.01,100,5.0e-5,10,15,10,15,500,50,100,1,10,127,1,0.1,time_out,242676822,2,652.43,2025-12-14T17:24:34.126,0,242676822,true,true,"[0.01,0.05]",10,10,10,500.00247108639263,0.2456158159119434,0.27134333743649036,0.144,0.36146666666666666,0.13466666666666666,,,,,,,/scratch/n/N.Pfaffenzeller/nikolas_nethive/nethive_multiverse/results/test_runs/10b10t15c500e_log_sweep,param_127_rep_2,/scratch/n/N.Pfaffenzeller/nikolas_nethive/nethive_multiverse/results/test_runs/10b10t15c500e_log_sweep/data/param_127_rep_2,/scratch/n/N.Pfaffenzeller/nikolas_nethive/nethive_multiverse/results/test_runs/10b10t15c500e_log_sweep/data/param_127_rep_2/event_log.csv,/scratch/n/N.Pfaffenzeller/nikolas_nethive/nethive_multiverse/results/test_runs/10b10t15c500e_log_sweep/data/param_127_rep_2/config.json
32,1000,"[0,1]","[""task_1"",""task_2"",""task_3"",""task_4"",""task_5"",""task_6"",""task_7"",""task_8"",""task_9"",""task_10""]",5.0,10,0.01,100,5.0e-5,10,15,10,15,500,50,100,1,10,127,1,0.1,time_out,242676823,3,662.4,2025-12-14T17:24:58.890,0,242676823,true,true,"[0.01,0.05]",10,10,10,500.00261017250097,0.22611116125582553,0.32348514584943233,0.050666666666666665,0.36679999999999996,0.050666666666666665,,,,,,,/scratch/n/N.Pfaffenzeller/nikolas_nethive/nethive_multiverse/results/test_runs/10b10t15c500e_log_sweep,param_127_rep_3,/scratch/n/N.Pfaffenzeller/nikolas_nethive/nethive_multiverse/results/test_runs/10b10t15c500e_log_sweep/data/param_127_rep_3,/scratch/n/N.Pfaffenzeller/nikolas_nethive/nethive_multiverse/results/test_runs/10b10t15c500e_log_sweep/data/param_127_rep_3/event_log.csv,/scratch/n/N.Pfaffenzeller/nikolas_nethive/nethive_multiverse/results/test_runs/10b10t15c500e_log_sweep/data/param_127_rep_3/config.json
32,1000,"[0,1]","[""task_1"",""task_2"",""task_3"",""task_4"",""task_5"",""task_6"",""task_7"",""task_8"",""task_9"",""task_10""]",10.0,10,0.01,100,5.0e-5,10,15,10,15,500,50,100,1,10,128,1,0.1,time_out,242677821,1,683.51,2025-12-14T17:24:58.816,0,242677821,true,true,"[0.01,0.05]",10,10,10,500.0015463378079,0.3040757021853163,0.384499228749769,0.036,0.4242666666666667,0.036,,,,,,,/scratch/n/N.Pfaffenzeller/nikolas_nethive/nethive_multiverse/results/test_runs/10b10t15c500e_log_sweep,param_128_rep_1,/scratch/n/N.Pfaffenzeller/nikolas_nethive/nethive_multiverse/results/test_runs/10b10t15c500e_log_sweep/data/param_128_rep_1,/scratch/n/N.Pfaffenzeller/nikolas_nethive/nethive_multiverse/results/test_runs/10b10t15c500e_log_sweep/data/param_128_rep_1/event_log.csv,/scratch/n/N.Pfaffenzeller/nikolas_nethive/nethive_multiverse/results/test_runs/10b10t15c500e_log_sweep/data/param_128_rep_1/config.json
32,1000,"[0,1]","[""task_1"",""task_2"",""task_3"",""task_4"",""task_5"",""task_6"",""task_7"",""task_8"",""task_9"",""task_10""]",10.0,10,0.01,100,5.0e-5,10,15,10,15,500,50,100,1,10,128,1,0.1,time_out,242677822,2,653.15,2025-12-14T17:26:03.140,0,242677822,true,true,"[0.01,0.05]",10,10,10,500.00458893837356,0.22565682664616266,0.27223782632234156,0.096,0.32906666666666673,0.096,,,,,,,/scratch/n/N.Pfaffenzeller/nikolas_nethive/nethive_multiverse/results/test_runs/10b10t15c500e_log_sweep,param_128_rep_2,/scratch/n/N.Pfaffenzeller/nikolas_nethive/nethive_multiverse/results/test_runs/10b10t15c500e_log_sweep/data/param_128_rep_2,/scratch/n/N.Pfaffenzeller/nikolas_nethive/nethive_multiverse/results/test_runs/10b10t15c500e_log_sweep/data/param_128_rep_2/event_log.csv,/scratch/n/N.Pfaffenzeller/nikolas_nethive/nethive_multiverse/results/test_runs/10b10t15c500e_log_sweep/data/param_128_rep_2/config.json
32,1000,"[0,1]","[""task_1"",""task_2"",""task_3"",""task_4"",""task_5"",""task_6"",""task_7"",""task_8"",""task_9"",""task_10""]",10.0,10,0.01,100,5.0e-5,10,15,10,15,500,50,100,1,10,128,1,0.1,time_out,242677823,3,734.97,2025-12-14T17:27:56.258,0,242677823,true,true,"[0.01,0.05]",10,10,10,500.00098391645844,0.22184983468434255,0.2782460584125122,0.09866666666666667,0.3616,0.09866666666666667,,,,,,,/scratch/n/N.Pfaffenzeller/nikolas_nethive/nethive_multiverse/results/test_runs/10b10t15c500e_log_sweep,param_128_rep_3,/scratch/n/N.Pfaffenzeller/nikolas_nethive/nethive_multiverse/results/test_runs/10b10t15c500e_log_sweep/data/param_128_rep_3,/scratch/n/N.Pfaffenzeller/nikolas_nethive/nethive_multiverse/results/test_runs/10b10t15c500e_log_sweep/data/param_128_rep_3/event_log.csv,/scratch/n/N.Pfaffenzeller/nikolas_nethive/nethive_multiverse/results/test_runs/10b10t15c500e_log_sweep/data/param_128_rep_3/config.json
32,1000,"[0,1]","[""task_1"",""task_2"",""task_3"",""task_4"",""task_5"",""task_6"",""task_7"",""task_8"",""task_9"",""task_10""]",50.0,10,0.01,100,5.0e-5,10,15,10,15,500,50,100,1,10,129,1,0.1,time_out,242678821,1,638.32,2025-12-14T17:28:29.948,0,242678821,true,true,"[0.01,0.05]",10,10,10,500.0006608905169,0.280425207282098,0.33750196249816733,0.14,0.4122666666666667,0.14,,,,,,,/scratch/n/N.Pfaffenzeller/nikolas_nethive/nethive_multiverse/results/test_runs/10b10t15c500e_log_sweep,param_129_rep_1,/scratch/n/N.Pfaffenzeller/nikolas_nethive/nethive_multiverse/results/test_runs/10b10t15c500e_log_sweep/data/param_129_rep_1,/scratch/n/N.Pfaffenzeller/nikolas_nethive/nethive_multiverse/results/test_runs/10b10t15c500e_log_sweep/data/param_129_rep_1/event_log.csv,/scratch/n/N.Pfaffenzeller/nikolas_nethive/nethive_multiverse/results/test_runs/10b10t15c500e_log_sweep/data/param_129_rep_1/config.json
32,1000,"[0,1]","[""task_1"",""task_2"",""task_3"",""task_4"",""task_5"",""task_6"",""task_7"",""task_8"",""task_9"",""task_10""]",50.0,10,0.01,100,5.0e-5,10,15,10,15,500,50,100,1,10,129,1,0.1,time_out,242678822,2,724.34,2025-12-14T17:29:58.027,0,242678822,true,true,"[0.01,0.05]",10,10,10,500.01802339080575,0.2837736805666817,0.31482733144975006,0.13466666666666666,0.3934666666666667,0.13466666666666666,,,,,,,/scratch/n/N.Pfaffenzeller/nikolas_nethive/nethive_multiverse/results/test_runs/10b10t15c500e_log_sweep,param_129_rep_2,/scratch/n/N.Pfaffenzeller/nikolas_nethive/nethive_multiverse/results/test_runs/10b10t15c500e_log_sweep/data/param_129_rep_2,/scratch/n/N.Pfaffenzeller/nikolas_nethive/nethive_multiverse/results/test_runs/10b10t15c500e_log_sweep/data/param_129_rep_2/event_log.csv,/scratch/n/N.Pfaffenzeller/nikolas_nethive/nethive_multiverse/results/test_runs/10b10t15c500e_log_sweep/data/param_129_rep_2/config.json
32,1000,"[0,1]","[""task_1"",""task_2"",""task_3"",""task_4"",""task_5"",""task_6"",""task_7"",""task_8"",""task_9"",""task_10""]",50.0,10,0.01,100,5.0e-5,10,15,10,15,500,50,100,1,10,129,1,0.1,time_out,242678823,3,668.47,2025-12-14T17:30:36.652,0,242678823,true,true,"[0.01,0.05]",10,10,10,500.00019517775905,0.3285155640916053,0.3382339416853723,0.21466666666666667,0.38306666666666667,0.21066666666666667,,,,,,,/scratch/n/N.Pfaffenzeller/nikolas_nethive/nethive_multiverse/results/test_runs/10b10t15c500e_log_sweep,param_129_rep_3,/scratch/n/N.Pfaffenzeller/nikolas_nethive/nethive_multiverse/results/test_runs/10b10t15c500e_log_sweep/data/param_129_rep_3,/scratch/n/N.Pfaffenzeller/nikolas_nethive/nethive_multiverse/results/test_runs/10b10t15c500e_log_sweep/data/param_129_rep_3/event_log.csv,/scratch/n/N.Pfaffenzeller/nikolas_nethive/nethive_multiverse/results/test_runs/10b10t15c500e_log_sweep/data/param_129_rep_3/config.json
32,1000,"[0,1]","[""task_1"",""task_2"",""task_3"",""task_4"",""task_5"",""task_6"",""task_7"",""task_8"",""task_9"",""task_10""]",0.01,10,0.05,100,1.0e-5,10,15,10,15,500,50,100,1,10,12,1,0.1,time_out,242561821,1,643.16,2025-12-14T15:17:16.506,0,242561821,true,true,"[0.01,0.05]",10,10,10,500.01724074414557,0.17508407161465556,0.25135602942020147,0.0,0.23306666666666667,0.0,,,,,,,/scratch/n/N.Pfaffenzeller/nikolas_nethive/nethive_multiverse/results/test_runs/10b10t15c500e_log_sweep,param_12_rep_1,/scratch/n/N.Pfaffenzeller/nikolas_nethive/nethive_multiverse/results/test_runs/10b10t15c500e_log_sweep/data/param_12_rep_1,/scratch/n/N.Pfaffenzeller/nikolas_nethive/nethive_multiverse/results/test_runs/10b10t15c500e_log_sweep/data/param_12_rep_1/event_log.csv,/scratch/n/N.Pfaffenzeller/nikolas_nethive/nethive_multiverse/results/test_runs/10b10t15c500e_log_sweep/data/param_12_rep_1/config.json
32,1000,"[0,1]","[""task_1"",""task_2"",""task_3"",""task_4"",""task_5"",""task_6"",""task_7"",""task_8"",""task_9"",""task_10""]",0.01,10,0.05,100,1.0e-5,10,15,10,15,500,50,100,1,10,12,1,0.1,time_out,242561822,2,1372.98,2025-12-14T15:17:45.291,0,242561822,true,true,"[0.01,0.05]",10,10,10,500.0128776569364,0.18572401302676494,0.2349351617788809,0.02666666666666667,0.3105333333333334,0.02666666666666667,,,,,,,/scratch/n/N.Pfaffenzeller/nikolas_nethive/nethive_multiverse/results/test_runs/10b10t15c500e_log_sweep,param_12_rep_2,/scratch/n/N.Pfaffenzeller/nikolas_nethive/nethive_multiverse/results/test_runs/10b10t15c500e_log_sweep/data/param_12_rep_2,/scratch/n/N.Pfaffenzeller/nikolas_nethive/nethive_multiverse/results/test_runs/10b10t15c500e_log_sweep/data/param_12_rep_2/event_log.csv,/scratch/n/N.Pfaffenzeller/nikolas_nethive/nethive_multiverse/results/test_runs/10b10t15c500e_log_sweep/data/param_12_rep_2/config.json
32,1000,"[0,1]","[""task_1"",""task_2"",""task_3"",""task_4"",""task_5"",""task_6"",""task_7"",""task_8"",""task_9"",""task_10""]",0.01,10,0.05,100,1.0e-5,10,15,10,15,500,50,100,1,10,12,1,0.1,time_out,242561823,3,1384.08,2025-12-14T15:18:14.443,0,242561823,true,true,"[0.01,0.05]",10,10,10,500.0206124770491,0.1980062055247854,0.23932668240324945,0.02266666666666667,0.28933333333333333,0.02266666666666667,,,,,,,/scratch/n/N.Pfaffenzeller/nikolas_nethive/nethive_multiverse/results/test_runs/10b10t15c500e_log_sweep,param_12_rep_3,/scratch/n/N.Pfaffenzeller/nikolas_nethive/nethive_multiverse/results/test_runs/10b10t15c500e_log_sweep/data/param_12_rep_3,/scratch/n/N.Pfaffenzeller/nikolas_nethive/nethive_multiverse/results/test_runs/10b10t15c500e_log_sweep/data/param_12_rep_3/event_log.csv,/scratch/n/N.Pfaffenzeller/nikolas_nethive/nethive_multiverse/results/test_runs/10b10t15c500e_log_sweep/data/param_12_rep_3/config.json
32,1000,"[0,1]","[""task_1"",""task_2"",""task_3"",""task_4"",""task_5"",""task_6"",""task_7"",""task_8"",""task_9"",""task_10""]",100.0,10,0.01,100,5.0e-5,10,15,10,15,500,50,100,1,10,130,1,0.1,time_out,242679821,1,646.0,2025-12-14T17:31:31.446,0,242679821,true,true,"[0.01,0.05]",10,10,10,500.0019032809371,0.3392258538360227,0.4345706987173907,0.096,0.3950666666666667,0.08533333333333333,,,,,,,/scratch/n/N.Pfaffenzeller/nikolas_nethive/nethive_multiverse/results/test_runs/10b10t15c500e_log_sweep,param_130_rep_1,/scratch/n/N.Pfaffenzeller/nikolas_nethive/nethive_multiverse/results/test_runs/10b10t15c500e_log_sweep/data/param_130_rep_1,/scratch/n/N.Pfaffenzeller/nikolas_nethive/nethive_multiverse/results/test_runs/10b10t15c500e_log_sweep/data/param_130_rep_1/event_log.csv,/scratch/n/N.Pfaffenzeller/nikolas_nethive/nethive_multiverse/results/test_runs/10b10t15c500e_log_sweep/data/param_130_rep_1/config.json
32,1000,"[0,1]","[""task_1"",""task_2"",""task_3"",""task_4"",""task_5"",""task_6"",""task_7"",""task_8"",""task_9"",""task_10""]",100.0,10,0.01,100,5.0e-5,10,15,10,15,500,50,100,1,10,130,1,0.1,time_out,242679822,2,643.95,2025-12-14T17:32:31.903,0,242679822,true,true,"[0.01,0.05]",10,10,10,500.0088204993482,0.2796381682161514,0.32894280823951394,0.052,0.38720000000000004,0.052,,,,,,,/scratch/n/N.Pfaffenzeller/nikolas_nethive/nethive_multiverse/results/test_runs/10b10t15c500e_log_sweep,param_130_rep_2,/scratch/n/N.Pfaffenzeller/nikolas_nethive/nethive_multiverse/results/test_runs/10b10t15c500e_log_sweep/data/param_130_rep_2,/scratch/n/N.Pfaffenzeller/nikolas_nethive/nethive_multiverse/results/test_runs/10b10t15c500e_log_sweep/data/param_130_rep_2/event_log.csv,/scratch/n/N.Pfaffenzeller/nikolas_nethive/nethive_multiverse/results/test_runs/10b10t15c500e_log_sweep/data/param_130_rep_2/config.json
32,1000,"[0,1]","[""task_1"",""task_2"",""task_3"",""task_4"",""task_5"",""task_6"",""task_7"",""task_8"",""task_9"",""task_10""]",100.0,10,0.01,100,5.0e-5,10,15,10,15,500,50,100,1,10,130,1,0.1,time_out,242679823,3,626.37,2025-12-14T17:32:54.803,0,242679823,true,true,"[0.01,0.05]",10,10,10,500.04483644411033,0.3861305562892996,0.4437924899821528,0.15066666666666667,0.49119999999999997,0.15066666666666667,,,,,,,/scratch/n/N.Pfaffenzeller/nikolas_nethive/nethive_multiverse/results/test_runs/10b10t15c500e_log_sweep,param_130_rep_3,/scratch/n/N.Pfaffenzeller/nikolas_nethive/nethive_multiverse/results/test_runs/10b10t15c500e_log_sweep/data/param_130_rep_3,/scratch/n/N.Pfaffenzeller/nikolas_nethive/nethive_multiverse/results/test_runs/10b10t15c500e_log_sweep/data/param_130_rep_3/event_log.csv,/scratch/n/N.Pfaffenzeller/nikolas_nethive/nethive_multiverse/results/test_runs/10b10t15c500e_log_sweep/data/param_130_rep_3/config.json
32,1000,"[0,1]","[""task_1"",""task_2"",""task_3"",""task_4"",""task_5"",""task_6"",""task_7"",""task_8"",""task_9"",""task_10""]",500.0,10,0.01,100,5.0e-5,10,15,10,15,500,50,100,1,10,131,1,0.1,time_out,242680821,1,678.0,2025-12-14T17:33:35.732,0,242680821,true,true,"[0.01,0.05]",10,10,10,500.0146992352547,0.3676945027397718,0.3999483539402088,0.18,0.4885333333333334,0.112,,,,,,,/scratch/n/N.Pfaffenzeller/nikolas_nethive/nethive_multiverse/results/test_runs/10b10t15c500e_log_sweep,param_131_rep_1,/scratch/n/N.Pfaffenzeller/nikolas_nethive/nethive_multiverse/results/test_runs/10b10t15c500e_log_sweep/data/param_131_rep_1,/scratch/n/N.Pfaffenzeller/nikolas_nethive/nethive_multiverse/results/test_runs/10b10t15c500e_log_sweep/data/param_131_rep_1/event_log.csv,/scratch/n/N.Pfaffenzeller/nikolas_nethive/nethive_multiverse/results/test_runs/10b10t15c500e_log_sweep/data/param_131_rep_1/config.json
32,1000,"[0,1]","[""task_1"",""task_2"",""task_3"",""task_4"",""task_5"",""task_6"",""task_7"",""task_8"",""task_9"",""task_10""]",500.0,10,0.01,100,5.0e-5,10,15,10,15,500,50,100,1,10,131,1,0.1,time_out,242680822,2,636.91,2025-12-14T17:33:35.871,0,242680822,true,true,"[0.01,0.05]",10,10,10,500.02772123712316,0.38386160908333544,0.3943856047808071,0.20133333333333334,0.4666666666666668,0.15066666666666667,,,,,,,/scratch/n/N.Pfaffenzeller/nikolas_nethive/nethive_multiverse/results/test_runs/10b10t15c500e_log_sweep,param_131_rep_2,/scratch/n/N.Pfaffenzeller/nikolas_nethive/nethive_multiverse/results/test_runs/10b10t15c500e_log_sweep/data/param_131_rep_2,/scratch/n/N.Pfaffenzeller/nikolas_nethive/nethive_multiverse/results/test_runs/10b10t15c500e_log_sweep/data/param_131_rep_2/event_log.csv,/scratch/n/N.Pfaffenzeller/nikolas_nethive/nethive_multiverse/results/test_runs/10b10t15c500e_log_sweep/data/param_131_rep_2/config.json
32,1000,"[0,1]","[""task_1"",""task_2"",""task_3"",""task_4"",""task_5"",""task_6"",""task_7"",""task_8"",""task_9"",""task_10""]",500.0,10,0.01,100,5.0e-5,10,15,10,15,500,50,100,1,10,131,1,0.1,time_out,242680823,3,647.87,2025-12-14T17:33:58.042,0,242680823,true,true,"[0.01,0.05]",10,10,10,500.03264552913873,0.3706787365400003,0.42421954652959276,0.08133333333333333,0.4291999999999999,0.08133333333333333,,,,,,,/scratch/n/N.Pfaffenzeller/nikolas_nethive/nethive_multiverse/results/test_runs/10b10t15c500e_log_sweep,param_131_rep_3,/scratch/n/N.Pfaffenzeller/nikolas_nethive/nethive_multiverse/results/test_runs/10b10t15c500e_log_sweep/data/param_131_rep_3,/scratch/n/N.Pfaffenzeller/nikolas_nethive/nethive_multiverse/results/test_runs/10b10t15c500e_log_sweep/data/param_131_rep_3/event_log.csv,/scratch/n/N.Pfaffenzeller/nikolas_nethive/nethive_multiverse/results/test_runs/10b10t15c500e_log_sweep/data/param_131_rep_3/config.json
32,1000,"[0,1]","[""task_1"",""task_2"",""task_3"",""task_4"",""task_5"",""task_6"",""task_7"",""task_8"",""task_9"",""task_10""]",1000.0,10,0.01,100,5.0e-5,10,15,10,15,500,50,100,1,10,132,1,0.1,time_out,242681821,1,562.55,2025-12-14T17:34:36.924,0,242681821,true,true,"[0.01,0.05]",10,10,10,500.03244282792417,0.3674368033719343,0.42748747527464925,0.11333333333333333,0.4351999999999999,0.11066666666666666,,,,,,,/scratch/n/N.Pfaffenzeller/nikolas_nethive/nethive_multiverse/results/test_runs/10b10t15c500e_log_sweep,param_132_rep_1,/scratch/n/N.Pfaffenzeller/nikolas_nethive/nethive_multiverse/results/test_runs/10b10t15c500e_log_sweep/data/param_132_rep_1,/scratch/n/N.Pfaffenzeller/nikolas_nethive/nethive_multiverse/results/test_runs/10b10t15c500e_log_sweep/data/param_132_rep_1/event_log.csv,/scratch/n/N.Pfaffenzeller/nikolas_nethive/nethive_multiverse/results/test_runs/10b10t15c500e_log_sweep/data/param_132_rep_1/config.json
32,1000,"[0,1]","[""task_1"",""task_2"",""task_3"",""task_4"",""task_5"",""task_6"",""task_7"",""task_8"",""task_9"",""task_10""]",1000.0,10,0.01,100,5.0e-5,10,15,10,15,500,50,100,1,10,132,1,0.1,time_out,242681822,2,611.46,2025-12-14T17:34:58.202,0,242681822,true,true,"[0.01,0.05]",10,10,10,500.00853739678746,0.3343802431405286,0.37120800426799533,0.092,0.4149333333333334,0.092,,,,,,,/scratch/n/N.Pfaffenzeller/nikolas_nethive/nethive_multiverse/results/test_runs/10b10t15c500e_log_sweep,param_132_rep_2,/scratch/n/N.Pfaffenzeller/nikolas_nethive/nethive_multiverse/results/test_runs/10b10t15c500e_log_sweep/data/param_132_rep_2,/scratch/n/N.Pfaffenzeller/nikolas_nethive/nethive_multiverse/results/test_runs/10b10t15c500e_log_sweep/data/param_132_rep_2/event_log.csv,/scratch/n/N.Pfaffenzeller/nikolas_nethive/nethive_multiverse/results/test_runs/10b10t15c500e_log_sweep/data/param_132_rep_2/config.json
32,1000,"[0,1]","[""task_1"",""task_2"",""task_3"",""task_4"",""task_5"",""task_6"",""task_7"",""task_8"",""task_9"",""task_10""]",1000.0,10,0.01,100,5.0e-5,10,15,10,15,500,50,100,1,10,132,1,0.1,time_out,242681823,3,595.43,2025-12-14T17:35:36.940,0,242681823,true,true,"[0.01,0.05]",10,10,10,500.02201586596465,0.3942449209812934,0.4723191486780559,0.12533333333333332,0.46066666666666667,0.06133333333333333,,,,,,,/scratch/n/N.Pfaffenzeller/nikolas_nethive/nethive_multiverse/results/test_runs/10b10t15c500e_log_sweep,param_132_rep_3,/scratch/n/N.Pfaffenzeller/nikolas_nethive/nethive_multiverse/results/test_runs/10b10t15c500e_log_sweep/data/param_132_rep_3,/scratch/n/N.Pfaffenzeller/nikolas_nethive/nethive_multiverse/results/test_runs/10b10t15c500e_log_sweep/data/param_132_rep_3/event_log.csv,/scratch/n/N.Pfaffenzeller/nikolas_nethive/nethive_multiverse/results/test_runs/10b10t15c500e_log_sweep/data/param_132_rep_3/config.json
32,1000,"[0,1]","[""task_1"",""task_2"",""task_3"",""task_4"",""task_5"",""task_6"",""task_7"",""task_8"",""task_9"",""task_10""]",0.01,10,0.05,100,5.0e-5,10,15,10,15,500,50,100,1,10,133,1,0.1,time_out,242682821,1,669.5,2025-12-14T17:36:38.660,0,242682821,true,true,"[0.01,0.05]",10,10,10,500.0114825576996,0.27220134456108236,0.37186460977322505,0.10933333333333334,0.44786666666666664,0.10133333333333333,,,,,,,/scratch/n/N.Pfaffenzeller/nikolas_nethive/nethive_multiverse/results/test_runs/10b10t15c500e_log_sweep,param_133_rep_1,/scratch/n/N.Pfaffenzeller/nikolas_nethive/nethive_multiverse/results/test_runs/10b10t15c500e_log_sweep/data/param_133_rep_1,/scratch/n/N.Pfaffenzeller/nikolas_nethive/nethive_multiverse/results/test_runs/10b10t15c500e_log_sweep/data/param_133_rep_1/event_log.csv,/scratch/n/N.Pfaffenzeller/nikolas_nethive/nethive_multiverse/results/test_runs/10b10t15c500e_log_sweep/data/param_133_rep_1/config.json
32,1000,"[0,1]","[""task_1"",""task_2"",""task_3"",""task_4"",""task_5"",""task_6"",""task_7"",""task_8"",""task_9"",""task_10""]",0.01,10,0.05,100,5.0e-5,10,15,10,15,500,50,100,1,10,133,1,0.1,time_out,242682822,2,657.13,2025-12-14T17:37:19.860,0,242682822,true,true,"[0.01,0.05]",10,10,10,500.0214209572974,0.2582996037193707,0.2931467478322617,0.16266666666666665,0.3536,0.16266666666666665,,,,,,,/scratch/n/N.Pfaffenzeller/nikolas_nethive/nethive_multiverse/results/test_runs/10b10t15c500e_log_sweep,param_133_rep_2,/scratch/n/N.Pfaffenzeller/nikolas_nethive/nethive_multiverse/results/test_runs/10b10t15c500e_log_sweep/data/param_133_rep_2,/scratch/n/N.Pfaffenzeller/nikolas_nethive/nethive_multiverse/results/test_runs/10b10t15c500e_log_sweep/data/param_133_rep_2/event_log.csv,/scratch/n/N.Pfaffenzeller/nikolas_nethive/nethive_multiverse/results/test_runs/10b10t15c500e_log_sweep/data/param_133_rep_2/config.json
32,1000,"[0,1]","[""task_1"",""task_2"",""task_3"",""task_4"",""task_5"",""task_6"",""task_7"",""task_8"",""task_9"",""task_10""]",0.01,10,0.05,100,5.0e-5,10,15,10,15,500,50,100,1,10,133,1,0.1,time_out,242682823,3,719.11,2025-12-14T17:37:10.285,0,242682823,true,true,"[0.01,0.05]",10,10,10,500.0076331631637,0.26422895777117744,0.2940633970711298,0.136,0.33986666666666665,0.136,,,,,,,/scratch/n/N.Pfaffenzeller/nikolas_nethive/nethive_multiverse/results/test_runs/10b10t15c500e_log_sweep,param_133_rep_3,/scratch/n/N.Pfaffenzeller/nikolas_nethive/nethive_multiverse/results/test_runs/10b10t15c500e_log_sweep/data/param_133_rep_3,/scratch/n/N.Pfaffenzeller/nikolas_nethive/nethive_multiverse/results/test_runs/10b10t15c500e_log_sweep/data/param_133_rep_3/event_log.csv,/scratch/n/N.Pfaffenzeller/nikolas_nethive/nethive_multiverse/results/test_runs/10b10t15c500e_log_sweep/data/param_133_rep_3/config.json
32,1000,"[0,1]","[""task_1"",""task_2"",""task_3"",""task_4"",""task_5"",""task_6"",""task_7"",""task_8"",""task_9"",""task_10""]",0.05,10,0.05,100,5.0e-5,10,15,10,15,500,50,100,1,10,134,1,0.1,time_out,242683821,1,669.02,2025-12-14T17:37:00.560,0,242683821,true,true,"[0.01,0.05]",10,10,10,500.0046276326635,0.24973969421891057,0.2787033742543997,0.148,0.32813333333333333,0.148,,,,,,,/scratch/n/N.Pfaffenzeller/nikolas_nethive/nethive_multiverse/results/test_runs/10b10t15c500e_log_sweep,param_134_rep_1,/scratch/n/N.Pfaffenzeller/nikolas_nethive/nethive_multiverse/results/test_runs/10b10t15c500e_log_sweep/data/param_134_rep_1,/scratch/n/N.Pfaffenzeller/nikolas_nethive/nethive_multiverse/results/test_runs/10b10t15c500e_log_sweep/data/param_134_rep_1/event_log.csv,/scratch/n/N.Pfaffenzeller/nikolas_nethive/nethive_multiverse/results/test_runs/10b10t15c500e_log_sweep/data/param_134_rep_1/config.json
32,1000,"[0,1]","[""task_1"",""task_2"",""task_3"",""task_4"",""task_5"",""task_6"",""task_7"",""task_8"",""task_9"",""task_10""]",0.05,10,0.05,100,5.0e-5,10,15,10,15,500,50,100,1,10,134,1,0.1,time_out,242683822,2,719.82,2025-12-14T17:36:58.213,0,242683822,true,true,"[0.01,0.05]",10,10,10,500.0048064476945,0.28443704287618976,0.2898320533179888,0.2693333333333333,0.39573333333333327,0.17466666666666666,,,,,,,/scratch/n/N.Pfaffenzeller/nikolas_nethive/nethive_multiverse/results/test_runs/10b10t15c500e_log_sweep,param_134_rep_2,/scratch/n/N.Pfaffenzeller/nikolas_nethive/nethive_multiverse/results/test_runs/10b10t15c500e_log_sweep/data/param_134_rep_2,/scratch/n/N.Pfaffenzeller/nikolas_nethive/nethive_multiverse/results/test_runs/10b10t15c500e_log_sweep/data/param_134_rep_2/event_log.csv,/scratch/n/N.Pfaffenzeller/nikolas_nethive/nethive_multiverse/results/test_runs/10b10t15c500e_log_sweep/data/param_134_rep_2/config.json
32,1000,"[0,1]","[""task_1"",""task_2"",""task_3"",""task_4"",""task_5"",""task_6"",""task_7"",""task_8"",""task_9"",""task_10""]",0.05,10,0.05,100,5.0e-5,10,15,10,15,500,50,100,1,10,134,1,0.1,time_out,242683823,3,683.46,2025-12-14T17:37:38.063,0,242683823,true,true,"[0.01,0.05]",10,10,10,500.0211496164865,0.2216553774838342,0.291631320221319,0.09466666666666666,0.3622666666666667,0.09466666666666666,,,,,,,/scratch/n/N.Pfaffenzeller/nikolas_nethive/nethive_multiverse/results/test_runs/10b10t15c500e_log_sweep,param_134_rep_3,/scratch/n/N.Pfaffenzeller/nikolas_nethive/nethive_multiverse/results/test_runs/10b10t15c500e_log_sweep/data/param_134_rep_3,/scratch/n/N.Pfaffenzeller/nikolas_nethive/nethive_multiverse/results/test_runs/10b10t15c500e_log_sweep/data/param_134_rep_3/event_log.csv,/scratch/n/N.Pfaffenzeller/nikolas_nethive/nethive_multiverse/results/test_runs/10b10t15c500e_log_sweep/data/param_134_rep_3/config.json
32,1000,"[0,1]","[""task_1"",""task_2"",""task_3"",""task_4"",""task_5"",""task_6"",""task_7"",""task_8"",""task_9"",""task_10""]",0.1,10,0.05,100,5.0e-5,10,15,10,15,500,50,100,1,10,135,1,0.1,time_out,242684821,1,665.91,2025-12-14T17:37:58.593,0,242684821,true,true,"[0.01,0.05]",10,10,10,500.00562594291677,0.3196488219460972,0.3696946554845803,0.13466666666666666,0.4687999999999999,0.11333333333333333,,,,,,,/scratch/n/N.Pfaffenzeller/nikolas_nethive/nethive_multiverse/results/test_runs/10b10t15c500e_log_sweep,param_135_rep_1,/scratch/n/N.Pfaffenzeller/nikolas_nethive/nethive_multiverse/results/test_runs/10b10t15c500e_log_sweep/data/param_135_rep_1,/scratch/n/N.Pfaffenzeller/nikolas_nethive/nethive_multiverse/results/test_runs/10b10t15c500e_log_sweep/data/param_135_rep_1/event_log.csv,/scratch/n/N.Pfaffenzeller/nikolas_nethive/nethive_multiverse/results/test_runs/10b10t15c500e_log_sweep/data/param_135_rep_1/config.json
32,1000,"[0,1]","[""task_1"",""task_2"",""task_3"",""task_4"",""task_5"",""task_6"",""task_7"",""task_8"",""task_9"",""task_10""]",0.1,10,0.05,100,5.0e-5,10,15,10,15,500,50,100,1,10,135,1,0.1,time_out,242684822,2,667.06,2025-12-14T17:40:05.133,0,242684822,true,true,"[0.01,0.05]",10,10,10,500.0021391163946,0.2159443138947949,0.25534510020180134,0.12133333333333333,0.33240000000000003,0.12133333333333333,,,,,,,/scratch/n/N.Pfaffenzeller/nikolas_nethive/nethive_multiverse/results/test_runs/10b10t15c500e_log_sweep,param_135_rep_2,/scratch/n/N.Pfaffenzeller/nikolas_nethive/nethive_multiverse/results/test_runs/10b10t15c500e_log_sweep/data/param_135_rep_2,/scratch/n/N.Pfaffenzeller/nikolas_nethive/nethive_multiverse/results/test_runs/10b10t15c500e_log_sweep/data/param_135_rep_2/event_log.csv,/scratch/n/N.Pfaffenzeller/nikolas_nethive/nethive_multiverse/results/test_runs/10b10t15c500e_log_sweep/data/param_135_rep_2/config.json
32,1000,"[0,1]","[""task_1"",""task_2"",""task_3"",""task_4"",""task_5"",""task_6"",""task_7"",""task_8"",""task_9"",""task_10""]",0.1,10,0.05,100,5.0e-5,10,15,10,15,500,50,100,1,10,135,1,0.1,time_out,242684823,3,737.0,2025-12-14T17:41:07.761,0,242684823,true,true,"[0.01,0.05]",10,10,10,500.00745175108466,0.3738041412281307,0.450521337526906,0.042666666666666665,0.48373333333333335,0.042666666666666665,,,,,,,/scratch/n/N.Pfaffenzeller/nikolas_nethive/nethive_multiverse/results/test_runs/10b10t15c500e_log_sweep,param_135_rep_3,/scratch/n/N.Pfaffenzeller/nikolas_nethive/nethive_multiverse/results/test_runs/10b10t15c500e_log_sweep/data/param_135_rep_3,/scratch/n/N.Pfaffenzeller/nikolas_nethive/nethive_multiverse/results/test_runs/10b10t15c500e_log_sweep/data/param_135_rep_3/event_log.csv,/scratch/n/N.Pfaffenzeller/nikolas_nethive/nethive_multiverse/results/test_runs/10b10t15c500e_log_sweep/data/param_135_rep_3/config.json
32,1000,"[0,1]","[""task_1"",""task_2"",""task_3"",""task_4"",""task_5"",""task_6"",""task_7"",""task_8"",""task_9"",""task_10""]",0.5,10,0.05,100,5.0e-5,10,15,10,15,500,50,100,1,10,136,1,0.1,time_out,242685821,1,681.93,2025-12-14T17:42:41.131,0,242685821,true,true,"[0.01,0.05]",10,10,10,500.027313182197,0.2883244457041997,0.3152061526748658,0.104,0.3948,0.104,,,,,,,/scratch/n/N.Pfaffenzeller/nikolas_nethive/nethive_multiverse/results/test_runs/10b10t15c500e_log_sweep,param_136_rep_1,/scratch/n/N.Pfaffenzeller/nikolas_nethive/nethive_multiverse/results/test_runs/10b10t15c500e_log_sweep/data/param_136_rep_1,/scratch/n/N.Pfaffenzeller/nikolas_nethive/nethive_multiverse/results/test_runs/10b10t15c500e_log_sweep/data/param_136_rep_1/event_log.csv,/scratch/n/N.Pfaffenzeller/nikolas_nethive/nethive_multiverse/results/test_runs/10b10t15c500e_log_sweep/data/param_136_rep_1/config.json
32,1000,"[0,1]","[""task_1"",""task_2"",""task_3"",""task_4"",""task_5"",""task_6"",""task_7"",""task_8"",""task_9"",""task_10""]",0.5,10,0.05,100,5.0e-5,10,15,10,15,500,50,100,1,10,136,1,0.1,time_out,242685822,2,738.06,2025-12-14T17:42:58.372,0,242685822,true,true,"[0.01,0.05]",10,10,10,500.032469349411,0.22690507051587744,0.2677372551750387,0.124,0.34186666666666665,0.124,,,,,,,/scratch/n/N.Pfaffenzeller/nikolas_nethive/nethive_multiverse/results/test_runs/10b10t15c500e_log_sweep,param_136_rep_2,/scratch/n/N.Pfaffenzeller/nikolas_nethive/nethive_multiverse/results/test_runs/10b10t15c500e_log_sweep/data/param_136_rep_2,/scratch/n/N.Pfaffenzeller/nikolas_nethive/nethive_multiverse/results/test_runs/10b10t15c500e_log_sweep/data/param_136_rep_2/event_log.csv,/scratch/n/N.Pfaffenzeller/nikolas_nethive/nethive_multiverse/results/test_runs/10b10t15c500e_log_sweep/data/param_136_rep_2/config.json
32,1000,"[0,1]","[""task_1"",""task_2"",""task_3"",""task_4"",""task_5"",""task_6"",""task_7"",""task_8"",""task_9"",""task_10""]",0.5,10,0.05,100,5.0e-5,10,15,10,15,500,50,100,1,10,136,1,0.1,time_out,242685823,3,1469.76,2025-12-14T17:43:57.198,0,242685823,true,true,"[0.01,0.05]",10,10,10,500.01259566729095,0.19432262858586374,0.2319587514303798,0.096,0.3188,0.096,,,,,,,/scratch/n/N.Pfaffenzeller/nikolas_nethive/nethive_multiverse/results/test_runs/10b10t15c500e_log_sweep,param_136_rep_3,/scratch/n/N.Pfaffenzeller/nikolas_nethive/nethive_multiverse/results/test_runs/10b10t15c500e_log_sweep/data/param_136_rep_3,/scratch/n/N.Pfaffenzeller/nikolas_nethive/nethive_multiverse/results/test_runs/10b10t15c500e_log_sweep/data/param_136_rep_3/event_log.csv,/scratch/n/N.Pfaffenzeller/nikolas_nethive/nethive_multiverse/results/test_runs/10b10t15c500e_log_sweep/data/param_136_rep_3/config.json
32,1000,"[0,1]","[""task_1"",""task_2"",""task_3"",""task_4"",""task_5"",""task_6"",""task_7"",""task_8"",""task_9"",""task_10""]",1.0,10,0.05,100,5.0e-5,10,15,10,15,500,50,100,1,10,137,1,0.1,time_out,242686821,1,679.84,2025-12-14T17:43:37.442,0,242686821,true,true,"[0.01,0.05]",10,10,10,500.0061801618666,0.2844424276086642,0.31388536069382317,0.16133333333333333,0.37853333333333333,0.10666666666666667,,,,,,,/scratch/n/N.Pfaffenzeller/nikolas_nethive/nethive_multiverse/results/test_runs/10b10t15c500e_log_sweep,param_137_rep_1,/scratch/n/N.Pfaffenzeller/nikolas_nethive/nethive_multiverse/results/test_runs/10b10t15c500e_log_sweep/data/param_137_rep_1,/scratch/n/N.Pfaffenzeller/nikolas_nethive/nethive_multiverse/results/test_runs/10b10t15c500e_log_sweep/data/param_137_rep_1/event_log.csv,/scratch/n/N.Pfaffenzeller/nikolas_nethive/nethive_multiverse/results/test_runs/10b10t15c500e_log_sweep/data/param_137_rep_1/config.json
32,1000,"[0,1]","[""task_1"",""task_2"",""task_3"",""task_4"",""task_5"",""task_6"",""task_7"",""task_8"",""task_9"",""task_10""]",1.0,10,0.05,100,5.0e-5,10,15,10,15,500,50,100,1,10,137,1,0.1,time_out,242686822,2,1487.58,2025-12-14T17:44:15.965,0,242686822,true,true,"[0.01,0.05]",10,10,10,500.0091446085108,0.21925181295456325,0.24661709490330738,0.088,0.3165333333333334,0.088,,,,,,,/scratch/n/N.Pfaffenzeller/nikolas_nethive/nethive_multiverse/results/test_runs/10b10t15c500e_log_sweep,param_137_rep_2,/scratch/n/N.Pfaffenzeller/nikolas_nethive/nethive_multiverse/results/test_runs/10b10t15c500e_log_sweep/data/param_137_rep_2,/scratch/n/N.Pfaffenzeller/nikolas_nethive/nethive_multiverse/results/test_runs/10b10t15c500e_log_sweep/data/param_137_rep_2/event_log.csv,/scratch/n/N.Pfaffenzeller/nikolas_nethive/nethive_multiverse/results/test_runs/10b10t15c500e_log_sweep/data/param_137_rep_2/config.json
32,1000,"[0,1]","[""task_1"",""task_2"",""task_3"",""task_4"",""task_5"",""task_6"",""task_7"",""task_8"",""task_9"",""task_10""]",1.0,10,0.05,100,5.0e-5,10,15,10,15,500,50,100,1,10,137,1,0.1,time_out,242686823,3,681.99,2025-12-14T17:44:06.704,0,242686823,true,true,"[0.01,0.05]",10,10,10,500.03408384433527,0.22014364976199968,0.27458926531683403,0.10933333333333334,0.3296,0.10933333333333334,,,,,,,/scratch/n/N.Pfaffenzeller/nikolas_nethive/nethive_multiverse/results/test_runs/10b10t15c500e_log_sweep,param_137_rep_3,/scratch/n/N.Pfaffenzeller/nikolas_nethive/nethive_multiverse/results/test_runs/10b10t15c500e_log_sweep/data/param_137_rep_3,/scratch/n/N.Pfaffenzeller/nikolas_nethive/nethive_multiverse/results/test_runs/10b10t15c500e_log_sweep/data/param_137_rep_3/event_log.csv,/scratch/n/N.Pfaffenzeller/nikolas_nethive/nethive_multiverse/results/test_runs/10b10t15c500e_log_sweep/data/param_137_rep_3/config.json
32,1000,"[0,1]","[""task_1"",""task_2"",""task_3"",""task_4"",""task_5"",""task_6"",""task_7"",""task_8"",""task_9"",""task_10""]",5.0,10,0.05,100,5.0e-5,10,15,10,15,500,50,100,1,10,138,1,0.1,time_out,242687821,1,1477.87,2025-12-14T17:44:57.066,0,242687821,true,true,"[0.01,0.05]",10,10,10,500.02368637050404,0.2224250327380329,0.23326431265105244,0.17333333333333334,0.3416,0.17333333333333334,,,,,,,/scratch/n/N.Pfaffenzeller/nikolas_nethive/nethive_multiverse/results/test_runs/10b10t15c500e_log_sweep,param_138_rep_1,/scratch/n/N.Pfaffenzeller/nikolas_nethive/nethive_multiverse/results/test_runs/10b10t15c500e_log_sweep/data/param_138_rep_1,/scratch/n/N.Pfaffenzeller/nikolas_nethive/nethive_multiverse/results/test_runs/10b10t15c500e_log_sweep/data/param_138_rep_1/event_log.csv,/scratch/n/N.Pfaffenzeller/nikolas_nethive/nethive_multiverse/results/test_runs/10b10t15c500e_log_sweep/data/param_138_rep_1/config.json
32,1000,"[0,1]","[""task_1"",""task_2"",""task_3"",""task_4"",""task_5"",""task_6"",""task_7"",""task_8"",""task_9"",""task_10""]",5.0,10,0.05,100,5.0e-5,10,15,10,15,500,50,100,1,10,138,1,0.1,time_out,242687822,2,660.47,2025-12-14T17:44:38.037,0,242687822,true,true,"[0.01,0.05]",10,10,10,500.0059907233916,0.23118592684655015,0.2696021926712582,0.08666666666666667,0.34773333333333334,0.08666666666666667,,,,,,,/scratch/n/N.Pfaffenzeller/nikolas_nethive/nethive_multiverse/results/test_runs/10b10t15c500e_log_sweep,param_138_rep_2,/scratch/n/N.Pfaffenzeller/nikolas_nethive/nethive_multiverse/results/test_runs/10b10t15c500e_log_sweep/data/param_138_rep_2,/scratch/n/N.Pfaffenzeller/nikolas_nethive/nethive_multiverse/results/test_runs/10b10t15c500e_log_sweep/data/param_138_rep_2/event_log.csv,/scratch/n/N.Pfaffenzeller/nikolas_nethive/nethive_multiverse/results/test_runs/10b10t15c500e_log_sweep/data/param_138_rep_2/config.json
32,1000,"[0,1]","[""task_1"",""task_2"",""task_3"",""task_4"",""task_5"",""task_6"",""task_7"",""task_8"",""task_9"",""task_10""]",5.0,10,0.05,100,5.0e-5,10,15,10,15,500,50,100,1,10,138,1,0.1,time_out,242687823,3,651.0,2025-12-14T17:44:57.572,0,242687823,true,true,"[0.01,0.05]",10,10,10,500.0157674254798,0.21875826250455838,0.2540243185500341,0.116,0.34680000000000005,0.116,,,,,,,/scratch/n/N.Pfaffenzeller/nikolas_nethive/nethive_multiverse/results/test_runs/10b10t15c500e_log_sweep,param_138_rep_3,/scratch/n/N.Pfaffenzeller/nikolas_nethive/nethive_multiverse/results/test_runs/10b10t15c500e_log_sweep/data/param_138_rep_3,/scratch/n/N.Pfaffenzeller/nikolas_nethive/nethive_multiverse/results/test_runs/10b10t15c500e_log_sweep/data/param_138_rep_3/event_log.csv,/scratch/n/N.Pfaffenzeller/nikolas_nethive/nethive_multiverse/results/test_runs/10b10t15c500e_log_sweep/data/param_138_rep_3/config.json
32,1000,"[0,1]","[""task_1"",""task_2"",""task_3"",""task_4"",""task_5"",""task_6"",""task_7"",""task_8"",""task_9"",""task_10""]",10.0,10,0.05,100,5.0e-5,10,15,10,15,500,50,100,1,10,139,1,0.1,time_out,242688821,1,703.74,2025-12-14T17:45:11.586,0,242688821,true,true,"[0.01,0.05]",10,10,10,500.00165910612134,0.2753264524538496,0.30917143406229675,0.10533333333333333,0.3625333333333333,0.08133333333333333,,,,,,,/scratch/n/N.Pfaffenzeller/nikolas_nethive/nethive_multiverse/results/test_runs/10b10t15c500e_log_sweep,param_139_rep_1,/scratch/n/N.Pfaffenzeller/nikolas_nethive/nethive_multiverse/results/test_runs/10b10t15c500e_log_sweep/data/param_139_rep_1,/scratch/n/N.Pfaffenzeller/nikolas_nethive/nethive_multiverse/results/test_runs/10b10t15c500e_log_sweep/data/param_139_rep_1/event_log.csv,/scratch/n/N.Pfaffenzeller/nikolas_nethive/nethive_multiverse/results/test_runs/10b10t15c500e_log_sweep/data/param_139_rep_1/config.json
32,1000,"[0,1]","[""task_1"",""task_2"",""task_3"",""task_4"",""task_5"",""task_6"",""task_7"",""task_8"",""task_9"",""task_10""]",10.0,10,0.05,100,5.0e-5,10,15,10,15,500,50,100,1,10,139,1,0.1,time_out,242688822,2,720.18,2025-12-14T17:45:40.558,0,242688822,true,true,"[0.01,0.05]",10,10,10,500.01875375523997,0.2803617978641451,0.3036321559859147,0.15333333333333332,0.3721333333333333,0.15333333333333332,,,,,,,/scratch/n/N.Pfaffenzeller/nikolas_nethive/nethive_multiverse/results/test_runs/10b10t15c500e_log_sweep,param_139_rep_2,/scratch/n/N.Pfaffenzeller/nikolas_nethive/nethive_multiverse/results/test_runs/10b10t15c500e_log_sweep/data/param_139_rep_2,/scratch/n/N.Pfaffenzeller/nikolas_nethive/nethive_multiverse/results/test_runs/10b10t15c500e_log_sweep/data/param_139_rep_2/event_log.csv,/scratch/n/N.Pfaffenzeller/nikolas_nethive/nethive_multiverse/results/test_runs/10b10t15c500e_log_sweep/data/param_139_rep_2/config.json
32,1000,"[0,1]","[""task_1"",""task_2"",""task_3"",""task_4"",""task_5"",""task_6"",""task_7"",""task_8"",""task_9"",""task_10""]",10.0,10,0.05,100,5.0e-5,10,15,10,15,500,50,100,1,10,139,1,0.1,time_out,242688823,3,725.0,2025-12-14T17:45:58.511,0,242688823,true,true,"[0.01,0.05]",10,10,10,500.00925380623903,0.26472776067119896,0.32679785425491586,0.11333333333333333,0.3758666666666667,0.11333333333333333,,,,,,,/scratch/n/N.Pfaffenzeller/nikolas_nethive/nethive_multiverse/results/test_runs/10b10t15c500e_log_sweep,param_139_rep_3,/scratch/n/N.Pfaffenzeller/nikolas_nethive/nethive_multiverse/results/test_runs/10b10t15c500e_log_sweep/data/param_139_rep_3,/scratch/n/N.Pfaffenzeller/nikolas_nethive/nethive_multiverse/results/test_runs/10b10t15c500e_log_sweep/data/param_139_rep_3/event_log.csv,/scratch/n/N.Pfaffenzeller/nikolas_nethive/nethive_multiverse/results/test_runs/10b10t15c500e_log_sweep/data/param_139_rep_3/config.json
32,1000,"[0,1]","[""task_1"",""task_2"",""task_3"",""task_4"",""task_5"",""task_6"",""task_7"",""task_8"",""task_9"",""task_10""]",0.05,10,0.05,100,1.0e-5,10,15,10,15,500,50,100,1,10,13,1,0.1,time_out,242562821,1,655.19,2025-12-14T15:17:54.538,0,242562821,true,true,"[0.01,0.05]",10,10,10,500.00403924770103,0.17486490426412585,0.19298663164893837,0.036,0.21013333333333337,0.036,,,,,,,/scratch/n/N.Pfaffenzeller/nikolas_nethive/nethive_multiverse/results/test_runs/10b10t15c500e_log_sweep,param_13_rep_1,/scratch/n/N.Pfaffenzeller/nikolas_nethive/nethive_multiverse/results/test_runs/10b10t15c500e_log_sweep/data/param_13_rep_1,/scratch/n/N.Pfaffenzeller/nikolas_nethive/nethive_multiverse/results/test_runs/10b10t15c500e_log_sweep/data/param_13_rep_1/event_log.csv,/scratch/n/N.Pfaffenzeller/nikolas_nethive/nethive_multiverse/results/test_runs/10b10t15c500e_log_sweep/data/param_13_rep_1/config.json
32,1000,"[0,1]","[""task_1"",""task_2"",""task_3"",""task_4"",""task_5"",""task_6"",""task_7"",""task_8"",""task_9"",""task_10""]",0.05,10,0.05,100,1.0e-5,10,15,10,15,500,50,100,1,10,13,1,0.1,time_out,242562822,2,661.13,2025-12-14T15:17:13.055,0,242562822,true,true,"[0.01,0.05]",10,10,10,500.02576181135765,0.15109541091234008,0.2118283678802932,0.02,0.2146666666666667,0.02,,,,,,,/scratch/n/N.Pfaffenzeller/nikolas_nethive/nethive_multiverse/results/test_runs/10b10t15c500e_log_sweep,param_13_rep_2,/scratch/n/N.Pfaffenzeller/nikolas_nethive/nethive_multiverse/results/test_runs/10b10t15c500e_log_sweep/data/param_13_rep_2,/scratch/n/N.Pfaffenzeller/nikolas_nethive/nethive_multiverse/results/test_runs/10b10t15c500e_log_sweep/data/param_13_rep_2/event_log.csv,/scratch/n/N.Pfaffenzeller/nikolas_nethive/nethive_multiverse/results/test_runs/10b10t15c500e_log_sweep/data/param_13_rep_2/config.json
32,1000,"[0,1]","[""task_1"",""task_2"",""task_3"",""task_4"",""task_5"",""task_6"",""task_7"",""task_8"",""task_9"",""task_10""]",0.05,10,0.05,100,1.0e-5,10,15,10,15,500,50,100,1,10,13,1,0.1,time_out,242562823,3,700.15,2025-12-14T15:17:14.737,0,242562823,true,true,"[0.01,0.05]",10,10,10,500.0185236228916,0.3034506714165655,0.2894010416451299,0.0013333333333333333,0.2576,0.0013333333333333333,,,,,,,/scratch/n/N.Pfaffenzeller/nikolas_nethive/nethive_multiverse/results/test_runs/10b10t15c500e_log_sweep,param_13_rep_3,/scratch/n/N.Pfaffenzeller/nikolas_nethive/nethive_multiverse/results/test_runs/10b10t15c500e_log_sweep/data/param_13_rep_3,/scratch/n/N.Pfaffenzeller/nikolas_nethive/nethive_multiverse/results/test_runs/10b10t15c500e_log_sweep/data/param_13_rep_3/event_log.csv,/scratch/n/N.Pfaffenzeller/nikolas_nethive/nethive_multiverse/results/test_runs/10b10t15c500e_log_sweep/data/param_13_rep_3/config.json
32,1000,"[0,1]","[""task_1"",""task_2"",""task_3"",""task_4"",""task_5"",""task_6"",""task_7"",""task_8"",""task_9"",""task_10""]",50.0,10,0.05,100,5.0e-5,10,15,10,15,500,50,100,1,10,140,1,0.1,time_out,242689821,1,608.06,2025-12-14T17:46:12.057,0,242689821,true,true,"[0.01,0.05]",10,10,10,500.0009667651705,0.3238437699421691,0.33259609743096685,0.24133333333333334,0.4222666666666667,0.19066666666666668,,,,,,,/scratch/n/N.Pfaffenzeller/nikolas_nethive/nethive_multiverse/results/test_runs/10b10t15c500e_log_sweep,param_140_rep_1,/scratch/n/N.Pfaffenzeller/nikolas_nethive/nethive_multiverse/results/test_runs/10b10t15c500e_log_sweep/data/param_140_rep_1,/scratch/n/N.Pfaffenzeller/nikolas_nethive/nethive_multiverse/results/test_runs/10b10t15c500e_log_sweep/data/param_140_rep_1/event_log.csv,/scratch/n/N.Pfaffenzeller/nikolas_nethive/nethive_multiverse/results/test_runs/10b10t15c500e_log_sweep/data/param_140_rep_1/config.json
32,1000,"[0,1]","[""task_1"",""task_2"",""task_3"",""task_4"",""task_5"",""task_6"",""task_7"",""task_8"",""task_9"",""task_10""]",50.0,10,0.05,100,5.0e-5,10,15,10,15,500,50,100,1,10,140,1,0.1,time_out,242689822,2,616.18,2025-12-14T17:46:41.817,0,242689822,true,true,"[0.01,0.05]",10,10,10,500.0263866561978,0.35639588681815476,0.40306454943510417,0.084,0.4507999999999999,0.084,,,,,,,/scratch/n/N.Pfaffenzeller/nikolas_nethive/nethive_multiverse/results/test_runs/10b10t15c500e_log_sweep,param_140_rep_2,/scratch/n/N.Pfaffenzeller/nikolas_nethive/nethive_multiverse/results/test_runs/10b10t15c500e_log_sweep/data/param_140_rep_2,/scratch/n/N.Pfaffenzeller/nikolas_nethive/nethive_multiverse/results/test_runs/10b10t15c500e_log_sweep/data/param_140_rep_2/event_log.csv,/scratch/n/N.Pfaffenzeller/nikolas_nethive/nethive_multiverse/results/test_runs/10b10t15c500e_log_sweep/data/param_140_rep_2/config.json
32,1000,"[0,1]","[""task_1"",""task_2"",""task_3"",""task_4"",""task_5"",""task_6"",""task_7"",""task_8"",""task_9"",""task_10""]",50.0,10,0.05,100,5.0e-5,10,15,10,15,500,50,100,1,10,140,1,0.1,time_out,242689823,3,571.13,2025-12-14T17:48:43.504,0,242689823,true,true,"[0.01,0.05]",10,10,10,500.03155338778214,0.2922483620070444,0.3034048660827584,0.16933333333333334,0.3708,0.16933333333333334,,,,,,,/scratch/n/N.Pfaffenzeller/nikolas_nethive/nethive_multiverse/results/test_runs/10b10t15c500e_log_sweep,param_140_rep_3,/scratch/n/N.Pfaffenzeller/nikolas_nethive/nethive_multiverse/results/test_runs/10b10t15c500e_log_sweep/data/param_140_rep_3,/scratch/n/N.Pfaffenzeller/nikolas_nethive/nethive_multiverse/results/test_runs/10b10t15c500e_log_sweep/data/param_140_rep_3/event_log.csv,/scratch/n/N.Pfaffenzeller/nikolas_nethive/nethive_multiverse/results/test_runs/10b10t15c500e_log_sweep/data/param_140_rep_3/config.json
32,1000,"[0,1]","[""task_1"",""task_2"",""task_3"",""task_4"",""task_5"",""task_6"",""task_7"",""task_8"",""task_9"",""task_10""]",100.0,10,0.05,100,5.0e-5,10,15,10,15,500,50,100,1,10,141,1,0.1,time_out,242690821,1,558.14,2025-12-14T17:49:24.736,0,242690821,true,true,"[0.01,0.05]",10,10,10,500.03329698382504,0.427085149719694,0.5003467210342818,0.152,0.4865333333333333,0.12933333333333333,,,,,,,/scratch/n/N.Pfaffenzeller/nikolas_nethive/nethive_multiverse/results/test_runs/10b10t15c500e_log_sweep,param_141_rep_1,/scratch/n/N.Pfaffenzeller/nikolas_nethive/nethive_multiverse/results/test_runs/10b10t15c500e_log_sweep/data/param_141_rep_1,/scratch/n/N.Pfaffenzeller/nikolas_nethive/nethive_multiverse/results/test_runs/10b10t15c500e_log_sweep/data/param_141_rep_1/event_log.csv,/scratch/n/N.Pfaffenzeller/nikolas_nethive/nethive_multiverse/results/test_runs/10b10t15c500e_log_sweep/data/param_141_rep_1/config.json
32,1000,"[0,1]","[""task_1"",""task_2"",""task_3"",""task_4"",""task_5"",""task_6"",""task_7"",""task_8"",""task_9"",""task_10""]",100.0,10,0.05,100,5.0e-5,10,15,10,15,500,50,100,1,10,141,1,0.1,time_out,242690822,2,547.49,2025-12-14T17:49:13.122,0,242690822,true,true,"[0.01,0.05]",10,10,10,500.0092114026405,0.32367869299396534,0.3992090452055974,0.10133333333333333,0.3930666666666667,0.10133333333333333,,,,,,,/scratch/n/N.Pfaffenzeller/nikolas_nethive/nethive_multiverse/results/test_runs/10b10t15c500e_log_sweep,param_141_rep_2,/scratch/n/N.Pfaffenzeller/nikolas_nethive/nethive_multiverse/results/test_runs/10b10t15c500e_log_sweep/data/param_141_rep_2,/scratch/n/N.Pfaffenzeller/nikolas_nethive/nethive_multiverse/results/test_runs/10b10t15c500e_log_sweep/data/param_141_rep_2/event_log.csv,/scratch/n/N.Pfaffenzeller/nikolas_nethive/nethive_multiverse/results/test_runs/10b10t15c500e_log_sweep/data/param_141_rep_2/config.json
32,1000,"[0,1]","[""task_1"",""task_2"",""task_3"",""task_4"",""task_5"",""task_6"",""task_7"",""task_8"",""task_9"",""task_10""]",100.0,10,0.05,100,5.0e-5,10,15,10,15,500,50,100,1,10,141,1,0.1,time_out,242690823,3,563.83,2025-12-14T17:49:58.658,0,242690823,true,true,"[0.01,0.05]",10,10,10,500.01679659774817,0.3950590915218545,0.42959240821940636,0.17066666666666666,0.45680000000000004,0.136,,,,,,,/scratch/n/N.Pfaffenzeller/nikolas_nethive/nethive_multiverse/results/test_runs/10b10t15c500e_log_sweep,param_141_rep_3,/scratch/n/N.Pfaffenzeller/nikolas_nethive/nethive_multiverse/results/test_runs/10b10t15c500e_log_sweep/data/param_141_rep_3,/scratch/n/N.Pfaffenzeller/nikolas_nethive/nethive_multiverse/results/test_runs/10b10t15c500e_log_sweep/data/param_141_rep_3/event_log.csv,/scratch/n/N.Pfaffenzeller/nikolas_nethive/nethive_multiverse/results/test_runs/10b10t15c500e_log_sweep/data/param_141_rep_3/config.json
32,1000,"[0,1]","[""task_1"",""task_2"",""task_3"",""task_4"",""task_5"",""task_6"",""task_7"",""task_8"",""task_9"",""task_10""]",500.0,10,0.05,100,5.0e-5,10,15,10,15,500,50,100,1,10,142,1,0.1,time_out,242691821,1,335.8,2025-12-14T17:49:59.467,0,242691821,true,true,"[0.01,0.05]",10,10,10,500.03571216045833,0.9504608111061923,0.9761562269253015,0.014666666666666666,0.8997333333333334,0.0,473.1169825309804,0.9443677553095741,0.9436328863337422,,,,/scratch/n/N.Pfaffenzeller/nikolas_nethive/nethive_multiverse/results/test_runs/10b10t15c500e_log_sweep,param_142_rep_1,/scratch/n/N.Pfaffenzeller/nikolas_nethive/nethive_multiverse/results/test_runs/10b10t15c500e_log_sweep/data/param_142_rep_1,/scratch/n/N.Pfaffenzeller/nikolas_nethive/nethive_multiverse/results/test_runs/10b10t15c500e_log_sweep/data/param_142_rep_1/event_log.csv,/scratch/n/N.Pfaffenzeller/nikolas_nethive/nethive_multiverse/results/test_runs/10b10t15c500e_log_sweep/data/param_142_rep_1/config.json
32,1000,"[0,1]","[""task_1"",""task_2"",""task_3"",""task_4"",""task_5"",""task_6"",""task_7"",""task_8"",""task_9"",""task_10""]",500.0,10,0.05,100,5.0e-5,10,15,10,15,500,50,100,1,10,142,1,0.1,time_out,242691822,2,341.53,2025-12-14T17:50:10.643,0,242691822,true,true,"[0.01,0.05]",10,10,10,500.12359943523194,0.9457377464358391,0.9565445687725369,0.10933333333333334,0.9,0.0,,,,,,,/scratch/n/N.Pfaffenzeller/nikolas_nethive/nethive_multiverse/results/test_runs/10b10t15c500e_log_sweep,param_142_rep_2,/scratch/n/N.Pfaffenzeller/nikolas_nethive/nethive_multiverse/results/test_runs/10b10t15c500e_log_sweep/data/param_142_rep_2,/scratch/n/N.Pfaffenzeller/nikolas_nethive/nethive_multiverse/results/test_runs/10b10t15c500e_log_sweep/data/param_142_rep_2/event_log.csv,/scratch/n/N.Pfaffenzeller/nikolas_nethive/nethive_multiverse/results/test_runs/10b10t15c500e_log_sweep/data/param_142_rep_2/config.json
32,1000,"[0,1]","[""task_1"",""task_2"",""task_3"",""task_4"",""task_5"",""task_6"",""task_7"",""task_8"",""task_9"",""task_10""]",500.0,10,0.05,100,5.0e-5,10,15,10,15,500,50,100,1,10,142,1,0.1,time_out,242691823,3,369.22,2025-12-14T17:50:12.744,0,242691823,true,true,"[0.01,0.05]",10,10,10,500.10316389835384,0.9547679727672926,0.9597261981404432,0.296,0.9214666666666668,0.296,494.2846219296635,0.9719860158891607,0.971106278191837,,,,/scratch/n/N.Pfaffenzeller/nikolas_nethive/nethive_multiverse/results/test_runs/10b10t15c500e_log_sweep,param_142_rep_3,/scratch/n/N.Pfaffenzeller/nikolas_nethive/nethive_multiverse/results/test_runs/10b10t15c500e_log_sweep/data/param_142_rep_3,/scratch/n/N.Pfaffenzeller/nikolas_nethive/nethive_multiverse/results/test_runs/10b10t15c500e_log_sweep/data/param_142_rep_3/event_log.csv,/scratch/n/N.Pfaffenzeller/nikolas_nethive/nethive_multiverse/results/test_runs/10b10t15c500e_log_sweep/data/param_142_rep_3/config.json
32,1000,"[0,1]","[""task_1"",""task_2"",""task_3"",""task_4"",""task_5"",""task_6"",""task_7"",""task_8"",""task_9"",""task_10""]",1000.0,10,0.05,100,5.0e-5,10,15,10,15,500,50,100,1,10,143,1,0.1,time_out,242692821,1,368.03,2025-12-14T17:51:36.926,0,242692821,true,true,"[0.01,0.05]",10,10,10,500.066276116992,0.8750992375842452,0.9104676363149015,0.10933333333333334,0.8394666666666666,0.10933333333333334,,,,,,,/scratch/n/N.Pfaffenzeller/nikolas_nethive/nethive_multiverse/results/test_runs/10b10t15c500e_log_sweep,param_143_rep_1,/scratch/n/N.Pfaffenzeller/nikolas_nethive/nethive_multiverse/results/test_runs/10b10t15c500e_log_sweep/data/param_143_rep_1,/scratch/n/N.Pfaffenzeller/nikolas_nethive/nethive_multiverse/results/test_runs/10b10t15c500e_log_sweep/data/param_143_rep_1/event_log.csv,/scratch/n/N.Pfaffenzeller/nikolas_nethive/nethive_multiverse/results/test_runs/10b10t15c500e_log_sweep/data/param_143_rep_1/config.json
32,1000,"[0,1]","[""task_1"",""task_2"",""task_3"",""task_4"",""task_5"",""task_6"",""task_7"",""task_8"",""task_9"",""task_10""]",1000.0,10,0.05,100,5.0e-5,10,15,10,15,500,50,100,1,10,143,1,0.1,time_out,242692822,2,271.85,2025-12-14T17:52:09.225,0,242692822,true,true,"[0.01,0.05]",10,10,10,500.1083392855312,0.7740295436250404,0.9545505699473426,0.0,0.6450666666666667,0.0,,,,,,,/scratch/n/N.Pfaffenzeller/nikolas_nethive/nethive_multiverse/results/test_runs/10b10t15c500e_log_sweep,param_143_rep_2,/scratch/n/N.Pfaffenzeller/nikolas_nethive/nethive_multiverse/results/test_runs/10b10t15c500e_log_sweep/data/param_143_rep_2,/scratch/n/N.Pfaffenzeller/nikolas_nethive/nethive_multiverse/results/test_runs/10b10t15c500e_log_sweep/data/param_143_rep_2/event_log.csv,/scratch/n/N.Pfaffenzeller/nikolas_nethive/nethive_multiverse/results/test_runs/10b10t15c500e_log_sweep/data/param_143_rep_2/config.json
32,1000,"[0,1]","[""task_1"",""task_2"",""task_3"",""task_4"",""task_5"",""task_6"",""task_7"",""task_8"",""task_9"",""task_10""]",1000.0,10,0.05,100,5.0e-5,10,15,10,15,500,50,100,1,10,143,1,0.1,time_out,242692823,3,392.6,2025-12-14T17:54:43.719,0,242692823,true,true,"[0.01,0.05]",10,10,10,500.0043522331353,0.8854272581739989,0.896027051178975,0.20533333333333334,0.8510666666666665,0.013333333333333334,,,,,,,/scratch/n/N.Pfaffenzeller/nikolas_nethive/nethive_multiverse/results/test_runs/10b10t15c500e_log_sweep,param_143_rep_3,/scratch/n/N.Pfaffenzeller/nikolas_nethive/nethive_multiverse/results/test_runs/10b10t15c500e_log_sweep/data/param_143_rep_3,/scratch/n/N.Pfaffenzeller/nikolas_nethive/nethive_multiverse/results/test_runs/10b10t15c500e_log_sweep/data/param_143_rep_3/event_log.csv,/scratch/n/N.Pfaffenzeller/nikolas_nethive/nethive_multiverse/results/test_runs/10b10t15c500e_log_sweep/data/param_143_rep_3/config.json
32,1000,"[0,1]","[""task_1"",""task_2"",""task_3"",""task_4"",""task_5"",""task_6"",""task_7"",""task_8"",""task_9"",""task_10""]",0.01,10,0.1,100,5.0e-5,10,15,10,15,500,50,100,1,10,144,1,0.1,time_out,242693821,1,674.88,2025-12-14T17:54:44.568,0,242693821,true,true,"[0.01,0.05]",10,10,10,500.0053539278006,0.316554621717937,0.32308875810564996,0.18933333333333333,0.41066666666666674,0.17733333333333334,,,,,,,/scratch/n/N.Pfaffenzeller/nikolas_nethive/nethive_multiverse/results/test_runs/10b10t15c500e_log_sweep,param_144_rep_1,/scratch/n/N.Pfaffenzeller/nikolas_nethive/nethive_multiverse/results/test_runs/10b10t15c500e_log_sweep/data/param_144_rep_1,/scratch/n/N.Pfaffenzeller/nikolas_nethive/nethive_multiverse/results/test_runs/10b10t15c500e_log_sweep/data/param_144_rep_1/event_log.csv,/scratch/n/N.Pfaffenzeller/nikolas_nethive/nethive_multiverse/results/test_runs/10b10t15c500e_log_sweep/data/param_144_rep_1/config.json
32,1000,"[0,1]","[""task_1"",""task_2"",""task_3"",""task_4"",""task_5"",""task_6"",""task_7"",""task_8"",""task_9"",""task_10""]",0.01,10,0.1,100,5.0e-5,10,15,10,15,500,50,100,1,10,144,1,0.1,time_out,242693822,2,653.21,2025-12-14T17:54:58.768,0,242693822,true,true,"[0.01,0.05]",10,10,10,500.00891645046306,0.2431719879845176,0.2929685564278509,0.112,0.3854666666666667,0.08266666666666667,,,,,,,/scratch/n/N.Pfaffenzeller/nikolas_nethive/nethive_multiverse/results/test_runs/10b10t15c500e_log_sweep,param_144_rep_2,/scratch/n/N.Pfaffenzeller/nikolas_nethive/nethive_multiverse/results/test_runs/10b10t15c500e_log_sweep/data/param_144_rep_2,/scratch/n/N.Pfaffenzeller/nikolas_nethive/nethive_multiverse/results/test_runs/10b10t15c500e_log_sweep/data/param_144_rep_2/event_log.csv,/scratch/n/N.Pfaffenzeller/nikolas_nethive/nethive_multiverse/results/test_runs/10b10t15c500e_log_sweep/data/param_144_rep_2/config.json
32,1000,"[0,1]","[""task_1"",""task_2"",""task_3"",""task_4"",""task_5"",""task_6"",""task_7"",""task_8"",""task_9"",""task_10""]",0.01,10,0.1,100,5.0e-5,10,15,10,15,500,50,100,1,10,144,1,0.1,time_out,242693823,3,663.03,2025-12-14T17:55:10.698,0,242693823,true,true,"[0.01,0.05]",10,10,10,500.00711894784143,0.26210483089832615,0.2737383041264541,0.068,0.3886666666666667,0.068,,,,,,,/scratch/n/N.Pfaffenzeller/nikolas_nethive/nethive_multiverse/results/test_runs/10b10t15c500e_log_sweep,param_144_rep_3,/scratch/n/N.Pfaffenzeller/nikolas_nethive/nethive_multiverse/results/test_runs/10b10t15c500e_log_sweep/data/param_144_rep_3,/scratch/n/N.Pfaffenzeller/nikolas_nethive/nethive_multiverse/results/test_runs/10b10t15c500e_log_sweep/data/param_144_rep_3/event_log.csv,/scratch/n/N.Pfaffenzeller/nikolas_nethive/nethive_multiverse/results/test_runs/10b10t15c500e_log_sweep/data/param_144_rep_3/config.json
32,1000,"[0,1]","[""task_1"",""task_2"",""task_3"",""task_4"",""task_5"",""task_6"",""task_7"",""task_8"",""task_9"",""task_10""]",0.05,10,0.1,100,5.0e-5,10,15,10,15,500,50,100,1,10,145,1,0.1,time_out,242694821,1,664.16,2025-12-14T17:55:55.196,0,242694821,true,true,"[0.01,0.05]",10,10,10,500.02014794616326,0.23612892964410442,0.2567706682631898,0.14,0.3709333333333334,0.14,,,,,,,/scratch/n/N.Pfaffenzeller/nikolas_nethive/nethive_multiverse/results/test_runs/10b10t15c500e_log_sweep,param_145_rep_1,/scratch/n/N.Pfaffenzeller/nikolas_nethive/nethive_multiverse/results/test_runs/10b10t15c500e_log_sweep/data/param_145_rep_1,/scratch/n/N.Pfaffenzeller/nikolas_nethive/nethive_multiverse/results/test_runs/10b10t15c500e_log_sweep/data/param_145_rep_1/event_log.csv,/scratch/n/N.Pfaffenzeller/nikolas_nethive/nethive_multiverse/results/test_runs/10b10t15c500e_log_sweep/data/param_145_rep_1/config.json
32,1000,"[0,1]","[""task_1"",""task_2"",""task_3"",""task_4"",""task_5"",""task_6"",""task_7"",""task_8"",""task_9"",""task_10""]",0.05,10,0.1,100,5.0e-5,10,15,10,15,500,50,100,1,10,145,1,0.1,time_out,242694822,2,732.7,2025-12-14T17:56:15.500,0,242694822,true,true,"[0.01,0.05]",10,10,10,500.0000120259278,0.29515653105590756,0.3216164002828979,0.148,0.4269333333333334,0.148,,,,,,,/scratch/n/N.Pfaffenzeller/nikolas_nethive/nethive_multiverse/results/test_runs/10b10t15c500e_log_sweep,param_145_rep_2,/scratch/n/N.Pfaffenzeller/nikolas_nethive/nethive_multiverse/results/test_runs/10b10t15c500e_log_sweep/data/param_145_rep_2,/scratch/n/N.Pfaffenzeller/nikolas_nethive/nethive_multiverse/results/test_runs/10b10t15c500e_log_sweep/data/param_145_rep_2/event_log.csv,/scratch/n/N.Pfaffenzeller/nikolas_nethive/nethive_multiverse/results/test_runs/10b10t15c500e_log_sweep/data/param_145_rep_2/config.json
32,1000,"[0,1]","[""task_1"",""task_2"",""task_3"",""task_4"",""task_5"",""task_6"",""task_7"",""task_8"",""task_9"",""task_10""]",0.05,10,0.1,100,5.0e-5,10,15,10,15,500,50,100,1,10,145,1,0.1,time_out,242694823,3,663.61,2025-12-14T17:56:51.610,0,242694823,true,true,"[0.01,0.05]",10,10,10,500.02123076084143,0.2368146173946542,0.2538508051141773,0.16266666666666665,0.3584,0.136,,,,,,,/scratch/n/N.Pfaffenzeller/nikolas_nethive/nethive_multiverse/results/test_runs/10b10t15c500e_log_sweep,param_145_rep_3,/scratch/n/N.Pfaffenzeller/nikolas_nethive/nethive_multiverse/results/test_runs/10b10t15c500e_log_sweep/data/param_145_rep_3,/scratch/n/N.Pfaffenzeller/nikolas_nethive/nethive_multiverse/results/test_runs/10b10t15c500e_log_sweep/data/param_145_rep_3/event_log.csv,/scratch/n/N.Pfaffenzeller/nikolas_nethive/nethive_multiverse/results/test_runs/10b10t15c500e_log_sweep/data/param_145_rep_3/config.json
32,1000,"[0,1]","[""task_1"",""task_2"",""task_3"",""task_4"",""task_5"",""task_6"",""task_7"",""task_8"",""task_9"",""task_10""]",0.1,10,0.1,100,5.0e-5,10,15,10,15,500,50,100,1,10,146,1,0.1,time_out,242695821,1,691.74,2025-12-14T17:56:45.896,0,242695821,true,true,"[0.01,0.05]",10,10,10,500.0010695048065,0.2056912259647322,0.26450698625178964,0.08666666666666667,0.36933333333333335,0.08666666666666667,,,,,,,/scratch/n/N.Pfaffenzeller/nikolas_nethive/nethive_multiverse/results/test_runs/10b10t15c500e_log_sweep,param_146_rep_1,/scratch/n/N.Pfaffenzeller/nikolas_nethive/nethive_multiverse/results/test_runs/10b10t15c500e_log_sweep/data/param_146_rep_1,/scratch/n/N.Pfaffenzeller/nikolas_nethive/nethive_multiverse/results/test_runs/10b10t15c500e_log_sweep/data/param_146_rep_1/event_log.csv,/scratch/n/N.Pfaffenzeller/nikolas_nethive/nethive_multiverse/results/test_runs/10b10t15c500e_log_sweep/data/param_146_rep_1/config.json
32,1000,"[0,1]","[""task_1"",""task_2"",""task_3"",""task_4"",""task_5"",""task_6"",""task_7"",""task_8"",""task_9"",""task_10""]",0.1,10,0.1,100,5.0e-5,10,15,10,15,500,50,100,1,10,146,1,0.1,time_out,242695822,2,661.07,2025-12-14T17:56:29.427,0,242695822,true,true,"[0.01,0.05]",10,10,10,500.0163229453959,0.2901461090978962,0.348718627592311,0.09866666666666667,0.37679999999999997,0.07866666666666666,,,,,,,/scratch/n/N.Pfaffenzeller/nikolas_nethive/nethive_multiverse/results/test_runs/10b10t15c500e_log_sweep,param_146_rep_2,/scratch/n/N.Pfaffenzeller/nikolas_nethive/nethive_multiverse/results/test_runs/10b10t15c500e_log_sweep/data/param_146_rep_2,/scratch/n/N.Pfaffenzeller/nikolas_nethive/nethive_multiverse/results/test_runs/10b10t15c500e_log_sweep/data/param_146_rep_2/event_log.csv,/scratch/n/N.Pfaffenzeller/nikolas_nethive/nethive_multiverse/results/test_runs/10b10t15c500e_log_sweep/data/param_146_rep_2/config.json
32,1000,"[0,1]","[""task_1"",""task_2"",""task_3"",""task_4"",""task_5"",""task_6"",""task_7"",""task_8"",""task_9"",""task_10""]",0.1,10,0.1,100,5.0e-5,10,15,10,15,500,50,100,1,10,146,1,0.1,time_out,242695823,3,656.49,2025-12-14T17:56:41.238,0,242695823,true,true,"[0.01,0.05]",10,10,10,500.0015886966116,0.34740773760711857,0.3483926803543787,0.216,0.4509333333333333,0.16533333333333333,,,,,,,/scratch/n/N.Pfaffenzeller/nikolas_nethive/nethive_multiverse/results/test_runs/10b10t15c500e_log_sweep,param_146_rep_3,/scratch/n/N.Pfaffenzeller/nikolas_nethive/nethive_multiverse/results/test_runs/10b10t15c500e_log_sweep/data/param_146_rep_3,/scratch/n/N.Pfaffenzeller/nikolas_nethive/nethive_multiverse/results/test_runs/10b10t15c500e_log_sweep/data/param_146_rep_3/event_log.csv,/scratch/n/N.Pfaffenzeller/nikolas_nethive/nethive_multiverse/results/test_runs/10b10t15c500e_log_sweep/data/param_146_rep_3/config.json
32,1000,"[0,1]","[""task_1"",""task_2"",""task_3"",""task_4"",""task_5"",""task_6"",""task_7"",""task_8"",""task_9"",""task_10""]",0.5,10,0.1,100,5.0e-5,10,15,10,15,500,50,100,1,10,147,1,0.1,time_out,242696821,1,666.01,2025-12-14T17:56:51.656,0,242696821,true,true,"[0.01,0.05]",10,10,10,500.00865389453605,0.1985498512672747,0.24920789154727135,0.104,0.30906666666666666,0.104,,,,,,,/scratch/n/N.Pfaffenzeller/nikolas_nethive/nethive_multiverse/results/test_runs/10b10t15c500e_log_sweep,param_147_rep_1,/scratch/n/N.Pfaffenzeller/nikolas_nethive/nethive_multiverse/results/test_runs/10b10t15c500e_log_sweep/data/param_147_rep_1,/scratch/n/N.Pfaffenzeller/nikolas_nethive/nethive_multiverse/results/test_runs/10b10t15c500e_log_sweep/data/param_147_rep_1/event_log.csv,/scratch/n/N.Pfaffenzeller/nikolas_nethive/nethive_multiverse/results/test_runs/10b10t15c500e_log_sweep/data/param_147_rep_1/config.json
32,1000,"[0,1]","[""task_1"",""task_2"",""task_3"",""task_4"",""task_5"",""task_6"",""task_7"",""task_8"",""task_9"",""task_10""]",0.5,10,0.1,100,5.0e-5,10,15,10,15,500,50,100,1,10,147,1,0.1,time_out,242696822,2,718.41,2025-12-14T17:57:00.892,0,242696822,true,true,"[0.01,0.05]",10,10,10,500.0147855121506,0.16247620541998886,0.21651644900327796,0.12666666666666668,0.28759999999999997,0.12266666666666666,,,,,,,/scratch/n/N.Pfaffenzeller/nikolas_nethive/nethive_multiverse/results/test_runs/10b10t15c500e_log_sweep,param_147_rep_2,/scratch/n/N.Pfaffenzeller/nikolas_nethive/nethive_multiverse/results/test_runs/10b10t15c500e_log_sweep/data/param_147_rep_2,/scratch/n/N.Pfaffenzeller/nikolas_nethive/nethive_multiverse/results/test_runs/10b10t15c500e_log_sweep/data/param_147_rep_2/event_log.csv,/scratch/n/N.Pfaffenzeller/nikolas_nethive/nethive_multiverse/results/test_runs/10b10t15c500e_log_sweep/data/param_147_rep_2/config.json
32,1000,"[0,1]","[""task_1"",""task_2"",""task_3"",""task_4"",""task_5"",""task_6"",""task_7"",""task_8"",""task_9"",""task_10""]",0.5,10,0.1,100,5.0e-5,10,15,10,15,500,50,100,1,10,147,1,0.1,time_out,242696823,3,686.44,2025-12-14T17:57:15.247,0,242696823,true,true,"[0.01,0.05]",10,10,10,500.0157827312587,0.2504320595027093,0.3278778328602846,0.152,0.36493333333333333,0.09066666666666667,,,,,,,/scratch/n/N.Pfaffenzeller/nikolas_nethive/nethive_multiverse/results/test_runs/10b10t15c500e_log_sweep,param_147_rep_3,/scratch/n/N.Pfaffenzeller/nikolas_nethive/nethive_multiverse/results/test_runs/10b10t15c500e_log_sweep/data/param_147_rep_3,/scratch/n/N.Pfaffenzeller/nikolas_nethive/nethive_multiverse/results/test_runs/10b10t15c500e_log_sweep/data/param_147_rep_3/event_log.csv,/scratch/n/N.Pfaffenzeller/nikolas_nethive/nethive_multiverse/results/test_runs/10b10t15c500e_log_sweep/data/param_147_rep_3/config.json
32,1000,"[0,1]","[""task_1"",""task_2"",""task_3"",""task_4"",""task_5"",""task_6"",""task_7"",""task_8"",""task_9"",""task_10""]",1.0,10,0.1,100,5.0e-5,10,15,10,15,500,50,100,1,10,148,1,0.1,time_out,242697821,1,664.67,2025-12-14T17:57:27.391,0,242697821,true,true,"[0.01,0.05]",10,10,10,500.00106009941675,0.3412990425119506,0.37873307146267,0.12666666666666668,0.4825333333333333,0.12666666666666668,,,,,,,/scratch/n/N.Pfaffenzeller/nikolas_nethive/nethive_multiverse/results/test_runs/10b10t15c500e_log_sweep,param_148_rep_1,/scratch/n/N.Pfaffenzeller/nikolas_nethive/nethive_multiverse/results/test_runs/10b10t15c500e_log_sweep/data/param_148_rep_1,/scratch/n/N.Pfaffenzeller/nikolas_nethive/nethive_multiverse/results/test_runs/10b10t15c500e_log_sweep/data/param_148_rep_1/event_log.csv,/scratch/n/N.Pfaffenzeller/nikolas_nethive/nethive_multiverse/results/test_runs/10b10t15c500e_log_sweep/data/param_148_rep_1/config.json
32,1000,"[0,1]","[""task_1"",""task_2"",""task_3"",""task_4"",""task_5"",""task_6"",""task_7"",""task_8"",""task_9"",""task_10""]",1.0,10,0.1,100,5.0e-5,10,15,10,15,500,50,100,1,10,148,1,0.1,time_out,242697822,2,665.78,2025-12-14T17:57:58.472,0,242697822,true,true,"[0.01,0.05]",10,10,10,500.0016011529103,0.3033164959466801,0.3419602709131025,0.096,0.38226666666666664,0.072,,,,,,,/scratch/n/N.Pfaffenzeller/nikolas_nethive/nethive_multiverse/results/test_runs/10b10t15c500e_log_sweep,param_148_rep_2,/scratch/n/N.Pfaffenzeller/nikolas_nethive/nethive_multiverse/results/test_runs/10b10t15c500e_log_sweep/data/param_148_rep_2,/scratch/n/N.Pfaffenzeller/nikolas_nethive/nethive_multiverse/results/test_runs/10b10t15c500e_log_sweep/data/param_148_rep_2/event_log.csv,/scratch/n/N.Pfaffenzeller/nikolas_nethive/nethive_multiverse/results/test_runs/10b10t15c500e_log_sweep/data/param_148_rep_2/config.json
32,1000,"[0,1]","[""task_1"",""task_2"",""task_3"",""task_4"",""task_5"",""task_6"",""task_7"",""task_8"",""task_9"",""task_10""]",1.0,10,0.1,100,5.0e-5,10,15,10,15,500,50,100,1,10,148,1,0.1,time_out,242697823,3,728.9,2025-12-14T17:57:59.531,0,242697823,true,true,"[0.01,0.05]",10,10,10,500.0153476463075,0.2018786461412728,0.2590075979570186,0.08666666666666667,0.3409333333333333,0.08666666666666667,,,,,,,/scratch/n/N.Pfaffenzeller/nikolas_nethive/nethive_multiverse/results/test_runs/10b10t15c500e_log_sweep,param_148_rep_3,/scratch/n/N.Pfaffenzeller/nikolas_nethive/nethive_multiverse/results/test_runs/10b10t15c500e_log_sweep/data/param_148_rep_3,/scratch/n/N.Pfaffenzeller/nikolas_nethive/nethive_multiverse/results/test_runs/10b10t15c500e_log_sweep/data/param_148_rep_3/event_log.csv,/scratch/n/N.Pfaffenzeller/nikolas_nethive/nethive_multiverse/results/test_runs/10b10t15c500e_log_sweep/data/param_148_rep_3/config.json
32,1000,"[0,1]","[""task_1"",""task_2"",""task_3"",""task_4"",""task_5"",""task_6"",""task_7"",""task_8"",""task_9"",""task_10""]",5.0,10,0.1,100,5.0e-5,10,15,10,15,500,50,100,1,10,149,1,0.1,time_out,242698821,1,719.68,2025-12-14T17:58:45.925,0,242698821,true,true,"[0.01,0.05]",10,10,10,500.00205670399487,0.29556728396887977,0.36647578412580495,0.12133333333333333,0.42573333333333335,0.092,,,,,,,/scratch/n/N.Pfaffenzeller/nikolas_nethive/nethive_multiverse/results/test_runs/10b10t15c500e_log_sweep,param_149_rep_1,/scratch/n/N.Pfaffenzeller/nikolas_nethive/nethive_multiverse/results/test_runs/10b10t15c500e_log_sweep/data/param_149_rep_1,/scratch/n/N.Pfaffenzeller/nikolas_nethive/nethive_multiverse/results/test_runs/10b10t15c500e_log_sweep/data/param_149_rep_1/event_log.csv,/scratch/n/N.Pfaffenzeller/nikolas_nethive/nethive_multiverse/results/test_runs/10b10t15c500e_log_sweep/data/param_149_rep_1/config.json
32,1000,"[0,1]","[""task_1"",""task_2"",""task_3"",""task_4"",""task_5"",""task_6"",""task_7"",""task_8"",""task_9"",""task_10""]",5.0,10,0.1,100,5.0e-5,10,15,10,15,500,50,100,1,10,149,1,0.1,time_out,242698822,2,712.91,2025-12-14T17:58:28.157,0,242698822,true,true,"[0.01,0.05]",10,10,10,500.0161134000314,0.211762218306197,0.27094890960706736,0.068,0.34440000000000004,0.068,,,,,,,/scratch/n/N.Pfaffenzeller/nikolas_nethive/nethive_multiverse/results/test_runs/10b10t15c500e_log_sweep,param_149_rep_2,/scratch/n/N.Pfaffenzeller/nikolas_nethive/nethive_multiverse/results/test_runs/10b10t15c500e_log_sweep/data/param_149_rep_2,/scratch/n/N.Pfaffenzeller/nikolas_nethive/nethive_multiverse/results/test_runs/10b10t15c500e_log_sweep/data/param_149_rep_2/event_log.csv,/scratch/n/N.Pfaffenzeller/nikolas_nethive/nethive_multiverse/results/test_runs/10b10t15c500e_log_sweep/data/param_149_rep_2/config.json
32,1000,"[0,1]","[""task_1"",""task_2"",""task_3"",""task_4"",""task_5"",""task_6"",""task_7"",""task_8"",""task_9"",""task_10""]",5.0,10,0.1,100,5.0e-5,10,15,10,15,500,50,100,1,10,149,1,0.1,time_out,242698823,3,716.22,2025-12-14T17:58:58.601,0,242698823,true,true,"[0.01,0.05]",10,10,10,500.0011429540499,0.2626427044760133,0.2781852489167709,0.20666666666666667,0.38493333333333335,0.13066666666666665,,,,,,,/scratch/n/N.Pfaffenzeller/nikolas_nethive/nethive_multiverse/results/test_runs/10b10t15c500e_log_sweep,param_149_rep_3,/scratch/n/N.Pfaffenzeller/nikolas_nethive/nethive_multiverse/results/test_runs/10b10t15c500e_log_sweep/data/param_149_rep_3,/scratch/n/N.Pfaffenzeller/nikolas_nethive/nethive_multiverse/results/test_runs/10b10t15c500e_log_sweep/data/param_149_rep_3/event_log.csv,/scratch/n/N.Pfaffenzeller/nikolas_nethive/nethive_multiverse/results/test_runs/10b10t15c500e_log_sweep/data/param_149_rep_3/config.json
32,1000,"[0,1]","[""task_1"",""task_2"",""task_3"",""task_4"",""task_5"",""task_6"",""task_7"",""task_8"",""task_9"",""task_10""]",0.1,10,0.05,100,1.0e-5,10,15,10,15,500,50,100,1,10,14,1,0.1,time_out,242563821,1,642.01,2025-12-14T15:17:47.254,0,242563821,true,true,"[0.01,0.05]",10,10,10,500.01723530260375,0.277550107992076,0.2891560349381589,0.0026666666666666666,0.2673333333333333,0.0026666666666666666,,,,,,,/scratch/n/N.Pfaffenzeller/nikolas_nethive/nethive_multiverse/results/test_runs/10b10t15c500e_log_sweep,param_14_rep_1,/scratch/n/N.Pfaffenzeller/nikolas_nethive/nethive_multiverse/results/test_runs/10b10t15c500e_log_sweep/data/param_14_rep_1,/scratch/n/N.Pfaffenzeller/nikolas_nethive/nethive_multiverse/results/test_runs/10b10t15c500e_log_sweep/data/param_14_rep_1/event_log.csv,/scratch/n/N.Pfaffenzeller/nikolas_nethive/nethive_multiverse/results/test_runs/10b10t15c500e_log_sweep/data/param_14_rep_1/config.json
32,1000,"[0,1]","[""task_1"",""task_2"",""task_3"",""task_4"",""task_5"",""task_6"",""task_7"",""task_8"",""task_9"",""task_10""]",0.1,10,0.05,100,1.0e-5,10,15,10,15,500,50,100,1,10,14,1,0.1,time_out,242563822,2,653.75,2025-12-14T15:17:17.038,0,242563822,true,true,"[0.01,0.05]",10,10,10,500.01634287391744,0.12947928800724626,0.17950448211223158,0.016,0.23946666666666666,0.016,,,,,,,/scratch/n/N.Pfaffenzeller/nikolas_nethive/nethive_multiverse/results/test_runs/10b10t15c500e_log_sweep,param_14_rep_2,/scratch/n/N.Pfaffenzeller/nikolas_nethive/nethive_multiverse/results/test_runs/10b10t15c500e_log_sweep/data/param_14_rep_2,/scratch/n/N.Pfaffenzeller/nikolas_nethive/nethive_multiverse/results/test_runs/10b10t15c500e_log_sweep/data/param_14_rep_2/event_log.csv,/scratch/n/N.Pfaffenzeller/nikolas_nethive/nethive_multiverse/results/test_runs/10b10t15c500e_log_sweep/data/param_14_rep_2/config.json
32,1000,"[0,1]","[""task_1"",""task_2"",""task_3"",""task_4"",""task_5"",""task_6"",""task_7"",""task_8"",""task_9"",""task_10""]",0.1,10,0.05,100,1.0e-5,10,15,10,15,500,50,100,1,10,14,1,0.1,time_out,242563823,3,636.66,2025-12-14T15:17:56.402,0,242563823,true,true,"[0.01,0.05]",10,10,10,500.0101834853955,0.24967709059728263,0.3185235620943738,0.004,0.2845333333333333,0.004,,,,,,,/scratch/n/N.Pfaffenzeller/nikolas_nethive/nethive_multiverse/results/test_runs/10b10t15c500e_log_sweep,param_14_rep_3,/scratch/n/N.Pfaffenzeller/nikolas_nethive/nethive_multiverse/results/test_runs/10b10t15c500e_log_sweep/data/param_14_rep_3,/scratch/n/N.Pfaffenzeller/nikolas_nethive/nethive_multiverse/results/test_runs/10b10t15c500e_log_sweep/data/param_14_rep_3/event_log.csv,/scratch/n/N.Pfaffenzeller/nikolas_nethive/nethive_multiverse/results/test_runs/10b10t15c500e_log_sweep/data/param_14_rep_3/config.json
32,1000,"[0,1]","[""task_1"",""task_2"",""task_3"",""task_4"",""task_5"",""task_6"",""task_7"",""task_8"",""task_9"",""task_10""]",10.0,10,0.1,100,5.0e-5,10,15,10,15,500,50,100,1,10,150,1,0.1,time_out,242699821,1,652.28,2025-12-14T17:59:03.887,0,242699821,true,true,"[0.01,0.05]",10,10,10,500.0087872983692,0.3337577962421717,0.3657612276328984,0.20666666666666667,0.4249333333333333,0.13333333333333333,,,,,,,/scratch/n/N.Pfaffenzeller/nikolas_nethive/nethive_multiverse/results/test_runs/10b10t15c500e_log_sweep,param_150_rep_1,/scratch/n/N.Pfaffenzeller/nikolas_nethive/nethive_multiverse/results/test_runs/10b10t15c500e_log_sweep/data/param_150_rep_1,/scratch/n/N.Pfaffenzeller/nikolas_nethive/nethive_multiverse/results/test_runs/10b10t15c500e_log_sweep/data/param_150_rep_1/event_log.csv,/scratch/n/N.Pfaffenzeller/nikolas_nethive/nethive_multiverse/results/test_runs/10b10t15c500e_log_sweep/data/param_150_rep_1/config.json
32,1000,"[0,1]","[""task_1"",""task_2"",""task_3"",""task_4"",""task_5"",""task_6"",""task_7"",""task_8"",""task_9"",""task_10""]",10.0,10,0.1,100,5.0e-5,10,15,10,15,500,50,100,1,10,150,1,0.1,time_out,242699822,2,645.42,2025-12-14T17:59:17.259,0,242699822,true,true,"[0.01,0.05]",10,10,10,500.0039004086827,0.2648309101802617,0.35116007328542004,0.10933333333333334,0.36346666666666666,0.10933333333333334,,,,,,,/scratch/n/N.Pfaffenzeller/nikolas_nethive/nethive_multiverse/results/test_runs/10b10t15c500e_log_sweep,param_150_rep_2,/scratch/n/N.Pfaffenzeller/nikolas_nethive/nethive_multiverse/results/test_runs/10b10t15c500e_log_sweep/data/param_150_rep_2,/scratch/n/N.Pfaffenzeller/nikolas_nethive/nethive_multiverse/results/test_runs/10b10t15c500e_log_sweep/data/param_150_rep_2/event_log.csv,/scratch/n/N.Pfaffenzeller/nikolas_nethive/nethive_multiverse/results/test_runs/10b10t15c500e_log_sweep/data/param_150_rep_2/config.json
32,1000,"[0,1]","[""task_1"",""task_2"",""task_3"",""task_4"",""task_5"",""task_6"",""task_7"",""task_8"",""task_9"",""task_10""]",10.0,10,0.1,100,5.0e-5,10,15,10,15,500,50,100,1,10,150,1,0.1,time_out,242699823,3,640.0,2025-12-14T17:59:46.420,0,242699823,true,true,"[0.01,0.05]",10,10,10,500.00076786407226,0.2841731877470311,0.36595864100235354,0.13466666666666666,0.39066666666666666,0.13466666666666666,,,,,,,/scratch/n/N.Pfaffenzeller/nikolas_nethive/nethive_multiverse/results/test_runs/10b10t15c500e_log_sweep,param_150_rep_3,/scratch/n/N.Pfaffenzeller/nikolas_nethive/nethive_multiverse/results/test_runs/10b10t15c500e_log_sweep/data/param_150_rep_3,/scratch/n/N.Pfaffenzeller/nikolas_nethive/nethive_multiverse/results/test_runs/10b10t15c500e_log_sweep/data/param_150_rep_3/event_log.csv,/scratch/n/N.Pfaffenzeller/nikolas_nethive/nethive_multiverse/results/test_runs/10b10t15c500e_log_sweep/data/param_150_rep_3/config.json
32,1000,"[0,1]","[""task_1"",""task_2"",""task_3"",""task_4"",""task_5"",""task_6"",""task_7"",""task_8"",""task_9"",""task_10""]",50.0,10,0.1,100,5.0e-5,10,15,10,15,500,50,100,1,10,151,1,0.1,time_out,242700821,1,595.42,2025-12-14T18:00:11.692,0,242700821,true,true,"[0.01,0.05]",10,10,10,500.02776252793456,0.32676576598782775,0.3585848338732859,0.23066666666666666,0.4144,0.15466666666666667,,,,,,,/scratch/n/N.Pfaffenzeller/nikolas_nethive/nethive_multiverse/results/test_runs/10b10t15c500e_log_sweep,param_151_rep_1,/scratch/n/N.Pfaffenzeller/nikolas_nethive/nethive_multiverse/results/test_runs/10b10t15c500e_log_sweep/data/param_151_rep_1,/scratch/n/N.Pfaffenzeller/nikolas_nethive/nethive_multiverse/results/test_runs/10b10t15c500e_log_sweep/data/param_151_rep_1/event_log.csv,/scratch/n/N.Pfaffenzeller/nikolas_nethive/nethive_multiverse/results/test_runs/10b10t15c500e_log_sweep/data/param_151_rep_1/config.json
32,1000,"[0,1]","[""task_1"",""task_2"",""task_3"",""task_4"",""task_5"",""task_6"",""task_7"",""task_8"",""task_9"",""task_10""]",50.0,10,0.1,100,5.0e-5,10,15,10,15,500,50,100,1,10,151,1,0.1,time_out,242700822,2,585.16,2025-12-14T18:02:02.320,0,242700822,true,true,"[0.01,0.05]",10,10,10,500.00487411896427,0.4101644140297438,0.4314609024681554,0.20133333333333334,0.43600000000000005,0.16933333333333334,,,,,,,/scratch/n/N.Pfaffenzeller/nikolas_nethive/nethive_multiverse/results/test_runs/10b10t15c500e_log_sweep,param_151_rep_2,/scratch/n/N.Pfaffenzeller/nikolas_nethive/nethive_multiverse/results/test_runs/10b10t15c500e_log_sweep/data/param_151_rep_2,/scratch/n/N.Pfaffenzeller/nikolas_nethive/nethive_multiverse/results/test_runs/10b10t15c500e_log_sweep/data/param_151_rep_2/event_log.csv,/scratch/n/N.Pfaffenzeller/nikolas_nethive/nethive_multiverse/results/test_runs/10b10t15c500e_log_sweep/data/param_151_rep_2/config.json
32,1000,"[0,1]","[""task_1"",""task_2"",""task_3"",""task_4"",""task_5"",""task_6"",""task_7"",""task_8"",""task_9"",""task_10""]",50.0,10,0.1,100,5.0e-5,10,15,10,15,500,50,100,1,10,151,1,0.1,time_out,242700823,3,1157.64,2025-12-14T18:04:57.165,0,242700823,true,true,"[0.01,0.05]",10,10,10,500.01860326783867,0.4338182334613506,0.4454039743286007,0.108,0.42440000000000005,0.10666666666666667,,,,,,,/scratch/n/N.Pfaffenzeller/nikolas_nethive/nethive_multiverse/results/test_runs/10b10t15c500e_log_sweep,param_151_rep_3,/scratch/n/N.Pfaffenzeller/nikolas_nethive/nethive_multiverse/results/test_runs/10b10t15c500e_log_sweep/data/param_151_rep_3,/scratch/n/N.Pfaffenzeller/nikolas_nethive/nethive_multiverse/results/test_runs/10b10t15c500e_log_sweep/data/param_151_rep_3/event_log.csv,/scratch/n/N.Pfaffenzeller/nikolas_nethive/nethive_multiverse/results/test_runs/10b10t15c500e_log_sweep/data/param_151_rep_3/config.json
32,1000,"[0,1]","[""task_1"",""task_2"",""task_3"",""task_4"",""task_5"",""task_6"",""task_7"",""task_8"",""task_9"",""task_10""]",100.0,10,0.1,100,5.0e-5,10,15,10,15,500,50,100,1,10,152,1,0.1,time_out,242701821,1,421.96,2025-12-14T18:06:48.504,0,242701821,true,true,"[0.01,0.05]",10,10,10,500.0157886922281,0.559937282901305,0.6106817545678986,0.09466666666666666,0.5751999999999999,0.09466666666666666,,,,,,,/scratch/n/N.Pfaffenzeller/nikolas_nethive/nethive_multiverse/results/test_runs/10b10t15c500e_log_sweep,param_152_rep_1,/scratch/n/N.Pfaffenzeller/nikolas_nethive/nethive_multiverse/results/test_runs/10b10t15c500e_log_sweep/data/param_152_rep_1,/scratch/n/N.Pfaffenzeller/nikolas_nethive/nethive_multiverse/results/test_runs/10b10t15c500e_log_sweep/data/param_152_rep_1/event_log.csv,/scratch/n/N.Pfaffenzeller/nikolas_nethive/nethive_multiverse/results/test_runs/10b10t15c500e_log_sweep/data/param_152_rep_1/config.json
32,1000,"[0,1]","[""task_1"",""task_2"",""task_3"",""task_4"",""task_5"",""task_6"",""task_7"",""task_8"",""task_9"",""task_10""]",100.0,10,0.1,100,5.0e-5,10,15,10,15,500,50,100,1,10,152,1,0.1,time_out,242701822,2,396.04,2025-12-14T18:06:59.800,0,242701822,true,true,"[0.01,0.05]",10,10,10,500.0290861057831,0.6925842003924638,0.6941062185451631,0.24933333333333332,0.7238666666666667,0.23866666666666667,,,,,,,/scratch/n/N.Pfaffenzeller/nikolas_nethive/nethive_multiverse/results/test_runs/10b10t15c500e_log_sweep,param_152_rep_2,/scratch/n/N.Pfaffenzeller/nikolas_nethive/nethive_multiverse/results/test_runs/10b10t15c500e_log_sweep/data/param_152_rep_2,/scratch/n/N.Pfaffenzeller/nikolas_nethive/nethive_multiverse/results/test_runs/10b10t15c500e_log_sweep/data/param_152_rep_2/event_log.csv,/scratch/n/N.Pfaffenzeller/nikolas_nethive/nethive_multiverse/results/test_runs/10b10t15c500e_log_sweep/data/param_152_rep_2/config.json
32,1000,"[0,1]","[""task_1"",""task_2"",""task_3"",""task_4"",""task_5"",""task_6"",""task_7"",""task_8"",""task_9"",""task_10""]",100.0,10,0.1,100,5.0e-5,10,15,10,15,500,50,100,1,10,152,1,0.1,time_out,242701823,3,440.96,2025-12-14T18:07:21.062,0,242701823,true,true,"[0.01,0.05]",10,10,10,500.0456987231073,0.4535455188592573,0.5270520893129993,0.07333333333333333,0.5212,0.07333333333333333,,,,,,,/scratch/n/N.Pfaffenzeller/nikolas_nethive/nethive_multiverse/results/test_runs/10b10t15c500e_log_sweep,param_152_rep_3,/scratch/n/N.Pfaffenzeller/nikolas_nethive/nethive_multiverse/results/test_runs/10b10t15c500e_log_sweep/data/param_152_rep_3,/scratch/n/N.Pfaffenzeller/nikolas_nethive/nethive_multiverse/results/test_runs/10b10t15c500e_log_sweep/data/param_152_rep_3/event_log.csv,/scratch/n/N.Pfaffenzeller/nikolas_nethive/nethive_multiverse/results/test_runs/10b10t15c500e_log_sweep/data/param_152_rep_3/config.json
32,1000,"[0,1]","[""task_1"",""task_2"",""task_3"",""task_4"",""task_5"",""task_6"",""task_7"",""task_8"",""task_9"",""task_10""]",500.0,10,0.1,100,5.0e-5,10,15,10,15,500,50,100,1,10,153,1,0.1,time_out,242702821,1,193.13,2025-12-14T18:07:54.899,0,242702821,true,true,"[0.01,0.05]",10,10,10,500.0268888804085,0.8229659372198006,0.9843800889871549,0.0,0.8,0.0,,,,,,,/scratch/n/N.Pfaffenzeller/nikolas_nethive/nethive_multiverse/results/test_runs/10b10t15c500e_log_sweep,param_153_rep_1,/scratch/n/N.Pfaffenzeller/nikolas_nethive/nethive_multiverse/results/test_runs/10b10t15c500e_log_sweep/data/param_153_rep_1,/scratch/n/N.Pfaffenzeller/nikolas_nethive/nethive_multiverse/results/test_runs/10b10t15c500e_log_sweep/data/param_153_rep_1/event_log.csv,/scratch/n/N.Pfaffenzeller/nikolas_nethive/nethive_multiverse/results/test_runs/10b10t15c500e_log_sweep/data/param_153_rep_1/config.json
32,1000,"[0,1]","[""task_1"",""task_2"",""task_3"",""task_4"",""task_5"",""task_6"",""task_7"",""task_8"",""task_9"",""task_10""]",500.0,10,0.1,100,5.0e-5,10,15,10,15,500,50,100,1,10,153,1,0.1,time_out,242702822,2,222.74,2025-12-14T18:08:48.133,0,242702822,true,true,"[0.01,0.05]",10,10,10,500.10203409378903,0.97523439382564,0.9746114044917167,0.9346666666666666,0.9866666666666667,0.9346666666666666,265.3227349705993,0.9678455944592551,0.967103624237831,269.78143808625373,0.97523439382564,0.9746114044917167,/scratch/n/N.Pfaffenzeller/nikolas_nethive/nethive_multiverse/results/test_runs/10b10t15c500e_log_sweep,param_153_rep_2,/scratch/n/N.Pfaffenzeller/nikolas_nethive/nethive_multiverse/results/test_runs/10b10t15c500e_log_sweep/data/param_153_rep_2,/scratch/n/N.Pfaffenzeller/nikolas_nethive/nethive_multiverse/results/test_runs/10b10t15c500e_log_sweep/data/param_153_rep_2/event_log.csv,/scratch/n/N.Pfaffenzeller/nikolas_nethive/nethive_multiverse/results/test_runs/10b10t15c500e_log_sweep/data/param_153_rep_2/config.json
32,1000,"[0,1]","[""task_1"",""task_2"",""task_3"",""task_4"",""task_5"",""task_6"",""task_7"",""task_8"",""task_9"",""task_10""]",500.0,10,0.1,100,5.0e-5,10,15,10,15,500,50,100,1,10,153,1,0.1,time_out,242702823,3,189.34,2025-12-14T18:08:50.204,0,242702823,true,true,"[0.01,0.05]",10,10,10,500.12689234612196,0.8414768607165805,0.9685374583453996,0.0,0.8585333333333335,0.0,,,,,,,/scratch/n/N.Pfaffenzeller/nikolas_nethive/nethive_multiverse/results/test_runs/10b10t15c500e_log_sweep,param_153_rep_3,/scratch/n/N.Pfaffenzeller/nikolas_nethive/nethive_multiverse/results/test_runs/10b10t15c500e_log_sweep/data/param_153_rep_3,/scratch/n/N.Pfaffenzeller/nikolas_nethive/nethive_multiverse/results/test_runs/10b10t15c500e_log_sweep/data/param_153_rep_3/event_log.csv,/scratch/n/N.Pfaffenzeller/nikolas_nethive/nethive_multiverse/results/test_runs/10b10t15c500e_log_sweep/data/param_153_rep_3/config.json
32,1000,"[0,1]","[""task_1"",""task_2"",""task_3"",""task_4"",""task_5"",""task_6"",""task_7"",""task_8"",""task_9"",""task_10""]",1000.0,10,0.1,100,5.0e-5,10,15,10,15,500,50,100,1,10,154,1,0.1,time_out,242703821,1,208.88,2025-12-14T18:09:00.199,0,242703821,true,true,"[0.01,0.05]",10,10,10,500.11331012441656,0.9650680198076198,0.9928976635501441,0.010666666666666666,0.9,0.0,,,,,,,/scratch/n/N.Pfaffenzeller/nikolas_nethive/nethive_multiverse/results/test_runs/10b10t15c500e_log_sweep,param_154_rep_1,/scratch/n/N.Pfaffenzeller/nikolas_nethive/nethive_multiverse/results/test_runs/10b10t15c500e_log_sweep/data/param_154_rep_1,/scratch/n/N.Pfaffenzeller/nikolas_nethive/nethive_multiverse/results/test_runs/10b10t15c500e_log_sweep/data/param_154_rep_1/event_log.csv,/scratch/n/N.Pfaffenzeller/nikolas_nethive/nethive_multiverse/results/test_runs/10b10t15c500e_log_sweep/data/param_154_rep_1/config.json
32,1000,"[0,1]","[""task_1"",""task_2"",""task_3"",""task_4"",""task_5"",""task_6"",""task_7"",""task_8"",""task_9"",""task_10""]",1000.0,10,0.1,100,5.0e-5,10,15,10,15,500,50,100,1,10,154,1,0.1,time_out,242703822,2,214.14,2025-12-14T18:08:56.209,0,242703822,true,true,"[0.01,0.05]",10,10,10,500.0079615824824,0.8943947685856226,0.9327297785211204,0.16133333333333333,0.8192,0.0,,,,,,,/scratch/n/N.Pfaffenzeller/nikolas_nethive/nethive_multiverse/results/test_runs/10b10t15c500e_log_sweep,param_154_rep_2,/scratch/n/N.Pfaffenzeller/nikolas_nethive/nethive_multiverse/results/test_runs/10b10t15c500e_log_sweep/data/param_154_rep_2,/scratch/n/N.Pfaffenzeller/nikolas_nethive/nethive_multiverse/results/test_runs/10b10t15c500e_log_sweep/data/param_154_rep_2/event_log.csv,/scratch/n/N.Pfaffenzeller/nikolas_nethive/nethive_multiverse/results/test_runs/10b10t15c500e_log_sweep/data/param_154_rep_2/config.json
32,1000,"[0,1]","[""task_1"",""task_2"",""task_3"",""task_4"",""task_5"",""task_6"",""task_7"",""task_8"",""task_9"",""task_10""]",1000.0,10,0.1,100,5.0e-5,10,15,10,15,500,50,100,1,10,154,1,0.1,time_out,242703823,3,443.58,2025-12-14T18:09:36.179,0,242703823,true,true,"[0.01,0.05]",10,10,10,500.0941040936296,0.9632502651505147,0.9722495303709235,0.18933333333333333,0.9,0.0,,,,,,,/scratch/n/N.Pfaffenzeller/nikolas_nethive/nethive_multiverse/results/test_runs/10b10t15c500e_log_sweep,param_154_rep_3,/scratch/n/N.Pfaffenzeller/nikolas_nethive/nethive_multiverse/results/test_runs/10b10t15c500e_log_sweep/data/param_154_rep_3,/scratch/n/N.Pfaffenzeller/nikolas_nethive/nethive_multiverse/results/test_runs/10b10t15c500e_log_sweep/data/param_154_rep_3/event_log.csv,/scratch/n/N.Pfaffenzeller/nikolas_nethive/nethive_multiverse/results/test_runs/10b10t15c500e_log_sweep/data/param_154_rep_3/config.json
32,1000,"[0,1]","[""task_1"",""task_2"",""task_3"",""task_4"",""task_5"",""task_6"",""task_7"",""task_8"",""task_9"",""task_10""]",0.01,10,0.5,100,5.0e-5,10,15,10,15,500,50,100,1,10,155,1,0.1,time_out,242704821,1,675.96,2025-12-14T18:09:21.578,0,242704821,true,true,"[0.01,0.05]",10,10,10,500.0035125417471,0.24929951955201268,0.2789324484829234,0.21066666666666667,0.37426666666666664,0.204,,,,,,,/scratch/n/N.Pfaffenzeller/nikolas_nethive/nethive_multiverse/results/test_runs/10b10t15c500e_log_sweep,param_155_rep_1,/scratch/n/N.Pfaffenzeller/nikolas_nethive/nethive_multiverse/results/test_runs/10b10t15c500e_log_sweep/data/param_155_rep_1,/scratch/n/N.Pfaffenzeller/nikolas_nethive/nethive_multiverse/results/test_runs/10b10t15c500e_log_sweep/data/param_155_rep_1/event_log.csv,/scratch/n/N.Pfaffenzeller/nikolas_nethive/nethive_multiverse/results/test_runs/10b10t15c500e_log_sweep/data/param_155_rep_1/config.json
32,1000,"[0,1]","[""task_1"",""task_2"",""task_3"",""task_4"",""task_5"",""task_6"",""task_7"",""task_8"",""task_9"",""task_10""]",0.01,10,0.5,100,5.0e-5,10,15,10,15,500,50,100,1,10,155,1,0.1,time_out,242704822,2,1451.15,2025-12-14T18:10:08.673,0,242704822,true,true,"[0.01,0.05]",10,10,10,500.04197377363954,0.22176427985000763,0.2525041248680857,0.144,0.3146666666666667,0.08133333333333333,,,,,,,/scratch/n/N.Pfaffenzeller/nikolas_nethive/nethive_multiverse/results/test_runs/10b10t15c500e_log_sweep,param_155_rep_2,/scratch/n/N.Pfaffenzeller/nikolas_nethive/nethive_multiverse/results/test_runs/10b10t15c500e_log_sweep/data/param_155_rep_2,/scratch/n/N.Pfaffenzeller/nikolas_nethive/nethive_multiverse/results/test_runs/10b10t15c500e_log_sweep/data/param_155_rep_2/event_log.csv,/scratch/n/N.Pfaffenzeller/nikolas_nethive/nethive_multiverse/results/test_runs/10b10t15c500e_log_sweep/data/param_155_rep_2/config.json
32,1000,"[0,1]","[""task_1"",""task_2"",""task_3"",""task_4"",""task_5"",""task_6"",""task_7"",""task_8"",""task_9"",""task_10""]",0.01,10,0.5,100,5.0e-5,10,15,10,15,500,50,100,1,10,155,1,0.1,time_out,242704823,3,683.51,2025-12-14T18:09:49.143,0,242704823,true,true,"[0.01,0.05]",10,10,10,500.00215924588946,0.2844974544447439,0.31893482628143177,0.13466666666666666,0.3424,0.13466666666666666,,,,,,,/scratch/n/N.Pfaffenzeller/nikolas_nethive/nethive_multiverse/results/test_runs/10b10t15c500e_log_sweep,param_155_rep_3,/scratch/n/N.Pfaffenzeller/nikolas_nethive/nethive_multiverse/results/test_runs/10b10t15c500e_log_sweep/data/param_155_rep_3,/scratch/n/N.Pfaffenzeller/nikolas_nethive/nethive_multiverse/results/test_runs/10b10t15c500e_log_sweep/data/param_155_rep_3/event_log.csv,/scratch/n/N.Pfaffenzeller/nikolas_nethive/nethive_multiverse/results/test_runs/10b10t15c500e_log_sweep/data/param_155_rep_3/config.json
32,1000,"[0,1]","[""task_1"",""task_2"",""task_3"",""task_4"",""task_5"",""task_6"",""task_7"",""task_8"",""task_9"",""task_10""]",0.05,10,0.5,100,5.0e-5,10,15,10,15,500,50,100,1,10,156,1,0.1,time_out,242705821,1,737.68,2025-12-14T18:09:50.789,0,242705821,true,true,"[0.01,0.05]",10,10,10,500.01255536317524,0.2355050892042656,0.25398157159120743,0.18,0.344,0.18,,,,,,,/scratch/n/N.Pfaffenzeller/nikolas_nethive/nethive_multiverse/results/test_runs/10b10t15c500e_log_sweep,param_156_rep_1,/scratch/n/N.Pfaffenzeller/nikolas_nethive/nethive_multiverse/results/test_runs/10b10t15c500e_log_sweep/data/param_156_rep_1,/scratch/n/N.Pfaffenzeller/nikolas_nethive/nethive_multiverse/results/test_runs/10b10t15c500e_log_sweep/data/param_156_rep_1/event_log.csv,/scratch/n/N.Pfaffenzeller/nikolas_nethive/nethive_multiverse/results/test_runs/10b10t15c500e_log_sweep/data/param_156_rep_1/config.json
32,1000,"[0,1]","[""task_1"",""task_2"",""task_3"",""task_4"",""task_5"",""task_6"",""task_7"",""task_8"",""task_9"",""task_10""]",0.05,10,0.5,100,5.0e-5,10,15,10,15,500,50,100,1,10,156,1,0.1,time_out,242705822,2,689.98,2025-12-14T18:09:51.978,0,242705822,true,true,"[0.01,0.05]",10,10,10,500.0171233901488,0.2636370627548741,0.3470111702008163,0.116,0.3328,0.09333333333333334,,,,,,,/scratch/n/N.Pfaffenzeller/nikolas_nethive/nethive_multiverse/results/test_runs/10b10t15c500e_log_sweep,param_156_rep_2,/scratch/n/N.Pfaffenzeller/nikolas_nethive/nethive_multiverse/results/test_runs/10b10t15c500e_log_sweep/data/param_156_rep_2,/scratch/n/N.Pfaffenzeller/nikolas_nethive/nethive_multiverse/results/test_runs/10b10t15c500e_log_sweep/data/param_156_rep_2/event_log.csv,/scratch/n/N.Pfaffenzeller/nikolas_nethive/nethive_multiverse/results/test_runs/10b10t15c500e_log_sweep/data/param_156_rep_2/config.json
32,1000,"[0,1]","[""task_1"",""task_2"",""task_3"",""task_4"",""task_5"",""task_6"",""task_7"",""task_8"",""task_9"",""task_10""]",0.05,10,0.5,100,5.0e-5,10,15,10,15,500,50,100,1,10,156,1,0.1,time_out,242705823,3,724.29,2025-12-14T18:10:00.827,0,242705823,true,true,"[0.01,0.05]",10,10,10,500.00097654796934,0.2489750227396641,0.2771310983900549,0.20266666666666666,0.39866666666666667,0.10666666666666667,,,,,,,/scratch/n/N.Pfaffenzeller/nikolas_nethive/nethive_multiverse/results/test_runs/10b10t15c500e_log_sweep,param_156_rep_3,/scratch/n/N.Pfaffenzeller/nikolas_nethive/nethive_multiverse/results/test_runs/10b10t15c500e_log_sweep/data/param_156_rep_3,/scratch/n/N.Pfaffenzeller/nikolas_nethive/nethive_multiverse/results/test_runs/10b10t15c500e_log_sweep/data/param_156_rep_3/event_log.csv,/scratch/n/N.Pfaffenzeller/nikolas_nethive/nethive_multiverse/results/test_runs/10b10t15c500e_log_sweep/data/param_156_rep_3/config.json
32,1000,"[0,1]","[""task_1"",""task_2"",""task_3"",""task_4"",""task_5"",""task_6"",""task_7"",""task_8"",""task_9"",""task_10""]",0.1,10,0.5,100,5.0e-5,10,15,10,15,500,50,100,1,10,157,1,0.1,time_out,242706821,1,669.51,2025-12-14T18:10:00.103,0,242706821,true,true,"[0.01,0.05]",10,10,10,500.0127509656454,0.23410214048301187,0.2754022489767999,0.12266666666666666,0.36293333333333333,0.07466666666666667,,,,,,,/scratch/n/N.Pfaffenzeller/nikolas_nethive/nethive_multiverse/results/test_runs/10b10t15c500e_log_sweep,param_157_rep_1,/scratch/n/N.Pfaffenzeller/nikolas_nethive/nethive_multiverse/results/test_runs/10b10t15c500e_log_sweep/data/param_157_rep_1,/scratch/n/N.Pfaffenzeller/nikolas_nethive/nethive_multiverse/results/test_runs/10b10t15c500e_log_sweep/data/param_157_rep_1/event_log.csv,/scratch/n/N.Pfaffenzeller/nikolas_nethive/nethive_multiverse/results/test_runs/10b10t15c500e_log_sweep/data/param_157_rep_1/config.json
32,1000,"[0,1]","[""task_1"",""task_2"",""task_3"",""task_4"",""task_5"",""task_6"",""task_7"",""task_8"",""task_9"",""task_10""]",0.1,10,0.5,100,5.0e-5,10,15,10,15,500,50,100,1,10,157,1,0.1,time_out,242706822,2,1483.75,2025-12-14T18:10:37.548,0,242706822,true,true,"[0.01,0.05]",10,10,10,500.0056550188875,0.26102585323358607,0.3179128420814729,0.112,0.33626666666666666,0.112,,,,,,,/scratch/n/N.Pfaffenzeller/nikolas_nethive/nethive_multiverse/results/test_runs/10b10t15c500e_log_sweep,param_157_rep_2,/scratch/n/N.Pfaffenzeller/nikolas_nethive/nethive_multiverse/results/test_runs/10b10t15c500e_log_sweep/data/param_157_rep_2,/scratch/n/N.Pfaffenzeller/nikolas_nethive/nethive_multiverse/results/test_runs/10b10t15c500e_log_sweep/data/param_157_rep_2/event_log.csv,/scratch/n/N.Pfaffenzeller/nikolas_nethive/nethive_multiverse/results/test_runs/10b10t15c500e_log_sweep/data/param_157_rep_2/config.json
32,1000,"[0,1]","[""task_1"",""task_2"",""task_3"",""task_4"",""task_5"",""task_6"",""task_7"",""task_8"",""task_9"",""task_10""]",0.1,10,0.5,100,5.0e-5,10,15,10,15,500,50,100,1,10,157,1,0.1,time_out,242706823,3,1505.85,2025-12-14T18:11:28.793,0,242706823,true,true,"[0.01,0.05]",10,10,10,500.00715093831343,0.2370097357764666,0.2794360844211772,0.05333333333333334,0.35746666666666665,0.05333333333333334,,,,,,,/scratch/n/N.Pfaffenzeller/nikolas_nethive/nethive_multiverse/results/test_runs/10b10t15c500e_log_sweep,param_157_rep_3,/scratch/n/N.Pfaffenzeller/nikolas_nethive/nethive_multiverse/results/test_runs/10b10t15c500e_log_sweep/data/param_157_rep_3,/scratch/n/N.Pfaffenzeller/nikolas_nethive/nethive_multiverse/results/test_runs/10b10t15c500e_log_sweep/data/param_157_rep_3/event_log.csv,/scratch/n/N.Pfaffenzeller/nikolas_nethive/nethive_multiverse/results/test_runs/10b10t15c500e_log_sweep/data/param_157_rep_3/config.json
32,1000,"[0,1]","[""task_1"",""task_2"",""task_3"",""task_4"",""task_5"",""task_6"",""task_7"",""task_8"",""task_9"",""task_10""]",0.5,10,0.5,100,5.0e-5,10,15,10,15,500,50,100,1,10,158,1,0.1,time_out,242707821,1,667.45,2025-12-14T18:11:01.278,0,242707821,true,true,"[0.01,0.05]",10,10,10,500.0193772240572,0.2663728467243073,0.3100789825468366,0.12133333333333333,0.3878666666666667,0.12133333333333333,,,,,,,/scratch/n/N.Pfaffenzeller/nikolas_nethive/nethive_multiverse/results/test_runs/10b10t15c500e_log_sweep,param_158_rep_1,/scratch/n/N.Pfaffenzeller/nikolas_nethive/nethive_multiverse/results/test_runs/10b10t15c500e_log_sweep/data/param_158_rep_1,/scratch/n/N.Pfaffenzeller/nikolas_nethive/nethive_multiverse/results/test_runs/10b10t15c500e_log_sweep/data/param_158_rep_1/event_log.csv,/scratch/n/N.Pfaffenzeller/nikolas_nethive/nethive_multiverse/results/test_runs/10b10t15c500e_log_sweep/data/param_158_rep_1/config.json
32,1000,"[0,1]","[""task_1"",""task_2"",""task_3"",""task_4"",""task_5"",""task_6"",""task_7"",""task_8"",""task_9"",""task_10""]",0.5,10,0.5,100,5.0e-5,10,15,10,15,500,50,100,1,10,158,1,0.1,time_out,242707822,2,665.61,2025-12-14T18:10:51.502,0,242707822,true,true,"[0.01,0.05]",10,10,10,500.00456539540687,0.2129273276105031,0.24438237932458012,0.12933333333333333,0.3297333333333333,0.12933333333333333,,,,,,,/scratch/n/N.Pfaffenzeller/nikolas_nethive/nethive_multiverse/results/test_runs/10b10t15c500e_log_sweep,param_158_rep_2,/scratch/n/N.Pfaffenzeller/nikolas_nethive/nethive_multiverse/results/test_runs/10b10t15c500e_log_sweep/data/param_158_rep_2,/scratch/n/N.Pfaffenzeller/nikolas_nethive/nethive_multiverse/results/test_runs/10b10t15c500e_log_sweep/data/param_158_rep_2/event_log.csv,/scratch/n/N.Pfaffenzeller/nikolas_nethive/nethive_multiverse/results/test_runs/10b10t15c500e_log_sweep/data/param_158_rep_2/config.json
32,1000,"[0,1]","[""task_1"",""task_2"",""task_3"",""task_4"",""task_5"",""task_6"",""task_7"",""task_8"",""task_9"",""task_10""]",0.5,10,0.5,100,5.0e-5,10,15,10,15,500,50,100,1,10,158,1,0.1,time_out,242707823,3,665.85,2025-12-14T18:10:59.551,0,242707823,true,true,"[0.01,0.05]",10,10,10,500.00314501520654,0.2222363632117052,0.2625990293115662,0.11466666666666667,0.33693333333333336,0.10533333333333333,,,,,,,/scratch/n/N.Pfaffenzeller/nikolas_nethive/nethive_multiverse/results/test_runs/10b10t15c500e_log_sweep,param_158_rep_3,/scratch/n/N.Pfaffenzeller/nikolas_nethive/nethive_multiverse/results/test_runs/10b10t15c500e_log_sweep/data/param_158_rep_3,/scratch/n/N.Pfaffenzeller/nikolas_nethive/nethive_multiverse/results/test_runs/10b10t15c500e_log_sweep/data/param_158_rep_3/event_log.csv,/scratch/n/N.Pfaffenzeller/nikolas_nethive/nethive_multiverse/results/test_runs/10b10t15c500e_log_sweep/data/param_158_rep_3/config.json
32,1000,"[0,1]","[""task_1"",""task_2"",""task_3"",""task_4"",""task_5"",""task_6"",""task_7"",""task_8"",""task_9"",""task_10""]",1.0,10,0.5,100,5.0e-5,10,15,10,15,500,50,100,1,10,159,1,0.1,time_out,242708821,1,719.6,2025-12-14T18:11:16.412,0,242708821,true,true,"[0.01,0.05]",10,10,10,500.00648626985713,0.2282532067824372,0.27004525221205056,0.06,0.36186666666666667,0.06,,,,,,,/scratch/n/N.Pfaffenzeller/nikolas_nethive/nethive_multiverse/results/test_runs/10b10t15c500e_log_sweep,param_159_rep_1,/scratch/n/N.Pfaffenzeller/nikolas_nethive/nethive_multiverse/results/test_runs/10b10t15c500e_log_sweep/data/param_159_rep_1,/scratch/n/N.Pfaffenzeller/nikolas_nethive/nethive_multiverse/results/test_runs/10b10t15c500e_log_sweep/data/param_159_rep_1/event_log.csv,/scratch/n/N.Pfaffenzeller/nikolas_nethive/nethive_multiverse/results/test_runs/10b10t15c500e_log_sweep/data/param_159_rep_1/config.json
32,1000,"[0,1]","[""task_1"",""task_2"",""task_3"",""task_4"",""task_5"",""task_6"",""task_7"",""task_8"",""task_9"",""task_10""]",1.0,10,0.5,100,5.0e-5,10,15,10,15,500,50,100,1,10,159,1,0.1,time_out,242708822,2,713.96,2025-12-14T18:11:20.891,0,242708822,true,true,"[0.01,0.05]",10,10,10,500.01476415733003,0.21207679050436917,0.24286830701937562,0.1,0.324,0.1,,,,,,,/scratch/n/N.Pfaffenzeller/nikolas_nethive/nethive_multiverse/results/test_runs/10b10t15c500e_log_sweep,param_159_rep_2,/scratch/n/N.Pfaffenzeller/nikolas_nethive/nethive_multiverse/results/test_runs/10b10t15c500e_log_sweep/data/param_159_rep_2,/scratch/n/N.Pfaffenzeller/nikolas_nethive/nethive_multiverse/results/test_runs/10b10t15c500e_log_sweep/data/param_159_rep_2/event_log.csv,/scratch/n/N.Pfaffenzeller/nikolas_nethive/nethive_multiverse/results/test_runs/10b10t15c500e_log_sweep/data/param_159_rep_2/config.json
32,1000,"[0,1]","[""task_1"",""task_2"",""task_3"",""task_4"",""task_5"",""task_6"",""task_7"",""task_8"",""task_9"",""task_10""]",1.0,10,0.5,100,5.0e-5,10,15,10,15,500,50,100,1,10,159,1,0.1,time_out,242708823,3,655.15,2025-12-14T18:11:22.574,0,242708823,true,true,"[0.01,0.05]",10,10,10,500.0507827030063,0.263722235103603,0.3223493872203532,0.088,0.3738666666666667,0.088,,,,,,,/scratch/n/N.Pfaffenzeller/nikolas_nethive/nethive_multiverse/results/test_runs/10b10t15c500e_log_sweep,param_159_rep_3,/scratch/n/N.Pfaffenzeller/nikolas_nethive/nethive_multiverse/results/test_runs/10b10t15c500e_log_sweep/data/param_159_rep_3,/scratch/n/N.Pfaffenzeller/nikolas_nethive/nethive_multiverse/results/test_runs/10b10t15c500e_log_sweep/data/param_159_rep_3/event_log.csv,/scratch/n/N.Pfaffenzeller/nikolas_nethive/nethive_multiverse/results/test_runs/10b10t15c500e_log_sweep/data/param_159_rep_3/config.json
32,1000,"[0,1]","[""task_1"",""task_2"",""task_3"",""task_4"",""task_5"",""task_6"",""task_7"",""task_8"",""task_9"",""task_10""]",0.5,10,0.05,100,1.0e-5,10,15,10,15,500,50,100,1,10,15,1,0.1,time_out,242564821,1,1438.01,2025-12-14T15:17:29.009,0,242564821,true,true,"[0.01,0.05]",10,10,10,500.01142526796355,0.28714784661964504,0.29531469254337306,0.02266666666666667,0.2948,0.02266666666666667,,,,,,,/scratch/n/N.Pfaffenzeller/nikolas_nethive/nethive_multiverse/results/test_runs/10b10t15c500e_log_sweep,param_15_rep_1,/scratch/n/N.Pfaffenzeller/nikolas_nethive/nethive_multiverse/results/test_runs/10b10t15c500e_log_sweep/data/param_15_rep_1,/scratch/n/N.Pfaffenzeller/nikolas_nethive/nethive_multiverse/results/test_runs/10b10t15c500e_log_sweep/data/param_15_rep_1/event_log.csv,/scratch/n/N.Pfaffenzeller/nikolas_nethive/nethive_multiverse/results/test_runs/10b10t15c500e_log_sweep/data/param_15_rep_1/config.json
32,1000,"[0,1]","[""task_1"",""task_2"",""task_3"",""task_4"",""task_5"",""task_6"",""task_7"",""task_8"",""task_9"",""task_10""]",0.5,10,0.05,100,1.0e-5,10,15,10,15,500,50,100,1,10,15,1,0.1,time_out,242564822,2,1437.52,2025-12-14T15:17:39.073,0,242564822,true,true,"[0.01,0.05]",10,10,10,500.00944173151515,0.18999691578979283,0.22609486137217924,0.0026666666666666666,0.2496,0.0026666666666666666,,,,,,,/scratch/n/N.Pfaffenzeller/nikolas_nethive/nethive_multiverse/results/test_runs/10b10t15c500e_log_sweep,param_15_rep_2,/scratch/n/N.Pfaffenzeller/nikolas_nethive/nethive_multiverse/results/test_runs/10b10t15c500e_log_sweep/data/param_15_rep_2,/scratch/n/N.Pfaffenzeller/nikolas_nethive/nethive_multiverse/results/test_runs/10b10t15c500e_log_sweep/data/param_15_rep_2/event_log.csv,/scratch/n/N.Pfaffenzeller/nikolas_nethive/nethive_multiverse/results/test_runs/10b10t15c500e_log_sweep/data/param_15_rep_2/config.json
32,1000,"[0,1]","[""task_1"",""task_2"",""task_3"",""task_4"",""task_5"",""task_6"",""task_7"",""task_8"",""task_9"",""task_10""]",0.5,10,0.05,100,1.0e-5,10,15,10,15,500,50,100,1,10,15,1,0.1,time_out,242564823,3,1484.83,2025-12-14T15:17:49.430,0,242564823,true,true,"[0.01,0.05]",10,10,10,500.0027553852438,0.16722820932156265,0.23289053152705633,0.012,0.21760000000000002,0.012,,,,,,,/scratch/n/N.Pfaffenzeller/nikolas_nethive/nethive_multiverse/results/test_runs/10b10t15c500e_log_sweep,param_15_rep_3,/scratch/n/N.Pfaffenzeller/nikolas_nethive/nethive_multiverse/results/test_runs/10b10t15c500e_log_sweep/data/param_15_rep_3,/scratch/n/N.Pfaffenzeller/nikolas_nethive/nethive_multiverse/results/test_runs/10b10t15c500e_log_sweep/data/param_15_rep_3/event_log.csv,/scratch/n/N.Pfaffenzeller/nikolas_nethive/nethive_multiverse/results/test_runs/10b10t15c500e_log_sweep/data/param_15_rep_3/config.json
32,1000,"[0,1]","[""task_1"",""task_2"",""task_3"",""task_4"",""task_5"",""task_6"",""task_7"",""task_8"",""task_9"",""task_10""]",5.0,10,0.5,100,5.0e-5,10,15,10,15,500,50,100,1,10,160,1,0.1,time_out,242709821,1,642.41,2025-12-14T18:11:32.095,0,242709821,true,true,"[0.01,0.05]",10,10,10,500.0258834000206,0.3156089025243231,0.3642255389672001,0.11066666666666666,0.45199999999999996,0.11066666666666666,,,,,,,/scratch/n/N.Pfaffenzeller/nikolas_nethive/nethive_multiverse/results/test_runs/10b10t15c500e_log_sweep,param_160_rep_1,/scratch/n/N.Pfaffenzeller/nikolas_nethive/nethive_multiverse/results/test_runs/10b10t15c500e_log_sweep/data/param_160_rep_1,/scratch/n/N.Pfaffenzeller/nikolas_nethive/nethive_multiverse/results/test_runs/10b10t15c500e_log_sweep/data/param_160_rep_1/event_log.csv,/scratch/n/N.Pfaffenzeller/nikolas_nethive/nethive_multiverse/results/test_runs/10b10t15c500e_log_sweep/data/param_160_rep_1/config.json
32,1000,"[0,1]","[""task_1"",""task_2"",""task_3"",""task_4"",""task_5"",""task_6"",""task_7"",""task_8"",""task_9"",""task_10""]",5.0,10,0.5,100,5.0e-5,10,15,10,15,500,50,100,1,10,160,1,0.1,time_out,242709822,2,675.03,2025-12-14T18:12:01.962,0,242709822,true,true,"[0.01,0.05]",10,10,10,500.00084312890397,0.2124345582096193,0.23922760163949155,0.11333333333333333,0.31093333333333334,0.11333333333333333,,,,,,,/scratch/n/N.Pfaffenzeller/nikolas_nethive/nethive_multiverse/results/test_runs/10b10t15c500e_log_sweep,param_160_rep_2,/scratch/n/N.Pfaffenzeller/nikolas_nethive/nethive_multiverse/results/test_runs/10b10t15c500e_log_sweep/data/param_160_rep_2,/scratch/n/N.Pfaffenzeller/nikolas_nethive/nethive_multiverse/results/test_runs/10b10t15c500e_log_sweep/data/param_160_rep_2/event_log.csv,/scratch/n/N.Pfaffenzeller/nikolas_nethive/nethive_multiverse/results/test_runs/10b10t15c500e_log_sweep/data/param_160_rep_2/config.json
32,1000,"[0,1]","[""task_1"",""task_2"",""task_3"",""task_4"",""task_5"",""task_6"",""task_7"",""task_8"",""task_9"",""task_10""]",5.0,10,0.5,100,5.0e-5,10,15,10,15,500,50,100,1,10,160,1,0.1,time_out,242709823,3,644.58,2025-12-14T18:11:51.371,0,242709823,true,true,"[0.01,0.05]",10,10,10,500.00567899813956,0.2506757981879637,0.2920565983653881,0.112,0.3801333333333333,0.10666666666666667,,,,,,,/scratch/n/N.Pfaffenzeller/nikolas_nethive/nethive_multiverse/results/test_runs/10b10t15c500e_log_sweep,param_160_rep_3,/scratch/n/N.Pfaffenzeller/nikolas_nethive/nethive_multiverse/results/test_runs/10b10t15c500e_log_sweep/data/param_160_rep_3,/scratch/n/N.Pfaffenzeller/nikolas_nethive/nethive_multiverse/results/test_runs/10b10t15c500e_log_sweep/data/param_160_rep_3/event_log.csv,/scratch/n/N.Pfaffenzeller/nikolas_nethive/nethive_multiverse/results/test_runs/10b10t15c500e_log_sweep/data/param_160_rep_3/config.json
32,1000,"[0,1]","[""task_1"",""task_2"",""task_3"",""task_4"",""task_5"",""task_6"",""task_7"",""task_8"",""task_9"",""task_10""]",10.0,10,0.5,100,5.0e-5,10,15,10,15,500,50,100,1,10,161,1,0.1,time_out,242710821,1,546.35,2025-12-14T18:12:03.961,0,242710821,true,true,"[0.01,0.05]",10,10,10,500.0045999912344,0.27745819675971767,0.29902876523828065,0.22533333333333333,0.38386666666666663,0.22533333333333333,,,,,,,/scratch/n/N.Pfaffenzeller/nikolas_nethive/nethive_multiverse/results/test_runs/10b10t15c500e_log_sweep,param_161_rep_1,/scratch/n/N.Pfaffenzeller/nikolas_nethive/nethive_multiverse/results/test_runs/10b10t15c500e_log_sweep/data/param_161_rep_1,/scratch/n/N.Pfaffenzeller/nikolas_nethive/nethive_multiverse/results/test_runs/10b10t15c500e_log_sweep/data/param_161_rep_1/event_log.csv,/scratch/n/N.Pfaffenzeller/nikolas_nethive/nethive_multiverse/results/test_runs/10b10t15c500e_log_sweep/data/param_161_rep_1/config.json
32,1000,"[0,1]","[""task_1"",""task_2"",""task_3"",""task_4"",""task_5"",""task_6"",""task_7"",""task_8"",""task_9"",""task_10""]",10.0,10,0.5,100,5.0e-5,10,15,10,15,500,50,100,1,10,161,1,0.1,time_out,242710822,2,610.92,2025-12-14T18:12:50.163,0,242710822,true,true,"[0.01,0.05]",10,10,10,500.0117665965684,0.30899313239414267,0.35052095015880136,0.11066666666666666,0.4070666666666667,0.104,,,,,,,/scratch/n/N.Pfaffenzeller/nikolas_nethive/nethive_multiverse/results/test_runs/10b10t15c500e_log_sweep,param_161_rep_2,/scratch/n/N.Pfaffenzeller/nikolas_nethive/nethive_multiverse/results/test_runs/10b10t15c500e_log_sweep/data/param_161_rep_2,/scratch/n/N.Pfaffenzeller/nikolas_nethive/nethive_multiverse/results/test_runs/10b10t15c500e_log_sweep/data/param_161_rep_2/event_log.csv,/scratch/n/N.Pfaffenzeller/nikolas_nethive/nethive_multiverse/results/test_runs/10b10t15c500e_log_sweep/data/param_161_rep_2/config.json
32,1000,"[0,1]","[""task_1"",""task_2"",""task_3"",""task_4"",""task_5"",""task_6"",""task_7"",""task_8"",""task_9"",""task_10""]",10.0,10,0.5,100,5.0e-5,10,15,10,15,500,50,100,1,10,161,1,0.1,time_out,242710823,3,530.06,2025-12-14T18:12:36.881,0,242710823,true,true,"[0.01,0.05]",10,10,10,500.02011858984963,0.36436946253625835,0.4058670667268854,0.11066666666666666,0.4778666666666666,0.104,,,,,,,/scratch/n/N.Pfaffenzeller/nikolas_nethive/nethive_multiverse/results/test_runs/10b10t15c500e_log_sweep,param_161_rep_3,/scratch/n/N.Pfaffenzeller/nikolas_nethive/nethive_multiverse/results/test_runs/10b10t15c500e_log_sweep/data/param_161_rep_3,/scratch/n/N.Pfaffenzeller/nikolas_nethive/nethive_multiverse/results/test_runs/10b10t15c500e_log_sweep/data/param_161_rep_3/event_log.csv,/scratch/n/N.Pfaffenzeller/nikolas_nethive/nethive_multiverse/results/test_runs/10b10t15c500e_log_sweep/data/param_161_rep_3/config.json
32,1000,"[0,1]","[""task_1"",""task_2"",""task_3"",""task_4"",""task_5"",""task_6"",""task_7"",""task_8"",""task_9"",""task_10""]",50.0,10,0.5,100,5.0e-5,10,15,10,15,500,50,100,1,10,162,1,0.1,time_out,242711821,1,314.54,2025-12-14T18:13:06.730,0,242711821,true,true,"[0.01,0.05]",10,10,10,500.00130653044664,0.6988836990329348,0.7142529577428747,0.09333333333333334,0.6484,0.004,,,,,,,/scratch/n/N.Pfaffenzeller/nikolas_nethive/nethive_multiverse/results/test_runs/10b10t15c500e_log_sweep,param_162_rep_1,/scratch/n/N.Pfaffenzeller/nikolas_nethive/nethive_multiverse/results/test_runs/10b10t15c500e_log_sweep/data/param_162_rep_1,/scratch/n/N.Pfaffenzeller/nikolas_nethive/nethive_multiverse/results/test_runs/10b10t15c500e_log_sweep/data/param_162_rep_1/event_log.csv,/scratch/n/N.Pfaffenzeller/nikolas_nethive/nethive_multiverse/results/test_runs/10b10t15c500e_log_sweep/data/param_162_rep_1/config.json
32,1000,"[0,1]","[""task_1"",""task_2"",""task_3"",""task_4"",""task_5"",""task_6"",""task_7"",""task_8"",""task_9"",""task_10""]",50.0,10,0.5,100,5.0e-5,10,15,10,15,500,50,100,1,10,162,1,0.1,time_out,242711822,2,316.15,2025-12-14T18:13:34.357,0,242711822,true,true,"[0.01,0.05]",10,10,10,500.02063575974614,0.542047185094755,0.5615889531768727,0.30133333333333334,0.5740000000000001,0.24666666666666667,,,,,,,/scratch/n/N.Pfaffenzeller/nikolas_nethive/nethive_multiverse/results/test_runs/10b10t15c500e_log_sweep,param_162_rep_2,/scratch/n/N.Pfaffenzeller/nikolas_nethive/nethive_multiverse/results/test_runs/10b10t15c500e_log_sweep/data/param_162_rep_2,/scratch/n/N.Pfaffenzeller/nikolas_nethive/nethive_multiverse/results/test_runs/10b10t15c500e_log_sweep/data/param_162_rep_2/event_log.csv,/scratch/n/N.Pfaffenzeller/nikolas_nethive/nethive_multiverse/results/test_runs/10b10t15c500e_log_sweep/data/param_162_rep_2/config.json
32,1000,"[0,1]","[""task_1"",""task_2"",""task_3"",""task_4"",""task_5"",""task_6"",""task_7"",""task_8"",""task_9"",""task_10""]",50.0,10,0.5,100,5.0e-5,10,15,10,15,500,50,100,1,10,162,1,0.1,time_out,242711823,3,325.08,2025-12-14T18:13:44.332,0,242711823,true,true,"[0.01,0.05]",10,10,10,500.02746947700746,0.47724193485623445,0.5050305202603451,0.15333333333333332,0.49333333333333335,0.15333333333333332,,,,,,,/scratch/n/N.Pfaffenzeller/nikolas_nethive/nethive_multiverse/results/test_runs/10b10t15c500e_log_sweep,param_162_rep_3,/scratch/n/N.Pfaffenzeller/nikolas_nethive/nethive_multiverse/results/test_runs/10b10t15c500e_log_sweep/data/param_162_rep_3,/scratch/n/N.Pfaffenzeller/nikolas_nethive/nethive_multiverse/results/test_runs/10b10t15c500e_log_sweep/data/param_162_rep_3/event_log.csv,/scratch/n/N.Pfaffenzeller/nikolas_nethive/nethive_multiverse/results/test_runs/10b10t15c500e_log_sweep/data/param_162_rep_3/config.json
32,1000,"[0,1]","[""task_1"",""task_2"",""task_3"",""task_4"",""task_5"",""task_6"",""task_7"",""task_8"",""task_9"",""task_10""]",100.0,10,0.5,100,5.0e-5,10,15,10,15,500,50,100,1,10,163,1,0.1,time_out,242712821,1,247.33,2025-12-14T18:14:36.601,0,242712821,true,true,"[0.01,0.05]",10,10,10,500.0054926590342,0.9473479668716909,0.9458706296323769,0.9013333333333333,0.9706666666666667,0.9013333333333333,222.83418709505008,0.9342325962555347,0.9333013864451992,237.4733042429776,0.9473479668716909,0.9458706296323769,/scratch/n/N.Pfaffenzeller/nikolas_nethive/nethive_multiverse/results/test_runs/10b10t15c500e_log_sweep,param_163_rep_1,/scratch/n/N.Pfaffenzeller/nikolas_nethive/nethive_multiverse/results/test_runs/10b10t15c500e_log_sweep/data/param_163_rep_1,/scratch/n/N.Pfaffenzeller/nikolas_nethive/nethive_multiverse/results/test_runs/10b10t15c500e_log_sweep/data/param_163_rep_1/event_log.csv,/scratch/n/N.Pfaffenzeller/nikolas_nethive/nethive_multiverse/results/test_runs/10b10t15c500e_log_sweep/data/param_163_rep_1/config.json
32,1000,"[0,1]","[""task_1"",""task_2"",""task_3"",""task_4"",""task_5"",""task_6"",""task_7"",""task_8"",""task_9"",""task_10""]",100.0,10,0.5,100,5.0e-5,10,15,10,15,500,50,100,1,10,163,1,0.1,time_out,242712822,2,248.74,2025-12-14T18:14:47.713,0,242712822,true,true,"[0.01,0.05]",10,10,10,500.0105940249456,0.6799928469905185,0.6998233926962275,0.15066666666666667,0.6884,0.15066666666666667,,,,,,,/scratch/n/N.Pfaffenzeller/nikolas_nethive/nethive_multiverse/results/test_runs/10b10t15c500e_log_sweep,param_163_rep_2,/scratch/n/N.Pfaffenzeller/nikolas_nethive/nethive_multiverse/results/test_runs/10b10t15c500e_log_sweep/data/param_163_rep_2,/scratch/n/N.Pfaffenzeller/nikolas_nethive/nethive_multiverse/results/test_runs/10b10t15c500e_log_sweep/data/param_163_rep_2/event_log.csv,/scratch/n/N.Pfaffenzeller/nikolas_nethive/nethive_multiverse/results/test_runs/10b10t15c500e_log_sweep/data/param_163_rep_2/config.json
32,1000,"[0,1]","[""task_1"",""task_2"",""task_3"",""task_4"",""task_5"",""task_6"",""task_7"",""task_8"",""task_9"",""task_10""]",100.0,10,0.5,100,5.0e-5,10,15,10,15,500,50,100,1,10,163,1,0.1,time_out,242712823,3,257.8,2025-12-14T18:15:38.485,0,242712823,true,true,"[0.01,0.05]",10,10,10,500.0040545980455,0.947167016888493,0.9457361640450352,0.6626666666666666,0.9608000000000001,0.6626666666666666,487.85146288192817,0.8723353430723769,0.8644757881353575,,,,/scratch/n/N.Pfaffenzeller/nikolas_nethive/nethive_multiverse/results/test_runs/10b10t15c500e_log_sweep,param_163_rep_3,/scratch/n/N.Pfaffenzeller/nikolas_nethive/nethive_multiverse/results/test_runs/10b10t15c500e_log_sweep/data/param_163_rep_3,/scratch/n/N.Pfaffenzeller/nikolas_nethive/nethive_multiverse/results/test_runs/10b10t15c500e_log_sweep/data/param_163_rep_3/event_log.csv,/scratch/n/N.Pfaffenzeller/nikolas_nethive/nethive_multiverse/results/test_runs/10b10t15c500e_log_sweep/data/param_163_rep_3/config.json
32,1000,"[0,1]","[""task_1"",""task_2"",""task_3"",""task_4"",""task_5"",""task_6"",""task_7"",""task_8"",""task_9"",""task_10""]",500.0,10,0.5,100,5.0e-5,10,15,10,15,500,50,100,1,10,164,1,0.1,time_out,242713821,1,254.7,2025-12-14T18:17:58.024,0,242713821,true,true,"[0.01,0.05]",10,10,10,500.25735662870164,0.9023190501442928,0.9189573647158176,0.124,0.9122666666666666,0.124,,,,,,,/scratch/n/N.Pfaffenzeller/nikolas_nethive/nethive_multiverse/results/test_runs/10b10t15c500e_log_sweep,param_164_rep_1,/scratch/n/N.Pfaffenzeller/nikolas_nethive/nethive_multiverse/results/test_runs/10b10t15c500e_log_sweep/data/param_164_rep_1,/scratch/n/N.Pfaffenzeller/nikolas_nethive/nethive_multiverse/results/test_runs/10b10t15c500e_log_sweep/data/param_164_rep_1/event_log.csv,/scratch/n/N.Pfaffenzeller/nikolas_nethive/nethive_multiverse/results/test_runs/10b10t15c500e_log_sweep/data/param_164_rep_1/config.json
32,1000,"[0,1]","[""task_1"",""task_2"",""task_3"",""task_4"",""task_5"",""task_6"",""task_7"",""task_8"",""task_9"",""task_10""]",500.0,10,0.5,100,5.0e-5,10,15,10,15,500,50,100,1,10,164,1,0.1,time_out,242713822,2,118.99,2025-12-14T18:19:10.291,0,242713822,true,true,"[0.01,0.05]",10,10,10,500.08699096977386,0.923745000014434,0.9354202245387727,0.09466666666666666,0.9,0.0,,,,,,,/scratch/n/N.Pfaffenzeller/nikolas_nethive/nethive_multiverse/results/test_runs/10b10t15c500e_log_sweep,param_164_rep_2,/scratch/n/N.Pfaffenzeller/nikolas_nethive/nethive_multiverse/results/test_runs/10b10t15c500e_log_sweep/data/param_164_rep_2,/scratch/n/N.Pfaffenzeller/nikolas_nethive/nethive_multiverse/results/test_runs/10b10t15c500e_log_sweep/data/param_164_rep_2/event_log.csv,/scratch/n/N.Pfaffenzeller/nikolas_nethive/nethive_multiverse/results/test_runs/10b10t15c500e_log_sweep/data/param_164_rep_2/config.json
32,1000,"[0,1]","[""task_1"",""task_2"",""task_3"",""task_4"",""task_5"",""task_6"",""task_7"",""task_8"",""task_9"",""task_10""]",500.0,10,0.5,100,5.0e-5,10,15,10,15,500,50,100,1,10,164,1,0.1,time_out,242713823,3,123.18,2025-12-14T18:19:37.574,0,242713823,true,true,"[0.01,0.05]",10,10,10,500.00446747238414,0.860312178641548,0.8739618905632252,0.31066666666666665,0.8409333333333333,0.08666666666666667,,,,,,,/scratch/n/N.Pfaffenzeller/nikolas_nethive/nethive_multiverse/results/test_runs/10b10t15c500e_log_sweep,param_164_rep_3,/scratch/n/N.Pfaffenzeller/nikolas_nethive/nethive_multiverse/results/test_runs/10b10t15c500e_log_sweep/data/param_164_rep_3,/scratch/n/N.Pfaffenzeller/nikolas_nethive/nethive_multiverse/results/test_runs/10b10t15c500e_log_sweep/data/param_164_rep_3/event_log.csv,/scratch/n/N.Pfaffenzeller/nikolas_nethive/nethive_multiverse/results/test_runs/10b10t15c500e_log_sweep/data/param_164_rep_3/config.json
32,1000,"[0,1]","[""task_1"",""task_2"",""task_3"",""task_4"",""task_5"",""task_6"",""task_7"",""task_8"",""task_9"",""task_10""]",1000.0,10,0.5,100,5.0e-5,10,15,10,15,500,50,100,1,10,165,1,0.1,time_out,242714821,1,113.2,2025-12-14T18:19:50.460,0,242714821,true,true,"[0.01,0.05]",10,10,10,500.0300824701428,0.9290593270617091,0.9291602120349808,0.37066666666666664,0.8998666666666667,0.0,,,,,,,/scratch/n/N.Pfaffenzeller/nikolas_nethive/nethive_multiverse/results/test_runs/10b10t15c500e_log_sweep,param_165_rep_1,/scratch/n/N.Pfaffenzeller/nikolas_nethive/nethive_multiverse/results/test_runs/10b10t15c500e_log_sweep/data/param_165_rep_1,/scratch/n/N.Pfaffenzeller/nikolas_nethive/nethive_multiverse/results/test_runs/10b10t15c500e_log_sweep/data/param_165_rep_1/event_log.csv,/scratch/n/N.Pfaffenzeller/nikolas_nethive/nethive_multiverse/results/test_runs/10b10t15c500e_log_sweep/data/param_165_rep_1/config.json
32,1000,"[0,1]","[""task_1"",""task_2"",""task_3"",""task_4"",""task_5"",""task_6"",""task_7"",""task_8"",""task_9"",""task_10""]",1000.0,10,0.5,100,5.0e-5,10,15,10,15,500,50,100,1,10,165,1,0.1,time_out,242714822,2,122.81,2025-12-14T18:19:40.439,0,242714822,true,true,"[0.01,0.05]",10,10,10,500.0383960417753,0.9809694641318012,0.9804230986649491,0.9266666666666666,0.9894666666666666,0.9266666666666666,90.24170673588097,0.9252672572140062,0.9237826848405277,103.66656463573254,0.9809694641318012,0.9804230986649491,/scratch/n/N.Pfaffenzeller/nikolas_nethive/nethive_multiverse/results/test_runs/10b10t15c500e_log_sweep,param_165_rep_2,/scratch/n/N.Pfaffenzeller/nikolas_nethive/nethive_multiverse/results/test_runs/10b10t15c500e_log_sweep/data/param_165_rep_2,/scratch/n/N.Pfaffenzeller/nikolas_nethive/nethive_multiverse/results/test_runs/10b10t15c500e_log_sweep/data/param_165_rep_2/event_log.csv,/scratch/n/N.Pfaffenzeller/nikolas_nethive/nethive_multiverse/results/test_runs/10b10t15c500e_log_sweep/data/param_165_rep_2/config.json
32,1000,"[0,1]","[""task_1"",""task_2"",""task_3"",""task_4"",""task_5"",""task_6"",""task_7"",""task_8"",""task_9"",""task_10""]",1000.0,10,0.5,100,5.0e-5,10,15,10,15,500,50,100,1,10,165,1,0.1,time_out,242714823,3,113.06,2025-12-14T18:19:53.577,0,242714823,true,true,"[0.01,0.05]",10,10,10,500.2817627984771,0.9715219294447139,0.970893712894316,0.8293333333333334,0.9829333333333334,0.8293333333333334,110.08504595866944,0.9410235427538465,0.9420667550058462,,,,/scratch/n/N.Pfaffenzeller/nikolas_nethive/nethive_multiverse/results/test_runs/10b10t15c500e_log_sweep,param_165_rep_3,/scratch/n/N.Pfaffenzeller/nikolas_nethive/nethive_multiverse/results/test_runs/10b10t15c500e_log_sweep/data/param_165_rep_3,/scratch/n/N.Pfaffenzeller/nikolas_nethive/nethive_multiverse/results/test_runs/10b10t15c500e_log_sweep/data/param_165_rep_3/event_log.csv,/scratch/n/N.Pfaffenzeller/nikolas_nethive/nethive_multiverse/results/test_runs/10b10t15c500e_log_sweep/data/param_165_rep_3/config.json
32,1000,"[0,1]","[""task_1"",""task_2"",""task_3"",""task_4"",""task_5"",""task_6"",""task_7"",""task_8"",""task_9"",""task_10""]",0.01,10,1.0,100,5.0e-5,10,15,10,15,500,50,100,1,10,166,1,0.1,time_out,242715821,1,688.15,2025-12-14T18:20:07.713,0,242715821,true,true,"[0.01,0.05]",10,10,10,500.0037449324948,0.17637003150002042,0.2375943510037537,0.11866666666666667,0.30906666666666666,0.11866666666666667,,,,,,,/scratch/n/N.Pfaffenzeller/nikolas_nethive/nethive_multiverse/results/test_runs/10b10t15c500e_log_sweep,param_166_rep_1,/scratch/n/N.Pfaffenzeller/nikolas_nethive/nethive_multiverse/results/test_runs/10b10t15c500e_log_sweep/data/param_166_rep_1,/scratch/n/N.Pfaffenzeller/nikolas_nethive/nethive_multiverse/results/test_runs/10b10t15c500e_log_sweep/data/param_166_rep_1/event_log.csv,/scratch/n/N.Pfaffenzeller/nikolas_nethive/nethive_multiverse/results/test_runs/10b10t15c500e_log_sweep/data/param_166_rep_1/config.json
32,1000,"[0,1]","[""task_1"",""task_2"",""task_3"",""task_4"",""task_5"",""task_6"",""task_7"",""task_8"",""task_9"",""task_10""]",0.01,10,1.0,100,5.0e-5,10,15,10,15,500,50,100,1,10,166,1,0.1,time_out,242715822,2,683.53,2025-12-14T18:20:41.680,0,242715822,true,true,"[0.01,0.05]",10,10,10,500.0334391217751,0.25544266571245317,0.35256712493537845,0.058666666666666666,0.3708,0.058666666666666666,,,,,,,/scratch/n/N.Pfaffenzeller/nikolas_nethive/nethive_multiverse/results/test_runs/10b10t15c500e_log_sweep,param_166_rep_2,/scratch/n/N.Pfaffenzeller/nikolas_nethive/nethive_multiverse/results/test_runs/10b10t15c500e_log_sweep/data/param_166_rep_2,/scratch/n/N.Pfaffenzeller/nikolas_nethive/nethive_multiverse/results/test_runs/10b10t15c500e_log_sweep/data/param_166_rep_2/event_log.csv,/scratch/n/N.Pfaffenzeller/nikolas_nethive/nethive_multiverse/results/test_runs/10b10t15c500e_log_sweep/data/param_166_rep_2/config.json
32,1000,"[0,1]","[""task_1"",""task_2"",""task_3"",""task_4"",""task_5"",""task_6"",""task_7"",""task_8"",""task_9"",""task_10""]",0.01,10,1.0,100,5.0e-5,10,15,10,15,500,50,100,1,10,166,1,0.1,time_out,242715823,3,693.47,2025-12-14T18:21:55.462,0,242715823,true,true,"[0.01,0.05]",10,10,10,500.0001853642111,0.2978594825055347,0.35124868922862235,0.124,0.458,0.116,,,,,,,/scratch/n/N.Pfaffenzeller/nikolas_nethive/nethive_multiverse/results/test_runs/10b10t15c500e_log_sweep,param_166_rep_3,/scratch/n/N.Pfaffenzeller/nikolas_nethive/nethive_multiverse/results/test_runs/10b10t15c500e_log_sweep/data/param_166_rep_3,/scratch/n/N.Pfaffenzeller/nikolas_nethive/nethive_multiverse/results/test_runs/10b10t15c500e_log_sweep/data/param_166_rep_3/event_log.csv,/scratch/n/N.Pfaffenzeller/nikolas_nethive/nethive_multiverse/results/test_runs/10b10t15c500e_log_sweep/data/param_166_rep_3/config.json
32,1000,"[0,1]","[""task_1"",""task_2"",""task_3"",""task_4"",""task_5"",""task_6"",""task_7"",""task_8"",""task_9"",""task_10""]",0.05,10,1.0,100,5.0e-5,10,15,10,15,500,50,100,1,10,167,1,0.1,time_out,242716821,1,674.89,2025-12-14T18:22:21.512,0,242716821,true,true,"[0.01,0.05]",10,10,10,500.0069268282662,0.2266073087294962,0.287693952865562,0.04933333333333333,0.3434666666666667,0.04933333333333333,,,,,,,/scratch/n/N.Pfaffenzeller/nikolas_nethive/nethive_multiverse/results/test_runs/10b10t15c500e_log_sweep,param_167_rep_1,/scratch/n/N.Pfaffenzeller/nikolas_nethive/nethive_multiverse/results/test_runs/10b10t15c500e_log_sweep/data/param_167_rep_1,/scratch/n/N.Pfaffenzeller/nikolas_nethive/nethive_multiverse/results/test_runs/10b10t15c500e_log_sweep/data/param_167_rep_1/event_log.csv,/scratch/n/N.Pfaffenzeller/nikolas_nethive/nethive_multiverse/results/test_runs/10b10t15c500e_log_sweep/data/param_167_rep_1/config.json
32,1000,"[0,1]","[""task_1"",""task_2"",""task_3"",""task_4"",""task_5"",""task_6"",""task_7"",""task_8"",""task_9"",""task_10""]",0.05,10,1.0,100,5.0e-5,10,15,10,15,500,50,100,1,10,167,1,0.1,time_out,242716822,2,684.58,2025-12-14T18:22:16.562,0,242716822,true,true,"[0.01,0.05]",10,10,10,500.0168493212764,0.2839491733185738,0.3570449188511291,0.02666666666666667,0.4110666666666667,0.02666666666666667,,,,,,,/scratch/n/N.Pfaffenzeller/nikolas_nethive/nethive_multiverse/results/test_runs/10b10t15c500e_log_sweep,param_167_rep_2,/scratch/n/N.Pfaffenzeller/nikolas_nethive/nethive_multiverse/results/test_runs/10b10t15c500e_log_sweep/data/param_167_rep_2,/scratch/n/N.Pfaffenzeller/nikolas_nethive/nethive_multiverse/results/test_runs/10b10t15c500e_log_sweep/data/param_167_rep_2/event_log.csv,/scratch/n/N.Pfaffenzeller/nikolas_nethive/nethive_multiverse/results/test_runs/10b10t15c500e_log_sweep/data/param_167_rep_2/config.json
32,1000,"[0,1]","[""task_1"",""task_2"",""task_3"",""task_4"",""task_5"",""task_6"",""task_7"",""task_8"",""task_9"",""task_10""]",0.05,10,1.0,100,5.0e-5,10,15,10,15,500,50,100,1,10,167,1,0.1,time_out,242716823,3,686.81,2025-12-14T18:22:25.940,0,242716823,true,true,"[0.01,0.05]",10,10,10,500.00111695455803,0.26761959362064724,0.3376343287879447,0.044,0.3878666666666667,0.044,,,,,,,/scratch/n/N.Pfaffenzeller/nikolas_nethive/nethive_multiverse/results/test_runs/10b10t15c500e_log_sweep,param_167_rep_3,/scratch/n/N.Pfaffenzeller/nikolas_nethive/nethive_multiverse/results/test_runs/10b10t15c500e_log_sweep/data/param_167_rep_3,/scratch/n/N.Pfaffenzeller/nikolas_nethive/nethive_multiverse/results/test_runs/10b10t15c500e_log_sweep/data/param_167_rep_3/event_log.csv,/scratch/n/N.Pfaffenzeller/nikolas_nethive/nethive_multiverse/results/test_runs/10b10t15c500e_log_sweep/data/param_167_rep_3/config.json
32,1000,"[0,1]","[""task_1"",""task_2"",""task_3"",""task_4"",""task_5"",""task_6"",""task_7"",""task_8"",""task_9"",""task_10""]",0.1,10,1.0,100,5.0e-5,10,15,10,15,500,50,100,1,10,168,1,0.1,time_out,242717821,1,681.99,2025-12-14T18:22:36.227,0,242717821,true,true,"[0.01,0.05]",10,10,10,500.0045329306184,0.17631901927538593,0.2127462174465745,0.084,0.3114666666666667,0.084,,,,,,,/scratch/n/N.Pfaffenzeller/nikolas_nethive/nethive_multiverse/results/test_runs/10b10t15c500e_log_sweep,param_168_rep_1,/scratch/n/N.Pfaffenzeller/nikolas_nethive/nethive_multiverse/results/test_runs/10b10t15c500e_log_sweep/data/param_168_rep_1,/scratch/n/N.Pfaffenzeller/nikolas_nethive/nethive_multiverse/results/test_runs/10b10t15c500e_log_sweep/data/param_168_rep_1/event_log.csv,/scratch/n/N.Pfaffenzeller/nikolas_nethive/nethive_multiverse/results/test_runs/10b10t15c500e_log_sweep/data/param_168_rep_1/config.json
32,1000,"[0,1]","[""task_1"",""task_2"",""task_3"",""task_4"",""task_5"",""task_6"",""task_7"",""task_8"",""task_9"",""task_10""]",0.1,10,1.0,100,5.0e-5,10,15,10,15,500,50,100,1,10,168,1,0.1,time_out,242717822,2,675.99,2025-12-14T18:22:12.671,0,242717822,true,true,"[0.01,0.05]",10,10,10,500.00570366143194,0.29813248285957034,0.3450200711681356,0.09466666666666666,0.402,0.09466666666666666,,,,,,,/scratch/n/N.Pfaffenzeller/nikolas_nethive/nethive_multiverse/results/test_runs/10b10t15c500e_log_sweep,param_168_rep_2,/scratch/n/N.Pfaffenzeller/nikolas_nethive/nethive_multiverse/results/test_runs/10b10t15c500e_log_sweep/data/param_168_rep_2,/scratch/n/N.Pfaffenzeller/nikolas_nethive/nethive_multiverse/results/test_runs/10b10t15c500e_log_sweep/data/param_168_rep_2/event_log.csv,/scratch/n/N.Pfaffenzeller/nikolas_nethive/nethive_multiverse/results/test_runs/10b10t15c500e_log_sweep/data/param_168_rep_2/config.json
32,1000,"[0,1]","[""task_1"",""task_2"",""task_3"",""task_4"",""task_5"",""task_6"",""task_7"",""task_8"",""task_9"",""task_10""]",0.1,10,1.0,100,5.0e-5,10,15,10,15,500,50,100,1,10,168,1,0.1,time_out,242717823,3,664.16,2025-12-14T18:22:21.654,0,242717823,true,true,"[0.01,0.05]",10,10,10,500.00132995321115,0.2615031759110257,0.2807269770816645,0.18133333333333335,0.37039999999999995,0.18133333333333335,,,,,,,/scratch/n/N.Pfaffenzeller/nikolas_nethive/nethive_multiverse/results/test_runs/10b10t15c500e_log_sweep,param_168_rep_3,/scratch/n/N.Pfaffenzeller/nikolas_nethive/nethive_multiverse/results/test_runs/10b10t15c500e_log_sweep/data/param_168_rep_3,/scratch/n/N.Pfaffenzeller/nikolas_nethive/nethive_multiverse/results/test_runs/10b10t15c500e_log_sweep/data/param_168_rep_3/event_log.csv,/scratch/n/N.Pfaffenzeller/nikolas_nethive/nethive_multiverse/results/test_runs/10b10t15c500e_log_sweep/data/param_168_rep_3/config.json
32,1000,"[0,1]","[""task_1"",""task_2"",""task_3"",""task_4"",""task_5"",""task_6"",""task_7"",""task_8"",""task_9"",""task_10""]",0.5,10,1.0,100,5.0e-5,10,15,10,15,500,50,100,1,10,169,1,0.1,time_out,242718821,1,646.61,2025-12-14T18:22:48.377,0,242718821,true,true,"[0.01,0.05]",10,10,10,500.0075210326705,0.32399074129106636,0.3448739798605851,0.13866666666666666,0.37506666666666666,0.1,,,,,,,/scratch/n/N.Pfaffenzeller/nikolas_nethive/nethive_multiverse/results/test_runs/10b10t15c500e_log_sweep,param_169_rep_1,/scratch/n/N.Pfaffenzeller/nikolas_nethive/nethive_multiverse/results/test_runs/10b10t15c500e_log_sweep/data/param_169_rep_1,/scratch/n/N.Pfaffenzeller/nikolas_nethive/nethive_multiverse/results/test_runs/10b10t15c500e_log_sweep/data/param_169_rep_1/event_log.csv,/scratch/n/N.Pfaffenzeller/nikolas_nethive/nethive_multiverse/results/test_runs/10b10t15c500e_log_sweep/data/param_169_rep_1/config.json
32,1000,"[0,1]","[""task_1"",""task_2"",""task_3"",""task_4"",""task_5"",""task_6"",""task_7"",""task_8"",""task_9"",""task_10""]",0.5,10,1.0,100,5.0e-5,10,15,10,15,500,50,100,1,10,169,1,0.1,time_out,242718822,2,657.29,2025-12-14T18:22:38.996,0,242718822,true,true,"[0.01,0.05]",10,10,10,500.005703615491,0.3122329174832546,0.339041064206191,0.10533333333333333,0.40613333333333335,0.10533333333333333,,,,,,,/scratch/n/N.Pfaffenzeller/nikolas_nethive/nethive_multiverse/results/test_runs/10b10t15c500e_log_sweep,param_169_rep_2,/scratch/n/N.Pfaffenzeller/nikolas_nethive/nethive_multiverse/results/test_runs/10b10t15c500e_log_sweep/data/param_169_rep_2,/scratch/n/N.Pfaffenzeller/nikolas_nethive/nethive_multiverse/results/test_runs/10b10t15c500e_log_sweep/data/param_169_rep_2/event_log.csv,/scratch/n/N.Pfaffenzeller/nikolas_nethive/nethive_multiverse/results/test_runs/10b10t15c500e_log_sweep/data/param_169_rep_2/config.json
32,1000,"[0,1]","[""task_1"",""task_2"",""task_3"",""task_4"",""task_5"",""task_6"",""task_7"",""task_8"",""task_9"",""task_10""]",0.5,10,1.0,100,5.0e-5,10,15,10,15,500,50,100,1,10,169,1,0.1,time_out,242718823,3,662.98,2025-12-14T18:22:50.548,0,242718823,true,true,"[0.01,0.05]",10,10,10,500.0086526943658,0.27469163798794854,0.27752211168066554,0.20533333333333334,0.4096,0.13733333333333334,,,,,,,/scratch/n/N.Pfaffenzeller/nikolas_nethive/nethive_multiverse/results/test_runs/10b10t15c500e_log_sweep,param_169_rep_3,/scratch/n/N.Pfaffenzeller/nikolas_nethive/nethive_multiverse/results/test_runs/10b10t15c500e_log_sweep/data/param_169_rep_3,/scratch/n/N.Pfaffenzeller/nikolas_nethive/nethive_multiverse/results/test_runs/10b10t15c500e_log_sweep/data/param_169_rep_3/event_log.csv,/scratch/n/N.Pfaffenzeller/nikolas_nethive/nethive_multiverse/results/test_runs/10b10t15c500e_log_sweep/data/param_169_rep_3/config.json
32,1000,"[0,1]","[""task_1"",""task_2"",""task_3"",""task_4"",""task_5"",""task_6"",""task_7"",""task_8"",""task_9"",""task_10""]",1.0,10,0.05,100,1.0e-5,10,15,10,15,500,50,100,1,10,16,1,0.1,time_out,242565821,1,644.26,2025-12-14T15:17:25.101,0,242565821,true,true,"[0.01,0.05]",10,10,10,500.0040573041862,0.14070182234498124,0.1751807770920973,0.042666666666666665,0.2246666666666667,0.042666666666666665,,,,,,,/scratch/n/N.Pfaffenzeller/nikolas_nethive/nethive_multiverse/results/test_runs/10b10t15c500e_log_sweep,param_16_rep_1,/scratch/n/N.Pfaffenzeller/nikolas_nethive/nethive_multiverse/results/test_runs/10b10t15c500e_log_sweep/data/param_16_rep_1,/scratch/n/N.Pfaffenzeller/nikolas_nethive/nethive_multiverse/results/test_runs/10b10t15c500e_log_sweep/data/param_16_rep_1/event_log.csv,/scratch/n/N.Pfaffenzeller/nikolas_nethive/nethive_multiverse/results/test_runs/10b10t15c500e_log_sweep/data/param_16_rep_1/config.json
32,1000,"[0,1]","[""task_1"",""task_2"",""task_3"",""task_4"",""task_5"",""task_6"",""task_7"",""task_8"",""task_9"",""task_10""]",1.0,10,0.05,100,1.0e-5,10,15,10,15,500,50,100,1,10,16,1,0.1,time_out,242565822,2,667.51,2025-12-14T15:17:07.555,0,242565822,true,true,"[0.01,0.05]",10,10,10,500.02540178155937,0.13796963369041712,0.23633428757099922,0.0026666666666666666,0.20800000000000002,0.0026666666666666666,,,,,,,/scratch/n/N.Pfaffenzeller/nikolas_nethive/nethive_multiverse/results/test_runs/10b10t15c500e_log_sweep,param_16_rep_2,/scratch/n/N.Pfaffenzeller/nikolas_nethive/nethive_multiverse/results/test_runs/10b10t15c500e_log_sweep/data/param_16_rep_2,/scratch/n/N.Pfaffenzeller/nikolas_nethive/nethive_multiverse/results/test_runs/10b10t15c500e_log_sweep/data/param_16_rep_2/event_log.csv,/scratch/n/N.Pfaffenzeller/nikolas_nethive/nethive_multiverse/results/test_runs/10b10t15c500e_log_sweep/data/param_16_rep_2/config.json
32,1000,"[0,1]","[""task_1"",""task_2"",""task_3"",""task_4"",""task_5"",""task_6"",""task_7"",""task_8"",""task_9"",""task_10""]",1.0,10,0.05,100,1.0e-5,10,15,10,15,500,50,100,1,10,16,1,0.1,time_out,242565823,3,643.93,2025-12-14T15:17:19.593,0,242565823,true,true,"[0.01,0.05]",10,10,10,500.0127162280998,0.15414424532503115,0.16546681901681906,0.0026666666666666666,0.19186666666666663,0.0026666666666666666,,,,,,,/scratch/n/N.Pfaffenzeller/nikolas_nethive/nethive_multiverse/results/test_runs/10b10t15c500e_log_sweep,param_16_rep_3,/scratch/n/N.Pfaffenzeller/nikolas_nethive/nethive_multiverse/results/test_runs/10b10t15c500e_log_sweep/data/param_16_rep_3,/scratch/n/N.Pfaffenzeller/nikolas_nethive/nethive_multiverse/results/test_runs/10b10t15c500e_log_sweep/data/param_16_rep_3/event_log.csv,/scratch/n/N.Pfaffenzeller/nikolas_nethive/nethive_multiverse/results/test_runs/10b10t15c500e_log_sweep/data/param_16_rep_3/config.json
32,1000,"[0,1]","[""task_1"",""task_2"",""task_3"",""task_4"",""task_5"",""task_6"",""task_7"",""task_8"",""task_9"",""task_10""]",1.0,10,1.0,100,5.0e-5,10,15,10,15,500,50,100,1,10,170,1,0.1,time_out,242719821,1,651.74,2025-12-14T18:22:37.493,0,242719821,true,true,"[0.01,0.05]",10,10,10,500.00993249779265,0.28659261035852746,0.31916217103145106,0.152,0.39160000000000006,0.10666666666666667,,,,,,,/scratch/n/N.Pfaffenzeller/nikolas_nethive/nethive_multiverse/results/test_runs/10b10t15c500e_log_sweep,param_170_rep_1,/scratch/n/N.Pfaffenzeller/nikolas_nethive/nethive_multiverse/results/test_runs/10b10t15c500e_log_sweep/data/param_170_rep_1,/scratch/n/N.Pfaffenzeller/nikolas_nethive/nethive_multiverse/results/test_runs/10b10t15c500e_log_sweep/data/param_170_rep_1/event_log.csv,/scratch/n/N.Pfaffenzeller/nikolas_nethive/nethive_multiverse/results/test_runs/10b10t15c500e_log_sweep/data/param_170_rep_1/config.json
32,1000,"[0,1]","[""task_1"",""task_2"",""task_3"",""task_4"",""task_5"",""task_6"",""task_7"",""task_8"",""task_9"",""task_10""]",1.0,10,1.0,100,5.0e-5,10,15,10,15,500,50,100,1,10,170,1,0.1,time_out,242719822,2,639.86,2025-12-14T18:22:55.121,0,242719822,true,true,"[0.01,0.05]",10,10,10,500.0001200944007,0.20984043042363965,0.22762501605479551,0.132,0.3162666666666667,0.132,,,,,,,/scratch/n/N.Pfaffenzeller/nikolas_nethive/nethive_multiverse/results/test_runs/10b10t15c500e_log_sweep,param_170_rep_2,/scratch/n/N.Pfaffenzeller/nikolas_nethive/nethive_multiverse/results/test_runs/10b10t15c500e_log_sweep/data/param_170_rep_2,/scratch/n/N.Pfaffenzeller/nikolas_nethive/nethive_multiverse/results/test_runs/10b10t15c500e_log_sweep/data/param_170_rep_2/event_log.csv,/scratch/n/N.Pfaffenzeller/nikolas_nethive/nethive_multiverse/results/test_runs/10b10t15c500e_log_sweep/data/param_170_rep_2/config.json
32,1000,"[0,1]","[""task_1"",""task_2"",""task_3"",""task_4"",""task_5"",""task_6"",""task_7"",""task_8"",""task_9"",""task_10""]",1.0,10,1.0,100,5.0e-5,10,15,10,15,500,50,100,1,10,170,1,0.1,time_out,242719823,3,1460.55,2025-12-14T18:23:27.681,0,242719823,true,true,"[0.01,0.05]",10,10,10,500.0148124555806,0.3420862893597252,0.4014005965498318,0.15733333333333333,0.4626666666666666,0.15733333333333333,,,,,,,/scratch/n/N.Pfaffenzeller/nikolas_nethive/nethive_multiverse/results/test_runs/10b10t15c500e_log_sweep,param_170_rep_3,/scratch/n/N.Pfaffenzeller/nikolas_nethive/nethive_multiverse/results/test_runs/10b10t15c500e_log_sweep/data/param_170_rep_3,/scratch/n/N.Pfaffenzeller/nikolas_nethive/nethive_multiverse/results/test_runs/10b10t15c500e_log_sweep/data/param_170_rep_3/event_log.csv,/scratch/n/N.Pfaffenzeller/nikolas_nethive/nethive_multiverse/results/test_runs/10b10t15c500e_log_sweep/data/param_170_rep_3/config.json
32,1000,"[0,1]","[""task_1"",""task_2"",""task_3"",""task_4"",""task_5"",""task_6"",""task_7"",""task_8"",""task_9"",""task_10""]",5.0,10,1.0,100,5.0e-5,10,15,10,15,500,50,100,1,10,171,1,0.1,time_out,242720821,1,558.57,2025-12-14T18:23:26.200,0,242720821,true,true,"[0.01,0.05]",10,10,10,500.0265817544729,0.28502420000450923,0.330925590546471,0.11466666666666667,0.3944,0.11466666666666667,,,,,,,/scratch/n/N.Pfaffenzeller/nikolas_nethive/nethive_multiverse/results/test_runs/10b10t15c500e_log_sweep,param_171_rep_1,/scratch/n/N.Pfaffenzeller/nikolas_nethive/nethive_multiverse/results/test_runs/10b10t15c500e_log_sweep/data/param_171_rep_1,/scratch/n/N.Pfaffenzeller/nikolas_nethive/nethive_multiverse/results/test_runs/10b10t15c500e_log_sweep/data/param_171_rep_1/event_log.csv,/scratch/n/N.Pfaffenzeller/nikolas_nethive/nethive_multiverse/results/test_runs/10b10t15c500e_log_sweep/data/param_171_rep_1/config.json
32,1000,"[0,1]","[""task_1"",""task_2"",""task_3"",""task_4"",""task_5"",""task_6"",""task_7"",""task_8"",""task_9"",""task_10""]",5.0,10,1.0,100,5.0e-5,10,15,10,15,500,50,100,1,10,171,1,0.1,time_out,242720822,2,549.32,2025-12-14T18:23:46.819,0,242720822,true,true,"[0.01,0.05]",10,10,10,500.01221684503446,0.30396763501818047,0.3516298523999526,0.132,0.42079999999999995,0.132,,,,,,,/scratch/n/N.Pfaffenzeller/nikolas_nethive/nethive_multiverse/results/test_runs/10b10t15c500e_log_sweep,param_171_rep_2,/scratch/n/N.Pfaffenzeller/nikolas_nethive/nethive_multiverse/results/test_runs/10b10t15c500e_log_sweep/data/param_171_rep_2,/scratch/n/N.Pfaffenzeller/nikolas_nethive/nethive_multiverse/results/test_runs/10b10t15c500e_log_sweep/data/param_171_rep_2/event_log.csv,/scratch/n/N.Pfaffenzeller/nikolas_nethive/nethive_multiverse/results/test_runs/10b10t15c500e_log_sweep/data/param_171_rep_2/config.json
32,1000,"[0,1]","[""task_1"",""task_2"",""task_3"",""task_4"",""task_5"",""task_6"",""task_7"",""task_8"",""task_9"",""task_10""]",5.0,10,1.0,100,5.0e-5,10,15,10,15,500,50,100,1,10,171,1,0.1,time_out,242720823,3,605.03,2025-12-14T18:23:47.169,0,242720823,true,true,"[0.01,0.05]",10,10,10,500.01576921131254,0.2681236172719157,0.2801972234353289,0.17466666666666666,0.35453333333333337,0.14266666666666666,,,,,,,/scratch/n/N.Pfaffenzeller/nikolas_nethive/nethive_multiverse/results/test_runs/10b10t15c500e_log_sweep,param_171_rep_3,/scratch/n/N.Pfaffenzeller/nikolas_nethive/nethive_multiverse/results/test_runs/10b10t15c500e_log_sweep/data/param_171_rep_3,/scratch/n/N.Pfaffenzeller/nikolas_nethive/nethive_multiverse/results/test_runs/10b10t15c500e_log_sweep/data/param_171_rep_3/event_log.csv,/scratch/n/N.Pfaffenzeller/nikolas_nethive/nethive_multiverse/results/test_runs/10b10t15c500e_log_sweep/data/param_171_rep_3/config.json
32,1000,"[0,1]","[""task_1"",""task_2"",""task_3"",""task_4"",""task_5"",""task_6"",""task_7"",""task_8"",""task_9"",""task_10""]",10.0,10,1.0,100,5.0e-5,10,15,10,15,500,50,100,1,10,172,1,0.1,time_out,242721821,1,509.06,2025-12-14T18:23:38.039,0,242721821,true,true,"[0.01,0.05]",10,10,10,500.0138450226064,0.4266457158578829,0.4936208102502402,0.132,0.4624,0.09333333333333334,,,,,,,/scratch/n/N.Pfaffenzeller/nikolas_nethive/nethive_multiverse/results/test_runs/10b10t15c500e_log_sweep,param_172_rep_1,/scratch/n/N.Pfaffenzeller/nikolas_nethive/nethive_multiverse/results/test_runs/10b10t15c500e_log_sweep/data/param_172_rep_1,/scratch/n/N.Pfaffenzeller/nikolas_nethive/nethive_multiverse/results/test_runs/10b10t15c500e_log_sweep/data/param_172_rep_1/event_log.csv,/scratch/n/N.Pfaffenzeller/nikolas_nethive/nethive_multiverse/results/test_runs/10b10t15c500e_log_sweep/data/param_172_rep_1/config.json
32,1000,"[0,1]","[""task_1"",""task_2"",""task_3"",""task_4"",""task_5"",""task_6"",""task_7"",""task_8"",""task_9"",""task_10""]",10.0,10,1.0,100,5.0e-5,10,15,10,15,500,50,100,1,10,172,1,0.1,time_out,242721822,2,463.56,2025-12-14T18:23:36.733,0,242721822,true,true,"[0.01,0.05]",10,10,10,500.0016110512877,0.41993220987149343,0.4495089497864905,0.15466666666666667,0.49386666666666673,0.15466666666666667,,,,,,,/scratch/n/N.Pfaffenzeller/nikolas_nethive/nethive_multiverse/results/test_runs/10b10t15c500e_log_sweep,param_172_rep_2,/scratch/n/N.Pfaffenzeller/nikolas_nethive/nethive_multiverse/results/test_runs/10b10t15c500e_log_sweep/data/param_172_rep_2,/scratch/n/N.Pfaffenzeller/nikolas_nethive/nethive_multiverse/results/test_runs/10b10t15c500e_log_sweep/data/param_172_rep_2/event_log.csv,/scratch/n/N.Pfaffenzeller/nikolas_nethive/nethive_multiverse/results/test_runs/10b10t15c500e_log_sweep/data/param_172_rep_2/config.json
32,1000,"[0,1]","[""task_1"",""task_2"",""task_3"",""task_4"",""task_5"",""task_6"",""task_7"",""task_8"",""task_9"",""task_10""]",10.0,10,1.0,100,5.0e-5,10,15,10,15,500,50,100,1,10,172,1,0.1,time_out,242721823,3,507.75,2025-12-14T18:23:24.157,0,242721823,true,true,"[0.01,0.05]",10,10,10,500.0014498607608,0.34526256322065524,0.3535564892257157,0.27066666666666667,0.4304000000000001,0.15733333333333333,,,,,,,/scratch/n/N.Pfaffenzeller/nikolas_nethive/nethive_multiverse/results/test_runs/10b10t15c500e_log_sweep,param_172_rep_3,/scratch/n/N.Pfaffenzeller/nikolas_nethive/nethive_multiverse/results/test_runs/10b10t15c500e_log_sweep/data/param_172_rep_3,/scratch/n/N.Pfaffenzeller/nikolas_nethive/nethive_multiverse/results/test_runs/10b10t15c500e_log_sweep/data/param_172_rep_3/event_log.csv,/scratch/n/N.Pfaffenzeller/nikolas_nethive/nethive_multiverse/results/test_runs/10b10t15c500e_log_sweep/data/param_172_rep_3/config.json
32,1000,"[0,1]","[""task_1"",""task_2"",""task_3"",""task_4"",""task_5"",""task_6"",""task_7"",""task_8"",""task_9"",""task_10""]",50.0,10,1.0,100,5.0e-5,10,15,10,15,500,50,100,1,10,173,1,0.1,time_out,242722821,1,301.08,2025-12-14T18:24:06.019,0,242722821,true,true,"[0.01,0.05]",10,10,10,500.0122157229743,0.6300174547540246,0.6362327700018701,0.19866666666666666,0.662,0.19866666666666666,,,,,,,/scratch/n/N.Pfaffenzeller/nikolas_nethive/nethive_multiverse/results/test_runs/10b10t15c500e_log_sweep,param_173_rep_1,/scratch/n/N.Pfaffenzeller/nikolas_nethive/nethive_multiverse/results/test_runs/10b10t15c500e_log_sweep/data/param_173_rep_1,/scratch/n/N.Pfaffenzeller/nikolas_nethive/nethive_multiverse/results/test_runs/10b10t15c500e_log_sweep/data/param_173_rep_1/event_log.csv,/scratch/n/N.Pfaffenzeller/nikolas_nethive/nethive_multiverse/results/test_runs/10b10t15c500e_log_sweep/data/param_173_rep_1/config.json
32,1000,"[0,1]","[""task_1"",""task_2"",""task_3"",""task_4"",""task_5"",""task_6"",""task_7"",""task_8"",""task_9"",""task_10""]",50.0,10,1.0,100,5.0e-5,10,15,10,15,500,50,100,1,10,173,1,0.1,time_out,242722822,2,296.82,2025-12-14T18:23:56.359,0,242722822,true,true,"[0.01,0.05]",10,10,10,500.03289215331966,0.7725519554940512,0.7843237652809165,0.18666666666666668,0.8137333333333334,0.18666666666666668,216.55127986326332,0.8325070315835905,0.8268560437023934,,,,/scratch/n/N.Pfaffenzeller/nikolas_nethive/nethive_multiverse/results/test_runs/10b10t15c500e_log_sweep,param_173_rep_2,/scratch/n/N.Pfaffenzeller/nikolas_nethive/nethive_multiverse/results/test_runs/10b10t15c500e_log_sweep/data/param_173_rep_2,/scratch/n/N.Pfaffenzeller/nikolas_nethive/nethive_multiverse/results/test_runs/10b10t15c500e_log_sweep/data/param_173_rep_2/event_log.csv,/scratch/n/N.Pfaffenzeller/nikolas_nethive/nethive_multiverse/results/test_runs/10b10t15c500e_log_sweep/data/param_173_rep_2/config.json
32,1000,"[0,1]","[""task_1"",""task_2"",""task_3"",""task_4"",""task_5"",""task_6"",""task_7"",""task_8"",""task_9"",""task_10""]",50.0,10,1.0,100,5.0e-5,10,15,10,15,500,50,100,1,10,173,1,0.1,time_out,242722823,3,603.06,2025-12-14T18:24:43.253,0,242722823,true,true,"[0.01,0.05]",10,10,10,500.00278923804154,0.6223167033357937,0.671054915489944,0.064,0.7037333333333333,0.04533333333333334,197.1844091370945,0.847657166738319,0.8463540141884579,,,,/scratch/n/N.Pfaffenzeller/nikolas_nethive/nethive_multiverse/results/test_runs/10b10t15c500e_log_sweep,param_173_rep_3,/scratch/n/N.Pfaffenzeller/nikolas_nethive/nethive_multiverse/results/test_runs/10b10t15c500e_log_sweep/data/param_173_rep_3,/scratch/n/N.Pfaffenzeller/nikolas_nethive/nethive_multiverse/results/test_runs/10b10t15c500e_log_sweep/data/param_173_rep_3/event_log.csv,/scratch/n/N.Pfaffenzeller/nikolas_nethive/nethive_multiverse/results/test_runs/10b10t15c500e_log_sweep/data/param_173_rep_3/config.json
32,1000,"[0,1]","[""task_1"",""task_2"",""task_3"",""task_4"",""task_5"",""task_6"",""task_7"",""task_8"",""task_9"",""task_10""]",100.0,10,1.0,100,5.0e-5,10,15,10,15,500,50,100,1,10,174,1,0.1,time_out,242723821,1,245.16,2025-12-14T18:24:25.289,0,242723821,true,true,"[0.01,0.05]",10,10,10,500.1446514958639,0.9661010479962038,0.9652609648087795,0.908,0.9774666666666667,0.908,325.19830308126666,0.8914071225815989,0.8864148153386907,330.09599914955487,0.9661010479962038,0.9652609648087795,/scratch/n/N.Pfaffenzeller/nikolas_nethive/nethive_multiverse/results/test_runs/10b10t15c500e_log_sweep,param_174_rep_1,/scratch/n/N.Pfaffenzeller/nikolas_nethive/nethive_multiverse/results/test_runs/10b10t15c500e_log_sweep/data/param_174_rep_1,/scratch/n/N.Pfaffenzeller/nikolas_nethive/nethive_multiverse/results/test_runs/10b10t15c500e_log_sweep/data/param_174_rep_1/event_log.csv,/scratch/n/N.Pfaffenzeller/nikolas_nethive/nethive_multiverse/results/test_runs/10b10t15c500e_log_sweep/data/param_174_rep_1/config.json
32,1000,"[0,1]","[""task_1"",""task_2"",""task_3"",""task_4"",""task_5"",""task_6"",""task_7"",""task_8"",""task_9"",""task_10""]",100.0,10,1.0,100,5.0e-5,10,15,10,15,500,50,100,1,10,174,1,0.1,time_out,242723822,2,228.17,2025-12-14T18:24:45.765,0,242723822,true,true,"[0.01,0.05]",10,10,10,500.0511070528004,0.9424340326851229,0.9410996435266027,0.9013333333333333,0.9674666666666667,0.9013333333333333,193.50869711293987,0.9424340326851229,0.9410996435266027,193.50869711293987,0.9424340326851229,0.9410996435266027,/scratch/n/N.Pfaffenzeller/nikolas_nethive/nethive_multiverse/results/test_runs/10b10t15c500e_log_sweep,param_174_rep_2,/scratch/n/N.Pfaffenzeller/nikolas_nethive/nethive_multiverse/results/test_runs/10b10t15c500e_log_sweep/data/param_174_rep_2,/scratch/n/N.Pfaffenzeller/nikolas_nethive/nethive_multiverse/results/test_runs/10b10t15c500e_log_sweep/data/param_174_rep_2/event_log.csv,/scratch/n/N.Pfaffenzeller/nikolas_nethive/nethive_multiverse/results/test_runs/10b10t15c500e_log_sweep/data/param_174_rep_2/config.json
32,1000,"[0,1]","[""task_1"",""task_2"",""task_3"",""task_4"",""task_5"",""task_6"",""task_7"",""task_8"",""task_9"",""task_10""]",100.0,10,1.0,100,5.0e-5,10,15,10,15,500,50,100,1,10,174,1,0.1,time_out,242723823,3,251.75,2025-12-14T18:24:21.414,0,242723823,true,true,"[0.01,0.05]",10,10,10,500.04997947968207,0.965665886219502,0.9652003611179915,0.9133333333333333,0.9800000000000001,0.9133333333333333,60.49508367977341,0.932744811580277,0.9319229806465696,63.83540094186265,0.965665886219502,0.9652003611179915,/scratch/n/N.Pfaffenzeller/nikolas_nethive/nethive_multiverse/results/test_runs/10b10t15c500e_log_sweep,param_174_rep_3,/scratch/n/N.Pfaffenzeller/nikolas_nethive/nethive_multiverse/results/test_runs/10b10t15c500e_log_sweep/data/param_174_rep_3,/scratch/n/N.Pfaffenzeller/nikolas_nethive/nethive_multiverse/results/test_runs/10b10t15c500e_log_sweep/data/param_174_rep_3/event_log.csv,/scratch/n/N.Pfaffenzeller/nikolas_nethive/nethive_multiverse/results/test_runs/10b10t15c500e_log_sweep/data/param_174_rep_3/config.json
32,1000,"[0,1]","[""task_1"",""task_2"",""task_3"",""task_4"",""task_5"",""task_6"",""task_7"",""task_8"",""task_9"",""task_10""]",500.0,10,1.0,100,5.0e-5,10,15,10,15,500,50,100,1,10,175,1,0.1,time_out,242724821,1,122.01,2025-12-14T18:24:38.153,0,242724821,true,true,"[0.01,0.05]",10,10,10,500.0804933694744,0.8572333111136864,0.8777410407158733,0.04,0.8530666666666665,0.04,,,,,,,/scratch/n/N.Pfaffenzeller/nikolas_nethive/nethive_multiverse/results/test_runs/10b10t15c500e_log_sweep,param_175_rep_1,/scratch/n/N.Pfaffenzeller/nikolas_nethive/nethive_multiverse/results/test_runs/10b10t15c500e_log_sweep/data/param_175_rep_1,/scratch/n/N.Pfaffenzeller/nikolas_nethive/nethive_multiverse/results/test_runs/10b10t15c500e_log_sweep/data/param_175_rep_1/event_log.csv,/scratch/n/N.Pfaffenzeller/nikolas_nethive/nethive_multiverse/results/test_runs/10b10t15c500e_log_sweep/data/param_175_rep_1/config.json
32,1000,"[0,1]","[""task_1"",""task_2"",""task_3"",""task_4"",""task_5"",""task_6"",""task_7"",""task_8"",""task_9"",""task_10""]",500.0,10,1.0,100,5.0e-5,10,15,10,15,500,50,100,1,10,175,1,0.1,time_out,242724822,2,207.41,2025-12-14T18:25:35.678,0,242724822,true,true,"[0.01,0.05]",10,10,10,500.0938835576007,0.9208137469184894,0.929888153508039,0.188,0.9187999999999998,0.188,,,,,,,/scratch/n/N.Pfaffenzeller/nikolas_nethive/nethive_multiverse/results/test_runs/10b10t15c500e_log_sweep,param_175_rep_2,/scratch/n/N.Pfaffenzeller/nikolas_nethive/nethive_multiverse/results/test_runs/10b10t15c500e_log_sweep/data/param_175_rep_2,/scratch/n/N.Pfaffenzeller/nikolas_nethive/nethive_multiverse/results/test_runs/10b10t15c500e_log_sweep/data/param_175_rep_2/event_log.csv,/scratch/n/N.Pfaffenzeller/nikolas_nethive/nethive_multiverse/results/test_runs/10b10t15c500e_log_sweep/data/param_175_rep_2/config.json
32,1000,"[0,1]","[""task_1"",""task_2"",""task_3"",""task_4"",""task_5"",""task_6"",""task_7"",""task_8"",""task_9"",""task_10""]",500.0,10,1.0,100,5.0e-5,10,15,10,15,500,50,100,1,10,175,1,0.1,time_out,242724823,3,109.22,2025-12-14T18:25:51.809,0,242724823,true,true,"[0.01,0.05]",10,10,10,500.03075686615443,0.8866765625727913,0.903673985676512,0.27066666666666667,0.8560000000000001,0.05333333333333334,,,,,,,/scratch/n/N.Pfaffenzeller/nikolas_nethive/nethive_multiverse/results/test_runs/10b10t15c500e_log_sweep,param_175_rep_3,/scratch/n/N.Pfaffenzeller/nikolas_nethive/nethive_multiverse/results/test_runs/10b10t15c500e_log_sweep/data/param_175_rep_3,/scratch/n/N.Pfaffenzeller/nikolas_nethive/nethive_multiverse/results/test_runs/10b10t15c500e_log_sweep/data/param_175_rep_3/event_log.csv,/scratch/n/N.Pfaffenzeller/nikolas_nethive/nethive_multiverse/results/test_runs/10b10t15c500e_log_sweep/data/param_175_rep_3/config.json
32,1000,"[0,1]","[""task_1"",""task_2"",""task_3"",""task_4"",""task_5"",""task_6"",""task_7"",""task_8"",""task_9"",""task_10""]",1000.0,10,1.0,100,5.0e-5,10,15,10,15,500,50,100,1,10,176,1,0.1,time_out,242725821,1,115.43,2025-12-14T18:27:42.997,0,242725821,true,true,"[0.01,0.05]",10,10,10,500.0057294433517,0.8228220421565833,0.8449189667578569,0.06666666666666667,0.8059999999999998,0.06666666666666667,,,,,,,/scratch/n/N.Pfaffenzeller/nikolas_nethive/nethive_multiverse/results/test_runs/10b10t15c500e_log_sweep,param_176_rep_1,/scratch/n/N.Pfaffenzeller/nikolas_nethive/nethive_multiverse/results/test_runs/10b10t15c500e_log_sweep/data/param_176_rep_1,/scratch/n/N.Pfaffenzeller/nikolas_nethive/nethive_multiverse/results/test_runs/10b10t15c500e_log_sweep/data/param_176_rep_1/event_log.csv,/scratch/n/N.Pfaffenzeller/nikolas_nethive/nethive_multiverse/results/test_runs/10b10t15c500e_log_sweep/data/param_176_rep_1/config.json
32,1000,"[0,1]","[""task_1"",""task_2"",""task_3"",""task_4"",""task_5"",""task_6"",""task_7"",""task_8"",""task_9"",""task_10""]",1000.0,10,1.0,100,5.0e-5,10,15,10,15,500,50,100,1,10,176,1,0.1,time_out,242725822,2,107.46,2025-12-14T18:28:39.291,0,242725822,true,true,"[0.01,0.05]",10,10,10,500.01552360442463,0.8384729430390161,0.8528168850069624,0.22533333333333333,0.7816,0.004,,,,,,,/scratch/n/N.Pfaffenzeller/nikolas_nethive/nethive_multiverse/results/test_runs/10b10t15c500e_log_sweep,param_176_rep_2,/scratch/n/N.Pfaffenzeller/nikolas_nethive/nethive_multiverse/results/test_runs/10b10t15c500e_log_sweep/data/param_176_rep_2,/scratch/n/N.Pfaffenzeller/nikolas_nethive/nethive_multiverse/results/test_runs/10b10t15c500e_log_sweep/data/param_176_rep_2/event_log.csv,/scratch/n/N.Pfaffenzeller/nikolas_nethive/nethive_multiverse/results/test_runs/10b10t15c500e_log_sweep/data/param_176_rep_2/config.json
32,1000,"[0,1]","[""task_1"",""task_2"",""task_3"",""task_4"",""task_5"",""task_6"",""task_7"",""task_8"",""task_9"",""task_10""]",1000.0,10,1.0,100,5.0e-5,10,15,10,15,500,50,100,1,10,176,1,0.1,time_out,242725823,3,107.83,2025-12-14T18:29:13.051,0,242725823,true,true,"[0.01,0.05]",10,10,10,500.09731235074355,0.9446863008410066,0.9418031641909943,0.9066666666666666,0.9676,0.9066666666666666,49.077518861846755,0.907429569240005,0.9010351370189784,52.58804995817626,0.9446863008410066,0.9418031641909943,/scratch/n/N.Pfaffenzeller/nikolas_nethive/nethive_multiverse/results/test_runs/10b10t15c500e_log_sweep,param_176_rep_3,/scratch/n/N.Pfaffenzeller/nikolas_nethive/nethive_multiverse/results/test_runs/10b10t15c500e_log_sweep/data/param_176_rep_3,/scratch/n/N.Pfaffenzeller/nikolas_nethive/nethive_multiverse/results/test_runs/10b10t15c500e_log_sweep/data/param_176_rep_3/event_log.csv,/scratch/n/N.Pfaffenzeller/nikolas_nethive/nethive_multiverse/results/test_runs/10b10t15c500e_log_sweep/data/param_176_rep_3/config.json
32,1000,"[0,1]","[""task_1"",""task_2"",""task_3"",""task_4"",""task_5"",""task_6"",""task_7"",""task_8"",""task_9"",""task_10""]",0.01,10,5.0,100,5.0e-5,10,15,10,15,500,50,100,1,10,177,1,0.1,time_out,242726821,1,735.96,2025-12-14T18:29:22.546,0,242726821,true,true,"[0.01,0.05]",10,10,10,500.00061334374317,0.2274491811037362,0.282621102570212,0.1,0.3396,0.1,,,,,,,/scratch/n/N.Pfaffenzeller/nikolas_nethive/nethive_multiverse/results/test_runs/10b10t15c500e_log_sweep,param_177_rep_1,/scratch/n/N.Pfaffenzeller/nikolas_nethive/nethive_multiverse/results/test_runs/10b10t15c500e_log_sweep/data/param_177_rep_1,/scratch/n/N.Pfaffenzeller/nikolas_nethive/nethive_multiverse/results/test_runs/10b10t15c500e_log_sweep/data/param_177_rep_1/event_log.csv,/scratch/n/N.Pfaffenzeller/nikolas_nethive/nethive_multiverse/results/test_runs/10b10t15c500e_log_sweep/data/param_177_rep_1/config.json
32,1000,"[0,1]","[""task_1"",""task_2"",""task_3"",""task_4"",""task_5"",""task_6"",""task_7"",""task_8"",""task_9"",""task_10""]",0.01,10,5.0,100,5.0e-5,10,15,10,15,500,50,100,1,10,177,1,0.1,time_out,242726822,2,820.48,2025-12-14T18:29:09.633,0,242726822,true,true,"[0.01,0.05]",10,10,10,500.00245086452185,0.2035995204465913,0.2502330804633325,0.04666666666666667,0.33560000000000006,0.04666666666666667,,,,,,,/scratch/n/N.Pfaffenzeller/nikolas_nethive/nethive_multiverse/results/test_runs/10b10t15c500e_log_sweep,param_177_rep_2,/scratch/n/N.Pfaffenzeller/nikolas_nethive/nethive_multiverse/results/test_runs/10b10t15c500e_log_sweep/data/param_177_rep_2,/scratch/n/N.Pfaffenzeller/nikolas_nethive/nethive_multiverse/results/test_runs/10b10t15c500e_log_sweep/data/param_177_rep_2/event_log.csv,/scratch/n/N.Pfaffenzeller/nikolas_nethive/nethive_multiverse/results/test_runs/10b10t15c500e_log_sweep/data/param_177_rep_2/config.json
32,1000,"[0,1]","[""task_1"",""task_2"",""task_3"",""task_4"",""task_5"",""task_6"",""task_7"",""task_8"",""task_9"",""task_10""]",0.01,10,5.0,100,5.0e-5,10,15,10,15,500,50,100,1,10,177,1,0.1,time_out,242726823,3,1666.19,2025-12-14T18:29:52.573,0,242726823,true,true,"[0.01,0.05]",10,10,10,500.00123977821033,0.23843457115642516,0.25829078689105917,0.144,0.38613333333333333,0.144,,,,,,,/scratch/n/N.Pfaffenzeller/nikolas_nethive/nethive_multiverse/results/test_runs/10b10t15c500e_log_sweep,param_177_rep_3,/scratch/n/N.Pfaffenzeller/nikolas_nethive/nethive_multiverse/results/test_runs/10b10t15c500e_log_sweep/data/param_177_rep_3,/scratch/n/N.Pfaffenzeller/nikolas_nethive/nethive_multiverse/results/test_runs/10b10t15c500e_log_sweep/data/param_177_rep_3/event_log.csv,/scratch/n/N.Pfaffenzeller/nikolas_nethive/nethive_multiverse/results/test_runs/10b10t15c500e_log_sweep/data/param_177_rep_3/config.json
32,1000,"[0,1]","[""task_1"",""task_2"",""task_3"",""task_4"",""task_5"",""task_6"",""task_7"",""task_8"",""task_9"",""task_10""]",0.05,10,5.0,100,5.0e-5,10,15,10,15,500,50,100,1,10,178,1,0.1,time_out,242727821,1,805.58,2025-12-14T18:29:42.894,0,242727821,true,true,"[0.01,0.05]",10,10,10,500.0165890283727,0.3651741199310788,0.3966227261525252,0.12133333333333333,0.46440000000000003,0.12133333333333333,,,,,,,/scratch/n/N.Pfaffenzeller/nikolas_nethive/nethive_multiverse/results/test_runs/10b10t15c500e_log_sweep,param_178_rep_1,/scratch/n/N.Pfaffenzeller/nikolas_nethive/nethive_multiverse/results/test_runs/10b10t15c500e_log_sweep/data/param_178_rep_1,/scratch/n/N.Pfaffenzeller/nikolas_nethive/nethive_multiverse/results/test_runs/10b10t15c500e_log_sweep/data/param_178_rep_1/event_log.csv,/scratch/n/N.Pfaffenzeller/nikolas_nethive/nethive_multiverse/results/test_runs/10b10t15c500e_log_sweep/data/param_178_rep_1/config.json
32,1000,"[0,1]","[""task_1"",""task_2"",""task_3"",""task_4"",""task_5"",""task_6"",""task_7"",""task_8"",""task_9"",""task_10""]",0.05,10,5.0,100,5.0e-5,10,15,10,15,500,50,100,1,10,178,1,0.1,time_out,242727822,2,802.33,2025-12-14T18:30:14.468,0,242727822,true,true,"[0.01,0.05]",10,10,10,500.0064394398558,0.23426965234539593,0.2898313793720079,0.08666666666666667,0.31146666666666667,0.08666666666666667,,,,,,,/scratch/n/N.Pfaffenzeller/nikolas_nethive/nethive_multiverse/results/test_runs/10b10t15c500e_log_sweep,param_178_rep_2,/scratch/n/N.Pfaffenzeller/nikolas_nethive/nethive_multiverse/results/test_runs/10b10t15c500e_log_sweep/data/param_178_rep_2,/scratch/n/N.Pfaffenzeller/nikolas_nethive/nethive_multiverse/results/test_runs/10b10t15c500e_log_sweep/data/param_178_rep_2/event_log.csv,/scratch/n/N.Pfaffenzeller/nikolas_nethive/nethive_multiverse/results/test_runs/10b10t15c500e_log_sweep/data/param_178_rep_2/config.json
32,1000,"[0,1]","[""task_1"",""task_2"",""task_3"",""task_4"",""task_5"",""task_6"",""task_7"",""task_8"",""task_9"",""task_10""]",0.05,10,5.0,100,5.0e-5,10,15,10,15,500,50,100,1,10,178,1,0.1,time_out,242727823,3,801.75,2025-12-14T18:30:22.327,0,242727823,true,true,"[0.01,0.05]",10,10,10,500.0011306870045,0.20275551905386266,0.24264959760848098,0.132,0.33053333333333323,0.132,,,,,,,/scratch/n/N.Pfaffenzeller/nikolas_nethive/nethive_multiverse/results/test_runs/10b10t15c500e_log_sweep,param_178_rep_3,/scratch/n/N.Pfaffenzeller/nikolas_nethive/nethive_multiverse/results/test_runs/10b10t15c500e_log_sweep/data/param_178_rep_3,/scratch/n/N.Pfaffenzeller/nikolas_nethive/nethive_multiverse/results/test_runs/10b10t15c500e_log_sweep/data/param_178_rep_3/event_log.csv,/scratch/n/N.Pfaffenzeller/nikolas_nethive/nethive_multiverse/results/test_runs/10b10t15c500e_log_sweep/data/param_178_rep_3/config.json
32,1000,"[0,1]","[""task_1"",""task_2"",""task_3"",""task_4"",""task_5"",""task_6"",""task_7"",""task_8"",""task_9"",""task_10""]",0.1,10,5.0,100,5.0e-5,10,15,10,15,500,50,100,1,10,179,1,0.1,time_out,242728821,1,798.79,2025-12-14T18:30:26.827,0,242728821,true,true,"[0.01,0.05]",10,10,10,500.00223596330835,0.2998817100796594,0.36443351644685607,0.07866666666666666,0.42066666666666663,0.07866666666666666,,,,,,,/scratch/n/N.Pfaffenzeller/nikolas_nethive/nethive_multiverse/results/test_runs/10b10t15c500e_log_sweep,param_179_rep_1,/scratch/n/N.Pfaffenzeller/nikolas_nethive/nethive_multiverse/results/test_runs/10b10t15c500e_log_sweep/data/param_179_rep_1,/scratch/n/N.Pfaffenzeller/nikolas_nethive/nethive_multiverse/results/test_runs/10b10t15c500e_log_sweep/data/param_179_rep_1/event_log.csv,/scratch/n/N.Pfaffenzeller/nikolas_nethive/nethive_multiverse/results/test_runs/10b10t15c500e_log_sweep/data/param_179_rep_1/config.json
32,1000,"[0,1]","[""task_1"",""task_2"",""task_3"",""task_4"",""task_5"",""task_6"",""task_7"",""task_8"",""task_9"",""task_10""]",0.1,10,5.0,100,5.0e-5,10,15,10,15,500,50,100,1,10,179,1,0.1,time_out,242728822,2,777.71,2025-12-14T18:30:43.658,0,242728822,true,true,"[0.01,0.05]",10,10,10,500.0039613956747,0.22432632577076334,0.2587985147891988,0.17866666666666667,0.3549333333333333,0.06266666666666666,,,,,,,/scratch/n/N.Pfaffenzeller/nikolas_nethive/nethive_multiverse/results/test_runs/10b10t15c500e_log_sweep,param_179_rep_2,/scratch/n/N.Pfaffenzeller/nikolas_nethive/nethive_multiverse/results/test_runs/10b10t15c500e_log_sweep/data/param_179_rep_2,/scratch/n/N.Pfaffenzeller/nikolas_nethive/nethive_multiverse/results/test_runs/10b10t15c500e_log_sweep/data/param_179_rep_2/event_log.csv,/scratch/n/N.Pfaffenzeller/nikolas_nethive/nethive_multiverse/results/test_runs/10b10t15c500e_log_sweep/data/param_179_rep_2/config.json
32,1000,"[0,1]","[""task_1"",""task_2"",""task_3"",""task_4"",""task_5"",""task_6"",""task_7"",""task_8"",""task_9"",""task_10""]",0.1,10,5.0,100,5.0e-5,10,15,10,15,500,50,100,1,10,179,1,0.1,time_out,242728823,3,813.75,2025-12-14T18:31:10.101,0,242728823,true,true,"[0.01,0.05]",10,10,10,500.00428029665017,0.2858589810486058,0.3058198363898904,0.16666666666666666,0.4053333333333334,0.14,,,,,,,/scratch/n/N.Pfaffenzeller/nikolas_nethive/nethive_multiverse/results/test_runs/10b10t15c500e_log_sweep,param_179_rep_3,/scratch/n/N.Pfaffenzeller/nikolas_nethive/nethive_multiverse/results/test_runs/10b10t15c500e_log_sweep/data/param_179_rep_3,/scratch/n/N.Pfaffenzeller/nikolas_nethive/nethive_multiverse/results/test_runs/10b10t15c500e_log_sweep/data/param_179_rep_3/event_log.csv,/scratch/n/N.Pfaffenzeller/nikolas_nethive/nethive_multiverse/results/test_runs/10b10t15c500e_log_sweep/data/param_179_rep_3/config.json
32,1000,"[0,1]","[""task_1"",""task_2"",""task_3"",""task_4"",""task_5"",""task_6"",""task_7"",""task_8"",""task_9"",""task_10""]",5.0,10,0.05,100,1.0e-5,10,15,10,15,500,50,100,1,10,17,1,0.1,time_out,242566821,1,632.39,2025-12-14T15:17:34.659,0,242566821,true,true,"[0.01,0.05]",10,10,10,500.0028929442777,0.21766007132495807,0.2302254450922069,0.04133333333333333,0.25906666666666667,0.04133333333333333,,,,,,,/scratch/n/N.Pfaffenzeller/nikolas_nethive/nethive_multiverse/results/test_runs/10b10t15c500e_log_sweep,param_17_rep_1,/scratch/n/N.Pfaffenzeller/nikolas_nethive/nethive_multiverse/results/test_runs/10b10t15c500e_log_sweep/data/param_17_rep_1,/scratch/n/N.Pfaffenzeller/nikolas_nethive/nethive_multiverse/results/test_runs/10b10t15c500e_log_sweep/data/param_17_rep_1/event_log.csv,/scratch/n/N.Pfaffenzeller/nikolas_nethive/nethive_multiverse/results/test_runs/10b10t15c500e_log_sweep/data/param_17_rep_1/config.json
32,1000,"[0,1]","[""task_1"",""task_2"",""task_3"",""task_4"",""task_5"",""task_6"",""task_7"",""task_8"",""task_9"",""task_10""]",5.0,10,0.05,100,1.0e-5,10,15,10,15,500,50,100,1,10,17,1,0.1,time_out,242566822,2,631.71,2025-12-14T15:17:16.278,0,242566822,true,true,"[0.01,0.05]",10,10,10,500.0002812780412,0.2001857541499188,0.23555450284684865,0.07066666666666667,0.2557333333333333,0.07066666666666667,,,,,,,/scratch/n/N.Pfaffenzeller/nikolas_nethive/nethive_multiverse/results/test_runs/10b10t15c500e_log_sweep,param_17_rep_2,/scratch/n/N.Pfaffenzeller/nikolas_nethive/nethive_multiverse/results/test_runs/10b10t15c500e_log_sweep/data/param_17_rep_2,/scratch/n/N.Pfaffenzeller/nikolas_nethive/nethive_multiverse/results/test_runs/10b10t15c500e_log_sweep/data/param_17_rep_2/event_log.csv,/scratch/n/N.Pfaffenzeller/nikolas_nethive/nethive_multiverse/results/test_runs/10b10t15c500e_log_sweep/data/param_17_rep_2/config.json
32,1000,"[0,1]","[""task_1"",""task_2"",""task_3"",""task_4"",""task_5"",""task_6"",""task_7"",""task_8"",""task_9"",""task_10""]",5.0,10,0.05,100,1.0e-5,10,15,10,15,500,50,100,1,10,17,1,0.1,time_out,242566823,3,637.11,2025-12-14T15:17:56.479,0,242566823,true,true,"[0.01,0.05]",10,10,10,500.00048751797584,0.15289687378045913,0.24576250487487622,0.013333333333333334,0.21413333333333334,0.013333333333333334,,,,,,,/scratch/n/N.Pfaffenzeller/nikolas_nethive/nethive_multiverse/results/test_runs/10b10t15c500e_log_sweep,param_17_rep_3,/scratch/n/N.Pfaffenzeller/nikolas_nethive/nethive_multiverse/results/test_runs/10b10t15c500e_log_sweep/data/param_17_rep_3,/scratch/n/N.Pfaffenzeller/nikolas_nethive/nethive_multiverse/results/test_runs/10b10t15c500e_log_sweep/data/param_17_rep_3/event_log.csv,/scratch/n/N.Pfaffenzeller/nikolas_nethive/nethive_multiverse/results/test_runs/10b10t15c500e_log_sweep/data/param_17_rep_3/config.json
32,1000,"[0,1]","[""task_1"",""task_2"",""task_3"",""task_4"",""task_5"",""task_6"",""task_7"",""task_8"",""task_9"",""task_10""]",0.5,10,5.0,100,5.0e-5,10,15,10,15,500,50,100,1,10,180,1,0.1,time_out,242729821,1,735.22,2025-12-14T18:31:44.287,0,242729821,true,true,"[0.01,0.05]",10,10,10,500.00250164096377,0.22762880886555786,0.26227191402637123,0.124,0.33693333333333336,0.112,,,,,,,/scratch/n/N.Pfaffenzeller/nikolas_nethive/nethive_multiverse/results/test_runs/10b10t15c500e_log_sweep,param_180_rep_1,/scratch/n/N.Pfaffenzeller/nikolas_nethive/nethive_multiverse/results/test_runs/10b10t15c500e_log_sweep/data/param_180_rep_1,/scratch/n/N.Pfaffenzeller/nikolas_nethive/nethive_multiverse/results/test_runs/10b10t15c500e_log_sweep/data/param_180_rep_1/event_log.csv,/scratch/n/N.Pfaffenzeller/nikolas_nethive/nethive_multiverse/results/test_runs/10b10t15c500e_log_sweep/data/param_180_rep_1/config.json
32,1000,"[0,1]","[""task_1"",""task_2"",""task_3"",""task_4"",""task_5"",""task_6"",""task_7"",""task_8"",""task_9"",""task_10""]",0.5,10,5.0,100,5.0e-5,10,15,10,15,500,50,100,1,10,180,1,0.1,time_out,242729822,2,678.93,2025-12-14T18:32:14.795,0,242729822,true,true,"[0.01,0.05]",10,10,10,500.00279628947226,0.24052702637560489,0.29436516652461897,0.09866666666666667,0.41893333333333327,0.09866666666666667,,,,,,,/scratch/n/N.Pfaffenzeller/nikolas_nethive/nethive_multiverse/results/test_runs/10b10t15c500e_log_sweep,param_180_rep_2,/scratch/n/N.Pfaffenzeller/nikolas_nethive/nethive_multiverse/results/test_runs/10b10t15c500e_log_sweep/data/param_180_rep_2,/scratch/n/N.Pfaffenzeller/nikolas_nethive/nethive_multiverse/results/test_runs/10b10t15c500e_log_sweep/data/param_180_rep_2/event_log.csv,/scratch/n/N.Pfaffenzeller/nikolas_nethive/nethive_multiverse/results/test_runs/10b10t15c500e_log_sweep/data/param_180_rep_2/config.json
32,1000,"[0,1]","[""task_1"",""task_2"",""task_3"",""task_4"",""task_5"",""task_6"",""task_7"",""task_8"",""task_9"",""task_10""]",0.5,10,5.0,100,5.0e-5,10,15,10,15,500,50,100,1,10,180,1,0.1,time_out,242729823,3,685.71,2025-12-14T18:32:24.525,0,242729823,true,true,"[0.01,0.05]",10,10,10,500.00079389208236,0.2762692035363979,0.29381476967021763,0.156,0.45533333333333337,0.15333333333333332,,,,,,,/scratch/n/N.Pfaffenzeller/nikolas_nethive/nethive_multiverse/results/test_runs/10b10t15c500e_log_sweep,param_180_rep_3,/scratch/n/N.Pfaffenzeller/nikolas_nethive/nethive_multiverse/results/test_runs/10b10t15c500e_log_sweep/data/param_180_rep_3,/scratch/n/N.Pfaffenzeller/nikolas_nethive/nethive_multiverse/results/test_runs/10b10t15c500e_log_sweep/data/param_180_rep_3/event_log.csv,/scratch/n/N.Pfaffenzeller/nikolas_nethive/nethive_multiverse/results/test_runs/10b10t15c500e_log_sweep/data/param_180_rep_3/config.json
32,1000,"[0,1]","[""task_1"",""task_2"",""task_3"",""task_4"",""task_5"",""task_6"",""task_7"",""task_8"",""task_9"",""task_10""]",1.0,10,5.0,100,5.0e-5,10,15,10,15,500,50,100,1,10,181,1,0.1,time_out,242730821,1,668.47,2025-12-14T18:32:42.595,0,242730821,true,true,"[0.01,0.05]",10,10,10,500.01235315530204,0.3010759491476337,0.3334285720192942,0.14,0.3842666666666667,0.12933333333333333,,,,,,,/scratch/n/N.Pfaffenzeller/nikolas_nethive/nethive_multiverse/results/test_runs/10b10t15c500e_log_sweep,param_181_rep_1,/scratch/n/N.Pfaffenzeller/nikolas_nethive/nethive_multiverse/results/test_runs/10b10t15c500e_log_sweep/data/param_181_rep_1,/scratch/n/N.Pfaffenzeller/nikolas_nethive/nethive_multiverse/results/test_runs/10b10t15c500e_log_sweep/data/param_181_rep_1/event_log.csv,/scratch/n/N.Pfaffenzeller/nikolas_nethive/nethive_multiverse/results/test_runs/10b10t15c500e_log_sweep/data/param_181_rep_1/config.json
32,1000,"[0,1]","[""task_1"",""task_2"",""task_3"",""task_4"",""task_5"",""task_6"",""task_7"",""task_8"",""task_9"",""task_10""]",1.0,10,5.0,100,5.0e-5,10,15,10,15,500,50,100,1,10,181,1,0.1,time_out,242730822,2,630.44,2025-12-14T18:33:00.431,0,242730822,true,true,"[0.01,0.05]",10,10,10,500.00206465862146,0.2905407031552568,0.3293195321346774,0.10533333333333333,0.44413333333333327,0.10533333333333333,,,,,,,/scratch/n/N.Pfaffenzeller/nikolas_nethive/nethive_multiverse/results/test_runs/10b10t15c500e_log_sweep,param_181_rep_2,/scratch/n/N.Pfaffenzeller/nikolas_nethive/nethive_multiverse/results/test_runs/10b10t15c500e_log_sweep/data/param_181_rep_2,/scratch/n/N.Pfaffenzeller/nikolas_nethive/nethive_multiverse/results/test_runs/10b10t15c500e_log_sweep/data/param_181_rep_2/event_log.csv,/scratch/n/N.Pfaffenzeller/nikolas_nethive/nethive_multiverse/results/test_runs/10b10t15c500e_log_sweep/data/param_181_rep_2/config.json
32,1000,"[0,1]","[""task_1"",""task_2"",""task_3"",""task_4"",""task_5"",""task_6"",""task_7"",""task_8"",""task_9"",""task_10""]",1.0,10,5.0,100,5.0e-5,10,15,10,15,500,50,100,1,10,181,1,0.1,time_out,242730823,3,673.48,2025-12-14T18:33:15.415,0,242730823,true,true,"[0.01,0.05]",10,10,10,500.0052927041747,0.29831748465629043,0.3333401906606237,0.20933333333333334,0.4430666666666667,0.20933333333333334,,,,,,,/scratch/n/N.Pfaffenzeller/nikolas_nethive/nethive_multiverse/results/test_runs/10b10t15c500e_log_sweep,param_181_rep_3,/scratch/n/N.Pfaffenzeller/nikolas_nethive/nethive_multiverse/results/test_runs/10b10t15c500e_log_sweep/data/param_181_rep_3,/scratch/n/N.Pfaffenzeller/nikolas_nethive/nethive_multiverse/results/test_runs/10b10t15c500e_log_sweep/data/param_181_rep_3/event_log.csv,/scratch/n/N.Pfaffenzeller/nikolas_nethive/nethive_multiverse/results/test_runs/10b10t15c500e_log_sweep/data/param_181_rep_3/config.json
32,1000,"[0,1]","[""task_1"",""task_2"",""task_3"",""task_4"",""task_5"",""task_6"",""task_7"",""task_8"",""task_9"",""task_10""]",5.0,10,5.0,100,5.0e-5,10,15,10,15,500,50,100,1,10,182,1,0.1,time_out,242731821,1,409.7,2025-12-14T18:33:59.492,0,242731821,true,true,"[0.01,0.05]",10,10,10,500.0235774313097,0.33930252030077546,0.4191349642792548,0.10933333333333334,0.46893333333333337,0.07466666666666667,,,,,,,/scratch/n/N.Pfaffenzeller/nikolas_nethive/nethive_multiverse/results/test_runs/10b10t15c500e_log_sweep,param_182_rep_1,/scratch/n/N.Pfaffenzeller/nikolas_nethive/nethive_multiverse/results/test_runs/10b10t15c500e_log_sweep/data/param_182_rep_1,/scratch/n/N.Pfaffenzeller/nikolas_nethive/nethive_multiverse/results/test_runs/10b10t15c500e_log_sweep/data/param_182_rep_1/event_log.csv,/scratch/n/N.Pfaffenzeller/nikolas_nethive/nethive_multiverse/results/test_runs/10b10t15c500e_log_sweep/data/param_182_rep_1/config.json
32,1000,"[0,1]","[""task_1"",""task_2"",""task_3"",""task_4"",""task_5"",""task_6"",""task_7"",""task_8"",""task_9"",""task_10""]",5.0,10,5.0,100,5.0e-5,10,15,10,15,500,50,100,1,10,182,1,0.1,time_out,242731822,2,417.75,2025-12-14T18:33:49.052,0,242731822,true,true,"[0.01,0.05]",10,10,10,500.0147057812605,0.3897995319667004,0.44869551821990505,0.042666666666666665,0.48693333333333333,0.042666666666666665,,,,,,,/scratch/n/N.Pfaffenzeller/nikolas_nethive/nethive_multiverse/results/test_runs/10b10t15c500e_log_sweep,param_182_rep_2,/scratch/n/N.Pfaffenzeller/nikolas_nethive/nethive_multiverse/results/test_runs/10b10t15c500e_log_sweep/data/param_182_rep_2,/scratch/n/N.Pfaffenzeller/nikolas_nethive/nethive_multiverse/results/test_runs/10b10t15c500e_log_sweep/data/param_182_rep_2/event_log.csv,/scratch/n/N.Pfaffenzeller/nikolas_nethive/nethive_multiverse/results/test_runs/10b10t15c500e_log_sweep/data/param_182_rep_2/config.json
32,1000,"[0,1]","[""task_1"",""task_2"",""task_3"",""task_4"",""task_5"",""task_6"",""task_7"",""task_8"",""task_9"",""task_10""]",5.0,10,5.0,100,5.0e-5,10,15,10,15,500,50,100,1,10,182,1,0.1,time_out,242731823,3,422.23,2025-12-14T18:34:55.993,0,242731823,true,true,"[0.01,0.05]",10,10,10,500.02247476100626,0.3763182060787886,0.4559332474893437,0.06133333333333333,0.48360000000000003,0.06133333333333333,,,,,,,/scratch/n/N.Pfaffenzeller/nikolas_nethive/nethive_multiverse/results/test_runs/10b10t15c500e_log_sweep,param_182_rep_3,/scratch/n/N.Pfaffenzeller/nikolas_nethive/nethive_multiverse/results/test_runs/10b10t15c500e_log_sweep/data/param_182_rep_3,/scratch/n/N.Pfaffenzeller/nikolas_nethive/nethive_multiverse/results/test_runs/10b10t15c500e_log_sweep/data/param_182_rep_3/event_log.csv,/scratch/n/N.Pfaffenzeller/nikolas_nethive/nethive_multiverse/results/test_runs/10b10t15c500e_log_sweep/data/param_182_rep_3/config.json
32,1000,"[0,1]","[""task_1"",""task_2"",""task_3"",""task_4"",""task_5"",""task_6"",""task_7"",""task_8"",""task_9"",""task_10""]",10.0,10,5.0,100,5.0e-5,10,15,10,15,500,50,100,1,10,183,1,0.1,time_out,242732821,1,388.58,2025-12-14T18:34:28.963,0,242732821,true,true,"[0.01,0.05]",10,10,10,500.00292312372153,0.9086144353747873,0.9075027227306945,0.9,0.9571999999999999,0.9,194.0701003555312,0.8102177252991325,0.8077072028378074,325.90549002852345,0.9086144353747873,0.9075027227306945,/scratch/n/N.Pfaffenzeller/nikolas_nethive/nethive_multiverse/results/test_runs/10b10t15c500e_log_sweep,param_183_rep_1,/scratch/n/N.Pfaffenzeller/nikolas_nethive/nethive_multiverse/results/test_runs/10b10t15c500e_log_sweep/data/param_183_rep_1,/scratch/n/N.Pfaffenzeller/nikolas_nethive/nethive_multiverse/results/test_runs/10b10t15c500e_log_sweep/data/param_183_rep_1/event_log.csv,/scratch/n/N.Pfaffenzeller/nikolas_nethive/nethive_multiverse/results/test_runs/10b10t15c500e_log_sweep/data/param_183_rep_1/config.json
32,1000,"[0,1]","[""task_1"",""task_2"",""task_3"",""task_4"",""task_5"",""task_6"",""task_7"",""task_8"",""task_9"",""task_10""]",10.0,10,5.0,100,5.0e-5,10,15,10,15,500,50,100,1,10,183,1,0.1,time_out,242732822,2,357.85,2025-12-14T18:35:12.406,0,242732822,true,true,"[0.01,0.05]",10,10,10,500.0301717513144,0.4632541244948752,0.5085786845082649,0.14533333333333334,0.5424,0.14533333333333334,,,,,,,/scratch/n/N.Pfaffenzeller/nikolas_nethive/nethive_multiverse/results/test_runs/10b10t15c500e_log_sweep,param_183_rep_2,/scratch/n/N.Pfaffenzeller/nikolas_nethive/nethive_multiverse/results/test_runs/10b10t15c500e_log_sweep/data/param_183_rep_2,/scratch/n/N.Pfaffenzeller/nikolas_nethive/nethive_multiverse/results/test_runs/10b10t15c500e_log_sweep/data/param_183_rep_2/event_log.csv,/scratch/n/N.Pfaffenzeller/nikolas_nethive/nethive_multiverse/results/test_runs/10b10t15c500e_log_sweep/data/param_183_rep_2/config.json
32,1000,"[0,1]","[""task_1"",""task_2"",""task_3"",""task_4"",""task_5"",""task_6"",""task_7"",""task_8"",""task_9"",""task_10""]",10.0,10,5.0,100,5.0e-5,10,15,10,15,500,50,100,1,10,183,1,0.1,time_out,242732823,3,354.11,2025-12-14T18:34:55.995,0,242732823,true,true,"[0.01,0.05]",10,10,10,500.00800576552746,0.4469475435155175,0.502118093082365,0.10666666666666667,0.5674666666666666,0.10666666666666667,175.0492726859946,0.8476706707424025,0.8459758376229125,,,,/scratch/n/N.Pfaffenzeller/nikolas_nethive/nethive_multiverse/results/test_runs/10b10t15c500e_log_sweep,param_183_rep_3,/scratch/n/N.Pfaffenzeller/nikolas_nethive/nethive_multiverse/results/test_runs/10b10t15c500e_log_sweep/data/param_183_rep_3,/scratch/n/N.Pfaffenzeller/nikolas_nethive/nethive_multiverse/results/test_runs/10b10t15c500e_log_sweep/data/param_183_rep_3/event_log.csv,/scratch/n/N.Pfaffenzeller/nikolas_nethive/nethive_multiverse/results/test_runs/10b10t15c500e_log_sweep/data/param_183_rep_3/config.json
32,1000,"[0,1]","[""task_1"",""task_2"",""task_3"",""task_4"",""task_5"",""task_6"",""task_7"",""task_8"",""task_9"",""task_10""]",50.0,10,5.0,100,5.0e-5,10,15,10,15,500,50,100,1,10,184,1,0.1,time_out,242733821,1,244.29,2025-12-14T18:34:41.695,0,242733821,true,true,"[0.01,0.05]",10,10,10,500.068356860655,0.9240124440297486,0.9227890330857523,0.9026666666666666,0.9616,0.9026666666666666,166.79546826702165,0.8754816920540422,0.8695857192594767,192.62139133210144,0.9240124440297486,0.9227890330857523,/scratch/n/N.Pfaffenzeller/nikolas_nethive/nethive_multiverse/results/test_runs/10b10t15c500e_log_sweep,param_184_rep_1,/scratch/n/N.Pfaffenzeller/nikolas_nethive/nethive_multiverse/results/test_runs/10b10t15c500e_log_sweep/data/param_184_rep_1,/scratch/n/N.Pfaffenzeller/nikolas_nethive/nethive_multiverse/results/test_runs/10b10t15c500e_log_sweep/data/param_184_rep_1/event_log.csv,/scratch/n/N.Pfaffenzeller/nikolas_nethive/nethive_multiverse/results/test_runs/10b10t15c500e_log_sweep/data/param_184_rep_1/config.json
32,1000,"[0,1]","[""task_1"",""task_2"",""task_3"",""task_4"",""task_5"",""task_6"",""task_7"",""task_8"",""task_9"",""task_10""]",50.0,10,5.0,100,5.0e-5,10,15,10,15,500,50,100,1,10,184,1,0.1,time_out,242733822,2,242.1,2025-12-14T18:34:29.068,0,242733822,true,true,"[0.01,0.05]",10,10,10,500.0229641009467,0.9684469684451292,0.9679717621422256,0.9013333333333333,0.9797333333333332,0.9013333333333333,159.74996785511064,0.8817845511711717,0.8725985394706433,185.82937054197637,0.9684469684451292,0.9679717621422256,/scratch/n/N.Pfaffenzeller/nikolas_nethive/nethive_multiverse/results/test_runs/10b10t15c500e_log_sweep,param_184_rep_2,/scratch/n/N.Pfaffenzeller/nikolas_nethive/nethive_multiverse/results/test_runs/10b10t15c500e_log_sweep/data/param_184_rep_2,/scratch/n/N.Pfaffenzeller/nikolas_nethive/nethive_multiverse/results/test_runs/10b10t15c500e_log_sweep/data/param_184_rep_2/event_log.csv,/scratch/n/N.Pfaffenzeller/nikolas_nethive/nethive_multiverse/results/test_runs/10b10t15c500e_log_sweep/data/param_184_rep_2/config.json
32,1000,"[0,1]","[""task_1"",""task_2"",""task_3"",""task_4"",""task_5"",""task_6"",""task_7"",""task_8"",""task_9"",""task_10""]",50.0,10,5.0,100,5.0e-5,10,15,10,15,500,50,100,1,10,184,1,0.1,time_out,242733823,3,234.82,2025-12-14T18:34:55.594,0,242733823,true,true,"[0.01,0.05]",10,10,10,500.0070261510687,0.9377391686464934,0.9338448311496617,0.924,0.9626666666666667,0.924,75.86041463815991,0.8693053552929744,0.8617547460136622,93.84302271377764,0.9377391686464934,0.9338448311496617,/scratch/n/N.Pfaffenzeller/nikolas_nethive/nethive_multiverse/results/test_runs/10b10t15c500e_log_sweep,param_184_rep_3,/scratch/n/N.Pfaffenzeller/nikolas_nethive/nethive_multiverse/results/test_runs/10b10t15c500e_log_sweep/data/param_184_rep_3,/scratch/n/N.Pfaffenzeller/nikolas_nethive/nethive_multiverse/results/test_runs/10b10t15c500e_log_sweep/data/param_184_rep_3/event_log.csv,/scratch/n/N.Pfaffenzeller/nikolas_nethive/nethive_multiverse/results/test_runs/10b10t15c500e_log_sweep/data/param_184_rep_3/config.json
32,1000,"[0,1]","[""task_1"",""task_2"",""task_3"",""task_4"",""task_5"",""task_6"",""task_7"",""task_8"",""task_9"",""task_10""]",100.0,10,5.0,100,5.0e-5,10,15,10,15,500,50,100,1,10,185,1,0.1,time_out,242734821,1,184.97,2025-12-14T18:34:52.096,0,242734821,true,true,"[0.01,0.05]",10,10,10,500.0919659286884,0.9394944499330304,0.9387422211330939,0.9146666666666666,0.9661333333333333,0.9146666666666666,242.0145272299038,0.9224445970830697,0.9168984789370732,265.64272880971436,0.9394944499330304,0.9387422211330939,/scratch/n/N.Pfaffenzeller/nikolas_nethive/nethive_multiverse/results/test_runs/10b10t15c500e_log_sweep,param_185_rep_1,/scratch/n/N.Pfaffenzeller/nikolas_nethive/nethive_multiverse/results/test_runs/10b10t15c500e_log_sweep/data/param_185_rep_1,/scratch/n/N.Pfaffenzeller/nikolas_nethive/nethive_multiverse/results/test_runs/10b10t15c500e_log_sweep/data/param_185_rep_1/event_log.csv,/scratch/n/N.Pfaffenzeller/nikolas_nethive/nethive_multiverse/results/test_runs/10b10t15c500e_log_sweep/data/param_185_rep_1/config.json
32,1000,"[0,1]","[""task_1"",""task_2"",""task_3"",""task_4"",""task_5"",""task_6"",""task_7"",""task_8"",""task_9"",""task_10""]",100.0,10,5.0,100,5.0e-5,10,15,10,15,500,50,100,1,10,185,1,0.1,time_out,242734822,2,211.59,2025-12-14T18:35:09.042,0,242734822,true,true,"[0.01,0.05]",10,10,10,500.01318304315544,0.7822185093437788,0.8101701401282668,0.164,0.8494666666666666,0.164,,,,,,,/scratch/n/N.Pfaffenzeller/nikolas_nethive/nethive_multiverse/results/test_runs/10b10t15c500e_log_sweep,param_185_rep_2,/scratch/n/N.Pfaffenzeller/nikolas_nethive/nethive_multiverse/results/test_runs/10b10t15c500e_log_sweep/data/param_185_rep_2,/scratch/n/N.Pfaffenzeller/nikolas_nethive/nethive_multiverse/results/test_runs/10b10t15c500e_log_sweep/data/param_185_rep_2/event_log.csv,/scratch/n/N.Pfaffenzeller/nikolas_nethive/nethive_multiverse/results/test_runs/10b10t15c500e_log_sweep/data/param_185_rep_2/config.json
32,1000,"[0,1]","[""task_1"",""task_2"",""task_3"",""task_4"",""task_5"",""task_6"",""task_7"",""task_8"",""task_9"",""task_10""]",100.0,10,5.0,100,5.0e-5,10,15,10,15,500,50,100,1,10,185,1,0.1,time_out,242734823,3,190.72,2025-12-14T18:34:56.066,0,242734823,true,true,"[0.01,0.05]",10,10,10,500.04690946138055,0.9830963156719328,0.9827013875883928,0.9293333333333333,0.9910666666666665,0.9293333333333333,133.86972572280212,0.7922375637766585,0.7875785821192268,167.26858200157108,0.9830963156719328,0.9827013875883928,/scratch/n/N.Pfaffenzeller/nikolas_nethive/nethive_multiverse/results/test_runs/10b10t15c500e_log_sweep,param_185_rep_3,/scratch/n/N.Pfaffenzeller/nikolas_nethive/nethive_multiverse/results/test_runs/10b10t15c500e_log_sweep/data/param_185_rep_3,/scratch/n/N.Pfaffenzeller/nikolas_nethive/nethive_multiverse/results/test_runs/10b10t15c500e_log_sweep/data/param_185_rep_3/event_log.csv,/scratch/n/N.Pfaffenzeller/nikolas_nethive/nethive_multiverse/results/test_runs/10b10t15c500e_log_sweep/data/param_185_rep_3/config.json
32,1000,"[0,1]","[""task_1"",""task_2"",""task_3"",""task_4"",""task_5"",""task_6"",""task_7"",""task_8"",""task_9"",""task_10""]",500.0,10,5.0,100,5.0e-5,10,15,10,15,500,50,100,1,10,186,1,0.1,time_out,242735821,1,92.96,2025-12-14T18:35:10.710,0,242735821,true,true,"[0.01,0.05]",10,10,10,500.10145239449383,0.9055645344180254,0.9164015465873211,0.18933333333333333,0.9189333333333334,0.18933333333333333,,,,,,,/scratch/n/N.Pfaffenzeller/nikolas_nethive/nethive_multiverse/results/test_runs/10b10t15c500e_log_sweep,param_186_rep_1,/scratch/n/N.Pfaffenzeller/nikolas_nethive/nethive_multiverse/results/test_runs/10b10t15c500e_log_sweep/data/param_186_rep_1,/scratch/n/N.Pfaffenzeller/nikolas_nethive/nethive_multiverse/results/test_runs/10b10t15c500e_log_sweep/data/param_186_rep_1/event_log.csv,/scratch/n/N.Pfaffenzeller/nikolas_nethive/nethive_multiverse/results/test_runs/10b10t15c500e_log_sweep/data/param_186_rep_1/config.json
32,1000,"[0,1]","[""task_1"",""task_2"",""task_3"",""task_4"",""task_5"",""task_6"",""task_7"",""task_8"",""task_9"",""task_10""]",500.0,10,5.0,100,5.0e-5,10,15,10,15,500,50,100,1,10,186,1,0.1,time_out,242735822,2,107.67,2025-12-14T18:35:20.749,0,242735822,true,true,"[0.01,0.05]",10,10,10,500.06826915048964,0.7666752845930425,0.8033968715086767,0.156,0.7684,0.15333333333333332,,,,,,,/scratch/n/N.Pfaffenzeller/nikolas_nethive/nethive_multiverse/results/test_runs/10b10t15c500e_log_sweep,param_186_rep_2,/scratch/n/N.Pfaffenzeller/nikolas_nethive/nethive_multiverse/results/test_runs/10b10t15c500e_log_sweep/data/param_186_rep_2,/scratch/n/N.Pfaffenzeller/nikolas_nethive/nethive_multiverse/results/test_runs/10b10t15c500e_log_sweep/data/param_186_rep_2/event_log.csv,/scratch/n/N.Pfaffenzeller/nikolas_nethive/nethive_multiverse/results/test_runs/10b10t15c500e_log_sweep/data/param_186_rep_2/config.json
32,1000,"[0,1]","[""task_1"",""task_2"",""task_3"",""task_4"",""task_5"",""task_6"",""task_7"",""task_8"",""task_9"",""task_10""]",500.0,10,5.0,100,5.0e-5,10,15,10,15,500,50,100,1,10,186,1,0.1,time_out,242735823,3,99.43,2025-12-14T18:34:58.286,0,242735823,true,true,"[0.01,0.05]",10,10,10,500.1118177508674,0.8540997350137142,0.8639222584186885,0.009333333333333334,0.8529333333333333,0.009333333333333334,,,,,,,/scratch/n/N.Pfaffenzeller/nikolas_nethive/nethive_multiverse/results/test_runs/10b10t15c500e_log_sweep,param_186_rep_3,/scratch/n/N.Pfaffenzeller/nikolas_nethive/nethive_multiverse/results/test_runs/10b10t15c500e_log_sweep/data/param_186_rep_3,/scratch/n/N.Pfaffenzeller/nikolas_nethive/nethive_multiverse/results/test_runs/10b10t15c500e_log_sweep/data/param_186_rep_3/event_log.csv,/scratch/n/N.Pfaffenzeller/nikolas_nethive/nethive_multiverse/results/test_runs/10b10t15c500e_log_sweep/data/param_186_rep_3/config.json
32,1000,"[0,1]","[""task_1"",""task_2"",""task_3"",""task_4"",""task_5"",""task_6"",""task_7"",""task_8"",""task_9"",""task_10""]",1000.0,10,5.0,100,5.0e-5,10,15,10,15,500,50,100,1,10,187,1,0.1,time_out,242736821,1,95.25,2025-12-14T18:35:29.308,0,242736821,true,true,"[0.01,0.05]",10,10,10,500.14193232153,0.906527313957851,0.9233393984077132,0.06666666666666667,0.9066666666666666,0.06666666666666667,,,,,,,/scratch/n/N.Pfaffenzeller/nikolas_nethive/nethive_multiverse/results/test_runs/10b10t15c500e_log_sweep,param_187_rep_1,/scratch/n/N.Pfaffenzeller/nikolas_nethive/nethive_multiverse/results/test_runs/10b10t15c500e_log_sweep/data/param_187_rep_1,/scratch/n/N.Pfaffenzeller/nikolas_nethive/nethive_multiverse/results/test_runs/10b10t15c500e_log_sweep/data/param_187_rep_1/event_log.csv,/scratch/n/N.Pfaffenzeller/nikolas_nethive/nethive_multiverse/results/test_runs/10b10t15c500e_log_sweep/data/param_187_rep_1/config.json
32,1000,"[0,1]","[""task_1"",""task_2"",""task_3"",""task_4"",""task_5"",""task_6"",""task_7"",""task_8"",""task_9"",""task_10""]",1000.0,10,5.0,100,5.0e-5,10,15,10,15,500,50,100,1,10,187,1,0.1,time_out,242736822,2,89.75,2025-12-14T18:34:58.464,0,242736822,true,true,"[0.01,0.05]",10,10,10,500.00072202226585,0.964845960208223,0.964348778699787,0.9053333333333333,0.974,0.9053333333333333,33.988613824971935,0.9229445768438918,0.9208279614258659,40.33274314430231,0.964845960208223,0.964348778699787,/scratch/n/N.Pfaffenzeller/nikolas_nethive/nethive_multiverse/results/test_runs/10b10t15c500e_log_sweep,param_187_rep_2,/scratch/n/N.Pfaffenzeller/nikolas_nethive/nethive_multiverse/results/test_runs/10b10t15c500e_log_sweep/data/param_187_rep_2,/scratch/n/N.Pfaffenzeller/nikolas_nethive/nethive_multiverse/results/test_runs/10b10t15c500e_log_sweep/data/param_187_rep_2/event_log.csv,/scratch/n/N.Pfaffenzeller/nikolas_nethive/nethive_multiverse/results/test_runs/10b10t15c500e_log_sweep/data/param_187_rep_2/config.json
32,1000,"[0,1]","[""task_1"",""task_2"",""task_3"",""task_4"",""task_5"",""task_6"",""task_7"",""task_8"",""task_9"",""task_10""]",1000.0,10,5.0,100,5.0e-5,10,15,10,15,500,50,100,1,10,187,1,0.1,time_out,242736823,3,207.28,2025-12-14T18:35:47.850,0,242736823,true,true,"[0.01,0.05]",10,10,10,500.0781500473872,0.8908315822463431,0.898326425073372,0.07066666666666667,0.8423999999999999,0.07066666666666667,,,,,,,/scratch/n/N.Pfaffenzeller/nikolas_nethive/nethive_multiverse/results/test_runs/10b10t15c500e_log_sweep,param_187_rep_3,/scratch/n/N.Pfaffenzeller/nikolas_nethive/nethive_multiverse/results/test_runs/10b10t15c500e_log_sweep/data/param_187_rep_3,/scratch/n/N.Pfaffenzeller/nikolas_nethive/nethive_multiverse/results/test_runs/10b10t15c500e_log_sweep/data/param_187_rep_3/event_log.csv,/scratch/n/N.Pfaffenzeller/nikolas_nethive/nethive_multiverse/results/test_runs/10b10t15c500e_log_sweep/data/param_187_rep_3/config.json
32,1000,"[0,1]","[""task_1"",""task_2"",""task_3"",""task_4"",""task_5"",""task_6"",""task_7"",""task_8"",""task_9"",""task_10""]",0.01,10,10.0,100,5.0e-5,10,15,10,15,500,50,100,1,10,188,1,0.1,time_out,242737821,1,1900.49,2025-12-14T18:36:15.444,0,242737821,true,true,"[0.01,0.05]",10,10,10,500.00499235231484,0.3099864848633659,0.32563574241682436,0.15066666666666667,0.3968,0.07066666666666667,,,,,,,/scratch/n/N.Pfaffenzeller/nikolas_nethive/nethive_multiverse/results/test_runs/10b10t15c500e_log_sweep,param_188_rep_1,/scratch/n/N.Pfaffenzeller/nikolas_nethive/nethive_multiverse/results/test_runs/10b10t15c500e_log_sweep/data/param_188_rep_1,/scratch/n/N.Pfaffenzeller/nikolas_nethive/nethive_multiverse/results/test_runs/10b10t15c500e_log_sweep/data/param_188_rep_1/event_log.csv,/scratch/n/N.Pfaffenzeller/nikolas_nethive/nethive_multiverse/results/test_runs/10b10t15c500e_log_sweep/data/param_188_rep_1/config.json
32,1000,"[0,1]","[""task_1"",""task_2"",""task_3"",""task_4"",""task_5"",""task_6"",""task_7"",""task_8"",""task_9"",""task_10""]",0.01,10,10.0,100,5.0e-5,10,15,10,15,500,50,100,1,10,188,1,0.1,time_out,242737822,2,848.56,2025-12-14T18:35:54.353,0,242737822,true,true,"[0.01,0.05]",10,10,10,500.00205455523064,0.2317037223952992,0.2691630022532697,0.10533333333333333,0.3588,0.09733333333333333,,,,,,,/scratch/n/N.Pfaffenzeller/nikolas_nethive/nethive_multiverse/results/test_runs/10b10t15c500e_log_sweep,param_188_rep_2,/scratch/n/N.Pfaffenzeller/nikolas_nethive/nethive_multiverse/results/test_runs/10b10t15c500e_log_sweep/data/param_188_rep_2,/scratch/n/N.Pfaffenzeller/nikolas_nethive/nethive_multiverse/results/test_runs/10b10t15c500e_log_sweep/data/param_188_rep_2/event_log.csv,/scratch/n/N.Pfaffenzeller/nikolas_nethive/nethive_multiverse/results/test_runs/10b10t15c500e_log_sweep/data/param_188_rep_2/config.json
32,1000,"[0,1]","[""task_1"",""task_2"",""task_3"",""task_4"",""task_5"",""task_6"",""task_7"",""task_8"",""task_9"",""task_10""]",0.01,10,10.0,100,5.0e-5,10,15,10,15,500,50,100,1,10,188,1,0.1,time_out,242737823,3,1874.84,2025-12-14T18:36:47.519,0,242737823,true,true,"[0.01,0.05]",10,10,10,500.0308022294863,0.3118219185694275,0.3265565883950586,0.248,0.4368,0.10666666666666667,,,,,,,/scratch/n/N.Pfaffenzeller/nikolas_nethive/nethive_multiverse/results/test_runs/10b10t15c500e_log_sweep,param_188_rep_3,/scratch/n/N.Pfaffenzeller/nikolas_nethive/nethive_multiverse/results/test_runs/10b10t15c500e_log_sweep/data/param_188_rep_3,/scratch/n/N.Pfaffenzeller/nikolas_nethive/nethive_multiverse/results/test_runs/10b10t15c500e_log_sweep/data/param_188_rep_3/event_log.csv,/scratch/n/N.Pfaffenzeller/nikolas_nethive/nethive_multiverse/results/test_runs/10b10t15c500e_log_sweep/data/param_188_rep_3/config.json
32,1000,"[0,1]","[""task_1"",""task_2"",""task_3"",""task_4"",""task_5"",""task_6"",""task_7"",""task_8"",""task_9"",""task_10""]",0.05,10,10.0,100,5.0e-5,10,15,10,15,500,50,100,1,10,189,1,0.1,time_out,242738821,1,1773.45,2025-12-14T18:37:09.770,0,242738821,true,true,"[0.01,0.05]",10,10,10,500.00524185411695,0.2568111150917399,0.3024602564349613,0.08666666666666667,0.3982666666666666,0.08666666666666667,,,,,,,/scratch/n/N.Pfaffenzeller/nikolas_nethive/nethive_multiverse/results/test_runs/10b10t15c500e_log_sweep,param_189_rep_1,/scratch/n/N.Pfaffenzeller/nikolas_nethive/nethive_multiverse/results/test_runs/10b10t15c500e_log_sweep/data/param_189_rep_1,/scratch/n/N.Pfaffenzeller/nikolas_nethive/nethive_multiverse/results/test_runs/10b10t15c500e_log_sweep/data/param_189_rep_1/event_log.csv,/scratch/n/N.Pfaffenzeller/nikolas_nethive/nethive_multiverse/results/test_runs/10b10t15c500e_log_sweep/data/param_189_rep_1/config.json
32,1000,"[0,1]","[""task_1"",""task_2"",""task_3"",""task_4"",""task_5"",""task_6"",""task_7"",""task_8"",""task_9"",""task_10""]",0.05,10,10.0,100,5.0e-5,10,15,10,15,500,50,100,1,10,189,1,0.1,time_out,242738822,2,1882.18,2025-12-14T18:37:47.101,0,242738822,true,true,"[0.01,0.05]",10,10,10,500.00949881646966,0.25833115308181054,0.2884029140673864,0.1,0.38533333333333336,0.1,,,,,,,/scratch/n/N.Pfaffenzeller/nikolas_nethive/nethive_multiverse/results/test_runs/10b10t15c500e_log_sweep,param_189_rep_2,/scratch/n/N.Pfaffenzeller/nikolas_nethive/nethive_multiverse/results/test_runs/10b10t15c500e_log_sweep/data/param_189_rep_2,/scratch/n/N.Pfaffenzeller/nikolas_nethive/nethive_multiverse/results/test_runs/10b10t15c500e_log_sweep/data/param_189_rep_2/event_log.csv,/scratch/n/N.Pfaffenzeller/nikolas_nethive/nethive_multiverse/results/test_runs/10b10t15c500e_log_sweep/data/param_189_rep_2/config.json
32,1000,"[0,1]","[""task_1"",""task_2"",""task_3"",""task_4"",""task_5"",""task_6"",""task_7"",""task_8"",""task_9"",""task_10""]",0.05,10,10.0,100,5.0e-5,10,15,10,15,500,50,100,1,10,189,1,0.1,time_out,242738823,3,818.5,2025-12-14T18:37:26.523,0,242738823,true,true,"[0.01,0.05]",10,10,10,500.0061141388996,0.27872952733944917,0.35759725093576905,0.12533333333333332,0.3862666666666667,0.12533333333333332,,,,,,,/scratch/n/N.Pfaffenzeller/nikolas_nethive/nethive_multiverse/results/test_runs/10b10t15c500e_log_sweep,param_189_rep_3,/scratch/n/N.Pfaffenzeller/nikolas_nethive/nethive_multiverse/results/test_runs/10b10t15c500e_log_sweep/data/param_189_rep_3,/scratch/n/N.Pfaffenzeller/nikolas_nethive/nethive_multiverse/results/test_runs/10b10t15c500e_log_sweep/data/param_189_rep_3/event_log.csv,/scratch/n/N.Pfaffenzeller/nikolas_nethive/nethive_multiverse/results/test_runs/10b10t15c500e_log_sweep/data/param_189_rep_3/config.json
32,1000,"[0,1]","[""task_1"",""task_2"",""task_3"",""task_4"",""task_5"",""task_6"",""task_7"",""task_8"",""task_9"",""task_10""]",10.0,10,0.05,100,1.0e-5,10,15,10,15,500,50,100,1,10,18,1,0.1,time_out,242567821,1,604.16,2025-12-14T15:18:06.695,0,242567821,true,true,"[0.01,0.05]",10,10,10,500.0045450602607,0.29775080254355174,0.29044034242106553,0.005333333333333333,0.29533333333333334,0.005333333333333333,,,,,,,/scratch/n/N.Pfaffenzeller/nikolas_nethive/nethive_multiverse/results/test_runs/10b10t15c500e_log_sweep,param_18_rep_1,/scratch/n/N.Pfaffenzeller/nikolas_nethive/nethive_multiverse/results/test_runs/10b10t15c500e_log_sweep/data/param_18_rep_1,/scratch/n/N.Pfaffenzeller/nikolas_nethive/nethive_multiverse/results/test_runs/10b10t15c500e_log_sweep/data/param_18_rep_1/event_log.csv,/scratch/n/N.Pfaffenzeller/nikolas_nethive/nethive_multiverse/results/test_runs/10b10t15c500e_log_sweep/data/param_18_rep_1/config.json
32,1000,"[0,1]","[""task_1"",""task_2"",""task_3"",""task_4"",""task_5"",""task_6"",""task_7"",""task_8"",""task_9"",""task_10""]",10.0,10,0.05,100,1.0e-5,10,15,10,15,500,50,100,1,10,18,1,0.1,time_out,242567822,2,1409.91,2025-12-14T15:18:24.918,0,242567822,true,true,"[0.01,0.05]",10,10,10,500.00490421607896,0.17601648835060354,0.24136998254361924,0.005333333333333333,0.22679999999999997,0.005333333333333333,,,,,,,/scratch/n/N.Pfaffenzeller/nikolas_nethive/nethive_multiverse/results/test_runs/10b10t15c500e_log_sweep,param_18_rep_2,/scratch/n/N.Pfaffenzeller/nikolas_nethive/nethive_multiverse/results/test_runs/10b10t15c500e_log_sweep/data/param_18_rep_2,/scratch/n/N.Pfaffenzeller/nikolas_nethive/nethive_multiverse/results/test_runs/10b10t15c500e_log_sweep/data/param_18_rep_2/event_log.csv,/scratch/n/N.Pfaffenzeller/nikolas_nethive/nethive_multiverse/results/test_runs/10b10t15c500e_log_sweep/data/param_18_rep_2/config.json
32,1000,"[0,1]","[""task_1"",""task_2"",""task_3"",""task_4"",""task_5"",""task_6"",""task_7"",""task_8"",""task_9"",""task_10""]",10.0,10,0.05,100,1.0e-5,10,15,10,15,500,50,100,1,10,18,1,0.1,time_out,242567823,3,1404.02,2025-12-14T15:18:34.905,0,242567823,true,true,"[0.01,0.05]",10,10,10,500.00604081027143,0.12302131558356341,0.18284045130792653,0.03866666666666667,0.22079999999999997,0.025333333333333333,,,,,,,/scratch/n/N.Pfaffenzeller/nikolas_nethive/nethive_multiverse/results/test_runs/10b10t15c500e_log_sweep,param_18_rep_3,/scratch/n/N.Pfaffenzeller/nikolas_nethive/nethive_multiverse/results/test_runs/10b10t15c500e_log_sweep/data/param_18_rep_3,/scratch/n/N.Pfaffenzeller/nikolas_nethive/nethive_multiverse/results/test_runs/10b10t15c500e_log_sweep/data/param_18_rep_3/event_log.csv,/scratch/n/N.Pfaffenzeller/nikolas_nethive/nethive_multiverse/results/test_runs/10b10t15c500e_log_sweep/data/param_18_rep_3/config.json
32,1000,"[0,1]","[""task_1"",""task_2"",""task_3"",""task_4"",""task_5"",""task_6"",""task_7"",""task_8"",""task_9"",""task_10""]",0.1,10,10.0,100,5.0e-5,10,15,10,15,500,50,100,1,10,190,1,0.1,time_out,242739821,1,784.45,2025-12-14T18:37:15.429,0,242739821,true,true,"[0.01,0.05]",10,10,10,500.0015561983969,0.2624638768828626,0.28393721088387813,0.128,0.3632,0.128,,,,,,,/scratch/n/N.Pfaffenzeller/nikolas_nethive/nethive_multiverse/results/test_runs/10b10t15c500e_log_sweep,param_190_rep_1,/scratch/n/N.Pfaffenzeller/nikolas_nethive/nethive_multiverse/results/test_runs/10b10t15c500e_log_sweep/data/param_190_rep_1,/scratch/n/N.Pfaffenzeller/nikolas_nethive/nethive_multiverse/results/test_runs/10b10t15c500e_log_sweep/data/param_190_rep_1/event_log.csv,/scratch/n/N.Pfaffenzeller/nikolas_nethive/nethive_multiverse/results/test_runs/10b10t15c500e_log_sweep/data/param_190_rep_1/config.json
32,1000,"[0,1]","[""task_1"",""task_2"",""task_3"",""task_4"",""task_5"",""task_6"",""task_7"",""task_8"",""task_9"",""task_10""]",0.1,10,10.0,100,5.0e-5,10,15,10,15,500,50,100,1,10,190,1,0.1,time_out,242739822,2,797.37,2025-12-14T18:37:53.772,0,242739822,true,true,"[0.01,0.05]",10,10,10,500.0035612865789,0.23140755560816503,0.26923497426783455,0.12,0.37573333333333336,0.10133333333333333,,,,,,,/scratch/n/N.Pfaffenzeller/nikolas_nethive/nethive_multiverse/results/test_runs/10b10t15c500e_log_sweep,param_190_rep_2,/scratch/n/N.Pfaffenzeller/nikolas_nethive/nethive_multiverse/results/test_runs/10b10t15c500e_log_sweep/data/param_190_rep_2,/scratch/n/N.Pfaffenzeller/nikolas_nethive/nethive_multiverse/results/test_runs/10b10t15c500e_log_sweep/data/param_190_rep_2/event_log.csv,/scratch/n/N.Pfaffenzeller/nikolas_nethive/nethive_multiverse/results/test_runs/10b10t15c500e_log_sweep/data/param_190_rep_2/config.json
32,1000,"[0,1]","[""task_1"",""task_2"",""task_3"",""task_4"",""task_5"",""task_6"",""task_7"",""task_8"",""task_9"",""task_10""]",0.1,10,10.0,100,5.0e-5,10,15,10,15,500,50,100,1,10,190,1,0.1,time_out,242739823,3,784.88,2025-12-14T18:37:42.800,0,242739823,true,true,"[0.01,0.05]",10,10,10,500.0010013385827,0.2606539370978922,0.27705171740729906,0.12533333333333332,0.3966666666666666,0.12533333333333332,,,,,,,/scratch/n/N.Pfaffenzeller/nikolas_nethive/nethive_multiverse/results/test_runs/10b10t15c500e_log_sweep,param_190_rep_3,/scratch/n/N.Pfaffenzeller/nikolas_nethive/nethive_multiverse/results/test_runs/10b10t15c500e_log_sweep/data/param_190_rep_3,/scratch/n/N.Pfaffenzeller/nikolas_nethive/nethive_multiverse/results/test_runs/10b10t15c500e_log_sweep/data/param_190_rep_3/event_log.csv,/scratch/n/N.Pfaffenzeller/nikolas_nethive/nethive_multiverse/results/test_runs/10b10t15c500e_log_sweep/data/param_190_rep_3/config.json
32,1000,"[0,1]","[""task_1"",""task_2"",""task_3"",""task_4"",""task_5"",""task_6"",""task_7"",""task_8"",""task_9"",""task_10""]",0.5,10,10.0,100,5.0e-5,10,15,10,15,500,50,100,1,10,191,1,0.1,time_out,242740821,1,755.75,2025-12-14T18:37:46.169,0,242740821,true,true,"[0.01,0.05]",10,10,10,500.00746123239276,0.33138639511647316,0.34110117372916476,0.32,0.42866666666666664,0.20266666666666666,,,,,,,/scratch/n/N.Pfaffenzeller/nikolas_nethive/nethive_multiverse/results/test_runs/10b10t15c500e_log_sweep,param_191_rep_1,/scratch/n/N.Pfaffenzeller/nikolas_nethive/nethive_multiverse/results/test_runs/10b10t15c500e_log_sweep/data/param_191_rep_1,/scratch/n/N.Pfaffenzeller/nikolas_nethive/nethive_multiverse/results/test_runs/10b10t15c500e_log_sweep/data/param_191_rep_1/event_log.csv,/scratch/n/N.Pfaffenzeller/nikolas_nethive/nethive_multiverse/results/test_runs/10b10t15c500e_log_sweep/data/param_191_rep_1/config.json
32,1000,"[0,1]","[""task_1"",""task_2"",""task_3"",""task_4"",""task_5"",""task_6"",""task_7"",""task_8"",""task_9"",""task_10""]",0.5,10,10.0,100,5.0e-5,10,15,10,15,500,50,100,1,10,191,1,0.1,time_out,242740822,2,682.8,2025-12-14T18:38:40.768,0,242740822,true,true,"[0.01,0.05]",10,10,10,500.00553810385054,0.17900745192565096,0.22975587200248387,0.116,0.30746666666666667,0.116,,,,,,,/scratch/n/N.Pfaffenzeller/nikolas_nethive/nethive_multiverse/results/test_runs/10b10t15c500e_log_sweep,param_191_rep_2,/scratch/n/N.Pfaffenzeller/nikolas_nethive/nethive_multiverse/results/test_runs/10b10t15c500e_log_sweep/data/param_191_rep_2,/scratch/n/N.Pfaffenzeller/nikolas_nethive/nethive_multiverse/results/test_runs/10b10t15c500e_log_sweep/data/param_191_rep_2/event_log.csv,/scratch/n/N.Pfaffenzeller/nikolas_nethive/nethive_multiverse/results/test_runs/10b10t15c500e_log_sweep/data/param_191_rep_2/config.json
32,1000,"[0,1]","[""task_1"",""task_2"",""task_3"",""task_4"",""task_5"",""task_6"",""task_7"",""task_8"",""task_9"",""task_10""]",0.5,10,10.0,100,5.0e-5,10,15,10,15,500,50,100,1,10,191,1,0.1,time_out,242740823,3,695.26,2025-12-14T18:38:43.039,0,242740823,true,true,"[0.01,0.05]",10,10,10,500.0090469674839,0.23603085467127105,0.26676203018305705,0.12133333333333333,0.35280000000000006,0.116,,,,,,,/scratch/n/N.Pfaffenzeller/nikolas_nethive/nethive_multiverse/results/test_runs/10b10t15c500e_log_sweep,param_191_rep_3,/scratch/n/N.Pfaffenzeller/nikolas_nethive/nethive_multiverse/results/test_runs/10b10t15c500e_log_sweep/data/param_191_rep_3,/scratch/n/N.Pfaffenzeller/nikolas_nethive/nethive_multiverse/results/test_runs/10b10t15c500e_log_sweep/data/param_191_rep_3/event_log.csv,/scratch/n/N.Pfaffenzeller/nikolas_nethive/nethive_multiverse/results/test_runs/10b10t15c500e_log_sweep/data/param_191_rep_3/config.json
32,1000,"[0,1]","[""task_1"",""task_2"",""task_3"",""task_4"",""task_5"",""task_6"",""task_7"",""task_8"",""task_9"",""task_10""]",1.0,10,10.0,100,5.0e-5,10,15,10,15,500,50,100,1,10,192,1,0.1,time_out,242741821,1,617.17,2025-12-14T18:39:16.444,0,242741821,true,true,"[0.01,0.05]",10,10,10,500.00137963594483,0.22283545350929268,0.2753230712712556,0.10266666666666667,0.38120000000000004,0.09733333333333333,,,,,,,/scratch/n/N.Pfaffenzeller/nikolas_nethive/nethive_multiverse/results/test_runs/10b10t15c500e_log_sweep,param_192_rep_1,/scratch/n/N.Pfaffenzeller/nikolas_nethive/nethive_multiverse/results/test_runs/10b10t15c500e_log_sweep/data/param_192_rep_1,/scratch/n/N.Pfaffenzeller/nikolas_nethive/nethive_multiverse/results/test_runs/10b10t15c500e_log_sweep/data/param_192_rep_1/event_log.csv,/scratch/n/N.Pfaffenzeller/nikolas_nethive/nethive_multiverse/results/test_runs/10b10t15c500e_log_sweep/data/param_192_rep_1/config.json
32,1000,"[0,1]","[""task_1"",""task_2"",""task_3"",""task_4"",""task_5"",""task_6"",""task_7"",""task_8"",""task_9"",""task_10""]",1.0,10,10.0,100,5.0e-5,10,15,10,15,500,50,100,1,10,192,1,0.1,time_out,242741822,2,656.32,2025-12-14T18:39:51.379,0,242741822,true,true,"[0.01,0.05]",10,10,10,500.0038745981557,0.2264953955796702,0.25016784388883145,0.09333333333333334,0.36826666666666663,0.09333333333333334,,,,,,,/scratch/n/N.Pfaffenzeller/nikolas_nethive/nethive_multiverse/results/test_runs/10b10t15c500e_log_sweep,param_192_rep_2,/scratch/n/N.Pfaffenzeller/nikolas_nethive/nethive_multiverse/results/test_runs/10b10t15c500e_log_sweep/data/param_192_rep_2,/scratch/n/N.Pfaffenzeller/nikolas_nethive/nethive_multiverse/results/test_runs/10b10t15c500e_log_sweep/data/param_192_rep_2/event_log.csv,/scratch/n/N.Pfaffenzeller/nikolas_nethive/nethive_multiverse/results/test_runs/10b10t15c500e_log_sweep/data/param_192_rep_2/config.json
32,1000,"[0,1]","[""task_1"",""task_2"",""task_3"",""task_4"",""task_5"",""task_6"",""task_7"",""task_8"",""task_9"",""task_10""]",1.0,10,10.0,100,5.0e-5,10,15,10,15,500,50,100,1,10,192,1,0.1,time_out,242741823,3,606.85,2025-12-14T18:39:42.962,0,242741823,true,true,"[0.01,0.05]",10,10,10,500.00465715975423,0.21724042876471789,0.24525201717417394,0.12933333333333333,0.3432,0.12933333333333333,,,,,,,/scratch/n/N.Pfaffenzeller/nikolas_nethive/nethive_multiverse/results/test_runs/10b10t15c500e_log_sweep,param_192_rep_3,/scratch/n/N.Pfaffenzeller/nikolas_nethive/nethive_multiverse/results/test_runs/10b10t15c500e_log_sweep/data/param_192_rep_3,/scratch/n/N.Pfaffenzeller/nikolas_nethive/nethive_multiverse/results/test_runs/10b10t15c500e_log_sweep/data/param_192_rep_3/event_log.csv,/scratch/n/N.Pfaffenzeller/nikolas_nethive/nethive_multiverse/results/test_runs/10b10t15c500e_log_sweep/data/param_192_rep_3/config.json
32,1000,"[0,1]","[""task_1"",""task_2"",""task_3"",""task_4"",""task_5"",""task_6"",""task_7"",""task_8"",""task_9"",""task_10""]",5.0,10,10.0,100,5.0e-5,10,15,10,15,500,50,100,1,10,193,1,0.1,time_out,242742821,1,409.82,2025-12-14T18:39:40.312,0,242742821,true,true,"[0.01,0.05]",10,10,10,500.00654109700935,0.6963798383868606,0.7104328534593835,0.368,0.8022666666666668,0.368,141.63893934604064,0.7875883308319459,0.787233567138385,,,,/scratch/n/N.Pfaffenzeller/nikolas_nethive/nethive_multiverse/results/test_runs/10b10t15c500e_log_sweep,param_193_rep_1,/scratch/n/N.Pfaffenzeller/nikolas_nethive/nethive_multiverse/results/test_runs/10b10t15c500e_log_sweep/data/param_193_rep_1,/scratch/n/N.Pfaffenzeller/nikolas_nethive/nethive_multiverse/results/test_runs/10b10t15c500e_log_sweep/data/param_193_rep_1/event_log.csv,/scratch/n/N.Pfaffenzeller/nikolas_nethive/nethive_multiverse/results/test_runs/10b10t15c500e_log_sweep/data/param_193_rep_1/config.json
32,1000,"[0,1]","[""task_1"",""task_2"",""task_3"",""task_4"",""task_5"",""task_6"",""task_7"",""task_8"",""task_9"",""task_10""]",5.0,10,10.0,100,5.0e-5,10,15,10,15,500,50,100,1,10,193,1,0.1,time_out,242742822,2,878.95,2025-12-14T18:40:31.808,0,242742822,true,true,"[0.01,0.05]",10,10,10,500.02848881758655,0.6560404138182455,0.6635650869339762,0.284,0.7434666666666667,0.284,177.40817477433373,0.8886607579077156,0.8858287108892305,,,,/scratch/n/N.Pfaffenzeller/nikolas_nethive/nethive_multiverse/results/test_runs/10b10t15c500e_log_sweep,param_193_rep_2,/scratch/n/N.Pfaffenzeller/nikolas_nethive/nethive_multiverse/results/test_runs/10b10t15c500e_log_sweep/data/param_193_rep_2,/scratch/n/N.Pfaffenzeller/nikolas_nethive/nethive_multiverse/results/test_runs/10b10t15c500e_log_sweep/data/param_193_rep_2/event_log.csv,/scratch/n/N.Pfaffenzeller/nikolas_nethive/nethive_multiverse/results/test_runs/10b10t15c500e_log_sweep/data/param_193_rep_2/config.json
32,1000,"[0,1]","[""task_1"",""task_2"",""task_3"",""task_4"",""task_5"",""task_6"",""task_7"",""task_8"",""task_9"",""task_10""]",5.0,10,10.0,100,5.0e-5,10,15,10,15,500,50,100,1,10,193,1,0.1,time_out,242742823,3,885.09,2025-12-14T18:41:12.228,0,242742823,true,true,"[0.01,0.05]",10,10,10,500.01230262053866,0.8869475772781312,0.8855633979725439,0.9013333333333333,0.9470666666666666,0.9013333333333333,166.54846791934864,0.8263779890367573,0.822697502178916,415.975678868877,0.8869475772781312,0.8855633979725439,/scratch/n/N.Pfaffenzeller/nikolas_nethive/nethive_multiverse/results/test_runs/10b10t15c500e_log_sweep,param_193_rep_3,/scratch/n/N.Pfaffenzeller/nikolas_nethive/nethive_multiverse/results/test_runs/10b10t15c500e_log_sweep/data/param_193_rep_3,/scratch/n/N.Pfaffenzeller/nikolas_nethive/nethive_multiverse/results/test_runs/10b10t15c500e_log_sweep/data/param_193_rep_3/event_log.csv,/scratch/n/N.Pfaffenzeller/nikolas_nethive/nethive_multiverse/results/test_runs/10b10t15c500e_log_sweep/data/param_193_rep_3/config.json
32,1000,"[0,1]","[""task_1"",""task_2"",""task_3"",""task_4"",""task_5"",""task_6"",""task_7"",""task_8"",""task_9"",""task_10""]",10.0,10,10.0,100,5.0e-5,10,15,10,15,500,50,100,1,10,194,1,0.1,time_out,242743821,1,394.37,2025-12-14T18:42:04.868,0,242743821,true,true,"[0.01,0.05]",10,10,10,500.00863264758897,0.9287740007450175,0.9284614301837673,0.904,0.9648,0.904,160.51547498427573,0.8559666221361313,0.8539771280134794,213.09160940494493,0.9287740007450175,0.9284614301837673,/scratch/n/N.Pfaffenzeller/nikolas_nethive/nethive_multiverse/results/test_runs/10b10t15c500e_log_sweep,param_194_rep_1,/scratch/n/N.Pfaffenzeller/nikolas_nethive/nethive_multiverse/results/test_runs/10b10t15c500e_log_sweep/data/param_194_rep_1,/scratch/n/N.Pfaffenzeller/nikolas_nethive/nethive_multiverse/results/test_runs/10b10t15c500e_log_sweep/data/param_194_rep_1/event_log.csv,/scratch/n/N.Pfaffenzeller/nikolas_nethive/nethive_multiverse/results/test_runs/10b10t15c500e_log_sweep/data/param_194_rep_1/config.json
32,1000,"[0,1]","[""task_1"",""task_2"",""task_3"",""task_4"",""task_5"",""task_6"",""task_7"",""task_8"",""task_9"",""task_10""]",10.0,10,10.0,100,5.0e-5,10,15,10,15,500,50,100,1,10,194,1,0.1,time_out,242743822,2,339.47,2025-12-14T18:41:40.988,0,242743822,true,true,"[0.01,0.05]",10,10,10,500.0002559784275,0.9428140911026194,0.9421885092923924,0.9253333333333333,0.9752000000000001,0.9253333333333333,96.83175501436149,0.8838181108996725,0.883447278752236,366.16509695110256,0.9428140911026194,0.9421885092923924,/scratch/n/N.Pfaffenzeller/nikolas_nethive/nethive_multiverse/results/test_runs/10b10t15c500e_log_sweep,param_194_rep_2,/scratch/n/N.Pfaffenzeller/nikolas_nethive/nethive_multiverse/results/test_runs/10b10t15c500e_log_sweep/data/param_194_rep_2,/scratch/n/N.Pfaffenzeller/nikolas_nethive/nethive_multiverse/results/test_runs/10b10t15c500e_log_sweep/data/param_194_rep_2/event_log.csv,/scratch/n/N.Pfaffenzeller/nikolas_nethive/nethive_multiverse/results/test_runs/10b10t15c500e_log_sweep/data/param_194_rep_2/config.json
32,1000,"[0,1]","[""task_1"",""task_2"",""task_3"",""task_4"",""task_5"",""task_6"",""task_7"",""task_8"",""task_9"",""task_10""]",10.0,10,10.0,100,5.0e-5,10,15,10,15,500,50,100,1,10,194,1,0.1,time_out,242743823,3,344.21,2025-12-14T18:41:43.738,0,242743823,true,true,"[0.01,0.05]",10,10,10,500.02166145704126,0.8927917091746661,0.8897993659111838,0.9066666666666666,0.944,0.9066666666666666,104.72289887852668,0.8311699086166071,0.8255488823876626,115.8304333095774,0.8927917091746661,0.8897993659111838,/scratch/n/N.Pfaffenzeller/nikolas_nethive/nethive_multiverse/results/test_runs/10b10t15c500e_log_sweep,param_194_rep_3,/scratch/n/N.Pfaffenzeller/nikolas_nethive/nethive_multiverse/results/test_runs/10b10t15c500e_log_sweep/data/param_194_rep_3,/scratch/n/N.Pfaffenzeller/nikolas_nethive/nethive_multiverse/results/test_runs/10b10t15c500e_log_sweep/data/param_194_rep_3/event_log.csv,/scratch/n/N.Pfaffenzeller/nikolas_nethive/nethive_multiverse/results/test_runs/10b10t15c500e_log_sweep/data/param_194_rep_3/config.json
32,1000,"[0,1]","[""task_1"",""task_2"",""task_3"",""task_4"",""task_5"",""task_6"",""task_7"",""task_8"",""task_9"",""task_10""]",50.0,10,10.0,100,5.0e-5,10,15,10,15,500,50,100,1,10,195,1,0.1,time_out,242744821,1,248.12,2025-12-14T18:41:54.255,0,242744821,true,true,"[0.01,0.05]",10,10,10,500.04344580671875,0.8075054155367226,0.8246309698033871,0.14,0.8583999999999999,0.14,,,,,,,/scratch/n/N.Pfaffenzeller/nikolas_nethive/nethive_multiverse/results/test_runs/10b10t15c500e_log_sweep,param_195_rep_1,/scratch/n/N.Pfaffenzeller/nikolas_nethive/nethive_multiverse/results/test_runs/10b10t15c500e_log_sweep/data/param_195_rep_1,/scratch/n/N.Pfaffenzeller/nikolas_nethive/nethive_multiverse/results/test_runs/10b10t15c500e_log_sweep/data/param_195_rep_1/event_log.csv,/scratch/n/N.Pfaffenzeller/nikolas_nethive/nethive_multiverse/results/test_runs/10b10t15c500e_log_sweep/data/param_195_rep_1/config.json
32,1000,"[0,1]","[""task_1"",""task_2"",""task_3"",""task_4"",""task_5"",""task_6"",""task_7"",""task_8"",""task_9"",""task_10""]",50.0,10,10.0,100,5.0e-5,10,15,10,15,500,50,100,1,10,195,1,0.1,time_out,242744822,2,222.5,2025-12-14T18:41:47.513,0,242744822,true,true,"[0.01,0.05]",10,10,10,500.02294662707,0.9675764926980698,0.9672605638902414,0.9053333333333333,0.9821333333333333,0.9053333333333333,84.00606301276788,0.9228165635472528,0.9198666523549344,113.31087422619159,0.9675764926980698,0.9672605638902414,/scratch/n/N.Pfaffenzeller/nikolas_nethive/nethive_multiverse/results/test_runs/10b10t15c500e_log_sweep,param_195_rep_2,/scratch/n/N.Pfaffenzeller/nikolas_nethive/nethive_multiverse/results/test_runs/10b10t15c500e_log_sweep/data/param_195_rep_2,/scratch/n/N.Pfaffenzeller/nikolas_nethive/nethive_multiverse/results/test_runs/10b10t15c500e_log_sweep/data/param_195_rep_2/event_log.csv,/scratch/n/N.Pfaffenzeller/nikolas_nethive/nethive_multiverse/results/test_runs/10b10t15c500e_log_sweep/data/param_195_rep_2/config.json
32,1000,"[0,1]","[""task_1"",""task_2"",""task_3"",""task_4"",""task_5"",""task_6"",""task_7"",""task_8"",""task_9"",""task_10""]",50.0,10,10.0,100,5.0e-5,10,15,10,15,500,50,100,1,10,195,1,0.1,time_out,242744823,3,515.41,2025-12-14T18:42:52.555,0,242744823,true,true,"[0.01,0.05]",10,10,10,500.064076608005,0.9603329136842073,0.9597480835686568,0.9066666666666666,0.9637333333333334,0.9066666666666666,30.148067162411095,0.8888587388576055,0.8837271987181283,42.44251155787606,0.9603329136842073,0.9597480835686568,/scratch/n/N.Pfaffenzeller/nikolas_nethive/nethive_multiverse/results/test_runs/10b10t15c500e_log_sweep,param_195_rep_3,/scratch/n/N.Pfaffenzeller/nikolas_nethive/nethive_multiverse/results/test_runs/10b10t15c500e_log_sweep/data/param_195_rep_3,/scratch/n/N.Pfaffenzeller/nikolas_nethive/nethive_multiverse/results/test_runs/10b10t15c500e_log_sweep/data/param_195_rep_3/event_log.csv,/scratch/n/N.Pfaffenzeller/nikolas_nethive/nethive_multiverse/results/test_runs/10b10t15c500e_log_sweep/data/param_195_rep_3/config.json
32,1000,"[0,1]","[""task_1"",""task_2"",""task_3"",""task_4"",""task_5"",""task_6"",""task_7"",""task_8"",""task_9"",""task_10""]",100.0,10,10.0,100,5.0e-5,10,15,10,15,500,50,100,1,10,196,1,0.1,time_out,242745821,1,195.77,2025-12-14T18:42:32.215,0,242745821,true,true,"[0.01,0.05]",10,10,10,500.11591426724056,0.851010989339461,0.859825556410571,0.164,0.8880000000000001,0.164,,,,,,,/scratch/n/N.Pfaffenzeller/nikolas_nethive/nethive_multiverse/results/test_runs/10b10t15c500e_log_sweep,param_196_rep_1,/scratch/n/N.Pfaffenzeller/nikolas_nethive/nethive_multiverse/results/test_runs/10b10t15c500e_log_sweep/data/param_196_rep_1,/scratch/n/N.Pfaffenzeller/nikolas_nethive/nethive_multiverse/results/test_runs/10b10t15c500e_log_sweep/data/param_196_rep_1/event_log.csv,/scratch/n/N.Pfaffenzeller/nikolas_nethive/nethive_multiverse/results/test_runs/10b10t15c500e_log_sweep/data/param_196_rep_1/config.json
32,1000,"[0,1]","[""task_1"",""task_2"",""task_3"",""task_4"",""task_5"",""task_6"",""task_7"",""task_8"",""task_9"",""task_10""]",100.0,10,10.0,100,5.0e-5,10,15,10,15,500,50,100,1,10,196,1,0.1,time_out,242745822,2,183.71,2025-12-14T18:42:40.566,0,242745822,true,true,"[0.01,0.05]",10,10,10,500.03965754763846,0.9560298647678505,0.955435068620751,0.912,0.9754666666666667,0.912,379.9300289200333,0.9378944860778355,0.9360264849056807,391.27632348307816,0.9560298647678505,0.955435068620751,/scratch/n/N.Pfaffenzeller/nikolas_nethive/nethive_multiverse/results/test_runs/10b10t15c500e_log_sweep,param_196_rep_2,/scratch/n/N.Pfaffenzeller/nikolas_nethive/nethive_multiverse/results/test_runs/10b10t15c500e_log_sweep/data/param_196_rep_2,/scratch/n/N.Pfaffenzeller/nikolas_nethive/nethive_multiverse/results/test_runs/10b10t15c500e_log_sweep/data/param_196_rep_2/event_log.csv,/scratch/n/N.Pfaffenzeller/nikolas_nethive/nethive_multiverse/results/test_runs/10b10t15c500e_log_sweep/data/param_196_rep_2/config.json
32,1000,"[0,1]","[""task_1"",""task_2"",""task_3"",""task_4"",""task_5"",""task_6"",""task_7"",""task_8"",""task_9"",""task_10""]",100.0,10,10.0,100,5.0e-5,10,15,10,15,500,50,100,1,10,196,1,0.1,time_out,242745823,3,207.99,2025-12-14T18:43:53.427,0,242745823,true,true,"[0.01,0.05]",10,10,10,500.015798556076,0.974645722963196,0.9744928036072096,0.9133333333333333,0.9866666666666667,0.9133333333333333,164.72919038011005,0.9540110327267313,0.9505952757938554,168.67019855020345,0.974645722963196,0.9744928036072096,/scratch/n/N.Pfaffenzeller/nikolas_nethive/nethive_multiverse/results/test_runs/10b10t15c500e_log_sweep,param_196_rep_3,/scratch/n/N.Pfaffenzeller/nikolas_nethive/nethive_multiverse/results/test_runs/10b10t15c500e_log_sweep/data/param_196_rep_3,/scratch/n/N.Pfaffenzeller/nikolas_nethive/nethive_multiverse/results/test_runs/10b10t15c500e_log_sweep/data/param_196_rep_3/event_log.csv,/scratch/n/N.Pfaffenzeller/nikolas_nethive/nethive_multiverse/results/test_runs/10b10t15c500e_log_sweep/data/param_196_rep_3/config.json
32,1000,"[0,1]","[""task_1"",""task_2"",""task_3"",""task_4"",""task_5"",""task_6"",""task_7"",""task_8"",""task_9"",""task_10""]",500.0,10,10.0,100,5.0e-5,10,15,10,15,500,50,100,1,10,197,1,0.1,time_out,242746821,1,132.24,2025-12-14T18:44:03.019,0,242746821,true,true,"[0.01,0.05]",10,10,10,500.00462896246535,0.7205609660987347,0.7577879750399287,0.14133333333333334,0.7638666666666667,0.13466666666666666,,,,,,,/scratch/n/N.Pfaffenzeller/nikolas_nethive/nethive_multiverse/results/test_runs/10b10t15c500e_log_sweep,param_197_rep_1,/scratch/n/N.Pfaffenzeller/nikolas_nethive/nethive_multiverse/results/test_runs/10b10t15c500e_log_sweep/data/param_197_rep_1,/scratch/n/N.Pfaffenzeller/nikolas_nethive/nethive_multiverse/results/test_runs/10b10t15c500e_log_sweep/data/param_197_rep_1/event_log.csv,/scratch/n/N.Pfaffenzeller/nikolas_nethive/nethive_multiverse/results/test_runs/10b10t15c500e_log_sweep/data/param_197_rep_1/config.json
32,1000,"[0,1]","[""task_1"",""task_2"",""task_3"",""task_4"",""task_5"",""task_6"",""task_7"",""task_8"",""task_9"",""task_10""]",500.0,10,10.0,100,5.0e-5,10,15,10,15,500,50,100,1,10,197,1,0.1,time_out,242746822,2,146.72,2025-12-14T18:44:33.839,0,242746822,true,true,"[0.01,0.05]",10,10,10,500.064126896662,0.6351067833614266,0.6915938449772903,0.128,0.6898666666666666,0.11066666666666666,,,,,,,/scratch/n/N.Pfaffenzeller/nikolas_nethive/nethive_multiverse/results/test_runs/10b10t15c500e_log_sweep,param_197_rep_2,/scratch/n/N.Pfaffenzeller/nikolas_nethive/nethive_multiverse/results/test_runs/10b10t15c500e_log_sweep/data/param_197_rep_2,/scratch/n/N.Pfaffenzeller/nikolas_nethive/nethive_multiverse/results/test_runs/10b10t15c500e_log_sweep/data/param_197_rep_2/event_log.csv,/scratch/n/N.Pfaffenzeller/nikolas_nethive/nethive_multiverse/results/test_runs/10b10t15c500e_log_sweep/data/param_197_rep_2/config.json
32,1000,"[0,1]","[""task_1"",""task_2"",""task_3"",""task_4"",""task_5"",""task_6"",""task_7"",""task_8"",""task_9"",""task_10""]",500.0,10,10.0,100,5.0e-5,10,15,10,15,500,50,100,1,10,197,1,0.1,time_out,242746823,3,123.77,2025-12-14T18:44:34.936,0,242746823,true,true,"[0.01,0.05]",10,10,10,500.0917095283827,0.7771280203061476,0.8143329847539158,0.12533333333333332,0.8293333333333333,0.12533333333333332,,,,,,,/scratch/n/N.Pfaffenzeller/nikolas_nethive/nethive_multiverse/results/test_runs/10b10t15c500e_log_sweep,param_197_rep_3,/scratch/n/N.Pfaffenzeller/nikolas_nethive/nethive_multiverse/results/test_runs/10b10t15c500e_log_sweep/data/param_197_rep_3,/scratch/n/N.Pfaffenzeller/nikolas_nethive/nethive_multiverse/results/test_runs/10b10t15c500e_log_sweep/data/param_197_rep_3/event_log.csv,/scratch/n/N.Pfaffenzeller/nikolas_nethive/nethive_multiverse/results/test_runs/10b10t15c500e_log_sweep/data/param_197_rep_3/config.json
32,1000,"[0,1]","[""task_1"",""task_2"",""task_3"",""task_4"",""task_5"",""task_6"",""task_7"",""task_8"",""task_9"",""task_10""]",1000.0,10,10.0,100,5.0e-5,10,15,10,15,500,50,100,1,10,198,1,0.1,time_out,242747821,1,109.73,2025-12-14T18:44:47.619,0,242747821,true,true,"[0.01,0.05]",10,10,10,500.11292007315217,0.9081784022057425,0.9155254275575071,0.16666666666666666,0.9166666666666667,0.16666666666666666,,,,,,,/scratch/n/N.Pfaffenzeller/nikolas_nethive/nethive_multiverse/results/test_runs/10b10t15c500e_log_sweep,param_198_rep_1,/scratch/n/N.Pfaffenzeller/nikolas_nethive/nethive_multiverse/results/test_runs/10b10t15c500e_log_sweep/data/param_198_rep_1,/scratch/n/N.Pfaffenzeller/nikolas_nethive/nethive_multiverse/results/test_runs/10b10t15c500e_log_sweep/data/param_198_rep_1/event_log.csv,/scratch/n/N.Pfaffenzeller/nikolas_nethive/nethive_multiverse/results/test_runs/10b10t15c500e_log_sweep/data/param_198_rep_1/config.json
32,1000,"[0,1]","[""task_1"",""task_2"",""task_3"",""task_4"",""task_5"",""task_6"",""task_7"",""task_8"",""task_9"",""task_10""]",1000.0,10,10.0,100,5.0e-5,10,15,10,15,500,50,100,1,10,198,1,0.1,time_out,242747822,2,143.88,2025-12-14T18:45:07.577,0,242747822,true,true,"[0.01,0.05]",10,10,10,500.0129937078658,0.7038821395867936,0.7538358778165469,0.12666666666666668,0.7466666666666667,0.12666666666666668,,,,,,,/scratch/n/N.Pfaffenzeller/nikolas_nethive/nethive_multiverse/results/test_runs/10b10t15c500e_log_sweep,param_198_rep_2,/scratch/n/N.Pfaffenzeller/nikolas_nethive/nethive_multiverse/results/test_runs/10b10t15c500e_log_sweep/data/param_198_rep_2,/scratch/n/N.Pfaffenzeller/nikolas_nethive/nethive_multiverse/results/test_runs/10b10t15c500e_log_sweep/data/param_198_rep_2/event_log.csv,/scratch/n/N.Pfaffenzeller/nikolas_nethive/nethive_multiverse/results/test_runs/10b10t15c500e_log_sweep/data/param_198_rep_2/config.json
32,1000,"[0,1]","[""task_1"",""task_2"",""task_3"",""task_4"",""task_5"",""task_6"",""task_7"",""task_8"",""task_9"",""task_10""]",1000.0,10,10.0,100,5.0e-5,10,15,10,15,500,50,100,1,10,198,1,0.1,time_out,242747823,3,160.69,2025-12-14T18:44:57.203,0,242747823,true,true,"[0.01,0.05]",10,10,10,500.05917408811166,0.6714525494668717,0.7386731705513533,0.07066666666666667,0.7453333333333333,0.07066666666666667,,,,,,,/scratch/n/N.Pfaffenzeller/nikolas_nethive/nethive_multiverse/results/test_runs/10b10t15c500e_log_sweep,param_198_rep_3,/scratch/n/N.Pfaffenzeller/nikolas_nethive/nethive_multiverse/results/test_runs/10b10t15c500e_log_sweep/data/param_198_rep_3,/scratch/n/N.Pfaffenzeller/nikolas_nethive/nethive_multiverse/results/test_runs/10b10t15c500e_log_sweep/data/param_198_rep_3/event_log.csv,/scratch/n/N.Pfaffenzeller/nikolas_nethive/nethive_multiverse/results/test_runs/10b10t15c500e_log_sweep/data/param_198_rep_3/config.json
32,1000,"[0,1]","[""task_1"",""task_2"",""task_3"",""task_4"",""task_5"",""task_6"",""task_7"",""task_8"",""task_9"",""task_10""]",0.01,10,50.0,100,5.0e-5,10,15,10,15,500,50,100,1,10,199,1,0.1,time_out,242748821,1,1623.71,2025-12-14T18:45:04.288,0,242748821,true,true,"[0.01,0.05]",10,10,10,500.0010932562226,0.24513142613190936,0.29116537390689856,0.14266666666666666,0.36173333333333335,0.13066666666666665,,,,,,,/scratch/n/N.Pfaffenzeller/nikolas_nethive/nethive_multiverse/results/test_runs/10b10t15c500e_log_sweep,param_199_rep_1,/scratch/n/N.Pfaffenzeller/nikolas_nethive/nethive_multiverse/results/test_runs/10b10t15c500e_log_sweep/data/param_199_rep_1,/scratch/n/N.Pfaffenzeller/nikolas_nethive/nethive_multiverse/results/test_runs/10b10t15c500e_log_sweep/data/param_199_rep_1/event_log.csv,/scratch/n/N.Pfaffenzeller/nikolas_nethive/nethive_multiverse/results/test_runs/10b10t15c500e_log_sweep/data/param_199_rep_1/config.json
32,1000,"[0,1]","[""task_1"",""task_2"",""task_3"",""task_4"",""task_5"",""task_6"",""task_7"",""task_8"",""task_9"",""task_10""]",0.01,10,50.0,100,5.0e-5,10,15,10,15,500,50,100,1,10,199,1,0.1,time_out,242748822,2,1650.91,2025-12-14T18:44:57.614,0,242748822,true,true,"[0.01,0.05]",10,10,10,500.0003153237862,0.253316396871343,0.2904943151854701,0.15333333333333332,0.3404,0.088,,,,,,,/scratch/n/N.Pfaffenzeller/nikolas_nethive/nethive_multiverse/results/test_runs/10b10t15c500e_log_sweep,param_199_rep_2,/scratch/n/N.Pfaffenzeller/nikolas_nethive/nethive_multiverse/results/test_runs/10b10t15c500e_log_sweep/data/param_199_rep_2,/scratch/n/N.Pfaffenzeller/nikolas_nethive/nethive_multiverse/results/test_runs/10b10t15c500e_log_sweep/data/param_199_rep_2/event_log.csv,/scratch/n/N.Pfaffenzeller/nikolas_nethive/nethive_multiverse/results/test_runs/10b10t15c500e_log_sweep/data/param_199_rep_2/config.json
32,1000,"[0,1]","[""task_1"",""task_2"",""task_3"",""task_4"",""task_5"",""task_6"",""task_7"",""task_8"",""task_9"",""task_10""]",0.01,10,50.0,100,5.0e-5,10,15,10,15,500,50,100,1,10,199,1,0.1,time_out,242748823,3,1514.12,2025-12-14T18:44:56.168,0,242748823,true,true,"[0.01,0.05]",10,10,10,500.00085794851384,0.30807182160568813,0.3383746281800666,0.10133333333333333,0.40426666666666666,0.10133333333333333,,,,,,,/scratch/n/N.Pfaffenzeller/nikolas_nethive/nethive_multiverse/results/test_runs/10b10t15c500e_log_sweep,param_199_rep_3,/scratch/n/N.Pfaffenzeller/nikolas_nethive/nethive_multiverse/results/test_runs/10b10t15c500e_log_sweep/data/param_199_rep_3,/scratch/n/N.Pfaffenzeller/nikolas_nethive/nethive_multiverse/results/test_runs/10b10t15c500e_log_sweep/data/param_199_rep_3/event_log.csv,/scratch/n/N.Pfaffenzeller/nikolas_nethive/nethive_multiverse/results/test_runs/10b10t15c500e_log_sweep/data/param_199_rep_3/config.json
32,1000,"[0,1]","[""task_1"",""task_2"",""task_3"",""task_4"",""task_5"",""task_6"",""task_7"",""task_8"",""task_9"",""task_10""]",50.0,10,0.05,100,1.0e-5,10,15,10,15,500,50,100,1,10,19,1,0.1,time_out,242568821,1,1324.16,2025-12-14T15:18:55.126,0,242568821,true,true,"[0.01,0.05]",10,10,10,500.0003316106747,0.20984188731689732,0.2796940431491673,0.04533333333333334,0.3012,0.04533333333333334,,,,,,,/scratch/n/N.Pfaffenzeller/nikolas_nethive/nethive_multiverse/results/test_runs/10b10t15c500e_log_sweep,param_19_rep_1,/scratch/n/N.Pfaffenzeller/nikolas_nethive/nethive_multiverse/results/test_runs/10b10t15c500e_log_sweep/data/param_19_rep_1,/scratch/n/N.Pfaffenzeller/nikolas_nethive/nethive_multiverse/results/test_runs/10b10t15c500e_log_sweep/data/param_19_rep_1/event_log.csv,/scratch/n/N.Pfaffenzeller/nikolas_nethive/nethive_multiverse/results/test_runs/10b10t15c500e_log_sweep/data/param_19_rep_1/config.json
32,1000,"[0,1]","[""task_1"",""task_2"",""task_3"",""task_4"",""task_5"",""task_6"",""task_7"",""task_8"",""task_9"",""task_10""]",50.0,10,0.05,100,1.0e-5,10,15,10,15,500,50,100,1,10,19,1,0.1,time_out,242568822,2,1299.13,2025-12-14T15:18:28.459,0,242568822,true,true,"[0.01,0.05]",10,10,10,500.0065634962708,0.24587248949890056,0.3001139719850208,0.05333333333333334,0.3321333333333334,0.05333333333333334,,,,,,,/scratch/n/N.Pfaffenzeller/nikolas_nethive/nethive_multiverse/results/test_runs/10b10t15c500e_log_sweep,param_19_rep_2,/scratch/n/N.Pfaffenzeller/nikolas_nethive/nethive_multiverse/results/test_runs/10b10t15c500e_log_sweep/data/param_19_rep_2,/scratch/n/N.Pfaffenzeller/nikolas_nethive/nethive_multiverse/results/test_runs/10b10t15c500e_log_sweep/data/param_19_rep_2/event_log.csv,/scratch/n/N.Pfaffenzeller/nikolas_nethive/nethive_multiverse/results/test_runs/10b10t15c500e_log_sweep/data/param_19_rep_2/config.json
32,1000,"[0,1]","[""task_1"",""task_2"",""task_3"",""task_4"",""task_5"",""task_6"",""task_7"",""task_8"",""task_9"",""task_10""]",50.0,10,0.05,100,1.0e-5,10,15,10,15,500,50,100,1,10,19,1,0.1,time_out,242568823,3,1391.37,2025-12-14T15:18:05.283,0,242568823,true,true,"[0.01,0.05]",10,10,10,500.0101525347546,0.3059594203672922,0.3022172388800688,0.10666666666666667,0.32746666666666663,0.09866666666666667,,,,,,,/scratch/n/N.Pfaffenzeller/nikolas_nethive/nethive_multiverse/results/test_runs/10b10t15c500e_log_sweep,param_19_rep_3,/scratch/n/N.Pfaffenzeller/nikolas_nethive/nethive_multiverse/results/test_runs/10b10t15c500e_log_sweep/data/param_19_rep_3,/scratch/n/N.Pfaffenzeller/nikolas_nethive/nethive_multiverse/results/test_runs/10b10t15c500e_log_sweep/data/param_19_rep_3/event_log.csv,/scratch/n/N.Pfaffenzeller/nikolas_nethive/nethive_multiverse/results/test_runs/10b10t15c500e_log_sweep/data/param_19_rep_3/config.json
32,1000,"[0,1]","[""task_1"",""task_2"",""task_3"",""task_4"",""task_5"",""task_6"",""task_7"",""task_8"",""task_9"",""task_10""]",0.01,10,0.01,100,1.0e-5,10,15,10,15,500,50,100,1,10,1,1,0.1,time_out,242550821,1,1471.88,2025-12-14T15:17:24.760,0,242550821,true,true,"[0.01,0.05]",10,10,10,500.0023834989954,0.14370476730952234,0.19731332168772014,0.05333333333333334,0.23306666666666667,0.05333333333333334,,,,,,,/scratch/n/N.Pfaffenzeller/nikolas_nethive/nethive_multiverse/results/test_runs/10b10t15c500e_log_sweep,param_1_rep_1,/scratch/n/N.Pfaffenzeller/nikolas_nethive/nethive_multiverse/results/test_runs/10b10t15c500e_log_sweep/data/param_1_rep_1,/scratch/n/N.Pfaffenzeller/nikolas_nethive/nethive_multiverse/results/test_runs/10b10t15c500e_log_sweep/data/param_1_rep_1/event_log.csv,/scratch/n/N.Pfaffenzeller/nikolas_nethive/nethive_multiverse/results/test_runs/10b10t15c500e_log_sweep/data/param_1_rep_1/config.json
32,1000,"[0,1]","[""task_1"",""task_2"",""task_3"",""task_4"",""task_5"",""task_6"",""task_7"",""task_8"",""task_9"",""task_10""]",0.01,10,0.01,100,1.0e-5,10,15,10,15,500,50,100,1,10,1,1,0.1,time_out,242550822,2,1469.87,2025-12-14T15:17:34.351,0,242550822,true,true,"[0.01,0.05]",10,10,10,500.002774128062,0.1518735635408416,0.24018146624310752,0.009333333333333334,0.2349333333333333,0.009333333333333334,,,,,,,/scratch/n/N.Pfaffenzeller/nikolas_nethive/nethive_multiverse/results/test_runs/10b10t15c500e_log_sweep,param_1_rep_2,/scratch/n/N.Pfaffenzeller/nikolas_nethive/nethive_multiverse/results/test_runs/10b10t15c500e_log_sweep/data/param_1_rep_2,/scratch/n/N.Pfaffenzeller/nikolas_nethive/nethive_multiverse/results/test_runs/10b10t15c500e_log_sweep/data/param_1_rep_2/event_log.csv,/scratch/n/N.Pfaffenzeller/nikolas_nethive/nethive_multiverse/results/test_runs/10b10t15c500e_log_sweep/data/param_1_rep_2/config.json
32,1000,"[0,1]","[""task_1"",""task_2"",""task_3"",""task_4"",""task_5"",""task_6"",""task_7"",""task_8"",""task_9"",""task_10""]",0.01,10,0.01,100,1.0e-5,10,15,10,15,500,50,100,1,10,1,1,0.1,time_out,242550823,3,1455.36,2025-12-14T15:17:15.127,0,242550823,true,true,"[0.01,0.05]",10,10,10,500.00010012677706,0.13933822405559876,0.23285050632304918,0.013333333333333334,0.23706666666666668,0.013333333333333334,,,,,,,/scratch/n/N.Pfaffenzeller/nikolas_nethive/nethive_multiverse/results/test_runs/10b10t15c500e_log_sweep,param_1_rep_3,/scratch/n/N.Pfaffenzeller/nikolas_nethive/nethive_multiverse/results/test_runs/10b10t15c500e_log_sweep/data/param_1_rep_3,/scratch/n/N.Pfaffenzeller/nikolas_nethive/nethive_multiverse/results/test_runs/10b10t15c500e_log_sweep/data/param_1_rep_3/event_log.csv,/scratch/n/N.Pfaffenzeller/nikolas_nethive/nethive_multiverse/results/test_runs/10b10t15c500e_log_sweep/data/param_1_rep_3/config.json
32,1000,"[0,1]","[""task_1"",""task_2"",""task_3"",""task_4"",""task_5"",""task_6"",""task_7"",""task_8"",""task_9"",""task_10""]",0.05,10,50.0,100,5.0e-5,10,15,10,15,500,50,100,1,10,200,1,0.1,time_out,242749821,1,1517.52,2025-12-14T18:45:19.373,0,242749821,true,true,"[0.01,0.05]",10,10,10,500.0005874186541,0.21040503249972348,0.2188136798081343,0.21733333333333332,0.33066666666666666,0.21733333333333332,,,,,,,/scratch/n/N.Pfaffenzeller/nikolas_nethive/nethive_multiverse/results/test_runs/10b10t15c500e_log_sweep,param_200_rep_1,/scratch/n/N.Pfaffenzeller/nikolas_nethive/nethive_multiverse/results/test_runs/10b10t15c500e_log_sweep/data/param_200_rep_1,/scratch/n/N.Pfaffenzeller/nikolas_nethive/nethive_multiverse/results/test_runs/10b10t15c500e_log_sweep/data/param_200_rep_1/event_log.csv,/scratch/n/N.Pfaffenzeller/nikolas_nethive/nethive_multiverse/results/test_runs/10b10t15c500e_log_sweep/data/param_200_rep_1/config.json
32,1000,"[0,1]","[""task_1"",""task_2"",""task_3"",""task_4"",""task_5"",""task_6"",""task_7"",""task_8"",""task_9"",""task_10""]",0.05,10,50.0,100,5.0e-5,10,15,10,15,500,50,100,1,10,200,1,0.1,time_out,242749822,2,1534.52,2025-12-14T18:45:34.788,0,242749822,true,true,"[0.01,0.05]",10,10,10,500.0011266262717,0.2639959055272553,0.3077715064440432,0.124,0.3970666666666667,0.10133333333333333,,,,,,,/scratch/n/N.Pfaffenzeller/nikolas_nethive/nethive_multiverse/results/test_runs/10b10t15c500e_log_sweep,param_200_rep_2,/scratch/n/N.Pfaffenzeller/nikolas_nethive/nethive_multiverse/results/test_runs/10b10t15c500e_log_sweep/data/param_200_rep_2,/scratch/n/N.Pfaffenzeller/nikolas_nethive/nethive_multiverse/results/test_runs/10b10t15c500e_log_sweep/data/param_200_rep_2/event_log.csv,/scratch/n/N.Pfaffenzeller/nikolas_nethive/nethive_multiverse/results/test_runs/10b10t15c500e_log_sweep/data/param_200_rep_2/config.json
32,1000,"[0,1]","[""task_1"",""task_2"",""task_3"",""task_4"",""task_5"",""task_6"",""task_7"",""task_8"",""task_9"",""task_10""]",0.05,10,50.0,100,5.0e-5,10,15,10,15,500,50,100,1,10,200,1,0.1,time_out,242749823,3,1406.0,2025-12-14T18:45:45.525,0,242749823,true,true,"[0.01,0.05]",10,10,10,500.0002648422974,0.23995628610495778,0.33717837378370613,0.07066666666666667,0.34173333333333333,0.07066666666666667,,,,,,,/scratch/n/N.Pfaffenzeller/nikolas_nethive/nethive_multiverse/results/test_runs/10b10t15c500e_log_sweep,param_200_rep_3,/scratch/n/N.Pfaffenzeller/nikolas_nethive/nethive_multiverse/results/test_runs/10b10t15c500e_log_sweep/data/param_200_rep_3,/scratch/n/N.Pfaffenzeller/nikolas_nethive/nethive_multiverse/results/test_runs/10b10t15c500e_log_sweep/data/param_200_rep_3/event_log.csv,/scratch/n/N.Pfaffenzeller/nikolas_nethive/nethive_multiverse/results/test_runs/10b10t15c500e_log_sweep/data/param_200_rep_3/config.json
32,1000,"[0,1]","[""task_1"",""task_2"",""task_3"",""task_4"",""task_5"",""task_6"",""task_7"",""task_8"",""task_9"",""task_10""]",0.1,10,50.0,100,5.0e-5,10,15,10,15,500,50,100,1,10,201,1,0.1,time_out,242750821,1,1448.45,2025-12-14T18:45:51.320,0,242750821,true,true,"[0.01,0.05]",10,10,10,500.0049789523829,0.25945870815547256,0.30446654751138763,0.09466666666666666,0.3718666666666667,0.09466666666666666,,,,,,,/scratch/n/N.Pfaffenzeller/nikolas_nethive/nethive_multiverse/results/test_runs/10b10t15c500e_log_sweep,param_201_rep_1,/scratch/n/N.Pfaffenzeller/nikolas_nethive/nethive_multiverse/results/test_runs/10b10t15c500e_log_sweep/data/param_201_rep_1,/scratch/n/N.Pfaffenzeller/nikolas_nethive/nethive_multiverse/results/test_runs/10b10t15c500e_log_sweep/data/param_201_rep_1/event_log.csv,/scratch/n/N.Pfaffenzeller/nikolas_nethive/nethive_multiverse/results/test_runs/10b10t15c500e_log_sweep/data/param_201_rep_1/config.json
32,1000,"[0,1]","[""task_1"",""task_2"",""task_3"",""task_4"",""task_5"",""task_6"",""task_7"",""task_8"",""task_9"",""task_10""]",0.1,10,50.0,100,5.0e-5,10,15,10,15,500,50,100,1,10,201,1,0.1,time_out,242750822,2,1333.98,2025-12-14T18:46:20.464,0,242750822,true,true,"[0.01,0.05]",10,10,10,500.0030035753976,0.2789675044313765,0.3070180047882841,0.13866666666666666,0.4169333333333333,0.13333333333333333,,,,,,,/scratch/n/N.Pfaffenzeller/nikolas_nethive/nethive_multiverse/results/test_runs/10b10t15c500e_log_sweep,param_201_rep_2,/scratch/n/N.Pfaffenzeller/nikolas_nethive/nethive_multiverse/results/test_runs/10b10t15c500e_log_sweep/data/param_201_rep_2,/scratch/n/N.Pfaffenzeller/nikolas_nethive/nethive_multiverse/results/test_runs/10b10t15c500e_log_sweep/data/param_201_rep_2/event_log.csv,/scratch/n/N.Pfaffenzeller/nikolas_nethive/nethive_multiverse/results/test_runs/10b10t15c500e_log_sweep/data/param_201_rep_2/config.json
32,1000,"[0,1]","[""task_1"",""task_2"",""task_3"",""task_4"",""task_5"",""task_6"",""task_7"",""task_8"",""task_9"",""task_10""]",0.1,10,50.0,100,5.0e-5,10,15,10,15,500,50,100,1,10,201,1,0.1,time_out,242750823,3,1286.6,2025-12-14T18:46:41.737,0,242750823,true,true,"[0.01,0.05]",10,10,10,500.00400174439596,0.23018513155417683,0.26469357174456903,0.164,0.3786666666666667,0.14666666666666667,,,,,,,/scratch/n/N.Pfaffenzeller/nikolas_nethive/nethive_multiverse/results/test_runs/10b10t15c500e_log_sweep,param_201_rep_3,/scratch/n/N.Pfaffenzeller/nikolas_nethive/nethive_multiverse/results/test_runs/10b10t15c500e_log_sweep/data/param_201_rep_3,/scratch/n/N.Pfaffenzeller/nikolas_nethive/nethive_multiverse/results/test_runs/10b10t15c500e_log_sweep/data/param_201_rep_3/event_log.csv,/scratch/n/N.Pfaffenzeller/nikolas_nethive/nethive_multiverse/results/test_runs/10b10t15c500e_log_sweep/data/param_201_rep_3/config.json
32,1000,"[0,1]","[""task_1"",""task_2"",""task_3"",""task_4"",""task_5"",""task_6"",""task_7"",""task_8"",""task_9"",""task_10""]",0.5,10,50.0,100,5.0e-5,10,15,10,15,500,50,100,1,10,202,1,0.1,time_out,242751821,1,932.18,2025-12-14T18:46:42.894,0,242751821,true,true,"[0.01,0.05]",10,10,10,500.00850182003626,0.2969207846905485,0.3172811031527104,0.164,0.4133333333333334,0.15733333333333333,,,,,,,/scratch/n/N.Pfaffenzeller/nikolas_nethive/nethive_multiverse/results/test_runs/10b10t15c500e_log_sweep,param_202_rep_1,/scratch/n/N.Pfaffenzeller/nikolas_nethive/nethive_multiverse/results/test_runs/10b10t15c500e_log_sweep/data/param_202_rep_1,/scratch/n/N.Pfaffenzeller/nikolas_nethive/nethive_multiverse/results/test_runs/10b10t15c500e_log_sweep/data/param_202_rep_1/event_log.csv,/scratch/n/N.Pfaffenzeller/nikolas_nethive/nethive_multiverse/results/test_runs/10b10t15c500e_log_sweep/data/param_202_rep_1/config.json
32,1000,"[0,1]","[""task_1"",""task_2"",""task_3"",""task_4"",""task_5"",""task_6"",""task_7"",""task_8"",""task_9"",""task_10""]",0.5,10,50.0,100,5.0e-5,10,15,10,15,500,50,100,1,10,202,1,0.1,time_out,242751822,2,928.77,2025-12-14T18:46:54.954,0,242751822,true,true,"[0.01,0.05]",10,10,10,500.00121780924536,0.25724172746089635,0.28758439132827834,0.17066666666666666,0.3930666666666667,0.17066666666666666,,,,,,,/scratch/n/N.Pfaffenzeller/nikolas_nethive/nethive_multiverse/results/test_runs/10b10t15c500e_log_sweep,param_202_rep_2,/scratch/n/N.Pfaffenzeller/nikolas_nethive/nethive_multiverse/results/test_runs/10b10t15c500e_log_sweep/data/param_202_rep_2,/scratch/n/N.Pfaffenzeller/nikolas_nethive/nethive_multiverse/results/test_runs/10b10t15c500e_log_sweep/data/param_202_rep_2/event_log.csv,/scratch/n/N.Pfaffenzeller/nikolas_nethive/nethive_multiverse/results/test_runs/10b10t15c500e_log_sweep/data/param_202_rep_2/config.json
32,1000,"[0,1]","[""task_1"",""task_2"",""task_3"",""task_4"",""task_5"",""task_6"",""task_7"",""task_8"",""task_9"",""task_10""]",0.5,10,50.0,100,5.0e-5,10,15,10,15,500,50,100,1,10,202,1,0.1,time_out,242751823,3,915.62,2025-12-14T18:47:29.503,0,242751823,true,true,"[0.01,0.05]",10,10,10,500.00212411330693,0.3416119939548744,0.3592614660055169,0.19333333333333333,0.5038666666666666,0.17866666666666667,,,,,,,/scratch/n/N.Pfaffenzeller/nikolas_nethive/nethive_multiverse/results/test_runs/10b10t15c500e_log_sweep,param_202_rep_3,/scratch/n/N.Pfaffenzeller/nikolas_nethive/nethive_multiverse/results/test_runs/10b10t15c500e_log_sweep/data/param_202_rep_3,/scratch/n/N.Pfaffenzeller/nikolas_nethive/nethive_multiverse/results/test_runs/10b10t15c500e_log_sweep/data/param_202_rep_3/event_log.csv,/scratch/n/N.Pfaffenzeller/nikolas_nethive/nethive_multiverse/results/test_runs/10b10t15c500e_log_sweep/data/param_202_rep_3/config.json
32,1000,"[0,1]","[""task_1"",""task_2"",""task_3"",""task_4"",""task_5"",""task_6"",""task_7"",""task_8"",""task_9"",""task_10""]",1.0,10,50.0,100,5.0e-5,10,15,10,15,500,50,100,1,10,203,1,0.1,time_out,242752821,1,829.02,2025-12-14T18:47:19.540,0,242752821,true,true,"[0.01,0.05]",10,10,10,500.002551212003,0.29426590230744676,0.3106978394323259,0.20533333333333334,0.4544,0.20533333333333334,93.98784838576378,0.8267880476984655,0.8196920929651412,,,,/scratch/n/N.Pfaffenzeller/nikolas_nethive/nethive_multiverse/results/test_runs/10b10t15c500e_log_sweep,param_203_rep_1,/scratch/n/N.Pfaffenzeller/nikolas_nethive/nethive_multiverse/results/test_runs/10b10t15c500e_log_sweep/data/param_203_rep_1,/scratch/n/N.Pfaffenzeller/nikolas_nethive/nethive_multiverse/results/test_runs/10b10t15c500e_log_sweep/data/param_203_rep_1/event_log.csv,/scratch/n/N.Pfaffenzeller/nikolas_nethive/nethive_multiverse/results/test_runs/10b10t15c500e_log_sweep/data/param_203_rep_1/config.json
32,1000,"[0,1]","[""task_1"",""task_2"",""task_3"",""task_4"",""task_5"",""task_6"",""task_7"",""task_8"",""task_9"",""task_10""]",1.0,10,50.0,100,5.0e-5,10,15,10,15,500,50,100,1,10,203,1,0.1,time_out,242752822,2,714.46,2025-12-14T18:47:19.981,0,242752822,true,true,"[0.01,0.05]",10,10,10,500.0222781633563,0.7055130432428045,0.7053806055684789,0.36,0.8026666666666665,0.36,109.07322973442633,0.7812095462886294,0.7773443710829887,,,,/scratch/n/N.Pfaffenzeller/nikolas_nethive/nethive_multiverse/results/test_runs/10b10t15c500e_log_sweep,param_203_rep_2,/scratch/n/N.Pfaffenzeller/nikolas_nethive/nethive_multiverse/results/test_runs/10b10t15c500e_log_sweep/data/param_203_rep_2,/scratch/n/N.Pfaffenzeller/nikolas_nethive/nethive_multiverse/results/test_runs/10b10t15c500e_log_sweep/data/param_203_rep_2/event_log.csv,/scratch/n/N.Pfaffenzeller/nikolas_nethive/nethive_multiverse/results/test_runs/10b10t15c500e_log_sweep/data/param_203_rep_2/config.json
32,1000,"[0,1]","[""task_1"",""task_2"",""task_3"",""task_4"",""task_5"",""task_6"",""task_7"",""task_8"",""task_9"",""task_10""]",1.0,10,50.0,100,5.0e-5,10,15,10,15,500,50,100,1,10,203,1,0.1,time_out,242752823,3,732.14,2025-12-14T18:47:17.453,0,242752823,true,true,"[0.01,0.05]",10,10,10,500.00149350226457,0.6900333097617865,0.6948725975136385,0.348,0.8089333333333334,0.348,163.39650563692558,0.8229506088289984,0.8221342104408496,,,,/scratch/n/N.Pfaffenzeller/nikolas_nethive/nethive_multiverse/results/test_runs/10b10t15c500e_log_sweep,param_203_rep_3,/scratch/n/N.Pfaffenzeller/nikolas_nethive/nethive_multiverse/results/test_runs/10b10t15c500e_log_sweep/data/param_203_rep_3,/scratch/n/N.Pfaffenzeller/nikolas_nethive/nethive_multiverse/results/test_runs/10b10t15c500e_log_sweep/data/param_203_rep_3/event_log.csv,/scratch/n/N.Pfaffenzeller/nikolas_nethive/nethive_multiverse/results/test_runs/10b10t15c500e_log_sweep/data/param_203_rep_3/config.json
32,1000,"[0,1]","[""task_1"",""task_2"",""task_3"",""task_4"",""task_5"",""task_6"",""task_7"",""task_8"",""task_9"",""task_10""]",5.0,10,50.0,100,5.0e-5,10,15,10,15,500,50,100,1,10,204,1,0.1,time_out,242753821,1,505.19,2025-12-14T18:47:44.571,0,242753821,true,true,"[0.01,0.05]",10,10,10,500.0026591814636,0.9338654705085156,0.9307509992091505,0.9146666666666666,0.9638666666666665,0.9146666666666666,116.70659542384058,0.87298817572757,0.8709804696832061,129.47921713548146,0.9338654705085156,0.9307509992091505,/scratch/n/N.Pfaffenzeller/nikolas_nethive/nethive_multiverse/results/test_runs/10b10t15c500e_log_sweep,param_204_rep_1,/scratch/n/N.Pfaffenzeller/nikolas_nethive/nethive_multiverse/results/test_runs/10b10t15c500e_log_sweep/data/param_204_rep_1,/scratch/n/N.Pfaffenzeller/nikolas_nethive/nethive_multiverse/results/test_runs/10b10t15c500e_log_sweep/data/param_204_rep_1/event_log.csv,/scratch/n/N.Pfaffenzeller/nikolas_nethive/nethive_multiverse/results/test_runs/10b10t15c500e_log_sweep/data/param_204_rep_1/config.json
32,1000,"[0,1]","[""task_1"",""task_2"",""task_3"",""task_4"",""task_5"",""task_6"",""task_7"",""task_8"",""task_9"",""task_10""]",5.0,10,50.0,100,5.0e-5,10,15,10,15,500,50,100,1,10,204,1,0.1,time_out,242753822,2,513.06,2025-12-14T18:48:20.612,0,242753822,true,true,"[0.01,0.05]",10,10,10,500.0228754247868,0.9399805765490635,0.9385783775513333,0.904,0.9705333333333334,0.904,155.60687382661897,0.9279810737614371,0.9256214931315142,181.12528456373,0.9399805765490635,0.9385783775513333,/scratch/n/N.Pfaffenzeller/nikolas_nethive/nethive_multiverse/results/test_runs/10b10t15c500e_log_sweep,param_204_rep_2,/scratch/n/N.Pfaffenzeller/nikolas_nethive/nethive_multiverse/results/test_runs/10b10t15c500e_log_sweep/data/param_204_rep_2,/scratch/n/N.Pfaffenzeller/nikolas_nethive/nethive_multiverse/results/test_runs/10b10t15c500e_log_sweep/data/param_204_rep_2/event_log.csv,/scratch/n/N.Pfaffenzeller/nikolas_nethive/nethive_multiverse/results/test_runs/10b10t15c500e_log_sweep/data/param_204_rep_2/config.json
32,1000,"[0,1]","[""task_1"",""task_2"",""task_3"",""task_4"",""task_5"",""task_6"",""task_7"",""task_8"",""task_9"",""task_10""]",5.0,10,50.0,100,5.0e-5,10,15,10,15,500,50,100,1,10,204,1,0.1,time_out,242753823,3,517.75,2025-12-14T18:48:29.622,0,242753823,true,true,"[0.01,0.05]",10,10,10,500.00854206147477,0.9428234845282544,0.9427910689726945,0.9186666666666666,0.9738666666666667,0.9186666666666666,262.2732341741204,0.8844525898099794,0.8841660292573627,298.6201068639802,0.9428234845282544,0.9427910689726945,/scratch/n/N.Pfaffenzeller/nikolas_nethive/nethive_multiverse/results/test_runs/10b10t15c500e_log_sweep,param_204_rep_3,/scratch/n/N.Pfaffenzeller/nikolas_nethive/nethive_multiverse/results/test_runs/10b10t15c500e_log_sweep/data/param_204_rep_3,/scratch/n/N.Pfaffenzeller/nikolas_nethive/nethive_multiverse/results/test_runs/10b10t15c500e_log_sweep/data/param_204_rep_3/event_log.csv,/scratch/n/N.Pfaffenzeller/nikolas_nethive/nethive_multiverse/results/test_runs/10b10t15c500e_log_sweep/data/param_204_rep_3/config.json
32,1000,"[0,1]","[""task_1"",""task_2"",""task_3"",""task_4"",""task_5"",""task_6"",""task_7"",""task_8"",""task_9"",""task_10""]",10.0,10,50.0,100,5.0e-5,10,15,10,15,500,50,100,1,10,205,1,0.1,time_out,242754821,1,425.25,2025-12-14T18:48:27.769,0,242754821,true,true,"[0.01,0.05]",10,10,10,500.00372497531566,0.967160372730703,0.9667837031439863,0.9146666666666666,0.9846666666666668,0.9146666666666666,265.7148276852039,0.9366192847256111,0.9335898666392459,277.48900597814946,0.967160372730703,0.9667837031439863,/scratch/n/N.Pfaffenzeller/nikolas_nethive/nethive_multiverse/results/test_runs/10b10t15c500e_log_sweep,param_205_rep_1,/scratch/n/N.Pfaffenzeller/nikolas_nethive/nethive_multiverse/results/test_runs/10b10t15c500e_log_sweep/data/param_205_rep_1,/scratch/n/N.Pfaffenzeller/nikolas_nethive/nethive_multiverse/results/test_runs/10b10t15c500e_log_sweep/data/param_205_rep_1/event_log.csv,/scratch/n/N.Pfaffenzeller/nikolas_nethive/nethive_multiverse/results/test_runs/10b10t15c500e_log_sweep/data/param_205_rep_1/config.json
32,1000,"[0,1]","[""task_1"",""task_2"",""task_3"",""task_4"",""task_5"",""task_6"",""task_7"",""task_8"",""task_9"",""task_10""]",10.0,10,50.0,100,5.0e-5,10,15,10,15,500,50,100,1,10,205,1,0.1,time_out,242754822,2,382.38,2025-12-14T18:48:21.796,0,242754822,true,true,"[0.01,0.05]",10,10,10,500.00425133825155,0.9324408830779255,0.9313845351463759,0.9013333333333333,0.9649333333333334,0.9013333333333333,64.56215253838933,0.8717069989863078,0.8703217940191295,74.42641491923423,0.9324408830779255,0.9313845351463759,/scratch/n/N.Pfaffenzeller/nikolas_nethive/nethive_multiverse/results/test_runs/10b10t15c500e_log_sweep,param_205_rep_2,/scratch/n/N.Pfaffenzeller/nikolas_nethive/nethive_multiverse/results/test_runs/10b10t15c500e_log_sweep/data/param_205_rep_2,/scratch/n/N.Pfaffenzeller/nikolas_nethive/nethive_multiverse/results/test_runs/10b10t15c500e_log_sweep/data/param_205_rep_2/event_log.csv,/scratch/n/N.Pfaffenzeller/nikolas_nethive/nethive_multiverse/results/test_runs/10b10t15c500e_log_sweep/data/param_205_rep_2/config.json
32,1000,"[0,1]","[""task_1"",""task_2"",""task_3"",""task_4"",""task_5"",""task_6"",""task_7"",""task_8"",""task_9"",""task_10""]",10.0,10,50.0,100,5.0e-5,10,15,10,15,500,50,100,1,10,205,1,0.1,time_out,242754823,3,396.68,2025-12-14T18:48:27.524,0,242754823,true,true,"[0.01,0.05]",10,10,10,500.01679443925707,0.9277648422769437,0.9247070797421145,0.9106666666666666,0.9598666666666666,0.9106666666666666,84.10273937338505,0.8674046779189369,0.8656484657515022,88.60417096092401,0.9277648422769437,0.9247070797421145,/scratch/n/N.Pfaffenzeller/nikolas_nethive/nethive_multiverse/results/test_runs/10b10t15c500e_log_sweep,param_205_rep_3,/scratch/n/N.Pfaffenzeller/nikolas_nethive/nethive_multiverse/results/test_runs/10b10t15c500e_log_sweep/data/param_205_rep_3,/scratch/n/N.Pfaffenzeller/nikolas_nethive/nethive_multiverse/results/test_runs/10b10t15c500e_log_sweep/data/param_205_rep_3/event_log.csv,/scratch/n/N.Pfaffenzeller/nikolas_nethive/nethive_multiverse/results/test_runs/10b10t15c500e_log_sweep/data/param_205_rep_3/config.json
32,1000,"[0,1]","[""task_1"",""task_2"",""task_3"",""task_4"",""task_5"",""task_6"",""task_7"",""task_8"",""task_9"",""task_10""]",50.0,10,50.0,100,5.0e-5,10,15,10,15,500,50,100,1,10,206,1,0.1,time_out,242755821,1,628.51,2025-12-14T18:49:15.098,0,242755821,true,true,"[0.01,0.05]",10,10,10,500.0305104521253,0.9636712409027577,0.9627526069282439,0.9133333333333333,0.9786666666666667,0.9133333333333333,149.17885831060696,0.9840394601576941,0.982681872218366,164.60411680791682,0.9636712409027577,0.9627526069282439,/scratch/n/N.Pfaffenzeller/nikolas_nethive/nethive_multiverse/results/test_runs/10b10t15c500e_log_sweep,param_206_rep_1,/scratch/n/N.Pfaffenzeller/nikolas_nethive/nethive_multiverse/results/test_runs/10b10t15c500e_log_sweep/data/param_206_rep_1,/scratch/n/N.Pfaffenzeller/nikolas_nethive/nethive_multiverse/results/test_runs/10b10t15c500e_log_sweep/data/param_206_rep_1/event_log.csv,/scratch/n/N.Pfaffenzeller/nikolas_nethive/nethive_multiverse/results/test_runs/10b10t15c500e_log_sweep/data/param_206_rep_1/config.json
32,1000,"[0,1]","[""task_1"",""task_2"",""task_3"",""task_4"",""task_5"",""task_6"",""task_7"",""task_8"",""task_9"",""task_10""]",50.0,10,50.0,100,5.0e-5,10,15,10,15,500,50,100,1,10,206,1,0.1,time_out,242755822,2,392.35,2025-12-14T18:49:22.450,0,242755822,true,true,"[0.01,0.05]",10,10,10,500.03413636845374,0.8467257523022749,0.8375560332447369,0.256,0.8773333333333333,0.06666666666666667,,,,,,,/scratch/n/N.Pfaffenzeller/nikolas_nethive/nethive_multiverse/results/test_runs/10b10t15c500e_log_sweep,param_206_rep_2,/scratch/n/N.Pfaffenzeller/nikolas_nethive/nethive_multiverse/results/test_runs/10b10t15c500e_log_sweep/data/param_206_rep_2,/scratch/n/N.Pfaffenzeller/nikolas_nethive/nethive_multiverse/results/test_runs/10b10t15c500e_log_sweep/data/param_206_rep_2/event_log.csv,/scratch/n/N.Pfaffenzeller/nikolas_nethive/nethive_multiverse/results/test_runs/10b10t15c500e_log_sweep/data/param_206_rep_2/config.json
32,1000,"[0,1]","[""task_1"",""task_2"",""task_3"",""task_4"",""task_5"",""task_6"",""task_7"",""task_8"",""task_9"",""task_10""]",50.0,10,50.0,100,5.0e-5,10,15,10,15,500,50,100,1,10,206,1,0.1,time_out,242755823,3,371.14,2025-12-14T18:50:35.816,0,242755823,true,true,"[0.01,0.05]",10,10,10,500.0144856259761,0.8581438668081202,0.868528268658259,0.12133333333333333,0.8948,0.12133333333333333,,,,,,,/scratch/n/N.Pfaffenzeller/nikolas_nethive/nethive_multiverse/results/test_runs/10b10t15c500e_log_sweep,param_206_rep_3,/scratch/n/N.Pfaffenzeller/nikolas_nethive/nethive_multiverse/results/test_runs/10b10t15c500e_log_sweep/data/param_206_rep_3,/scratch/n/N.Pfaffenzeller/nikolas_nethive/nethive_multiverse/results/test_runs/10b10t15c500e_log_sweep/data/param_206_rep_3/event_log.csv,/scratch/n/N.Pfaffenzeller/nikolas_nethive/nethive_multiverse/results/test_runs/10b10t15c500e_log_sweep/data/param_206_rep_3/config.json
32,1000,"[0,1]","[""task_1"",""task_2"",""task_3"",""task_4"",""task_5"",""task_6"",""task_7"",""task_8"",""task_9"",""task_10""]",100.0,10,50.0,100,5.0e-5,10,15,10,15,500,50,100,1,10,207,1,0.1,time_out,242756821,1,302.8,2025-12-14T18:50:53.689,0,242756821,true,true,"[0.01,0.05]",10,10,10,500.0118961349334,0.873130878811005,0.8840122377700474,0.068,0.8976,0.06666666666666667,,,,,,,/scratch/n/N.Pfaffenzeller/nikolas_nethive/nethive_multiverse/results/test_runs/10b10t15c500e_log_sweep,param_207_rep_1,/scratch/n/N.Pfaffenzeller/nikolas_nethive/nethive_multiverse/results/test_runs/10b10t15c500e_log_sweep/data/param_207_rep_1,/scratch/n/N.Pfaffenzeller/nikolas_nethive/nethive_multiverse/results/test_runs/10b10t15c500e_log_sweep/data/param_207_rep_1/event_log.csv,/scratch/n/N.Pfaffenzeller/nikolas_nethive/nethive_multiverse/results/test_runs/10b10t15c500e_log_sweep/data/param_207_rep_1/config.json
32,1000,"[0,1]","[""task_1"",""task_2"",""task_3"",""task_4"",""task_5"",""task_6"",""task_7"",""task_8"",""task_9"",""task_10""]",100.0,10,50.0,100,5.0e-5,10,15,10,15,500,50,100,1,10,207,1,0.1,time_out,242756822,2,369.83,2025-12-14T18:51:05.633,0,242756822,true,true,"[0.01,0.05]",10,10,10,500.0111632305895,0.8667633408263242,0.8670115958265431,0.212,0.8911999999999999,0.07333333333333333,,,,,,,/scratch/n/N.Pfaffenzeller/nikolas_nethive/nethive_multiverse/results/test_runs/10b10t15c500e_log_sweep,param_207_rep_2,/scratch/n/N.Pfaffenzeller/nikolas_nethive/nethive_multiverse/results/test_runs/10b10t15c500e_log_sweep/data/param_207_rep_2,/scratch/n/N.Pfaffenzeller/nikolas_nethive/nethive_multiverse/results/test_runs/10b10t15c500e_log_sweep/data/param_207_rep_2/event_log.csv,/scratch/n/N.Pfaffenzeller/nikolas_nethive/nethive_multiverse/results/test_runs/10b10t15c500e_log_sweep/data/param_207_rep_2/config.json
32,1000,"[0,1]","[""task_1"",""task_2"",""task_3"",""task_4"",""task_5"",""task_6"",""task_7"",""task_8"",""task_9"",""task_10""]",100.0,10,50.0,100,5.0e-5,10,15,10,15,500,50,100,1,10,207,1,0.1,time_out,242756823,3,407.42,2025-12-14T18:50:57.644,0,242756823,true,true,"[0.01,0.05]",10,10,10,500.0326486566647,0.7923381626453805,0.8094757171810059,0.06666666666666667,0.8085333333333333,0.06666666666666667,,,,,,,/scratch/n/N.Pfaffenzeller/nikolas_nethive/nethive_multiverse/results/test_runs/10b10t15c500e_log_sweep,param_207_rep_3,/scratch/n/N.Pfaffenzeller/nikolas_nethive/nethive_multiverse/results/test_runs/10b10t15c500e_log_sweep/data/param_207_rep_3,/scratch/n/N.Pfaffenzeller/nikolas_nethive/nethive_multiverse/results/test_runs/10b10t15c500e_log_sweep/data/param_207_rep_3/event_log.csv,/scratch/n/N.Pfaffenzeller/nikolas_nethive/nethive_multiverse/results/test_runs/10b10t15c500e_log_sweep/data/param_207_rep_3/config.json
32,1000,"[0,1]","[""task_1"",""task_2"",""task_3"",""task_4"",""task_5"",""task_6"",""task_7"",""task_8"",""task_9"",""task_10""]",500.0,10,50.0,100,5.0e-5,10,15,10,15,500,50,100,1,10,208,1,0.1,time_out,242757821,1,519.02,2025-12-14T18:51:36.716,0,242757821,true,true,"[0.01,0.05]",10,10,10,500.004045706744,0.40914823351407537,0.4710071541139573,0.06933333333333333,0.47973333333333334,0.068,,,,,,,/scratch/n/N.Pfaffenzeller/nikolas_nethive/nethive_multiverse/results/test_runs/10b10t15c500e_log_sweep,param_208_rep_1,/scratch/n/N.Pfaffenzeller/nikolas_nethive/nethive_multiverse/results/test_runs/10b10t15c500e_log_sweep/data/param_208_rep_1,/scratch/n/N.Pfaffenzeller/nikolas_nethive/nethive_multiverse/results/test_runs/10b10t15c500e_log_sweep/data/param_208_rep_1/event_log.csv,/scratch/n/N.Pfaffenzeller/nikolas_nethive/nethive_multiverse/results/test_runs/10b10t15c500e_log_sweep/data/param_208_rep_1/config.json
32,1000,"[0,1]","[""task_1"",""task_2"",""task_3"",""task_4"",""task_5"",""task_6"",""task_7"",""task_8"",""task_9"",""task_10""]",500.0,10,50.0,100,5.0e-5,10,15,10,15,500,50,100,1,10,208,1,0.1,time_out,242757822,2,539.43,2025-12-14T18:51:49.453,0,242757822,true,true,"[0.01,0.05]",10,10,10,500.0036151292432,0.48799504269963523,0.5563350191699749,0.104,0.5768000000000001,0.06666666666666667,,,,,,,/scratch/n/N.Pfaffenzeller/nikolas_nethive/nethive_multiverse/results/test_runs/10b10t15c500e_log_sweep,param_208_rep_2,/scratch/n/N.Pfaffenzeller/nikolas_nethive/nethive_multiverse/results/test_runs/10b10t15c500e_log_sweep/data/param_208_rep_2,/scratch/n/N.Pfaffenzeller/nikolas_nethive/nethive_multiverse/results/test_runs/10b10t15c500e_log_sweep/data/param_208_rep_2/event_log.csv,/scratch/n/N.Pfaffenzeller/nikolas_nethive/nethive_multiverse/results/test_runs/10b10t15c500e_log_sweep/data/param_208_rep_2/config.json
32,1000,"[0,1]","[""task_1"",""task_2"",""task_3"",""task_4"",""task_5"",""task_6"",""task_7"",""task_8"",""task_9"",""task_10""]",500.0,10,50.0,100,5.0e-5,10,15,10,15,500,50,100,1,10,208,1,0.1,time_out,242757823,3,444.22,2025-12-14T18:51:35.712,0,242757823,true,true,"[0.01,0.05]",10,10,10,500.0255674019936,0.42842752766513115,0.47694226851127236,0.132,0.5065333333333333,0.116,,,,,,,/scratch/n/N.Pfaffenzeller/nikolas_nethive/nethive_multiverse/results/test_runs/10b10t15c500e_log_sweep,param_208_rep_3,/scratch/n/N.Pfaffenzeller/nikolas_nethive/nethive_multiverse/results/test_runs/10b10t15c500e_log_sweep/data/param_208_rep_3,/scratch/n/N.Pfaffenzeller/nikolas_nethive/nethive_multiverse/results/test_runs/10b10t15c500e_log_sweep/data/param_208_rep_3/event_log.csv,/scratch/n/N.Pfaffenzeller/nikolas_nethive/nethive_multiverse/results/test_runs/10b10t15c500e_log_sweep/data/param_208_rep_3/config.json
32,1000,"[0,1]","[""task_1"",""task_2"",""task_3"",""task_4"",""task_5"",""task_6"",""task_7"",""task_8"",""task_9"",""task_10""]",1000.0,10,50.0,100,5.0e-5,10,15,10,15,500,50,100,1,10,209,1,0.1,time_out,242758821,1,508.17,2025-12-14T18:52:06.123,0,242758821,true,true,"[0.01,0.05]",10,10,10,500.0017899259649,0.6154313163595345,0.6610771293884699,0.013333333333333334,0.6505333333333334,0.013333333333333334,,,,,,,/scratch/n/N.Pfaffenzeller/nikolas_nethive/nethive_multiverse/results/test_runs/10b10t15c500e_log_sweep,param_209_rep_1,/scratch/n/N.Pfaffenzeller/nikolas_nethive/nethive_multiverse/results/test_runs/10b10t15c500e_log_sweep/data/param_209_rep_1,/scratch/n/N.Pfaffenzeller/nikolas_nethive/nethive_multiverse/results/test_runs/10b10t15c500e_log_sweep/data/param_209_rep_1/event_log.csv,/scratch/n/N.Pfaffenzeller/nikolas_nethive/nethive_multiverse/results/test_runs/10b10t15c500e_log_sweep/data/param_209_rep_1/config.json
32,1000,"[0,1]","[""task_1"",""task_2"",""task_3"",""task_4"",""task_5"",""task_6"",""task_7"",""task_8"",""task_9"",""task_10""]",1000.0,10,50.0,100,5.0e-5,10,15,10,15,500,50,100,1,10,209,1,0.1,time_out,242758822,2,477.86,2025-12-14T18:51:58.126,0,242758822,true,true,"[0.01,0.05]",10,10,10,500.00444426173107,0.4392660518878733,0.48492555196312637,0.06666666666666667,0.4961333333333334,0.06666666666666667,,,,,,,/scratch/n/N.Pfaffenzeller/nikolas_nethive/nethive_multiverse/results/test_runs/10b10t15c500e_log_sweep,param_209_rep_2,/scratch/n/N.Pfaffenzeller/nikolas_nethive/nethive_multiverse/results/test_runs/10b10t15c500e_log_sweep/data/param_209_rep_2,/scratch/n/N.Pfaffenzeller/nikolas_nethive/nethive_multiverse/results/test_runs/10b10t15c500e_log_sweep/data/param_209_rep_2/event_log.csv,/scratch/n/N.Pfaffenzeller/nikolas_nethive/nethive_multiverse/results/test_runs/10b10t15c500e_log_sweep/data/param_209_rep_2/config.json
32,1000,"[0,1]","[""task_1"",""task_2"",""task_3"",""task_4"",""task_5"",""task_6"",""task_7"",""task_8"",""task_9"",""task_10""]",1000.0,10,50.0,100,5.0e-5,10,15,10,15,500,50,100,1,10,209,1,0.1,time_out,242758823,3,361.34,2025-12-14T18:51:54.905,0,242758823,true,true,"[0.01,0.05]",10,10,10,500.05150722218684,0.6122694927852214,0.64453038895739,0.06666666666666667,0.6489333333333334,0.06666666666666667,,,,,,,/scratch/n/N.Pfaffenzeller/nikolas_nethive/nethive_multiverse/results/test_runs/10b10t15c500e_log_sweep,param_209_rep_3,/scratch/n/N.Pfaffenzeller/nikolas_nethive/nethive_multiverse/results/test_runs/10b10t15c500e_log_sweep/data/param_209_rep_3,/scratch/n/N.Pfaffenzeller/nikolas_nethive/nethive_multiverse/results/test_runs/10b10t15c500e_log_sweep/data/param_209_rep_3/event_log.csv,/scratch/n/N.Pfaffenzeller/nikolas_nethive/nethive_multiverse/results/test_runs/10b10t15c500e_log_sweep/data/param_209_rep_3/config.json
32,1000,"[0,1]","[""task_1"",""task_2"",""task_3"",""task_4"",""task_5"",""task_6"",""task_7"",""task_8"",""task_9"",""task_10""]",100.0,10,0.05,100,1.0e-5,10,15,10,15,500,50,100,1,10,20,1,0.1,time_out,242569821,1,1226.74,2025-12-14T15:18:39.855,0,242569821,true,true,"[0.01,0.05]",10,10,10,500.00847889911375,0.24634322605067133,0.27591435439593953,0.13333333333333333,0.3037333333333333,0.132,,,,,,,/scratch/n/N.Pfaffenzeller/nikolas_nethive/nethive_multiverse/results/test_runs/10b10t15c500e_log_sweep,param_20_rep_1,/scratch/n/N.Pfaffenzeller/nikolas_nethive/nethive_multiverse/results/test_runs/10b10t15c500e_log_sweep/data/param_20_rep_1,/scratch/n/N.Pfaffenzeller/nikolas_nethive/nethive_multiverse/results/test_runs/10b10t15c500e_log_sweep/data/param_20_rep_1/event_log.csv,/scratch/n/N.Pfaffenzeller/nikolas_nethive/nethive_multiverse/results/test_runs/10b10t15c500e_log_sweep/data/param_20_rep_1/config.json
32,1000,"[0,1]","[""task_1"",""task_2"",""task_3"",""task_4"",""task_5"",""task_6"",""task_7"",""task_8"",""task_9"",""task_10""]",100.0,10,0.05,100,1.0e-5,10,15,10,15,500,50,100,1,10,20,1,0.1,time_out,242569822,2,1223.68,2025-12-14T15:18:45.120,0,242569822,true,true,"[0.01,0.05]",10,10,10,500.01009751441285,0.21971754722280484,0.22742771011322022,0.17066666666666666,0.2876,0.17066666666666666,,,,,,,/scratch/n/N.Pfaffenzeller/nikolas_nethive/nethive_multiverse/results/test_runs/10b10t15c500e_log_sweep,param_20_rep_2,/scratch/n/N.Pfaffenzeller/nikolas_nethive/nethive_multiverse/results/test_runs/10b10t15c500e_log_sweep/data/param_20_rep_2,/scratch/n/N.Pfaffenzeller/nikolas_nethive/nethive_multiverse/results/test_runs/10b10t15c500e_log_sweep/data/param_20_rep_2/event_log.csv,/scratch/n/N.Pfaffenzeller/nikolas_nethive/nethive_multiverse/results/test_runs/10b10t15c500e_log_sweep/data/param_20_rep_2/config.json
32,1000,"[0,1]","[""task_1"",""task_2"",""task_3"",""task_4"",""task_5"",""task_6"",""task_7"",""task_8"",""task_9"",""task_10""]",100.0,10,0.05,100,1.0e-5,10,15,10,15,500,50,100,1,10,20,1,0.1,time_out,242569823,3,1197.67,2025-12-14T15:18:08.502,0,242569823,true,true,"[0.01,0.05]",10,10,10,500.00299273117037,0.2839844770921408,0.3088784223303604,0.14,0.3396,0.14,,,,,,,/scratch/n/N.Pfaffenzeller/nikolas_nethive/nethive_multiverse/results/test_runs/10b10t15c500e_log_sweep,param_20_rep_3,/scratch/n/N.Pfaffenzeller/nikolas_nethive/nethive_multiverse/results/test_runs/10b10t15c500e_log_sweep/data/param_20_rep_3,/scratch/n/N.Pfaffenzeller/nikolas_nethive/nethive_multiverse/results/test_runs/10b10t15c500e_log_sweep/data/param_20_rep_3/event_log.csv,/scratch/n/N.Pfaffenzeller/nikolas_nethive/nethive_multiverse/results/test_runs/10b10t15c500e_log_sweep/data/param_20_rep_3/config.json
32,1000,"[0,1]","[""task_1"",""task_2"",""task_3"",""task_4"",""task_5"",""task_6"",""task_7"",""task_8"",""task_9"",""task_10""]",0.01,10,100.0,100,5.0e-5,10,15,10,15,500,50,100,1,10,210,1,0.1,time_out,242759821,1,2325.64,2025-12-14T18:52:18.172,0,242759821,true,true,"[0.01,0.05]",10,10,10,500.00016849070886,0.16201337004782596,0.22634788938322936,0.1,0.28226666666666667,0.1,,,,,,,/scratch/n/N.Pfaffenzeller/nikolas_nethive/nethive_multiverse/results/test_runs/10b10t15c500e_log_sweep,param_210_rep_1,/scratch/n/N.Pfaffenzeller/nikolas_nethive/nethive_multiverse/results/test_runs/10b10t15c500e_log_sweep/data/param_210_rep_1,/scratch/n/N.Pfaffenzeller/nikolas_nethive/nethive_multiverse/results/test_runs/10b10t15c500e_log_sweep/data/param_210_rep_1/event_log.csv,/scratch/n/N.Pfaffenzeller/nikolas_nethive/nethive_multiverse/results/test_runs/10b10t15c500e_log_sweep/data/param_210_rep_1/config.json
32,1000,"[0,1]","[""task_1"",""task_2"",""task_3"",""task_4"",""task_5"",""task_6"",""task_7"",""task_8"",""task_9"",""task_10""]",0.01,10,100.0,100,5.0e-5,10,15,10,15,500,50,100,1,10,210,1,0.1,time_out,242759822,2,2296.62,2025-12-14T18:52:07.318,0,242759822,true,true,"[0.01,0.05]",10,10,10,500.0036298022026,0.24055125276023687,0.262406046536295,0.16666666666666666,0.3713333333333333,0.104,,,,,,,/scratch/n/N.Pfaffenzeller/nikolas_nethive/nethive_multiverse/results/test_runs/10b10t15c500e_log_sweep,param_210_rep_2,/scratch/n/N.Pfaffenzeller/nikolas_nethive/nethive_multiverse/results/test_runs/10b10t15c500e_log_sweep/data/param_210_rep_2,/scratch/n/N.Pfaffenzeller/nikolas_nethive/nethive_multiverse/results/test_runs/10b10t15c500e_log_sweep/data/param_210_rep_2/event_log.csv,/scratch/n/N.Pfaffenzeller/nikolas_nethive/nethive_multiverse/results/test_runs/10b10t15c500e_log_sweep/data/param_210_rep_2/config.json
32,1000,"[0,1]","[""task_1"",""task_2"",""task_3"",""task_4"",""task_5"",""task_6"",""task_7"",""task_8"",""task_9"",""task_10""]",0.01,10,100.0,100,5.0e-5,10,15,10,15,500,50,100,1,10,210,1,0.1,time_out,242759823,3,5209.21,2025-12-14T18:52:31.035,0,242759823,true,true,"[0.01,0.05]",10,10,10,500.00118240759923,0.28632059503054996,0.2924010869881025,0.20666666666666667,0.4198666666666667,0.10133333333333333,,,,,,,/scratch/n/N.Pfaffenzeller/nikolas_nethive/nethive_multiverse/results/test_runs/10b10t15c500e_log_sweep,param_210_rep_3,/scratch/n/N.Pfaffenzeller/nikolas_nethive/nethive_multiverse/results/test_runs/10b10t15c500e_log_sweep/data/param_210_rep_3,/scratch/n/N.Pfaffenzeller/nikolas_nethive/nethive_multiverse/results/test_runs/10b10t15c500e_log_sweep/data/param_210_rep_3/event_log.csv,/scratch/n/N.Pfaffenzeller/nikolas_nethive/nethive_multiverse/results/test_runs/10b10t15c500e_log_sweep/data/param_210_rep_3/config.json
32,1000,"[0,1]","[""task_1"",""task_2"",""task_3"",""task_4"",""task_5"",""task_6"",""task_7"",""task_8"",""task_9"",""task_10""]",0.05,10,100.0,100,5.0e-5,10,15,10,15,500,50,100,1,10,211,1,0.1,time_out,242760821,1,2252.08,2025-12-14T18:53:30.081,0,242760821,true,true,"[0.01,0.05]",10,10,10,500.0003574996137,0.2125820169399349,0.23921095822697175,0.188,0.3392,0.188,,,,,,,/scratch/n/N.Pfaffenzeller/nikolas_nethive/nethive_multiverse/results/test_runs/10b10t15c500e_log_sweep,param_211_rep_1,/scratch/n/N.Pfaffenzeller/nikolas_nethive/nethive_multiverse/results/test_runs/10b10t15c500e_log_sweep/data/param_211_rep_1,/scratch/n/N.Pfaffenzeller/nikolas_nethive/nethive_multiverse/results/test_runs/10b10t15c500e_log_sweep/data/param_211_rep_1/event_log.csv,/scratch/n/N.Pfaffenzeller/nikolas_nethive/nethive_multiverse/results/test_runs/10b10t15c500e_log_sweep/data/param_211_rep_1/config.json
32,1000,"[0,1]","[""task_1"",""task_2"",""task_3"",""task_4"",""task_5"",""task_6"",""task_7"",""task_8"",""task_9"",""task_10""]",0.05,10,100.0,100,5.0e-5,10,15,10,15,500,50,100,1,10,211,1,0.1,time_out,242760822,2,2017.97,2025-12-14T18:55:23.044,0,242760822,true,true,"[0.01,0.05]",10,10,10,500.0042175958389,0.2371262971160019,0.26126969614814277,0.164,0.3601333333333333,0.11466666666666667,,,,,,,/scratch/n/N.Pfaffenzeller/nikolas_nethive/nethive_multiverse/results/test_runs/10b10t15c500e_log_sweep,param_211_rep_2,/scratch/n/N.Pfaffenzeller/nikolas_nethive/nethive_multiverse/results/test_runs/10b10t15c500e_log_sweep/data/param_211_rep_2,/scratch/n/N.Pfaffenzeller/nikolas_nethive/nethive_multiverse/results/test_runs/10b10t15c500e_log_sweep/data/param_211_rep_2/event_log.csv,/scratch/n/N.Pfaffenzeller/nikolas_nethive/nethive_multiverse/results/test_runs/10b10t15c500e_log_sweep/data/param_211_rep_2/config.json
32,1000,"[0,1]","[""task_1"",""task_2"",""task_3"",""task_4"",""task_5"",""task_6"",""task_7"",""task_8"",""task_9"",""task_10""]",0.05,10,100.0,100,5.0e-5,10,15,10,15,500,50,100,1,10,211,1,0.1,time_out,242760823,3,2227.22,2025-12-14T18:55:40.864,0,242760823,true,true,"[0.01,0.05]",10,10,10,500.00917963463627,0.20686506910805869,0.2520841194221012,0.10533333333333333,0.3250666666666667,0.10533333333333333,,,,,,,/scratch/n/N.Pfaffenzeller/nikolas_nethive/nethive_multiverse/results/test_runs/10b10t15c500e_log_sweep,param_211_rep_3,/scratch/n/N.Pfaffenzeller/nikolas_nethive/nethive_multiverse/results/test_runs/10b10t15c500e_log_sweep/data/param_211_rep_3,/scratch/n/N.Pfaffenzeller/nikolas_nethive/nethive_multiverse/results/test_runs/10b10t15c500e_log_sweep/data/param_211_rep_3/event_log.csv,/scratch/n/N.Pfaffenzeller/nikolas_nethive/nethive_multiverse/results/test_runs/10b10t15c500e_log_sweep/data/param_211_rep_3/config.json
32,1000,"[0,1]","[""task_1"",""task_2"",""task_3"",""task_4"",""task_5"",""task_6"",""task_7"",""task_8"",""task_9"",""task_10""]",0.1,10,100.0,100,5.0e-5,10,15,10,15,500,50,100,1,10,212,1,0.1,time_out,242761821,1,4247.71,2025-12-14T18:56:24.929,0,242761821,true,true,"[0.01,0.05]",10,10,10,500.0018720037285,0.20171928221253851,0.21739865577186257,0.14266666666666666,0.36346666666666666,0.14266666666666666,,,,,,,/scratch/n/N.Pfaffenzeller/nikolas_nethive/nethive_multiverse/results/test_runs/10b10t15c500e_log_sweep,param_212_rep_1,/scratch/n/N.Pfaffenzeller/nikolas_nethive/nethive_multiverse/results/test_runs/10b10t15c500e_log_sweep/data/param_212_rep_1,/scratch/n/N.Pfaffenzeller/nikolas_nethive/nethive_multiverse/results/test_runs/10b10t15c500e_log_sweep/data/param_212_rep_1/event_log.csv,/scratch/n/N.Pfaffenzeller/nikolas_nethive/nethive_multiverse/results/test_runs/10b10t15c500e_log_sweep/data/param_212_rep_1/config.json
32,1000,"[0,1]","[""task_1"",""task_2"",""task_3"",""task_4"",""task_5"",""task_6"",""task_7"",""task_8"",""task_9"",""task_10""]",0.1,10,100.0,100,5.0e-5,10,15,10,15,500,50,100,1,10,212,1,0.1,time_out,242761822,2,1830.62,2025-12-14T18:56:20,0,242761822,true,true,"[0.01,0.05]",10,10,10,500.00168147465547,0.3006541159306071,0.3431611833877267,0.07866666666666666,0.46319999999999995,0.07866666666666666,,,,,,,/scratch/n/N.Pfaffenzeller/nikolas_nethive/nethive_multiverse/results/test_runs/10b10t15c500e_log_sweep,param_212_rep_2,/scratch/n/N.Pfaffenzeller/nikolas_nethive/nethive_multiverse/results/test_runs/10b10t15c500e_log_sweep/data/param_212_rep_2,/scratch/n/N.Pfaffenzeller/nikolas_nethive/nethive_multiverse/results/test_runs/10b10t15c500e_log_sweep/data/param_212_rep_2/event_log.csv,/scratch/n/N.Pfaffenzeller/nikolas_nethive/nethive_multiverse/results/test_runs/10b10t15c500e_log_sweep/data/param_212_rep_2/config.json
32,1000,"[0,1]","[""task_1"",""task_2"",""task_3"",""task_4"",""task_5"",""task_6"",""task_7"",""task_8"",""task_9"",""task_10""]",0.1,10,100.0,100,5.0e-5,10,15,10,15,500,50,100,1,10,212,1,0.1,time_out,242761823,3,4436.95,2025-12-14T18:57:06.827,0,242761823,true,true,"[0.01,0.05]",10,10,10,500.00037269407164,0.2897677531797272,0.30180747939523495,0.22,0.4305333333333333,0.18266666666666667,,,,,,,/scratch/n/N.Pfaffenzeller/nikolas_nethive/nethive_multiverse/results/test_runs/10b10t15c500e_log_sweep,param_212_rep_3,/scratch/n/N.Pfaffenzeller/nikolas_nethive/nethive_multiverse/results/test_runs/10b10t15c500e_log_sweep/data/param_212_rep_3,/scratch/n/N.Pfaffenzeller/nikolas_nethive/nethive_multiverse/results/test_runs/10b10t15c500e_log_sweep/data/param_212_rep_3/event_log.csv,/scratch/n/N.Pfaffenzeller/nikolas_nethive/nethive_multiverse/results/test_runs/10b10t15c500e_log_sweep/data/param_212_rep_3/config.json
32,1000,"[0,1]","[""task_1"",""task_2"",""task_3"",""task_4"",""task_5"",""task_6"",""task_7"",""task_8"",""task_9"",""task_10""]",0.5,10,100.0,100,5.0e-5,10,15,10,15,500,50,100,1,10,213,1,0.1,time_out,242762821,1,1152.13,2025-12-14T18:56:39.914,0,242762821,true,true,"[0.01,0.05]",10,10,10,500.0058067928935,0.4735428667649996,0.48865067775038645,0.24666666666666667,0.6153333333333333,0.224,132.8458030448184,0.7805970042835406,0.775832000797019,,,,/scratch/n/N.Pfaffenzeller/nikolas_nethive/nethive_multiverse/results/test_runs/10b10t15c500e_log_sweep,param_213_rep_1,/scratch/n/N.Pfaffenzeller/nikolas_nethive/nethive_multiverse/results/test_runs/10b10t15c500e_log_sweep/data/param_213_rep_1,/scratch/n/N.Pfaffenzeller/nikolas_nethive/nethive_multiverse/results/test_runs/10b10t15c500e_log_sweep/data/param_213_rep_1/event_log.csv,/scratch/n/N.Pfaffenzeller/nikolas_nethive/nethive_multiverse/results/test_runs/10b10t15c500e_log_sweep/data/param_213_rep_1/config.json
32,1000,"[0,1]","[""task_1"",""task_2"",""task_3"",""task_4"",""task_5"",""task_6"",""task_7"",""task_8"",""task_9"",""task_10""]",0.5,10,100.0,100,5.0e-5,10,15,10,15,500,50,100,1,10,213,1,0.1,time_out,242762822,2,1134.44,2025-12-14T18:56:42.914,0,242762822,true,true,"[0.01,0.05]",10,10,10,500.00232028622287,0.6213553745133245,0.6404286169018636,0.252,0.7705333333333334,0.252,74.49621080546034,0.755326106981508,0.7507881314436099,,,,/scratch/n/N.Pfaffenzeller/nikolas_nethive/nethive_multiverse/results/test_runs/10b10t15c500e_log_sweep,param_213_rep_2,/scratch/n/N.Pfaffenzeller/nikolas_nethive/nethive_multiverse/results/test_runs/10b10t15c500e_log_sweep/data/param_213_rep_2,/scratch/n/N.Pfaffenzeller/nikolas_nethive/nethive_multiverse/results/test_runs/10b10t15c500e_log_sweep/data/param_213_rep_2/event_log.csv,/scratch/n/N.Pfaffenzeller/nikolas_nethive/nethive_multiverse/results/test_runs/10b10t15c500e_log_sweep/data/param_213_rep_2/config.json
32,1000,"[0,1]","[""task_1"",""task_2"",""task_3"",""task_4"",""task_5"",""task_6"",""task_7"",""task_8"",""task_9"",""task_10""]",0.5,10,100.0,100,5.0e-5,10,15,10,15,500,50,100,1,10,213,1,0.1,time_out,242762823,3,1170.0,2025-12-14T18:56:56.039,0,242762823,true,true,"[0.01,0.05]",10,10,10,500.0013552432248,0.6295871202424437,0.6257089630433229,0.572,0.7834666666666668,0.572,142.55082885880935,0.8107425004427992,0.8065047285379905,,,,/scratch/n/N.Pfaffenzeller/nikolas_nethive/nethive_multiverse/results/test_runs/10b10t15c500e_log_sweep,param_213_rep_3,/scratch/n/N.Pfaffenzeller/nikolas_nethive/nethive_multiverse/results/test_runs/10b10t15c500e_log_sweep/data/param_213_rep_3,/scratch/n/N.Pfaffenzeller/nikolas_nethive/nethive_multiverse/results/test_runs/10b10t15c500e_log_sweep/data/param_213_rep_3/event_log.csv,/scratch/n/N.Pfaffenzeller/nikolas_nethive/nethive_multiverse/results/test_runs/10b10t15c500e_log_sweep/data/param_213_rep_3/config.json
32,1000,"[0,1]","[""task_1"",""task_2"",""task_3"",""task_4"",""task_5"",""task_6"",""task_7"",""task_8"",""task_9"",""task_10""]",1.0,10,100.0,100,5.0e-5,10,15,10,15,500,50,100,1,10,214,1,0.1,time_out,242763821,1,895.23,2025-12-14T18:57:32.999,0,242763821,true,true,"[0.01,0.05]",10,10,10,500.00296289223917,0.8947601693397329,0.8940936520092784,0.9093333333333333,0.9538666666666666,0.9093333333333333,54.37592448191728,0.7652097423575805,0.7651120979042368,425.76114018612236,0.8947601693397329,0.8940936520092784,/scratch/n/N.Pfaffenzeller/nikolas_nethive/nethive_multiverse/results/test_runs/10b10t15c500e_log_sweep,param_214_rep_1,/scratch/n/N.Pfaffenzeller/nikolas_nethive/nethive_multiverse/results/test_runs/10b10t15c500e_log_sweep/data/param_214_rep_1,/scratch/n/N.Pfaffenzeller/nikolas_nethive/nethive_multiverse/results/test_runs/10b10t15c500e_log_sweep/data/param_214_rep_1/event_log.csv,/scratch/n/N.Pfaffenzeller/nikolas_nethive/nethive_multiverse/results/test_runs/10b10t15c500e_log_sweep/data/param_214_rep_1/config.json
32,1000,"[0,1]","[""task_1"",""task_2"",""task_3"",""task_4"",""task_5"",""task_6"",""task_7"",""task_8"",""task_9"",""task_10""]",1.0,10,100.0,100,5.0e-5,10,15,10,15,500,50,100,1,10,214,1,0.1,time_out,242763822,2,920.61,2025-12-14T18:57:44.826,0,242763822,true,true,"[0.01,0.05]",10,10,10,500.0018046993565,0.9017722016608726,0.901332786542616,0.9253333333333333,0.9558666666666668,0.9253333333333333,56.32478104951377,0.7941213557981964,0.7910084431615443,259.09942899570405,0.9017722016608726,0.901332786542616,/scratch/n/N.Pfaffenzeller/nikolas_nethive/nethive_multiverse/results/test_runs/10b10t15c500e_log_sweep,param_214_rep_2,/scratch/n/N.Pfaffenzeller/nikolas_nethive/nethive_multiverse/results/test_runs/10b10t15c500e_log_sweep/data/param_214_rep_2,/scratch/n/N.Pfaffenzeller/nikolas_nethive/nethive_multiverse/results/test_runs/10b10t15c500e_log_sweep/data/param_214_rep_2/event_log.csv,/scratch/n/N.Pfaffenzeller/nikolas_nethive/nethive_multiverse/results/test_runs/10b10t15c500e_log_sweep/data/param_214_rep_2/config.json
32,1000,"[0,1]","[""task_1"",""task_2"",""task_3"",""task_4"",""task_5"",""task_6"",""task_7"",""task_8"",""task_9"",""task_10""]",1.0,10,100.0,100,5.0e-5,10,15,10,15,500,50,100,1,10,214,1,0.1,time_out,242763823,3,877.87,2025-12-14T18:57:52.879,0,242763823,true,true,"[0.01,0.05]",10,10,10,500.0075522154957,0.8958715062614484,0.8953772066544344,0.9226666666666666,0.954,0.9226666666666666,105.68963360668387,0.8097367850340875,0.8047410177565855,185.10771808012305,0.8958715062614484,0.8953772066544344,/scratch/n/N.Pfaffenzeller/nikolas_nethive/nethive_multiverse/results/test_runs/10b10t15c500e_log_sweep,param_214_rep_3,/scratch/n/N.Pfaffenzeller/nikolas_nethive/nethive_multiverse/results/test_runs/10b10t15c500e_log_sweep/data/param_214_rep_3,/scratch/n/N.Pfaffenzeller/nikolas_nethive/nethive_multiverse/results/test_runs/10b10t15c500e_log_sweep/data/param_214_rep_3/event_log.csv,/scratch/n/N.Pfaffenzeller/nikolas_nethive/nethive_multiverse/results/test_runs/10b10t15c500e_log_sweep/data/param_214_rep_3/config.json
32,1000,"[0,1]","[""task_1"",""task_2"",""task_3"",""task_4"",""task_5"",""task_6"",""task_7"",""task_8"",""task_9"",""task_10""]",5.0,10,100.0,100,5.0e-5,10,15,10,15,500,50,100,1,10,215,1,0.1,time_out,242764821,1,592.82,2025-12-14T18:57:54.247,0,242764821,true,true,"[0.01,0.05]",10,10,10,500.02162348448564,0.9310845933631429,0.928596417326512,0.9146666666666666,0.9633333333333333,0.9146666666666666,121.99490362747217,0.8788816145055783,0.8750705187100902,174.64605378421197,0.9310845933631429,0.928596417326512,/scratch/n/N.Pfaffenzeller/nikolas_nethive/nethive_multiverse/results/test_runs/10b10t15c500e_log_sweep,param_215_rep_1,/scratch/n/N.Pfaffenzeller/nikolas_nethive/nethive_multiverse/results/test_runs/10b10t15c500e_log_sweep/data/param_215_rep_1,/scratch/n/N.Pfaffenzeller/nikolas_nethive/nethive_multiverse/results/test_runs/10b10t15c500e_log_sweep/data/param_215_rep_1/event_log.csv,/scratch/n/N.Pfaffenzeller/nikolas_nethive/nethive_multiverse/results/test_runs/10b10t15c500e_log_sweep/data/param_215_rep_1/config.json
32,1000,"[0,1]","[""task_1"",""task_2"",""task_3"",""task_4"",""task_5"",""task_6"",""task_7"",""task_8"",""task_9"",""task_10""]",5.0,10,100.0,100,5.0e-5,10,15,10,15,500,50,100,1,10,215,1,0.1,time_out,242764822,2,573.32,2025-12-14T18:57:51.083,0,242764822,true,true,"[0.01,0.05]",10,10,10,500.0656665862761,0.9386870074428458,0.937625174082932,0.9146666666666666,0.9683999999999999,0.9146666666666666,213.8731816641502,0.9037253701496338,0.9009316485247935,215.84734899506617,0.9386870074428458,0.937625174082932,/scratch/n/N.Pfaffenzeller/nikolas_nethive/nethive_multiverse/results/test_runs/10b10t15c500e_log_sweep,param_215_rep_2,/scratch/n/N.Pfaffenzeller/nikolas_nethive/nethive_multiverse/results/test_runs/10b10t15c500e_log_sweep/data/param_215_rep_2,/scratch/n/N.Pfaffenzeller/nikolas_nethive/nethive_multiverse/results/test_runs/10b10t15c500e_log_sweep/data/param_215_rep_2/event_log.csv,/scratch/n/N.Pfaffenzeller/nikolas_nethive/nethive_multiverse/results/test_runs/10b10t15c500e_log_sweep/data/param_215_rep_2/config.json
32,1000,"[0,1]","[""task_1"",""task_2"",""task_3"",""task_4"",""task_5"",""task_6"",""task_7"",""task_8"",""task_9"",""task_10""]",5.0,10,100.0,100,5.0e-5,10,15,10,15,500,50,100,1,10,215,1,0.1,time_out,242764823,3,1331.44,2025-12-14T18:58:49.536,0,242764823,true,true,"[0.01,0.05]",10,10,10,500.00062942638755,0.9353054180984735,0.9350265747182451,0.9026666666666666,0.966,0.9026666666666666,164.59486388916122,0.89336857954243,0.8892945672686963,166.6912375049769,0.9353054180984735,0.9350265747182451,/scratch/n/N.Pfaffenzeller/nikolas_nethive/nethive_multiverse/results/test_runs/10b10t15c500e_log_sweep,param_215_rep_3,/scratch/n/N.Pfaffenzeller/nikolas_nethive/nethive_multiverse/results/test_runs/10b10t15c500e_log_sweep/data/param_215_rep_3,/scratch/n/N.Pfaffenzeller/nikolas_nethive/nethive_multiverse/results/test_runs/10b10t15c500e_log_sweep/data/param_215_rep_3/event_log.csv,/scratch/n/N.Pfaffenzeller/nikolas_nethive/nethive_multiverse/results/test_runs/10b10t15c500e_log_sweep/data/param_215_rep_3/config.json
32,1000,"[0,1]","[""task_1"",""task_2"",""task_3"",""task_4"",""task_5"",""task_6"",""task_7"",""task_8"",""task_9"",""task_10""]",10.0,10,100.0,100,5.0e-5,10,15,10,15,500,50,100,1,10,216,1,0.1,time_out,242765821,1,582.16,2025-12-14T18:58:23.794,0,242765821,true,true,"[0.01,0.05]",10,10,10,500.01188641943827,0.7655487297473356,0.7815301512877967,0.06666666666666667,0.8358666666666668,0.06666666666666667,,,,,,,/scratch/n/N.Pfaffenzeller/nikolas_nethive/nethive_multiverse/results/test_runs/10b10t15c500e_log_sweep,param_216_rep_1,/scratch/n/N.Pfaffenzeller/nikolas_nethive/nethive_multiverse/results/test_runs/10b10t15c500e_log_sweep/data/param_216_rep_1,/scratch/n/N.Pfaffenzeller/nikolas_nethive/nethive_multiverse/results/test_runs/10b10t15c500e_log_sweep/data/param_216_rep_1/event_log.csv,/scratch/n/N.Pfaffenzeller/nikolas_nethive/nethive_multiverse/results/test_runs/10b10t15c500e_log_sweep/data/param_216_rep_1/config.json
32,1000,"[0,1]","[""task_1"",""task_2"",""task_3"",""task_4"",""task_5"",""task_6"",""task_7"",""task_8"",""task_9"",""task_10""]",10.0,10,100.0,100,5.0e-5,10,15,10,15,500,50,100,1,10,216,1,0.1,time_out,242765822,2,496.77,2025-12-14T18:58:40.757,0,242765822,true,true,"[0.01,0.05]",10,10,10,500.02945511727063,0.9689410571306881,0.9678564742018733,0.9026666666666666,0.9810666666666668,0.9026666666666666,178.34847306924846,0.8796546260241722,0.8780767720754733,191.5136715816156,0.9689410571306881,0.9678564742018733,/scratch/n/N.Pfaffenzeller/nikolas_nethive/nethive_multiverse/results/test_runs/10b10t15c500e_log_sweep,param_216_rep_2,/scratch/n/N.Pfaffenzeller/nikolas_nethive/nethive_multiverse/results/test_runs/10b10t15c500e_log_sweep/data/param_216_rep_2,/scratch/n/N.Pfaffenzeller/nikolas_nethive/nethive_multiverse/results/test_runs/10b10t15c500e_log_sweep/data/param_216_rep_2/event_log.csv,/scratch/n/N.Pfaffenzeller/nikolas_nethive/nethive_multiverse/results/test_runs/10b10t15c500e_log_sweep/data/param_216_rep_2/config.json
32,1000,"[0,1]","[""task_1"",""task_2"",""task_3"",""task_4"",""task_5"",""task_6"",""task_7"",""task_8"",""task_9"",""task_10""]",10.0,10,100.0,100,5.0e-5,10,15,10,15,500,50,100,1,10,216,1,0.1,time_out,242765823,3,524.79,2025-12-14T18:59:43.020,0,242765823,true,true,"[0.01,0.05]",10,10,10,500.0057472049642,0.971307455905885,0.9708154169533103,0.9013333333333333,0.9842666666666666,0.9013333333333333,333.4759484212875,0.9353908112980699,0.9355316564123675,343.70522851627476,0.971307455905885,0.9708154169533103,/scratch/n/N.Pfaffenzeller/nikolas_nethive/nethive_multiverse/results/test_runs/10b10t15c500e_log_sweep,param_216_rep_3,/scratch/n/N.Pfaffenzeller/nikolas_nethive/nethive_multiverse/results/test_runs/10b10t15c500e_log_sweep/data/param_216_rep_3,/scratch/n/N.Pfaffenzeller/nikolas_nethive/nethive_multiverse/results/test_runs/10b10t15c500e_log_sweep/data/param_216_rep_3/event_log.csv,/scratch/n/N.Pfaffenzeller/nikolas_nethive/nethive_multiverse/results/test_runs/10b10t15c500e_log_sweep/data/param_216_rep_3/config.json
32,1000,"[0,1]","[""task_1"",""task_2"",""task_3"",""task_4"",""task_5"",""task_6"",""task_7"",""task_8"",""task_9"",""task_10""]",50.0,10,100.0,100,5.0e-5,10,15,10,15,500,50,100,1,10,217,1,0.1,time_out,242766821,1,780.37,2025-12-14T19:00:11.195,0,242766821,true,true,"[0.01,0.05]",10,10,10,500.0021622387007,0.7742740586822394,0.8035101948739711,0.124,0.8217333333333334,0.124,,,,,,,/scratch/n/N.Pfaffenzeller/nikolas_nethive/nethive_multiverse/results/test_runs/10b10t15c500e_log_sweep,param_217_rep_1,/scratch/n/N.Pfaffenzeller/nikolas_nethive/nethive_multiverse/results/test_runs/10b10t15c500e_log_sweep/data/param_217_rep_1,/scratch/n/N.Pfaffenzeller/nikolas_nethive/nethive_multiverse/results/test_runs/10b10t15c500e_log_sweep/data/param_217_rep_1/event_log.csv,/scratch/n/N.Pfaffenzeller/nikolas_nethive/nethive_multiverse/results/test_runs/10b10t15c500e_log_sweep/data/param_217_rep_1/config.json
32,1000,"[0,1]","[""task_1"",""task_2"",""task_3"",""task_4"",""task_5"",""task_6"",""task_7"",""task_8"",""task_9"",""task_10""]",50.0,10,100.0,100,5.0e-5,10,15,10,15,500,50,100,1,10,217,1,0.1,time_out,242766822,2,1280.39,2025-12-14T19:00:56.257,0,242766822,true,true,"[0.01,0.05]",10,10,10,500.00505233842495,0.9035664484362002,0.9010203674153328,0.06933333333333333,0.9054666666666666,0.06933333333333333,,,,,,,/scratch/n/N.Pfaffenzeller/nikolas_nethive/nethive_multiverse/results/test_runs/10b10t15c500e_log_sweep,param_217_rep_2,/scratch/n/N.Pfaffenzeller/nikolas_nethive/nethive_multiverse/results/test_runs/10b10t15c500e_log_sweep/data/param_217_rep_2,/scratch/n/N.Pfaffenzeller/nikolas_nethive/nethive_multiverse/results/test_runs/10b10t15c500e_log_sweep/data/param_217_rep_2/event_log.csv,/scratch/n/N.Pfaffenzeller/nikolas_nethive/nethive_multiverse/results/test_runs/10b10t15c500e_log_sweep/data/param_217_rep_2/config.json
32,1000,"[0,1]","[""task_1"",""task_2"",""task_3"",""task_4"",""task_5"",""task_6"",""task_7"",""task_8"",""task_9"",""task_10""]",50.0,10,100.0,100,5.0e-5,10,15,10,15,500,50,100,1,10,217,1,0.1,time_out,242766823,3,673.34,2025-12-14T19:00:36.403,0,242766823,true,true,"[0.01,0.05]",10,10,10,500.0211616222446,0.7712733480585576,0.7974402511791989,0.06666666666666667,0.8114666666666667,0.06666666666666667,,,,,,,/scratch/n/N.Pfaffenzeller/nikolas_nethive/nethive_multiverse/results/test_runs/10b10t15c500e_log_sweep,param_217_rep_3,/scratch/n/N.Pfaffenzeller/nikolas_nethive/nethive_multiverse/results/test_runs/10b10t15c500e_log_sweep/data/param_217_rep_3,/scratch/n/N.Pfaffenzeller/nikolas_nethive/nethive_multiverse/results/test_runs/10b10t15c500e_log_sweep/data/param_217_rep_3/event_log.csv,/scratch/n/N.Pfaffenzeller/nikolas_nethive/nethive_multiverse/results/test_runs/10b10t15c500e_log_sweep/data/param_217_rep_3/config.json
32,1000,"[0,1]","[""task_1"",""task_2"",""task_3"",""task_4"",""task_5"",""task_6"",""task_7"",""task_8"",""task_9"",""task_10""]",100.0,10,100.0,100,5.0e-5,10,15,10,15,500,50,100,1,10,218,1,0.1,time_out,242767821,1,716.07,2025-12-14T19:00:43.689,0,242767821,true,true,"[0.01,0.05]",10,10,10,500.00286836416063,0.655590976158314,0.6950856620676047,0.068,0.7150666666666667,0.06666666666666667,,,,,,,/scratch/n/N.Pfaffenzeller/nikolas_nethive/nethive_multiverse/results/test_runs/10b10t15c500e_log_sweep,param_218_rep_1,/scratch/n/N.Pfaffenzeller/nikolas_nethive/nethive_multiverse/results/test_runs/10b10t15c500e_log_sweep/data/param_218_rep_1,/scratch/n/N.Pfaffenzeller/nikolas_nethive/nethive_multiverse/results/test_runs/10b10t15c500e_log_sweep/data/param_218_rep_1/event_log.csv,/scratch/n/N.Pfaffenzeller/nikolas_nethive/nethive_multiverse/results/test_runs/10b10t15c500e_log_sweep/data/param_218_rep_1/config.json
32,1000,"[0,1]","[""task_1"",""task_2"",""task_3"",""task_4"",""task_5"",""task_6"",""task_7"",""task_8"",""task_9"",""task_10""]",100.0,10,100.0,100,5.0e-5,10,15,10,15,500,50,100,1,10,218,1,0.1,time_out,242767822,2,719.86,2025-12-14T19:00:55.854,0,242767822,true,true,"[0.01,0.05]",10,10,10,500.0023171516797,0.7639871331019632,0.794085256197995,0.06666666666666667,0.8099999999999999,0.06666666666666667,,,,,,,/scratch/n/N.Pfaffenzeller/nikolas_nethive/nethive_multiverse/results/test_runs/10b10t15c500e_log_sweep,param_218_rep_2,/scratch/n/N.Pfaffenzeller/nikolas_nethive/nethive_multiverse/results/test_runs/10b10t15c500e_log_sweep/data/param_218_rep_2,/scratch/n/N.Pfaffenzeller/nikolas_nethive/nethive_multiverse/results/test_runs/10b10t15c500e_log_sweep/data/param_218_rep_2/event_log.csv,/scratch/n/N.Pfaffenzeller/nikolas_nethive/nethive_multiverse/results/test_runs/10b10t15c500e_log_sweep/data/param_218_rep_2/config.json
32,1000,"[0,1]","[""task_1"",""task_2"",""task_3"",""task_4"",""task_5"",""task_6"",""task_7"",""task_8"",""task_9"",""task_10""]",100.0,10,100.0,100,5.0e-5,10,15,10,15,500,50,100,1,10,218,1,0.1,time_out,242767823,3,866.24,2025-12-14T19:01:22.403,0,242767823,true,true,"[0.01,0.05]",10,10,10,500.0032794168418,0.3563518095146369,0.3852120596113147,0.06666666666666667,0.44733333333333325,0.06666666666666667,,,,,,,/scratch/n/N.Pfaffenzeller/nikolas_nethive/nethive_multiverse/results/test_runs/10b10t15c500e_log_sweep,param_218_rep_3,/scratch/n/N.Pfaffenzeller/nikolas_nethive/nethive_multiverse/results/test_runs/10b10t15c500e_log_sweep/data/param_218_rep_3,/scratch/n/N.Pfaffenzeller/nikolas_nethive/nethive_multiverse/results/test_runs/10b10t15c500e_log_sweep/data/param_218_rep_3/event_log.csv,/scratch/n/N.Pfaffenzeller/nikolas_nethive/nethive_multiverse/results/test_runs/10b10t15c500e_log_sweep/data/param_218_rep_3/config.json
32,1000,"[0,1]","[""task_1"",""task_2"",""task_3"",""task_4"",""task_5"",""task_6"",""task_7"",""task_8"",""task_9"",""task_10""]",500.0,10,100.0,100,5.0e-5,10,15,10,15,500,50,100,1,10,219,1,0.1,time_out,242768821,1,911.11,2025-12-14T19:01:46.715,0,242768821,true,true,"[0.01,0.05]",10,10,10,500.000322946926,0.35674300609609416,0.3949319527684786,0.088,0.43186666666666673,0.07466666666666667,,,,,,,/scratch/n/N.Pfaffenzeller/nikolas_nethive/nethive_multiverse/results/test_runs/10b10t15c500e_log_sweep,param_219_rep_1,/scratch/n/N.Pfaffenzeller/nikolas_nethive/nethive_multiverse/results/test_runs/10b10t15c500e_log_sweep/data/param_219_rep_1,/scratch/n/N.Pfaffenzeller/nikolas_nethive/nethive_multiverse/results/test_runs/10b10t15c500e_log_sweep/data/param_219_rep_1/event_log.csv,/scratch/n/N.Pfaffenzeller/nikolas_nethive/nethive_multiverse/results/test_runs/10b10t15c500e_log_sweep/data/param_219_rep_1/config.json
32,1000,"[0,1]","[""task_1"",""task_2"",""task_3"",""task_4"",""task_5"",""task_6"",""task_7"",""task_8"",""task_9"",""task_10""]",500.0,10,100.0,100,5.0e-5,10,15,10,15,500,50,100,1,10,219,1,0.1,time_out,242768822,2,877.27,2025-12-14T19:02:08.100,0,242768822,true,true,"[0.01,0.05]",10,10,10,500.00088481054314,0.5514859419482099,0.6203265771653421,0.06666666666666667,0.6388,0.06666666666666667,,,,,,,/scratch/n/N.Pfaffenzeller/nikolas_nethive/nethive_multiverse/results/test_runs/10b10t15c500e_log_sweep,param_219_rep_2,/scratch/n/N.Pfaffenzeller/nikolas_nethive/nethive_multiverse/results/test_runs/10b10t15c500e_log_sweep/data/param_219_rep_2,/scratch/n/N.Pfaffenzeller/nikolas_nethive/nethive_multiverse/results/test_runs/10b10t15c500e_log_sweep/data/param_219_rep_2/event_log.csv,/scratch/n/N.Pfaffenzeller/nikolas_nethive/nethive_multiverse/results/test_runs/10b10t15c500e_log_sweep/data/param_219_rep_2/config.json
32,1000,"[0,1]","[""task_1"",""task_2"",""task_3"",""task_4"",""task_5"",""task_6"",""task_7"",""task_8"",""task_9"",""task_10""]",500.0,10,100.0,100,5.0e-5,10,15,10,15,500,50,100,1,10,219,1,0.1,time_out,242768823,3,1776.24,2025-12-14T19:03:27.039,0,242768823,true,true,"[0.01,0.05]",10,10,10,500.00281583219487,0.5976086395393284,0.6341181315338849,0.11733333333333333,0.6518666666666667,0.06533333333333333,,,,,,,/scratch/n/N.Pfaffenzeller/nikolas_nethive/nethive_multiverse/results/test_runs/10b10t15c500e_log_sweep,param_219_rep_3,/scratch/n/N.Pfaffenzeller/nikolas_nethive/nethive_multiverse/results/test_runs/10b10t15c500e_log_sweep/data/param_219_rep_3,/scratch/n/N.Pfaffenzeller/nikolas_nethive/nethive_multiverse/results/test_runs/10b10t15c500e_log_sweep/data/param_219_rep_3/event_log.csv,/scratch/n/N.Pfaffenzeller/nikolas_nethive/nethive_multiverse/results/test_runs/10b10t15c500e_log_sweep/data/param_219_rep_3/config.json
32,1000,"[0,1]","[""task_1"",""task_2"",""task_3"",""task_4"",""task_5"",""task_6"",""task_7"",""task_8"",""task_9"",""task_10""]",500.0,10,0.05,100,1.0e-5,10,15,10,15,500,50,100,1,10,21,1,0.1,time_out,242570821,1,756.58,2025-12-14T15:18:17.991,0,242570821,true,true,"[0.01,0.05]",10,10,10,500.1497715010802,0.8247114392552437,0.847015777391676,0.144,0.792,0.144,,,,,,,/scratch/n/N.Pfaffenzeller/nikolas_nethive/nethive_multiverse/results/test_runs/10b10t15c500e_log_sweep,param_21_rep_1,/scratch/n/N.Pfaffenzeller/nikolas_nethive/nethive_multiverse/results/test_runs/10b10t15c500e_log_sweep/data/param_21_rep_1,/scratch/n/N.Pfaffenzeller/nikolas_nethive/nethive_multiverse/results/test_runs/10b10t15c500e_log_sweep/data/param_21_rep_1/event_log.csv,/scratch/n/N.Pfaffenzeller/nikolas_nethive/nethive_multiverse/results/test_runs/10b10t15c500e_log_sweep/data/param_21_rep_1/config.json
32,1000,"[0,1]","[""task_1"",""task_2"",""task_3"",""task_4"",""task_5"",""task_6"",""task_7"",""task_8"",""task_9"",""task_10""]",500.0,10,0.05,100,1.0e-5,10,15,10,15,500,50,100,1,10,21,1,0.1,time_out,242570822,2,843.21,2025-12-14T15:18:48.776,0,242570822,true,true,"[0.01,0.05]",10,10,10,500.02059143760164,0.7713323150504963,0.7671025531176128,0.46,0.7656,0.068,,,,,,,/scratch/n/N.Pfaffenzeller/nikolas_nethive/nethive_multiverse/results/test_runs/10b10t15c500e_log_sweep,param_21_rep_2,/scratch/n/N.Pfaffenzeller/nikolas_nethive/nethive_multiverse/results/test_runs/10b10t15c500e_log_sweep/data/param_21_rep_2,/scratch/n/N.Pfaffenzeller/nikolas_nethive/nethive_multiverse/results/test_runs/10b10t15c500e_log_sweep/data/param_21_rep_2/event_log.csv,/scratch/n/N.Pfaffenzeller/nikolas_nethive/nethive_multiverse/results/test_runs/10b10t15c500e_log_sweep/data/param_21_rep_2/config.json
32,1000,"[0,1]","[""task_1"",""task_2"",""task_3"",""task_4"",""task_5"",""task_6"",""task_7"",""task_8"",""task_9"",""task_10""]",500.0,10,0.05,100,1.0e-5,10,15,10,15,500,50,100,1,10,21,1,0.1,time_out,242570823,3,819.83,2025-12-14T15:19:05.253,0,242570823,true,true,"[0.01,0.05]",10,10,10,500.0145742646974,0.7237505290772598,0.7219597488778425,0.24133333333333334,0.7086666666666667,0.24133333333333334,,,,,,,/scratch/n/N.Pfaffenzeller/nikolas_nethive/nethive_multiverse/results/test_runs/10b10t15c500e_log_sweep,param_21_rep_3,/scratch/n/N.Pfaffenzeller/nikolas_nethive/nethive_multiverse/results/test_runs/10b10t15c500e_log_sweep/data/param_21_rep_3,/scratch/n/N.Pfaffenzeller/nikolas_nethive/nethive_multiverse/results/test_runs/10b10t15c500e_log_sweep/data/param_21_rep_3/event_log.csv,/scratch/n/N.Pfaffenzeller/nikolas_nethive/nethive_multiverse/results/test_runs/10b10t15c500e_log_sweep/data/param_21_rep_3/config.json
32,1000,"[0,1]","[""task_1"",""task_2"",""task_3"",""task_4"",""task_5"",""task_6"",""task_7"",""task_8"",""task_9"",""task_10""]",1000.0,10,100.0,100,5.0e-5,10,15,10,15,500,50,100,1,10,220,1,0.1,time_out,242769821,1,946.4,2025-12-14T19:03:11.695,0,242769821,true,true,"[0.01,0.05]",10,10,10,500.0021878952341,0.38403415830275683,0.4431046787734454,0.06666666666666667,0.47306666666666664,0.06666666666666667,,,,,,,/scratch/n/N.Pfaffenzeller/nikolas_nethive/nethive_multiverse/results/test_runs/10b10t15c500e_log_sweep,param_220_rep_1,/scratch/n/N.Pfaffenzeller/nikolas_nethive/nethive_multiverse/results/test_runs/10b10t15c500e_log_sweep/data/param_220_rep_1,/scratch/n/N.Pfaffenzeller/nikolas_nethive/nethive_multiverse/results/test_runs/10b10t15c500e_log_sweep/data/param_220_rep_1/event_log.csv,/scratch/n/N.Pfaffenzeller/nikolas_nethive/nethive_multiverse/results/test_runs/10b10t15c500e_log_sweep/data/param_220_rep_1/config.json
32,1000,"[0,1]","[""task_1"",""task_2"",""task_3"",""task_4"",""task_5"",""task_6"",""task_7"",""task_8"",""task_9"",""task_10""]",1000.0,10,100.0,100,5.0e-5,10,15,10,15,500,50,100,1,10,220,1,0.1,time_out,242769822,2,693.29,2025-12-14T19:03:54.209,0,242769822,true,true,"[0.01,0.05]",10,10,10,500.0010295694904,0.5130267420832154,0.5572259023468235,0.13333333333333333,0.5761333333333333,0.10666666666666667,,,,,,,/scratch/n/N.Pfaffenzeller/nikolas_nethive/nethive_multiverse/results/test_runs/10b10t15c500e_log_sweep,param_220_rep_2,/scratch/n/N.Pfaffenzeller/nikolas_nethive/nethive_multiverse/results/test_runs/10b10t15c500e_log_sweep/data/param_220_rep_2,/scratch/n/N.Pfaffenzeller/nikolas_nethive/nethive_multiverse/results/test_runs/10b10t15c500e_log_sweep/data/param_220_rep_2/event_log.csv,/scratch/n/N.Pfaffenzeller/nikolas_nethive/nethive_multiverse/results/test_runs/10b10t15c500e_log_sweep/data/param_220_rep_2/config.json
32,1000,"[0,1]","[""task_1"",""task_2"",""task_3"",""task_4"",""task_5"",""task_6"",""task_7"",""task_8"",""task_9"",""task_10""]",1000.0,10,100.0,100,5.0e-5,10,15,10,15,500,50,100,1,10,220,1,0.1,time_out,242769823,3,710.21,2025-12-14T19:03:42.804,0,242769823,true,true,"[0.01,0.05]",10,10,10,500.00262899088676,0.5957227760411941,0.6439341253838454,0.09333333333333334,0.6501333333333333,0.09333333333333334,,,,,,,/scratch/n/N.Pfaffenzeller/nikolas_nethive/nethive_multiverse/results/test_runs/10b10t15c500e_log_sweep,param_220_rep_3,/scratch/n/N.Pfaffenzeller/nikolas_nethive/nethive_multiverse/results/test_runs/10b10t15c500e_log_sweep/data/param_220_rep_3,/scratch/n/N.Pfaffenzeller/nikolas_nethive/nethive_multiverse/results/test_runs/10b10t15c500e_log_sweep/data/param_220_rep_3/event_log.csv,/scratch/n/N.Pfaffenzeller/nikolas_nethive/nethive_multiverse/results/test_runs/10b10t15c500e_log_sweep/data/param_220_rep_3/config.json
32,1000,"[0,1]","[""task_1"",""task_2"",""task_3"",""task_4"",""task_5"",""task_6"",""task_7"",""task_8"",""task_9"",""task_10""]",0.01,10,500.0,100,5.0e-5,10,15,10,15,500,50,100,1,10,221,1,0.1,time_out,242770822,2,8029.81,2025-12-14T19:07:42.525,0,242770822,true,true,"[0.01,0.05]",10,10,10,500.00000331077524,0.2687930174619053,0.3269495866241449,0.058666666666666666,0.3965333333333333,0.058666666666666666,,,,,,,/scratch/n/N.Pfaffenzeller/nikolas_nethive/nethive_multiverse/results/test_runs/10b10t15c500e_log_sweep,param_221_rep_2,/scratch/n/N.Pfaffenzeller/nikolas_nethive/nethive_multiverse/results/test_runs/10b10t15c500e_log_sweep/data/param_221_rep_2,/scratch/n/N.Pfaffenzeller/nikolas_nethive/nethive_multiverse/results/test_runs/10b10t15c500e_log_sweep/data/param_221_rep_2/event_log.csv,/scratch/n/N.Pfaffenzeller/nikolas_nethive/nethive_multiverse/results/test_runs/10b10t15c500e_log_sweep/data/param_221_rep_2/config.json
32,1000,"[0,1]","[""task_1"",""task_2"",""task_3"",""task_4"",""task_5"",""task_6"",""task_7"",""task_8"",""task_9"",""task_10""]",0.01,10,500.0,100,5.0e-5,10,15,10,15,500,50,100,1,10,221,1,0.1,time_out,242770823,3,8511.24,2025-12-14T19:08:41.412,0,242770823,true,true,"[0.01,0.05]",10,10,10,500.0006907707567,0.18130917028421062,0.19773506443512737,0.18533333333333332,0.31333333333333335,0.16266666666666665,,,,,,,/scratch/n/N.Pfaffenzeller/nikolas_nethive/nethive_multiverse/results/test_runs/10b10t15c500e_log_sweep,param_221_rep_3,/scratch/n/N.Pfaffenzeller/nikolas_nethive/nethive_multiverse/results/test_runs/10b10t15c500e_log_sweep/data/param_221_rep_3,/scratch/n/N.Pfaffenzeller/nikolas_nethive/nethive_multiverse/results/test_runs/10b10t15c500e_log_sweep/data/param_221_rep_3/event_log.csv,/scratch/n/N.Pfaffenzeller/nikolas_nethive/nethive_multiverse/results/test_runs/10b10t15c500e_log_sweep/data/param_221_rep_3/config.json
32,1000,"[0,1]","[""task_1"",""task_2"",""task_3"",""task_4"",""task_5"",""task_6"",""task_7"",""task_8"",""task_9"",""task_10""]",0.05,10,500.0,100,5.0e-5,10,15,10,15,500,50,100,1,10,222,1,0.1,time_out,242771821,1,5656.98,2025-12-14T19:08:39.943,0,242771821,true,true,"[0.01,0.05]",10,10,10,500.000891452403,0.333184100380164,0.36682619895023116,0.16933333333333334,0.5124,0.14933333333333335,,,,,,,/scratch/n/N.Pfaffenzeller/nikolas_nethive/nethive_multiverse/results/test_runs/10b10t15c500e_log_sweep,param_222_rep_1,/scratch/n/N.Pfaffenzeller/nikolas_nethive/nethive_multiverse/results/test_runs/10b10t15c500e_log_sweep/data/param_222_rep_1,/scratch/n/N.Pfaffenzeller/nikolas_nethive/nethive_multiverse/results/test_runs/10b10t15c500e_log_sweep/data/param_222_rep_1/event_log.csv,/scratch/n/N.Pfaffenzeller/nikolas_nethive/nethive_multiverse/results/test_runs/10b10t15c500e_log_sweep/data/param_222_rep_1/config.json
32,1000,"[0,1]","[""task_1"",""task_2"",""task_3"",""task_4"",""task_5"",""task_6"",""task_7"",""task_8"",""task_9"",""task_10""]",0.1,10,500.0,100,5.0e-5,10,15,10,15,500,50,100,1,10,223,1,0.1,time_out,242772821,1,3796.94,2025-12-14T19:09:10.170,0,242772821,true,true,"[0.01,0.05]",10,10,10,500.0000414182662,0.5354541466771818,0.5464542273591587,0.3586666666666667,0.708,0.3586666666666667,219.39901559903032,0.7465690169240038,0.7441594992560645,,,,/scratch/n/N.Pfaffenzeller/nikolas_nethive/nethive_multiverse/results/test_runs/10b10t15c500e_log_sweep,param_223_rep_1,/scratch/n/N.Pfaffenzeller/nikolas_nethive/nethive_multiverse/results/test_runs/10b10t15c500e_log_sweep/data/param_223_rep_1,/scratch/n/N.Pfaffenzeller/nikolas_nethive/nethive_multiverse/results/test_runs/10b10t15c500e_log_sweep/data/param_223_rep_1/event_log.csv,/scratch/n/N.Pfaffenzeller/nikolas_nethive/nethive_multiverse/results/test_runs/10b10t15c500e_log_sweep/data/param_223_rep_1/config.json
32,1000,"[0,1]","[""task_1"",""task_2"",""task_3"",""task_4"",""task_5"",""task_6"",""task_7"",""task_8"",""task_9"",""task_10""]",0.1,10,500.0,100,5.0e-5,10,15,10,15,500,50,100,1,10,223,1,0.1,time_out,242772822,2,3963.7,2025-12-14T19:09:12.760,0,242772822,true,true,"[0.01,0.05]",10,10,10,500.0010620454319,0.5753474398105196,0.592616491246618,0.308,0.7432,0.308,131.09129694047303,0.7487571863064041,0.7440211057487788,,,,/scratch/n/N.Pfaffenzeller/nikolas_nethive/nethive_multiverse/results/test_runs/10b10t15c500e_log_sweep,param_223_rep_2,/scratch/n/N.Pfaffenzeller/nikolas_nethive/nethive_multiverse/results/test_runs/10b10t15c500e_log_sweep/data/param_223_rep_2,/scratch/n/N.Pfaffenzeller/nikolas_nethive/nethive_multiverse/results/test_runs/10b10t15c500e_log_sweep/data/param_223_rep_2/event_log.csv,/scratch/n/N.Pfaffenzeller/nikolas_nethive/nethive_multiverse/results/test_runs/10b10t15c500e_log_sweep/data/param_223_rep_2/config.json
32,1000,"[0,1]","[""task_1"",""task_2"",""task_3"",""task_4"",""task_5"",""task_6"",""task_7"",""task_8"",""task_9"",""task_10""]",0.1,10,500.0,100,5.0e-5,10,15,10,15,500,50,100,1,10,223,1,0.1,time_out,242772823,3,3988.1,2025-12-14T19:09:42.968,0,242772823,true,true,"[0.01,0.05]",10,10,10,500.00037967578146,0.6317864408251996,0.6540580461063218,0.25733333333333336,0.7722666666666668,0.25733333333333336,107.3733345966647,0.7915739131998748,0.7883817135072252,,,,/scratch/n/N.Pfaffenzeller/nikolas_nethive/nethive_multiverse/results/test_runs/10b10t15c500e_log_sweep,param_223_rep_3,/scratch/n/N.Pfaffenzeller/nikolas_nethive/nethive_multiverse/results/test_runs/10b10t15c500e_log_sweep/data/param_223_rep_3,/scratch/n/N.Pfaffenzeller/nikolas_nethive/nethive_multiverse/results/test_runs/10b10t15c500e_log_sweep/data/param_223_rep_3/event_log.csv,/scratch/n/N.Pfaffenzeller/nikolas_nethive/nethive_multiverse/results/test_runs/10b10t15c500e_log_sweep/data/param_223_rep_3/config.json
32,1000,"[0,1]","[""task_1"",""task_2"",""task_3"",""task_4"",""task_5"",""task_6"",""task_7"",""task_8"",""task_9"",""task_10""]",0.5,10,500.0,100,5.0e-5,10,15,10,15,500,50,100,1,10,224,1,0.1,time_out,242773821,1,2181.18,2025-12-14T19:09:29.501,0,242773821,true,true,"[0.01,0.05]",10,10,10,500.00146244288135,0.9368891625496379,0.9364042045252431,0.932,0.9733333333333334,0.932,126.74833337026527,0.821077413989092,0.8188886614952778,151.6422799459658,0.9368891625496379,0.9364042045252431,/scratch/n/N.Pfaffenzeller/nikolas_nethive/nethive_multiverse/results/test_runs/10b10t15c500e_log_sweep,param_224_rep_1,/scratch/n/N.Pfaffenzeller/nikolas_nethive/nethive_multiverse/results/test_runs/10b10t15c500e_log_sweep/data/param_224_rep_1,/scratch/n/N.Pfaffenzeller/nikolas_nethive/nethive_multiverse/results/test_runs/10b10t15c500e_log_sweep/data/param_224_rep_1/event_log.csv,/scratch/n/N.Pfaffenzeller/nikolas_nethive/nethive_multiverse/results/test_runs/10b10t15c500e_log_sweep/data/param_224_rep_1/config.json
32,1000,"[0,1]","[""task_1"",""task_2"",""task_3"",""task_4"",""task_5"",""task_6"",""task_7"",""task_8"",""task_9"",""task_10""]",0.5,10,500.0,100,5.0e-5,10,15,10,15,500,50,100,1,10,224,1,0.1,time_out,242773822,2,5219.73,2025-12-14T19:10:28.977,0,242773822,true,true,"[0.01,0.05]",10,10,10,500.00030128359276,0.8877808467929895,0.8870827716306338,0.9053333333333333,0.9483999999999998,0.9053333333333333,155.09901706059685,0.8673197812767945,0.8674388432926226,187.15787648292138,0.8877808467929895,0.8870827716306338,/scratch/n/N.Pfaffenzeller/nikolas_nethive/nethive_multiverse/results/test_runs/10b10t15c500e_log_sweep,param_224_rep_2,/scratch/n/N.Pfaffenzeller/nikolas_nethive/nethive_multiverse/results/test_runs/10b10t15c500e_log_sweep/data/param_224_rep_2,/scratch/n/N.Pfaffenzeller/nikolas_nethive/nethive_multiverse/results/test_runs/10b10t15c500e_log_sweep/data/param_224_rep_2/event_log.csv,/scratch/n/N.Pfaffenzeller/nikolas_nethive/nethive_multiverse/results/test_runs/10b10t15c500e_log_sweep/data/param_224_rep_2/config.json
32,1000,"[0,1]","[""task_1"",""task_2"",""task_3"",""task_4"",""task_5"",""task_6"",""task_7"",""task_8"",""task_9"",""task_10""]",0.5,10,500.0,100,5.0e-5,10,15,10,15,500,50,100,1,10,224,1,0.1,time_out,242773823,3,2408.1,2025-12-14T19:10:14.735,0,242773823,true,true,"[0.01,0.05]",10,10,10,500.0003119699742,0.9187128170537738,0.9184617243206757,0.9306666666666666,0.9630666666666666,0.9306666666666666,198.77964229462924,0.8344121799449116,0.8301299199314419,205.0337797276075,0.9187128170537738,0.9184617243206757,/scratch/n/N.Pfaffenzeller/nikolas_nethive/nethive_multiverse/results/test_runs/10b10t15c500e_log_sweep,param_224_rep_3,/scratch/n/N.Pfaffenzeller/nikolas_nethive/nethive_multiverse/results/test_runs/10b10t15c500e_log_sweep/data/param_224_rep_3,/scratch/n/N.Pfaffenzeller/nikolas_nethive/nethive_multiverse/results/test_runs/10b10t15c500e_log_sweep/data/param_224_rep_3/event_log.csv,/scratch/n/N.Pfaffenzeller/nikolas_nethive/nethive_multiverse/results/test_runs/10b10t15c500e_log_sweep/data/param_224_rep_3/config.json
32,1000,"[0,1]","[""task_1"",""task_2"",""task_3"",""task_4"",""task_5"",""task_6"",""task_7"",""task_8"",""task_9"",""task_10""]",1.0,10,500.0,100,5.0e-5,10,15,10,15,500,50,100,1,10,225,1,0.1,time_out,242774821,1,1922.23,2025-12-14T19:11:05.496,0,242774821,true,true,"[0.01,0.05]",10,10,10,500.00135715556894,0.8863465561299163,0.885305814044514,0.9,0.9427999999999999,0.9,121.33055197083434,0.9038830941647052,0.9016888894269444,123.57675643465774,0.8863465561299163,0.885305814044514,/scratch/n/N.Pfaffenzeller/nikolas_nethive/nethive_multiverse/results/test_runs/10b10t15c500e_log_sweep,param_225_rep_1,/scratch/n/N.Pfaffenzeller/nikolas_nethive/nethive_multiverse/results/test_runs/10b10t15c500e_log_sweep/data/param_225_rep_1,/scratch/n/N.Pfaffenzeller/nikolas_nethive/nethive_multiverse/results/test_runs/10b10t15c500e_log_sweep/data/param_225_rep_1/event_log.csv,/scratch/n/N.Pfaffenzeller/nikolas_nethive/nethive_multiverse/results/test_runs/10b10t15c500e_log_sweep/data/param_225_rep_1/config.json
32,1000,"[0,1]","[""task_1"",""task_2"",""task_3"",""task_4"",""task_5"",""task_6"",""task_7"",""task_8"",""task_9"",""task_10""]",1.0,10,500.0,100,5.0e-5,10,15,10,15,500,50,100,1,10,225,1,0.1,time_out,242774822,2,1863.27,2025-12-14T19:11:13.440,0,242774822,true,true,"[0.01,0.05]",10,10,10,500.0002600349321,0.9173427969668703,0.9173224853587495,0.9,0.9614666666666668,0.9,150.11987638792837,0.890468765281072,0.8890784877143675,162.25227433365833,0.9173427969668703,0.9173224853587495,/scratch/n/N.Pfaffenzeller/nikolas_nethive/nethive_multiverse/results/test_runs/10b10t15c500e_log_sweep,param_225_rep_2,/scratch/n/N.Pfaffenzeller/nikolas_nethive/nethive_multiverse/results/test_runs/10b10t15c500e_log_sweep/data/param_225_rep_2,/scratch/n/N.Pfaffenzeller/nikolas_nethive/nethive_multiverse/results/test_runs/10b10t15c500e_log_sweep/data/param_225_rep_2/event_log.csv,/scratch/n/N.Pfaffenzeller/nikolas_nethive/nethive_multiverse/results/test_runs/10b10t15c500e_log_sweep/data/param_225_rep_2/config.json
32,1000,"[0,1]","[""task_1"",""task_2"",""task_3"",""task_4"",""task_5"",""task_6"",""task_7"",""task_8"",""task_9"",""task_10""]",1.0,10,500.0,100,5.0e-5,10,15,10,15,500,50,100,1,10,225,1,0.1,time_out,242774823,3,2266.02,2025-12-14T19:11:44.083,0,242774823,true,true,"[0.01,0.05]",10,10,10,500.0005791149531,0.9234242488295598,0.9210777529616795,0.916,0.9629333333333333,0.916,224.282799655403,0.9391570534399196,0.9370182339542101,227.87157186792373,0.9234242488295598,0.9210777529616795,/scratch/n/N.Pfaffenzeller/nikolas_nethive/nethive_multiverse/results/test_runs/10b10t15c500e_log_sweep,param_225_rep_3,/scratch/n/N.Pfaffenzeller/nikolas_nethive/nethive_multiverse/results/test_runs/10b10t15c500e_log_sweep/data/param_225_rep_3,/scratch/n/N.Pfaffenzeller/nikolas_nethive/nethive_multiverse/results/test_runs/10b10t15c500e_log_sweep/data/param_225_rep_3/event_log.csv,/scratch/n/N.Pfaffenzeller/nikolas_nethive/nethive_multiverse/results/test_runs/10b10t15c500e_log_sweep/data/param_225_rep_3/config.json
32,1000,"[0,1]","[""task_1"",""task_2"",""task_3"",""task_4"",""task_5"",""task_6"",""task_7"",""task_8"",""task_9"",""task_10""]",5.0,10,500.0,100,5.0e-5,10,15,10,15,500,50,100,1,10,226,1,0.1,time_out,242775821,1,3285.03,2025-12-14T19:12:14.589,0,242775821,true,true,"[0.01,0.05]",10,10,10,500.00307150692475,0.6093795028128142,0.6595471499009006,0.06666666666666667,0.7017333333333332,0.06666666666666667,,,,,,,/scratch/n/N.Pfaffenzeller/nikolas_nethive/nethive_multiverse/results/test_runs/10b10t15c500e_log_sweep,param_226_rep_1,/scratch/n/N.Pfaffenzeller/nikolas_nethive/nethive_multiverse/results/test_runs/10b10t15c500e_log_sweep/data/param_226_rep_1,/scratch/n/N.Pfaffenzeller/nikolas_nethive/nethive_multiverse/results/test_runs/10b10t15c500e_log_sweep/data/param_226_rep_1/event_log.csv,/scratch/n/N.Pfaffenzeller/nikolas_nethive/nethive_multiverse/results/test_runs/10b10t15c500e_log_sweep/data/param_226_rep_1/config.json
32,1000,"[0,1]","[""task_1"",""task_2"",""task_3"",""task_4"",""task_5"",""task_6"",""task_7"",""task_8"",""task_9"",""task_10""]",5.0,10,500.0,100,5.0e-5,10,15,10,15,500,50,100,1,10,226,1,0.1,time_out,242775822,2,1302.54,2025-12-14T19:12:40.420,0,242775822,true,true,"[0.01,0.05]",10,10,10,500.0368283617594,0.9553315029454946,0.9544222497704077,0.912,0.9752000000000001,0.912,174.30041923972476,0.9153848614963686,0.9141237335414318,180.0204692833693,0.9553315029454946,0.9544222497704077,/scratch/n/N.Pfaffenzeller/nikolas_nethive/nethive_multiverse/results/test_runs/10b10t15c500e_log_sweep,param_226_rep_2,/scratch/n/N.Pfaffenzeller/nikolas_nethive/nethive_multiverse/results/test_runs/10b10t15c500e_log_sweep/data/param_226_rep_2,/scratch/n/N.Pfaffenzeller/nikolas_nethive/nethive_multiverse/results/test_runs/10b10t15c500e_log_sweep/data/param_226_rep_2/event_log.csv,/scratch/n/N.Pfaffenzeller/nikolas_nethive/nethive_multiverse/results/test_runs/10b10t15c500e_log_sweep/data/param_226_rep_2/config.json
32,1000,"[0,1]","[""task_1"",""task_2"",""task_3"",""task_4"",""task_5"",""task_6"",""task_7"",""task_8"",""task_9"",""task_10""]",5.0,10,500.0,100,5.0e-5,10,15,10,15,500,50,100,1,10,226,1,0.1,time_out,242775823,3,2700.49,2025-12-14T19:13:08.862,0,242775823,true,true,"[0.01,0.05]",10,10,10,500.00111004751284,0.7069885714001183,0.7302708160685206,0.06666666666666667,0.7773333333333333,0.06666666666666667,,,,,,,/scratch/n/N.Pfaffenzeller/nikolas_nethive/nethive_multiverse/results/test_runs/10b10t15c500e_log_sweep,param_226_rep_3,/scratch/n/N.Pfaffenzeller/nikolas_nethive/nethive_multiverse/results/test_runs/10b10t15c500e_log_sweep/data/param_226_rep_3,/scratch/n/N.Pfaffenzeller/nikolas_nethive/nethive_multiverse/results/test_runs/10b10t15c500e_log_sweep/data/param_226_rep_3/event_log.csv,/scratch/n/N.Pfaffenzeller/nikolas_nethive/nethive_multiverse/results/test_runs/10b10t15c500e_log_sweep/data/param_226_rep_3/config.json
32,1000,"[0,1]","[""task_1"",""task_2"",""task_3"",""task_4"",""task_5"",""task_6"",""task_7"",""task_8"",""task_9"",""task_10""]",10.0,10,500.0,100,5.0e-5,10,15,10,15,500,50,100,1,10,227,1,0.1,time_out,242776821,1,1457.75,2025-12-14T19:13:56.928,0,242776821,true,true,"[0.01,0.05]",10,10,10,500.0216048128601,0.9607076868738806,0.9592509750796635,0.9013333333333333,0.9732000000000001,0.9013333333333333,185.4523569825987,0.9459290213040585,0.9449071855131738,190.55152361630604,0.9607076868738806,0.9592509750796635,/scratch/n/N.Pfaffenzeller/nikolas_nethive/nethive_multiverse/results/test_runs/10b10t15c500e_log_sweep,param_227_rep_1,/scratch/n/N.Pfaffenzeller/nikolas_nethive/nethive_multiverse/results/test_runs/10b10t15c500e_log_sweep/data/param_227_rep_1,/scratch/n/N.Pfaffenzeller/nikolas_nethive/nethive_multiverse/results/test_runs/10b10t15c500e_log_sweep/data/param_227_rep_1/event_log.csv,/scratch/n/N.Pfaffenzeller/nikolas_nethive/nethive_multiverse/results/test_runs/10b10t15c500e_log_sweep/data/param_227_rep_1/config.json
32,1000,"[0,1]","[""task_1"",""task_2"",""task_3"",""task_4"",""task_5"",""task_6"",""task_7"",""task_8"",""task_9"",""task_10""]",10.0,10,500.0,100,5.0e-5,10,15,10,15,500,50,100,1,10,227,1,0.1,time_out,242776822,2,2686.35,2025-12-14T19:13:45.827,0,242776822,true,true,"[0.01,0.05]",10,10,10,500.0030337625576,0.7488122288547538,0.7642106835815319,0.06666666666666667,0.7945333333333333,0.06666666666666667,,,,,,,/scratch/n/N.Pfaffenzeller/nikolas_nethive/nethive_multiverse/results/test_runs/10b10t15c500e_log_sweep,param_227_rep_2,/scratch/n/N.Pfaffenzeller/nikolas_nethive/nethive_multiverse/results/test_runs/10b10t15c500e_log_sweep/data/param_227_rep_2,/scratch/n/N.Pfaffenzeller/nikolas_nethive/nethive_multiverse/results/test_runs/10b10t15c500e_log_sweep/data/param_227_rep_2/event_log.csv,/scratch/n/N.Pfaffenzeller/nikolas_nethive/nethive_multiverse/results/test_runs/10b10t15c500e_log_sweep/data/param_227_rep_2/config.json
32,1000,"[0,1]","[""task_1"",""task_2"",""task_3"",""task_4"",""task_5"",""task_6"",""task_7"",""task_8"",""task_9"",""task_10""]",10.0,10,500.0,100,5.0e-5,10,15,10,15,500,50,100,1,10,227,1,0.1,time_out,242776823,3,1163.16,2025-12-14T19:13:44.841,0,242776823,true,true,"[0.01,0.05]",10,10,10,500.0117823858768,0.9942844855625488,0.9942540939900697,0.908,0.9886666666666667,0.908,117.641577294475,0.9398583521934837,0.9353576841026225,133.15528858436673,0.9942844855625488,0.9942540939900697,/scratch/n/N.Pfaffenzeller/nikolas_nethive/nethive_multiverse/results/test_runs/10b10t15c500e_log_sweep,param_227_rep_3,/scratch/n/N.Pfaffenzeller/nikolas_nethive/nethive_multiverse/results/test_runs/10b10t15c500e_log_sweep/data/param_227_rep_3,/scratch/n/N.Pfaffenzeller/nikolas_nethive/nethive_multiverse/results/test_runs/10b10t15c500e_log_sweep/data/param_227_rep_3/event_log.csv,/scratch/n/N.Pfaffenzeller/nikolas_nethive/nethive_multiverse/results/test_runs/10b10t15c500e_log_sweep/data/param_227_rep_3/config.json
32,1000,"[0,1]","[""task_1"",""task_2"",""task_3"",""task_4"",""task_5"",""task_6"",""task_7"",""task_8"",""task_9"",""task_10""]",50.0,10,500.0,100,5.0e-5,10,15,10,15,500,50,100,1,10,228,1,0.1,time_out,242777821,1,4124.0,2025-12-14T19:14:00.764,0,242777821,true,true,"[0.01,0.05]",10,10,10,500.0008723496768,0.5093005855406361,0.5669194107442068,0.06666666666666667,0.6049333333333334,0.06266666666666666,,,,,,,/scratch/n/N.Pfaffenzeller/nikolas_nethive/nethive_multiverse/results/test_runs/10b10t15c500e_log_sweep,param_228_rep_1,/scratch/n/N.Pfaffenzeller/nikolas_nethive/nethive_multiverse/results/test_runs/10b10t15c500e_log_sweep/data/param_228_rep_1,/scratch/n/N.Pfaffenzeller/nikolas_nethive/nethive_multiverse/results/test_runs/10b10t15c500e_log_sweep/data/param_228_rep_1/event_log.csv,/scratch/n/N.Pfaffenzeller/nikolas_nethive/nethive_multiverse/results/test_runs/10b10t15c500e_log_sweep/data/param_228_rep_1/config.json
32,1000,"[0,1]","[""task_1"",""task_2"",""task_3"",""task_4"",""task_5"",""task_6"",""task_7"",""task_8"",""task_9"",""task_10""]",50.0,10,500.0,100,5.0e-5,10,15,10,15,500,50,100,1,10,228,1,0.1,time_out,242777822,2,3627.24,2025-12-14T19:13:58.654,0,242777822,true,true,"[0.01,0.05]",10,10,10,500.0014200870572,0.8228676323799478,0.8180851685118238,0.2,0.8462666666666667,0.06666666666666667,,,,,,,/scratch/n/N.Pfaffenzeller/nikolas_nethive/nethive_multiverse/results/test_runs/10b10t15c500e_log_sweep,param_228_rep_2,/scratch/n/N.Pfaffenzeller/nikolas_nethive/nethive_multiverse/results/test_runs/10b10t15c500e_log_sweep/data/param_228_rep_2,/scratch/n/N.Pfaffenzeller/nikolas_nethive/nethive_multiverse/results/test_runs/10b10t15c500e_log_sweep/data/param_228_rep_2/event_log.csv,/scratch/n/N.Pfaffenzeller/nikolas_nethive/nethive_multiverse/results/test_runs/10b10t15c500e_log_sweep/data/param_228_rep_2/config.json
32,1000,"[0,1]","[""task_1"",""task_2"",""task_3"",""task_4"",""task_5"",""task_6"",""task_7"",""task_8"",""task_9"",""task_10""]",50.0,10,500.0,100,5.0e-5,10,15,10,15,500,50,100,1,10,228,1,0.1,time_out,242777823,3,3889.78,2025-12-14T19:14:17.162,0,242777823,true,true,"[0.01,0.05]",10,10,10,500.0002673224205,0.38149260543288077,0.42432755530967875,0.08533333333333333,0.4690666666666667,0.06666666666666667,,,,,,,/scratch/n/N.Pfaffenzeller/nikolas_nethive/nethive_multiverse/results/test_runs/10b10t15c500e_log_sweep,param_228_rep_3,/scratch/n/N.Pfaffenzeller/nikolas_nethive/nethive_multiverse/results/test_runs/10b10t15c500e_log_sweep/data/param_228_rep_3,/scratch/n/N.Pfaffenzeller/nikolas_nethive/nethive_multiverse/results/test_runs/10b10t15c500e_log_sweep/data/param_228_rep_3/event_log.csv,/scratch/n/N.Pfaffenzeller/nikolas_nethive/nethive_multiverse/results/test_runs/10b10t15c500e_log_sweep/data/param_228_rep_3/config.json
32,1000,"[0,1]","[""task_1"",""task_2"",""task_3"",""task_4"",""task_5"",""task_6"",""task_7"",""task_8"",""task_9"",""task_10""]",100.0,10,500.0,100,5.0e-5,10,15,10,15,500,50,100,1,10,229,1,0.1,time_out,242778821,1,3467.37,2025-12-14T19:14:27.938,0,242778821,true,true,"[0.01,0.05]",10,10,10,500.0018002939235,0.6790106925345106,0.7148542650739099,0.06666666666666667,0.7246666666666667,0.06666666666666667,,,,,,,/scratch/n/N.Pfaffenzeller/nikolas_nethive/nethive_multiverse/results/test_runs/10b10t15c500e_log_sweep,param_229_rep_1,/scratch/n/N.Pfaffenzeller/nikolas_nethive/nethive_multiverse/results/test_runs/10b10t15c500e_log_sweep/data/param_229_rep_1,/scratch/n/N.Pfaffenzeller/nikolas_nethive/nethive_multiverse/results/test_runs/10b10t15c500e_log_sweep/data/param_229_rep_1/event_log.csv,/scratch/n/N.Pfaffenzeller/nikolas_nethive/nethive_multiverse/results/test_runs/10b10t15c500e_log_sweep/data/param_229_rep_1/config.json
32,1000,"[0,1]","[""task_1"",""task_2"",""task_3"",""task_4"",""task_5"",""task_6"",""task_7"",""task_8"",""task_9"",""task_10""]",1000.0,10,0.05,100,1.0e-5,10,15,10,15,500,50,100,1,10,22,1,0.1,time_out,242571821,1,701.43,2025-12-14T15:17:54.788,0,242571821,true,true,"[0.01,0.05]",10,10,10,500.03174085351935,0.8648796987244312,0.8713642395424568,0.24666666666666667,0.8601333333333333,0.17866666666666667,,,,,,,/scratch/n/N.Pfaffenzeller/nikolas_nethive/nethive_multiverse/results/test_runs/10b10t15c500e_log_sweep,param_22_rep_1,/scratch/n/N.Pfaffenzeller/nikolas_nethive/nethive_multiverse/results/test_runs/10b10t15c500e_log_sweep/data/param_22_rep_1,/scratch/n/N.Pfaffenzeller/nikolas_nethive/nethive_multiverse/results/test_runs/10b10t15c500e_log_sweep/data/param_22_rep_1/event_log.csv,/scratch/n/N.Pfaffenzeller/nikolas_nethive/nethive_multiverse/results/test_runs/10b10t15c500e_log_sweep/data/param_22_rep_1/config.json
32,1000,"[0,1]","[""task_1"",""task_2"",""task_3"",""task_4"",""task_5"",""task_6"",""task_7"",""task_8"",""task_9"",""task_10""]",1000.0,10,0.05,100,1.0e-5,10,15,10,15,500,50,100,1,10,22,1,0.1,time_out,242571822,2,340.44,2025-12-14T15:17:49.179,0,242571822,true,true,"[0.01,0.05]",10,10,10,500.04513519311405,0.7538714727300502,0.784481303896361,0.204,0.7534666666666666,0.058666666666666666,,,,,,,/scratch/n/N.Pfaffenzeller/nikolas_nethive/nethive_multiverse/results/test_runs/10b10t15c500e_log_sweep,param_22_rep_2,/scratch/n/N.Pfaffenzeller/nikolas_nethive/nethive_multiverse/results/test_runs/10b10t15c500e_log_sweep/data/param_22_rep_2,/scratch/n/N.Pfaffenzeller/nikolas_nethive/nethive_multiverse/results/test_runs/10b10t15c500e_log_sweep/data/param_22_rep_2/event_log.csv,/scratch/n/N.Pfaffenzeller/nikolas_nethive/nethive_multiverse/results/test_runs/10b10t15c500e_log_sweep/data/param_22_rep_2/config.json
32,1000,"[0,1]","[""task_1"",""task_2"",""task_3"",""task_4"",""task_5"",""task_6"",""task_7"",""task_8"",""task_9"",""task_10""]",1000.0,10,0.05,100,1.0e-5,10,15,10,15,500,50,100,1,10,22,1,0.1,time_out,242571823,3,351.15,2025-12-14T15:24:24.339,0,242571823,true,true,"[0.01,0.05]",10,10,10,500.06225550611214,0.7229382150599669,0.7325009930197379,0.228,0.6517333333333333,0.17066666666666666,,,,,,,/scratch/n/N.Pfaffenzeller/nikolas_nethive/nethive_multiverse/results/test_runs/10b10t15c500e_log_sweep,param_22_rep_3,/scratch/n/N.Pfaffenzeller/nikolas_nethive/nethive_multiverse/results/test_runs/10b10t15c500e_log_sweep/data/param_22_rep_3,/scratch/n/N.Pfaffenzeller/nikolas_nethive/nethive_multiverse/results/test_runs/10b10t15c500e_log_sweep/data/param_22_rep_3/event_log.csv,/scratch/n/N.Pfaffenzeller/nikolas_nethive/nethive_multiverse/results/test_runs/10b10t15c500e_log_sweep/data/param_22_rep_3/config.json
32,1000,"[0,1]","[""task_1"",""task_2"",""task_3"",""task_4"",""task_5"",""task_6"",""task_7"",""task_8"",""task_9"",""task_10""]",500.0,10,500.0,100,5.0e-5,10,15,10,15,500,50,100,1,10,230,1,0.1,time_out,242779823,3,8213.18,2025-12-14T19:15:23.954,0,242779823,true,true,"[0.01,0.05]",10,10,10,500.0001523018213,0.40316113006710486,0.44635726423024924,0.06666666666666667,0.4688,0.06666666666666667,,,,,,,/scratch/n/N.Pfaffenzeller/nikolas_nethive/nethive_multiverse/results/test_runs/10b10t15c500e_log_sweep,param_230_rep_3,/scratch/n/N.Pfaffenzeller/nikolas_nethive/nethive_multiverse/results/test_runs/10b10t15c500e_log_sweep/data/param_230_rep_3,/scratch/n/N.Pfaffenzeller/nikolas_nethive/nethive_multiverse/results/test_runs/10b10t15c500e_log_sweep/data/param_230_rep_3/event_log.csv,/scratch/n/N.Pfaffenzeller/nikolas_nethive/nethive_multiverse/results/test_runs/10b10t15c500e_log_sweep/data/param_230_rep_3/config.json
32,1000,"[0,1]","[""task_1"",""task_2"",""task_3"",""task_4"",""task_5"",""task_6"",""task_7"",""task_8"",""task_9"",""task_10""]",1000.0,10,500.0,100,5.0e-5,10,15,10,15,500,50,100,1,10,231,1,0.1,time_out,242780821,1,7672.59,2025-12-14T19:15:15.102,0,242780821,true,true,"[0.01,0.05]",10,10,10,500.0005200958955,0.4019917181378257,0.44742992218810185,0.072,0.4818666666666666,0.06666666666666667,,,,,,,/scratch/n/N.Pfaffenzeller/nikolas_nethive/nethive_multiverse/results/test_runs/10b10t15c500e_log_sweep,param_231_rep_1,/scratch/n/N.Pfaffenzeller/nikolas_nethive/nethive_multiverse/results/test_runs/10b10t15c500e_log_sweep/data/param_231_rep_1,/scratch/n/N.Pfaffenzeller/nikolas_nethive/nethive_multiverse/results/test_runs/10b10t15c500e_log_sweep/data/param_231_rep_1/event_log.csv,/scratch/n/N.Pfaffenzeller/nikolas_nethive/nethive_multiverse/results/test_runs/10b10t15c500e_log_sweep/data/param_231_rep_1/config.json
32,1000,"[0,1]","[""task_1"",""task_2"",""task_3"",""task_4"",""task_5"",""task_6"",""task_7"",""task_8"",""task_9"",""task_10""]",1000.0,10,500.0,100,5.0e-5,10,15,10,15,500,50,100,1,10,231,1,0.1,time_out,242780822,2,3877.94,2025-12-14T19:14:58.465,0,242780822,true,true,"[0.01,0.05]",10,10,10,500.00062338888694,0.39878376937373955,0.4370183902269383,0.09466666666666666,0.492,0.06666666666666667,,,,,,,/scratch/n/N.Pfaffenzeller/nikolas_nethive/nethive_multiverse/results/test_runs/10b10t15c500e_log_sweep,param_231_rep_2,/scratch/n/N.Pfaffenzeller/nikolas_nethive/nethive_multiverse/results/test_runs/10b10t15c500e_log_sweep/data/param_231_rep_2,/scratch/n/N.Pfaffenzeller/nikolas_nethive/nethive_multiverse/results/test_runs/10b10t15c500e_log_sweep/data/param_231_rep_2/event_log.csv,/scratch/n/N.Pfaffenzeller/nikolas_nethive/nethive_multiverse/results/test_runs/10b10t15c500e_log_sweep/data/param_231_rep_2/config.json
32,1000,"[0,1]","[""task_1"",""task_2"",""task_3"",""task_4"",""task_5"",""task_6"",""task_7"",""task_8"",""task_9"",""task_10""]",0.1,10,1000.0,100,5.0e-5,10,15,10,15,500,50,100,1,10,234,1,0.1,time_out,242783821,1,5863.03,2025-12-14T19:15:47.586,0,242783821,true,true,"[0.01,0.05]",10,10,10,500.00033109194936,0.7062838025802516,0.7051106060616938,0.664,0.8398666666666668,0.664,70.40216005492779,0.7651603104312695,0.7615904281511766,,,,/scratch/n/N.Pfaffenzeller/nikolas_nethive/nethive_multiverse/results/test_runs/10b10t15c500e_log_sweep,param_234_rep_1,/scratch/n/N.Pfaffenzeller/nikolas_nethive/nethive_multiverse/results/test_runs/10b10t15c500e_log_sweep/data/param_234_rep_1,/scratch/n/N.Pfaffenzeller/nikolas_nethive/nethive_multiverse/results/test_runs/10b10t15c500e_log_sweep/data/param_234_rep_1/event_log.csv,/scratch/n/N.Pfaffenzeller/nikolas_nethive/nethive_multiverse/results/test_runs/10b10t15c500e_log_sweep/data/param_234_rep_1/config.json
32,1000,"[0,1]","[""task_1"",""task_2"",""task_3"",""task_4"",""task_5"",""task_6"",""task_7"",""task_8"",""task_9"",""task_10""]",0.1,10,1000.0,100,5.0e-5,10,15,10,15,500,50,100,1,10,234,1,0.1,time_out,242783822,2,6076.81,2025-12-14T19:15:43.580,0,242783822,true,true,"[0.01,0.05]",10,10,10,500.00158648491725,0.6256212465278252,0.6337356376861615,0.508,0.7778666666666666,0.508,130.8557258730241,0.8065538568438251,0.8035922479362974,,,,/scratch/n/N.Pfaffenzeller/nikolas_nethive/nethive_multiverse/results/test_runs/10b10t15c500e_log_sweep,param_234_rep_2,/scratch/n/N.Pfaffenzeller/nikolas_nethive/nethive_multiverse/results/test_runs/10b10t15c500e_log_sweep/data/param_234_rep_2,/scratch/n/N.Pfaffenzeller/nikolas_nethive/nethive_multiverse/results/test_runs/10b10t15c500e_log_sweep/data/param_234_rep_2/event_log.csv,/scratch/n/N.Pfaffenzeller/nikolas_nethive/nethive_multiverse/results/test_runs/10b10t15c500e_log_sweep/data/param_234_rep_2/config.json
32,1000,"[0,1]","[""task_1"",""task_2"",""task_3"",""task_4"",""task_5"",""task_6"",""task_7"",""task_8"",""task_9"",""task_10""]",0.1,10,1000.0,100,5.0e-5,10,15,10,15,500,50,100,1,10,234,1,0.1,time_out,242783823,3,6167.11,2025-12-14T19:16:00.064,0,242783823,true,true,"[0.01,0.05]",10,10,10,500.0038883355031,0.8707480841573647,0.8696043283601147,0.9066666666666666,0.9441333333333333,0.9066666666666666,112.58521398194151,0.8196828312290181,0.8177988615920121,313.62135895498875,0.8707480841573647,0.8696043283601147,/scratch/n/N.Pfaffenzeller/nikolas_nethive/nethive_multiverse/results/test_runs/10b10t15c500e_log_sweep,param_234_rep_3,/scratch/n/N.Pfaffenzeller/nikolas_nethive/nethive_multiverse/results/test_runs/10b10t15c500e_log_sweep/data/param_234_rep_3,/scratch/n/N.Pfaffenzeller/nikolas_nethive/nethive_multiverse/results/test_runs/10b10t15c500e_log_sweep/data/param_234_rep_3/event_log.csv,/scratch/n/N.Pfaffenzeller/nikolas_nethive/nethive_multiverse/results/test_runs/10b10t15c500e_log_sweep/data/param_234_rep_3/config.json
32,1000,"[0,1]","[""task_1"",""task_2"",""task_3"",""task_4"",""task_5"",""task_6"",""task_7"",""task_8"",""task_9"",""task_10""]",0.5,10,1000.0,100,5.0e-5,10,15,10,15,500,50,100,1,10,235,1,0.1,time_out,242784821,1,4067.33,2025-12-14T19:16:00.064,0,242784821,true,true,"[0.01,0.05]",10,10,10,500.00017593979635,0.8826498382398291,0.8816151731923082,0.904,0.9416,0.904,94.57947192712697,0.824718028847707,0.8204618862667475,110.83524629550648,0.8826498382398291,0.8816151731923082,/scratch/n/N.Pfaffenzeller/nikolas_nethive/nethive_multiverse/results/test_runs/10b10t15c500e_log_sweep,param_235_rep_1,/scratch/n/N.Pfaffenzeller/nikolas_nethive/nethive_multiverse/results/test_runs/10b10t15c500e_log_sweep/data/param_235_rep_1,/scratch/n/N.Pfaffenzeller/nikolas_nethive/nethive_multiverse/results/test_runs/10b10t15c500e_log_sweep/data/param_235_rep_1/event_log.csv,/scratch/n/N.Pfaffenzeller/nikolas_nethive/nethive_multiverse/results/test_runs/10b10t15c500e_log_sweep/data/param_235_rep_1/config.json
32,1000,"[0,1]","[""task_1"",""task_2"",""task_3"",""task_4"",""task_5"",""task_6"",""task_7"",""task_8"",""task_9"",""task_10""]",0.5,10,1000.0,100,5.0e-5,10,15,10,15,500,50,100,1,10,235,1,0.1,time_out,242784822,2,3335.22,2025-12-14T19:15:41.861,0,242784822,true,true,"[0.01,0.05]",10,10,10,500.0001919578409,0.9243490542306245,0.9233408068525348,0.932,0.9642666666666665,0.932,75.27149986350061,0.8318882322496408,0.830692634195079,105.57361289997102,0.9243490542306245,0.9233408068525348,/scratch/n/N.Pfaffenzeller/nikolas_nethive/nethive_multiverse/results/test_runs/10b10t15c500e_log_sweep,param_235_rep_2,/scratch/n/N.Pfaffenzeller/nikolas_nethive/nethive_multiverse/results/test_runs/10b10t15c500e_log_sweep/data/param_235_rep_2,/scratch/n/N.Pfaffenzeller/nikolas_nethive/nethive_multiverse/results/test_runs/10b10t15c500e_log_sweep/data/param_235_rep_2/event_log.csv,/scratch/n/N.Pfaffenzeller/nikolas_nethive/nethive_multiverse/results/test_runs/10b10t15c500e_log_sweep/data/param_235_rep_2/config.json
32,1000,"[0,1]","[""task_1"",""task_2"",""task_3"",""task_4"",""task_5"",""task_6"",""task_7"",""task_8"",""task_9"",""task_10""]",0.5,10,1000.0,100,5.0e-5,10,15,10,15,500,50,100,1,10,235,1,0.1,time_out,242784823,3,3631.9,2025-12-14T19:15:59.714,0,242784823,true,true,"[0.01,0.05]",10,10,10,500.000276232486,0.9226173167094563,0.921725804976696,0.9026666666666666,0.9649333333333333,0.9026666666666666,186.56901841282055,0.874182488927269,0.8744759299029138,199.28365379508975,0.9226173167094563,0.921725804976696,/scratch/n/N.Pfaffenzeller/nikolas_nethive/nethive_multiverse/results/test_runs/10b10t15c500e_log_sweep,param_235_rep_3,/scratch/n/N.Pfaffenzeller/nikolas_nethive/nethive_multiverse/results/test_runs/10b10t15c500e_log_sweep/data/param_235_rep_3,/scratch/n/N.Pfaffenzeller/nikolas_nethive/nethive_multiverse/results/test_runs/10b10t15c500e_log_sweep/data/param_235_rep_3/event_log.csv,/scratch/n/N.Pfaffenzeller/nikolas_nethive/nethive_multiverse/results/test_runs/10b10t15c500e_log_sweep/data/param_235_rep_3/config.json
32,1000,"[0,1]","[""task_1"",""task_2"",""task_3"",""task_4"",""task_5"",""task_6"",""task_7"",""task_8"",""task_9"",""task_10""]",1.0,10,1000.0,100,5.0e-5,10,15,10,15,500,50,100,1,10,236,1,0.1,time_out,242785821,1,3955.54,2025-12-14T19:16:54.355,0,242785821,true,true,"[0.01,0.05]",10,10,10,500.00365885865415,0.9374724709587662,0.936303875750603,0.9226666666666666,0.9649333333333333,0.9226666666666666,225.48550193295574,0.844674673893936,0.8414656495885676,232.26976861733812,0.9374724709587662,0.936303875750603,/scratch/n/N.Pfaffenzeller/nikolas_nethive/nethive_multiverse/results/test_runs/10b10t15c500e_log_sweep,param_236_rep_1,/scratch/n/N.Pfaffenzeller/nikolas_nethive/nethive_multiverse/results/test_runs/10b10t15c500e_log_sweep/data/param_236_rep_1,/scratch/n/N.Pfaffenzeller/nikolas_nethive/nethive_multiverse/results/test_runs/10b10t15c500e_log_sweep/data/param_236_rep_1/event_log.csv,/scratch/n/N.Pfaffenzeller/nikolas_nethive/nethive_multiverse/results/test_runs/10b10t15c500e_log_sweep/data/param_236_rep_1/config.json
32,1000,"[0,1]","[""task_1"",""task_2"",""task_3"",""task_4"",""task_5"",""task_6"",""task_7"",""task_8"",""task_9"",""task_10""]",1.0,10,1000.0,100,5.0e-5,10,15,10,15,500,50,100,1,10,236,1,0.1,time_out,242785822,2,2550.37,2025-12-14T19:16:47.955,0,242785822,true,true,"[0.01,0.05]",10,10,10,500.0000235850989,0.8909165704175633,0.8890455681116449,0.9066666666666666,0.942,0.9066666666666666,49.060454331141294,0.7967954076100047,0.7912088862563202,72.73489342065166,0.8909165704175633,0.8890455681116449,/scratch/n/N.Pfaffenzeller/nikolas_nethive/nethive_multiverse/results/test_runs/10b10t15c500e_log_sweep,param_236_rep_2,/scratch/n/N.Pfaffenzeller/nikolas_nethive/nethive_multiverse/results/test_runs/10b10t15c500e_log_sweep/data/param_236_rep_2,/scratch/n/N.Pfaffenzeller/nikolas_nethive/nethive_multiverse/results/test_runs/10b10t15c500e_log_sweep/data/param_236_rep_2/event_log.csv,/scratch/n/N.Pfaffenzeller/nikolas_nethive/nethive_multiverse/results/test_runs/10b10t15c500e_log_sweep/data/param_236_rep_2/config.json
32,1000,"[0,1]","[""task_1"",""task_2"",""task_3"",""task_4"",""task_5"",""task_6"",""task_7"",""task_8"",""task_9"",""task_10""]",1.0,10,1000.0,100,5.0e-5,10,15,10,15,500,50,100,1,10,236,1,0.1,time_out,242785823,3,6272.15,2025-12-14T19:17:09.891,0,242785823,true,true,"[0.01,0.05]",10,10,10,500.00080662038124,0.9294574045605826,0.9285292605600775,0.9186666666666666,0.9650666666666666,0.9186666666666666,423.299897847004,0.8688187064754622,0.8693909061011604,424.8721569652453,0.9294574045605826,0.9285292605600775,/scratch/n/N.Pfaffenzeller/nikolas_nethive/nethive_multiverse/results/test_runs/10b10t15c500e_log_sweep,param_236_rep_3,/scratch/n/N.Pfaffenzeller/nikolas_nethive/nethive_multiverse/results/test_runs/10b10t15c500e_log_sweep/data/param_236_rep_3,/scratch/n/N.Pfaffenzeller/nikolas_nethive/nethive_multiverse/results/test_runs/10b10t15c500e_log_sweep/data/param_236_rep_3/event_log.csv,/scratch/n/N.Pfaffenzeller/nikolas_nethive/nethive_multiverse/results/test_runs/10b10t15c500e_log_sweep/data/param_236_rep_3/config.json
32,1000,"[0,1]","[""task_1"",""task_2"",""task_3"",""task_4"",""task_5"",""task_6"",""task_7"",""task_8"",""task_9"",""task_10""]",5.0,10,1000.0,100,5.0e-5,10,15,10,15,500,50,100,1,10,237,1,0.1,time_out,242786821,1,5403.96,2025-12-14T19:16:40.350,0,242786821,true,true,"[0.01,0.05]",10,10,10,500.00010607314294,0.738324443816684,0.7845683938747529,0.06666666666666667,0.8041333333333333,0.06666666666666667,,,,,,,/scratch/n/N.Pfaffenzeller/nikolas_nethive/nethive_multiverse/results/test_runs/10b10t15c500e_log_sweep,param_237_rep_1,/scratch/n/N.Pfaffenzeller/nikolas_nethive/nethive_multiverse/results/test_runs/10b10t15c500e_log_sweep/data/param_237_rep_1,/scratch/n/N.Pfaffenzeller/nikolas_nethive/nethive_multiverse/results/test_runs/10b10t15c500e_log_sweep/data/param_237_rep_1/event_log.csv,/scratch/n/N.Pfaffenzeller/nikolas_nethive/nethive_multiverse/results/test_runs/10b10t15c500e_log_sweep/data/param_237_rep_1/config.json
32,1000,"[0,1]","[""task_1"",""task_2"",""task_3"",""task_4"",""task_5"",""task_6"",""task_7"",""task_8"",""task_9"",""task_10""]",5.0,10,1000.0,100,5.0e-5,10,15,10,15,500,50,100,1,10,237,1,0.1,time_out,242786822,2,6100.68,2025-12-14T19:16:57.336,0,242786822,true,true,"[0.01,0.05]",10,10,10,500.0001952926199,0.5686170967935757,0.6158657859108343,0.06666666666666667,0.6352,0.06666666666666667,,,,,,,/scratch/n/N.Pfaffenzeller/nikolas_nethive/nethive_multiverse/results/test_runs/10b10t15c500e_log_sweep,param_237_rep_2,/scratch/n/N.Pfaffenzeller/nikolas_nethive/nethive_multiverse/results/test_runs/10b10t15c500e_log_sweep/data/param_237_rep_2,/scratch/n/N.Pfaffenzeller/nikolas_nethive/nethive_multiverse/results/test_runs/10b10t15c500e_log_sweep/data/param_237_rep_2/event_log.csv,/scratch/n/N.Pfaffenzeller/nikolas_nethive/nethive_multiverse/results/test_runs/10b10t15c500e_log_sweep/data/param_237_rep_2/config.json
32,1000,"[0,1]","[""task_1"",""task_2"",""task_3"",""task_4"",""task_5"",""task_6"",""task_7"",""task_8"",""task_9"",""task_10""]",5.0,10,1000.0,100,5.0e-5,10,15,10,15,500,50,100,1,10,237,1,0.1,time_out,242786823,3,5900.22,2025-12-14T19:17:15.796,0,242786823,true,true,"[0.01,0.05]",10,10,10,500.00919912090166,0.9632326761917003,0.9629163661775199,0.9053333333333333,0.976,0.9053333333333333,410.169045171272,0.9536288072437656,0.9524852110218974,429.55281443055776,0.9632326761917003,0.9629163661775199,/scratch/n/N.Pfaffenzeller/nikolas_nethive/nethive_multiverse/results/test_runs/10b10t15c500e_log_sweep,param_237_rep_3,/scratch/n/N.Pfaffenzeller/nikolas_nethive/nethive_multiverse/results/test_runs/10b10t15c500e_log_sweep/data/param_237_rep_3,/scratch/n/N.Pfaffenzeller/nikolas_nethive/nethive_multiverse/results/test_runs/10b10t15c500e_log_sweep/data/param_237_rep_3/event_log.csv,/scratch/n/N.Pfaffenzeller/nikolas_nethive/nethive_multiverse/results/test_runs/10b10t15c500e_log_sweep/data/param_237_rep_3/config.json
32,1000,"[0,1]","[""task_1"",""task_2"",""task_3"",""task_4"",""task_5"",""task_6"",""task_7"",""task_8"",""task_9"",""task_10""]",10.0,10,1000.0,100,5.0e-5,10,15,10,15,500,50,100,1,10,238,1,0.1,time_out,242787821,1,4600.31,2025-12-14T19:17:46.381,0,242787821,true,true,"[0.01,0.05]",10,10,10,500.0030301521504,0.9898539033138976,0.9894282587856486,0.916,0.9905333333333335,0.916,310.17028524390236,0.9216623906812249,0.9212881762673014,312.4721591752128,0.9898539033138976,0.9894282587856486,/scratch/n/N.Pfaffenzeller/nikolas_nethive/nethive_multiverse/results/test_runs/10b10t15c500e_log_sweep,param_238_rep_1,/scratch/n/N.Pfaffenzeller/nikolas_nethive/nethive_multiverse/results/test_runs/10b10t15c500e_log_sweep/data/param_238_rep_1,/scratch/n/N.Pfaffenzeller/nikolas_nethive/nethive_multiverse/results/test_runs/10b10t15c500e_log_sweep/data/param_238_rep_1/event_log.csv,/scratch/n/N.Pfaffenzeller/nikolas_nethive/nethive_multiverse/results/test_runs/10b10t15c500e_log_sweep/data/param_238_rep_1/config.json
32,1000,"[0,1]","[""task_1"",""task_2"",""task_3"",""task_4"",""task_5"",""task_6"",""task_7"",""task_8"",""task_9"",""task_10""]",10.0,10,1000.0,100,5.0e-5,10,15,10,15,500,50,100,1,10,238,1,0.1,time_out,242787822,2,7646.81,2025-12-14T19:17:45.602,0,242787822,true,true,"[0.01,0.05]",10,10,10,500.00038259112347,0.26748896174669606,0.3118549267263647,0.06666666666666667,0.3541333333333334,0.06666666666666667,,,,,,,/scratch/n/N.Pfaffenzeller/nikolas_nethive/nethive_multiverse/results/test_runs/10b10t15c500e_log_sweep,param_238_rep_2,/scratch/n/N.Pfaffenzeller/nikolas_nethive/nethive_multiverse/results/test_runs/10b10t15c500e_log_sweep/data/param_238_rep_2,/scratch/n/N.Pfaffenzeller/nikolas_nethive/nethive_multiverse/results/test_runs/10b10t15c500e_log_sweep/data/param_238_rep_2/event_log.csv,/scratch/n/N.Pfaffenzeller/nikolas_nethive/nethive_multiverse/results/test_runs/10b10t15c500e_log_sweep/data/param_238_rep_2/config.json
32,1000,"[0,1]","[""task_1"",""task_2"",""task_3"",""task_4"",""task_5"",""task_6"",""task_7"",""task_8"",""task_9"",""task_10""]",10.0,10,1000.0,100,5.0e-5,10,15,10,15,500,50,100,1,10,238,1,0.1,time_out,242787823,3,4339.04,2025-12-14T19:18:00.626,0,242787823,true,true,"[0.01,0.05]",10,10,10,500.00261974018287,0.8857853828508879,0.8935162100576252,0.13333333333333333,0.9089333333333333,0.13333333333333333,,,,,,,/scratch/n/N.Pfaffenzeller/nikolas_nethive/nethive_multiverse/results/test_runs/10b10t15c500e_log_sweep,param_238_rep_3,/scratch/n/N.Pfaffenzeller/nikolas_nethive/nethive_multiverse/results/test_runs/10b10t15c500e_log_sweep/data/param_238_rep_3,/scratch/n/N.Pfaffenzeller/nikolas_nethive/nethive_multiverse/results/test_runs/10b10t15c500e_log_sweep/data/param_238_rep_3/event_log.csv,/scratch/n/N.Pfaffenzeller/nikolas_nethive/nethive_multiverse/results/test_runs/10b10t15c500e_log_sweep/data/param_238_rep_3/config.json
32,1000,"[0,1]","[""task_1"",""task_2"",""task_3"",""task_4"",""task_5"",""task_6"",""task_7"",""task_8"",""task_9"",""task_10""]",50.0,10,1000.0,100,5.0e-5,10,15,10,15,500,50,100,1,10,239,1,0.1,time_out,242788822,2,8667.43,2025-12-14T19:19:58.480,0,242788822,true,true,"[0.01,0.05]",10,10,10,500.00051041189164,0.48279307706667407,0.525950508809043,0.068,0.5549333333333333,0.06666666666666667,,,,,,,/scratch/n/N.Pfaffenzeller/nikolas_nethive/nethive_multiverse/results/test_runs/10b10t15c500e_log_sweep,param_239_rep_2,/scratch/n/N.Pfaffenzeller/nikolas_nethive/nethive_multiverse/results/test_runs/10b10t15c500e_log_sweep/data/param_239_rep_2,/scratch/n/N.Pfaffenzeller/nikolas_nethive/nethive_multiverse/results/test_runs/10b10t15c500e_log_sweep/data/param_239_rep_2/event_log.csv,/scratch/n/N.Pfaffenzeller/nikolas_nethive/nethive_multiverse/results/test_runs/10b10t15c500e_log_sweep/data/param_239_rep_2/config.json
32,1000,"[0,1]","[""task_1"",""task_2"",""task_3"",""task_4"",""task_5"",""task_6"",""task_7"",""task_8"",""task_9"",""task_10""]",0.01,10,0.1,100,1.0e-5,10,15,10,15,500,50,100,1,10,23,1,0.1,time_out,242572821,1,643.47,2025-12-14T15:26:54.316,0,242572821,true,true,"[0.01,0.05]",10,10,10,500.00907424970967,0.20428712185765702,0.20236707036189588,0.012,0.23239999999999994,0.012,,,,,,,/scratch/n/N.Pfaffenzeller/nikolas_nethive/nethive_multiverse/results/test_runs/10b10t15c500e_log_sweep,param_23_rep_1,/scratch/n/N.Pfaffenzeller/nikolas_nethive/nethive_multiverse/results/test_runs/10b10t15c500e_log_sweep/data/param_23_rep_1,/scratch/n/N.Pfaffenzeller/nikolas_nethive/nethive_multiverse/results/test_runs/10b10t15c500e_log_sweep/data/param_23_rep_1/event_log.csv,/scratch/n/N.Pfaffenzeller/nikolas_nethive/nethive_multiverse/results/test_runs/10b10t15c500e_log_sweep/data/param_23_rep_1/config.json
32,1000,"[0,1]","[""task_1"",""task_2"",""task_3"",""task_4"",""task_5"",""task_6"",""task_7"",""task_8"",""task_9"",""task_10""]",0.01,10,0.1,100,1.0e-5,10,15,10,15,500,50,100,1,10,23,1,0.1,time_out,242572822,2,639.25,2025-12-14T15:27:38.328,0,242572822,true,true,"[0.01,0.05]",10,10,10,500.0200438504398,0.27839372719545336,0.3383128476901112,0.0013333333333333333,0.25106666666666666,0.0013333333333333333,,,,,,,/scratch/n/N.Pfaffenzeller/nikolas_nethive/nethive_multiverse/results/test_runs/10b10t15c500e_log_sweep,param_23_rep_2,/scratch/n/N.Pfaffenzeller/nikolas_nethive/nethive_multiverse/results/test_runs/10b10t15c500e_log_sweep/data/param_23_rep_2,/scratch/n/N.Pfaffenzeller/nikolas_nethive/nethive_multiverse/results/test_runs/10b10t15c500e_log_sweep/data/param_23_rep_2/event_log.csv,/scratch/n/N.Pfaffenzeller/nikolas_nethive/nethive_multiverse/results/test_runs/10b10t15c500e_log_sweep/data/param_23_rep_2/config.json
32,1000,"[0,1]","[""task_1"",""task_2"",""task_3"",""task_4"",""task_5"",""task_6"",""task_7"",""task_8"",""task_9"",""task_10""]",0.01,10,0.1,100,1.0e-5,10,15,10,15,500,50,100,1,10,23,1,0.1,time_out,242572823,3,650.27,2025-12-14T15:27:26.618,0,242572823,true,true,"[0.01,0.05]",10,10,10,500.00030703468434,0.18063463711268377,0.2549416736918707,0.009333333333333334,0.25413333333333327,0.009333333333333334,,,,,,,/scratch/n/N.Pfaffenzeller/nikolas_nethive/nethive_multiverse/results/test_runs/10b10t15c500e_log_sweep,param_23_rep_3,/scratch/n/N.Pfaffenzeller/nikolas_nethive/nethive_multiverse/results/test_runs/10b10t15c500e_log_sweep/data/param_23_rep_3,/scratch/n/N.Pfaffenzeller/nikolas_nethive/nethive_multiverse/results/test_runs/10b10t15c500e_log_sweep/data/param_23_rep_3/event_log.csv,/scratch/n/N.Pfaffenzeller/nikolas_nethive/nethive_multiverse/results/test_runs/10b10t15c500e_log_sweep/data/param_23_rep_3/config.json
32,1000,"[0,1]","[""task_1"",""task_2"",""task_3"",""task_4"",""task_5"",""task_6"",""task_7"",""task_8"",""task_9"",""task_10""]",100.0,10,1000.0,100,5.0e-5,10,15,10,15,500,50,100,1,10,240,1,0.1,time_out,242789822,2,6984.66,2025-12-14T19:27:47.357,0,242789822,true,true,"[0.01,0.05]",10,10,10,500.0000761105493,0.24221856868757657,0.2705514110997458,0.10266666666666667,0.30293333333333333,0.1,,,,,,,/scratch/n/N.Pfaffenzeller/nikolas_nethive/nethive_multiverse/results/test_runs/10b10t15c500e_log_sweep,param_240_rep_2,/scratch/n/N.Pfaffenzeller/nikolas_nethive/nethive_multiverse/results/test_runs/10b10t15c500e_log_sweep/data/param_240_rep_2,/scratch/n/N.Pfaffenzeller/nikolas_nethive/nethive_multiverse/results/test_runs/10b10t15c500e_log_sweep/data/param_240_rep_2/event_log.csv,/scratch/n/N.Pfaffenzeller/nikolas_nethive/nethive_multiverse/results/test_runs/10b10t15c500e_log_sweep/data/param_240_rep_2/config.json
32,1000,"[0,1]","[""task_1"",""task_2"",""task_3"",""task_4"",""task_5"",""task_6"",""task_7"",""task_8"",""task_9"",""task_10""]",100.0,10,1000.0,100,5.0e-5,10,15,10,15,500,50,100,1,10,240,1,0.1,time_out,242789823,3,8075.93,2025-12-14T19:29:59.441,0,242789823,true,true,"[0.01,0.05]",10,10,10,500.0008433217363,0.39177711021848555,0.44059754125058903,0.06666666666666667,0.4756,0.06666666666666667,,,,,,,/scratch/n/N.Pfaffenzeller/nikolas_nethive/nethive_multiverse/results/test_runs/10b10t15c500e_log_sweep,param_240_rep_3,/scratch/n/N.Pfaffenzeller/nikolas_nethive/nethive_multiverse/results/test_runs/10b10t15c500e_log_sweep/data/param_240_rep_3,/scratch/n/N.Pfaffenzeller/nikolas_nethive/nethive_multiverse/results/test_runs/10b10t15c500e_log_sweep/data/param_240_rep_3/event_log.csv,/scratch/n/N.Pfaffenzeller/nikolas_nethive/nethive_multiverse/results/test_runs/10b10t15c500e_log_sweep/data/param_240_rep_3/config.json
32,1000,"[0,1]","[""task_1"",""task_2"",""task_3"",""task_4"",""task_5"",""task_6"",""task_7"",""task_8"",""task_9"",""task_10""]",1000.0,10,1000.0,100,5.0e-5,10,15,10,15,500,50,100,1,10,242,1,0.1,time_out,242791821,1,6342.74,2025-12-14T19:32:51.919,0,242791821,true,true,"[0.01,0.05]",10,10,10,500.0002456125271,0.4267980863710509,0.45378015076802425,0.08266666666666667,0.4686666666666667,0.06666666666666667,,,,,,,/scratch/n/N.Pfaffenzeller/nikolas_nethive/nethive_multiverse/results/test_runs/10b10t15c500e_log_sweep,param_242_rep_1,/scratch/n/N.Pfaffenzeller/nikolas_nethive/nethive_multiverse/results/test_runs/10b10t15c500e_log_sweep/data/param_242_rep_1,/scratch/n/N.Pfaffenzeller/nikolas_nethive/nethive_multiverse/results/test_runs/10b10t15c500e_log_sweep/data/param_242_rep_1/event_log.csv,/scratch/n/N.Pfaffenzeller/nikolas_nethive/nethive_multiverse/results/test_runs/10b10t15c500e_log_sweep/data/param_242_rep_1/config.json
32,1000,"[0,1]","[""task_1"",""task_2"",""task_3"",""task_4"",""task_5"",""task_6"",""task_7"",""task_8"",""task_9"",""task_10""]",0.05,10,0.1,100,1.0e-5,10,15,10,15,500,50,100,1,10,24,1,0.1,time_out,242573821,1,659.48,2025-12-14T15:27:35.538,0,242573821,true,true,"[0.01,0.05]",10,10,10,500.00258926297033,0.21011145575409315,0.30831648177464654,0.03333333333333333,0.3101333333333333,0.03333333333333333,,,,,,,/scratch/n/N.Pfaffenzeller/nikolas_nethive/nethive_multiverse/results/test_runs/10b10t15c500e_log_sweep,param_24_rep_1,/scratch/n/N.Pfaffenzeller/nikolas_nethive/nethive_multiverse/results/test_runs/10b10t15c500e_log_sweep/data/param_24_rep_1,/scratch/n/N.Pfaffenzeller/nikolas_nethive/nethive_multiverse/results/test_runs/10b10t15c500e_log_sweep/data/param_24_rep_1/event_log.csv,/scratch/n/N.Pfaffenzeller/nikolas_nethive/nethive_multiverse/results/test_runs/10b10t15c500e_log_sweep/data/param_24_rep_1/config.json
32,1000,"[0,1]","[""task_1"",""task_2"",""task_3"",""task_4"",""task_5"",""task_6"",""task_7"",""task_8"",""task_9"",""task_10""]",0.05,10,0.1,100,1.0e-5,10,15,10,15,500,50,100,1,10,24,1,0.1,time_out,242573822,2,657.63,2025-12-14T15:27:44.796,0,242573822,true,true,"[0.01,0.05]",10,10,10,500.00445956270147,0.24350527709625797,0.2596567997492968,0.012,0.2557333333333333,0.012,,,,,,,/scratch/n/N.Pfaffenzeller/nikolas_nethive/nethive_multiverse/results/test_runs/10b10t15c500e_log_sweep,param_24_rep_2,/scratch/n/N.Pfaffenzeller/nikolas_nethive/nethive_multiverse/results/test_runs/10b10t15c500e_log_sweep/data/param_24_rep_2,/scratch/n/N.Pfaffenzeller/nikolas_nethive/nethive_multiverse/results/test_runs/10b10t15c500e_log_sweep/data/param_24_rep_2/event_log.csv,/scratch/n/N.Pfaffenzeller/nikolas_nethive/nethive_multiverse/results/test_runs/10b10t15c500e_log_sweep/data/param_24_rep_2/config.json
32,1000,"[0,1]","[""task_1"",""task_2"",""task_3"",""task_4"",""task_5"",""task_6"",""task_7"",""task_8"",""task_9"",""task_10""]",0.05,10,0.1,100,1.0e-5,10,15,10,15,500,50,100,1,10,24,1,0.1,time_out,242573823,3,660.91,2025-12-14T15:28:45.841,0,242573823,true,true,"[0.01,0.05]",10,10,10,500.00089912194545,0.1983252801714594,0.2188325016642354,0.068,0.2542666666666667,0.068,,,,,,,/scratch/n/N.Pfaffenzeller/nikolas_nethive/nethive_multiverse/results/test_runs/10b10t15c500e_log_sweep,param_24_rep_3,/scratch/n/N.Pfaffenzeller/nikolas_nethive/nethive_multiverse/results/test_runs/10b10t15c500e_log_sweep/data/param_24_rep_3,/scratch/n/N.Pfaffenzeller/nikolas_nethive/nethive_multiverse/results/test_runs/10b10t15c500e_log_sweep/data/param_24_rep_3/event_log.csv,/scratch/n/N.Pfaffenzeller/nikolas_nethive/nethive_multiverse/results/test_runs/10b10t15c500e_log_sweep/data/param_24_rep_3/config.json
32,1000,"[0,1]","[""task_1"",""task_2"",""task_3"",""task_4"",""task_5"",""task_6"",""task_7"",""task_8"",""task_9"",""task_10""]",0.1,10,0.1,100,1.0e-5,10,15,10,15,500,50,100,1,10,25,1,0.1,time_out,242574821,1,650.79,2025-12-14T15:28:35.905,0,242574821,true,true,"[0.01,0.05]",10,10,10,500.0165904414752,0.27021686106433895,0.31723259580662055,0.0013333333333333333,0.24506666666666668,0.0013333333333333333,,,,,,,/scratch/n/N.Pfaffenzeller/nikolas_nethive/nethive_multiverse/results/test_runs/10b10t15c500e_log_sweep,param_25_rep_1,/scratch/n/N.Pfaffenzeller/nikolas_nethive/nethive_multiverse/results/test_runs/10b10t15c500e_log_sweep/data/param_25_rep_1,/scratch/n/N.Pfaffenzeller/nikolas_nethive/nethive_multiverse/results/test_runs/10b10t15c500e_log_sweep/data/param_25_rep_1/event_log.csv,/scratch/n/N.Pfaffenzeller/nikolas_nethive/nethive_multiverse/results/test_runs/10b10t15c500e_log_sweep/data/param_25_rep_1/config.json
32,1000,"[0,1]","[""task_1"",""task_2"",""task_3"",""task_4"",""task_5"",""task_6"",""task_7"",""task_8"",""task_9"",""task_10""]",0.1,10,0.1,100,1.0e-5,10,15,10,15,500,50,100,1,10,25,1,0.1,time_out,242574822,2,657.89,2025-12-14T15:28:37.904,0,242574822,true,true,"[0.01,0.05]",10,10,10,500.00146657319095,0.1649170053434713,0.20395229150233712,0.034666666666666665,0.21573333333333333,0.034666666666666665,,,,,,,/scratch/n/N.Pfaffenzeller/nikolas_nethive/nethive_multiverse/results/test_runs/10b10t15c500e_log_sweep,param_25_rep_2,/scratch/n/N.Pfaffenzeller/nikolas_nethive/nethive_multiverse/results/test_runs/10b10t15c500e_log_sweep/data/param_25_rep_2,/scratch/n/N.Pfaffenzeller/nikolas_nethive/nethive_multiverse/results/test_runs/10b10t15c500e_log_sweep/data/param_25_rep_2/event_log.csv,/scratch/n/N.Pfaffenzeller/nikolas_nethive/nethive_multiverse/results/test_runs/10b10t15c500e_log_sweep/data/param_25_rep_2/config.json
32,1000,"[0,1]","[""task_1"",""task_2"",""task_3"",""task_4"",""task_5"",""task_6"",""task_7"",""task_8"",""task_9"",""task_10""]",0.1,10,0.1,100,1.0e-5,10,15,10,15,500,50,100,1,10,25,1,0.1,time_out,242574823,3,640.69,2025-12-14T15:28:45.423,0,242574823,true,true,"[0.01,0.05]",10,10,10,500.0003791836237,0.18103593869411863,0.27036025772372396,0.009333333333333334,0.21400000000000002,0.009333333333333334,,,,,,,/scratch/n/N.Pfaffenzeller/nikolas_nethive/nethive_multiverse/results/test_runs/10b10t15c500e_log_sweep,param_25_rep_3,/scratch/n/N.Pfaffenzeller/nikolas_nethive/nethive_multiverse/results/test_runs/10b10t15c500e_log_sweep/data/param_25_rep_3,/scratch/n/N.Pfaffenzeller/nikolas_nethive/nethive_multiverse/results/test_runs/10b10t15c500e_log_sweep/data/param_25_rep_3/event_log.csv,/scratch/n/N.Pfaffenzeller/nikolas_nethive/nethive_multiverse/results/test_runs/10b10t15c500e_log_sweep/data/param_25_rep_3/config.json
32,1000,"[0,1]","[""task_1"",""task_2"",""task_3"",""task_4"",""task_5"",""task_6"",""task_7"",""task_8"",""task_9"",""task_10""]",0.5,10,0.1,100,1.0e-5,10,15,10,15,500,50,100,1,10,26,1,0.1,time_out,242575821,1,646.82,2025-12-14T15:28:46.296,0,242575821,true,true,"[0.01,0.05]",10,10,10,500.0093494878005,0.15362530531137303,0.24515129744898373,0.02,0.2593333333333333,0.02,,,,,,,/scratch/n/N.Pfaffenzeller/nikolas_nethive/nethive_multiverse/results/test_runs/10b10t15c500e_log_sweep,param_26_rep_1,/scratch/n/N.Pfaffenzeller/nikolas_nethive/nethive_multiverse/results/test_runs/10b10t15c500e_log_sweep/data/param_26_rep_1,/scratch/n/N.Pfaffenzeller/nikolas_nethive/nethive_multiverse/results/test_runs/10b10t15c500e_log_sweep/data/param_26_rep_1/event_log.csv,/scratch/n/N.Pfaffenzeller/nikolas_nethive/nethive_multiverse/results/test_runs/10b10t15c500e_log_sweep/data/param_26_rep_1/config.json
32,1000,"[0,1]","[""task_1"",""task_2"",""task_3"",""task_4"",""task_5"",""task_6"",""task_7"",""task_8"",""task_9"",""task_10""]",0.5,10,0.1,100,1.0e-5,10,15,10,15,500,50,100,1,10,26,1,0.1,time_out,242575822,2,642.06,2025-12-14T15:28:55.698,0,242575822,true,true,"[0.01,0.05]",10,10,10,500.0202763782168,0.2783084605225009,0.3072999370378985,0.06933333333333333,0.32026666666666664,0.052,,,,,,,/scratch/n/N.Pfaffenzeller/nikolas_nethive/nethive_multiverse/results/test_runs/10b10t15c500e_log_sweep,param_26_rep_2,/scratch/n/N.Pfaffenzeller/nikolas_nethive/nethive_multiverse/results/test_runs/10b10t15c500e_log_sweep/data/param_26_rep_2,/scratch/n/N.Pfaffenzeller/nikolas_nethive/nethive_multiverse/results/test_runs/10b10t15c500e_log_sweep/data/param_26_rep_2/event_log.csv,/scratch/n/N.Pfaffenzeller/nikolas_nethive/nethive_multiverse/results/test_runs/10b10t15c500e_log_sweep/data/param_26_rep_2/config.json
32,1000,"[0,1]","[""task_1"",""task_2"",""task_3"",""task_4"",""task_5"",""task_6"",""task_7"",""task_8"",""task_9"",""task_10""]",0.5,10,0.1,100,1.0e-5,10,15,10,15,500,50,100,1,10,26,1,0.1,time_out,242575823,3,625.96,2025-12-14T15:29:05.092,0,242575823,true,true,"[0.01,0.05]",10,10,10,500.00418754705055,0.14212380214806106,0.22790431557503843,0.0,0.23959999999999998,0.0,,,,,,,/scratch/n/N.Pfaffenzeller/nikolas_nethive/nethive_multiverse/results/test_runs/10b10t15c500e_log_sweep,param_26_rep_3,/scratch/n/N.Pfaffenzeller/nikolas_nethive/nethive_multiverse/results/test_runs/10b10t15c500e_log_sweep/data/param_26_rep_3,/scratch/n/N.Pfaffenzeller/nikolas_nethive/nethive_multiverse/results/test_runs/10b10t15c500e_log_sweep/data/param_26_rep_3/event_log.csv,/scratch/n/N.Pfaffenzeller/nikolas_nethive/nethive_multiverse/results/test_runs/10b10t15c500e_log_sweep/data/param_26_rep_3/config.json
32,1000,"[0,1]","[""task_1"",""task_2"",""task_3"",""task_4"",""task_5"",""task_6"",""task_7"",""task_8"",""task_9"",""task_10""]",1.0,10,0.1,100,1.0e-5,10,15,10,15,500,50,100,1,10,27,1,0.1,time_out,242576821,1,640.37,2025-12-14T15:29:06.118,0,242576821,true,true,"[0.01,0.05]",10,10,10,500.0014315686416,0.2037629139592317,0.21728900501235296,0.04533333333333334,0.25239999999999996,0.04533333333333334,,,,,,,/scratch/n/N.Pfaffenzeller/nikolas_nethive/nethive_multiverse/results/test_runs/10b10t15c500e_log_sweep,param_27_rep_1,/scratch/n/N.Pfaffenzeller/nikolas_nethive/nethive_multiverse/results/test_runs/10b10t15c500e_log_sweep/data/param_27_rep_1,/scratch/n/N.Pfaffenzeller/nikolas_nethive/nethive_multiverse/results/test_runs/10b10t15c500e_log_sweep/data/param_27_rep_1/event_log.csv,/scratch/n/N.Pfaffenzeller/nikolas_nethive/nethive_multiverse/results/test_runs/10b10t15c500e_log_sweep/data/param_27_rep_1/config.json
32,1000,"[0,1]","[""task_1"",""task_2"",""task_3"",""task_4"",""task_5"",""task_6"",""task_7"",""task_8"",""task_9"",""task_10""]",1.0,10,0.1,100,1.0e-5,10,15,10,15,500,50,100,1,10,27,1,0.1,time_out,242576822,2,633.23,2025-12-14T15:29:18.644,0,242576822,true,true,"[0.01,0.05]",10,10,10,500.00409089448516,0.22306291511517767,0.2660972135707329,0.037333333333333336,0.2429333333333333,0.037333333333333336,,,,,,,/scratch/n/N.Pfaffenzeller/nikolas_nethive/nethive_multiverse/results/test_runs/10b10t15c500e_log_sweep,param_27_rep_2,/scratch/n/N.Pfaffenzeller/nikolas_nethive/nethive_multiverse/results/test_runs/10b10t15c500e_log_sweep/data/param_27_rep_2,/scratch/n/N.Pfaffenzeller/nikolas_nethive/nethive_multiverse/results/test_runs/10b10t15c500e_log_sweep/data/param_27_rep_2/event_log.csv,/scratch/n/N.Pfaffenzeller/nikolas_nethive/nethive_multiverse/results/test_runs/10b10t15c500e_log_sweep/data/param_27_rep_2/config.json
32,1000,"[0,1]","[""task_1"",""task_2"",""task_3"",""task_4"",""task_5"",""task_6"",""task_7"",""task_8"",""task_9"",""task_10""]",1.0,10,0.1,100,1.0e-5,10,15,10,15,500,50,100,1,10,27,1,0.1,time_out,242576823,3,632.41,2025-12-14T15:29:08.552,0,242576823,true,true,"[0.01,0.05]",10,10,10,500.0078840252809,0.1802249562531674,0.2235647810261371,0.017333333333333333,0.25093333333333334,0.017333333333333333,,,,,,,/scratch/n/N.Pfaffenzeller/nikolas_nethive/nethive_multiverse/results/test_runs/10b10t15c500e_log_sweep,param_27_rep_3,/scratch/n/N.Pfaffenzeller/nikolas_nethive/nethive_multiverse/results/test_runs/10b10t15c500e_log_sweep/data/param_27_rep_3,/scratch/n/N.Pfaffenzeller/nikolas_nethive/nethive_multiverse/results/test_runs/10b10t15c500e_log_sweep/data/param_27_rep_3/event_log.csv,/scratch/n/N.Pfaffenzeller/nikolas_nethive/nethive_multiverse/results/test_runs/10b10t15c500e_log_sweep/data/param_27_rep_3/config.json
32,1000,"[0,1]","[""task_1"",""task_2"",""task_3"",""task_4"",""task_5"",""task_6"",""task_7"",""task_8"",""task_9"",""task_10""]",5.0,10,0.1,100,1.0e-5,10,15,10,15,500,50,100,1,10,28,1,0.1,time_out,242577821,1,625.26,2025-12-14T15:29:17.444,0,242577821,true,true,"[0.01,0.05]",10,10,10,500.0017248476197,0.14434758129141928,0.2433435290125086,0.017333333333333333,0.2514666666666666,0.017333333333333333,,,,,,,/scratch/n/N.Pfaffenzeller/nikolas_nethive/nethive_multiverse/results/test_runs/10b10t15c500e_log_sweep,param_28_rep_1,/scratch/n/N.Pfaffenzeller/nikolas_nethive/nethive_multiverse/results/test_runs/10b10t15c500e_log_sweep/data/param_28_rep_1,/scratch/n/N.Pfaffenzeller/nikolas_nethive/nethive_multiverse/results/test_runs/10b10t15c500e_log_sweep/data/param_28_rep_1/event_log.csv,/scratch/n/N.Pfaffenzeller/nikolas_nethive/nethive_multiverse/results/test_runs/10b10t15c500e_log_sweep/data/param_28_rep_1/config.json
32,1000,"[0,1]","[""task_1"",""task_2"",""task_3"",""task_4"",""task_5"",""task_6"",""task_7"",""task_8"",""task_9"",""task_10""]",5.0,10,0.1,100,1.0e-5,10,15,10,15,500,50,100,1,10,28,1,0.1,time_out,242577822,2,625.41,2025-12-14T15:29:07.728,0,242577822,true,true,"[0.01,0.05]",10,10,10,500.0010000315084,0.17577658702326476,0.2287858931184473,0.072,0.24186666666666662,0.072,,,,,,,/scratch/n/N.Pfaffenzeller/nikolas_nethive/nethive_multiverse/results/test_runs/10b10t15c500e_log_sweep,param_28_rep_2,/scratch/n/N.Pfaffenzeller/nikolas_nethive/nethive_multiverse/results/test_runs/10b10t15c500e_log_sweep/data/param_28_rep_2,/scratch/n/N.Pfaffenzeller/nikolas_nethive/nethive_multiverse/results/test_runs/10b10t15c500e_log_sweep/data/param_28_rep_2/event_log.csv,/scratch/n/N.Pfaffenzeller/nikolas_nethive/nethive_multiverse/results/test_runs/10b10t15c500e_log_sweep/data/param_28_rep_2/config.json
32,1000,"[0,1]","[""task_1"",""task_2"",""task_3"",""task_4"",""task_5"",""task_6"",""task_7"",""task_8"",""task_9"",""task_10""]",5.0,10,0.1,100,1.0e-5,10,15,10,15,500,50,100,1,10,28,1,0.1,time_out,242577823,3,639.61,2025-12-14T15:29:36.423,0,242577823,true,true,"[0.01,0.05]",10,10,10,500.0254674408564,0.3144724339350166,0.3332722617521943,0.052,0.2834666666666667,0.010666666666666666,,,,,,,/scratch/n/N.Pfaffenzeller/nikolas_nethive/nethive_multiverse/results/test_runs/10b10t15c500e_log_sweep,param_28_rep_3,/scratch/n/N.Pfaffenzeller/nikolas_nethive/nethive_multiverse/results/test_runs/10b10t15c500e_log_sweep/data/param_28_rep_3,/scratch/n/N.Pfaffenzeller/nikolas_nethive/nethive_multiverse/results/test_runs/10b10t15c500e_log_sweep/data/param_28_rep_3/event_log.csv,/scratch/n/N.Pfaffenzeller/nikolas_nethive/nethive_multiverse/results/test_runs/10b10t15c500e_log_sweep/data/param_28_rep_3/config.json
32,1000,"[0,1]","[""task_1"",""task_2"",""task_3"",""task_4"",""task_5"",""task_6"",""task_7"",""task_8"",""task_9"",""task_10""]",10.0,10,0.1,100,1.0e-5,10,15,10,15,500,50,100,1,10,29,1,0.1,time_out,242578821,1,668.16,2025-12-14T15:29:47.890,0,242578821,true,true,"[0.01,0.05]",10,10,10,500.00165934137743,0.1835085909170362,0.19231126250019398,0.044,0.24066666666666664,0.044,,,,,,,/scratch/n/N.Pfaffenzeller/nikolas_nethive/nethive_multiverse/results/test_runs/10b10t15c500e_log_sweep,param_29_rep_1,/scratch/n/N.Pfaffenzeller/nikolas_nethive/nethive_multiverse/results/test_runs/10b10t15c500e_log_sweep/data/param_29_rep_1,/scratch/n/N.Pfaffenzeller/nikolas_nethive/nethive_multiverse/results/test_runs/10b10t15c500e_log_sweep/data/param_29_rep_1/event_log.csv,/scratch/n/N.Pfaffenzeller/nikolas_nethive/nethive_multiverse/results/test_runs/10b10t15c500e_log_sweep/data/param_29_rep_1/config.json
32,1000,"[0,1]","[""task_1"",""task_2"",""task_3"",""task_4"",""task_5"",""task_6"",""task_7"",""task_8"",""task_9"",""task_10""]",10.0,10,0.1,100,1.0e-5,10,15,10,15,500,50,100,1,10,29,1,0.1,time_out,242578822,2,599.73,2025-12-14T15:29:48.587,0,242578822,true,true,"[0.01,0.05]",10,10,10,500.01802509878445,0.150339919654851,0.22782231552179893,0.028,0.27826666666666666,0.028,,,,,,,/scratch/n/N.Pfaffenzeller/nikolas_nethive/nethive_multiverse/results/test_runs/10b10t15c500e_log_sweep,param_29_rep_2,/scratch/n/N.Pfaffenzeller/nikolas_nethive/nethive_multiverse/results/test_runs/10b10t15c500e_log_sweep/data/param_29_rep_2,/scratch/n/N.Pfaffenzeller/nikolas_nethive/nethive_multiverse/results/test_runs/10b10t15c500e_log_sweep/data/param_29_rep_2/event_log.csv,/scratch/n/N.Pfaffenzeller/nikolas_nethive/nethive_multiverse/results/test_runs/10b10t15c500e_log_sweep/data/param_29_rep_2/config.json
32,1000,"[0,1]","[""task_1"",""task_2"",""task_3"",""task_4"",""task_5"",""task_6"",""task_7"",""task_8"",""task_9"",""task_10""]",10.0,10,0.1,100,1.0e-5,10,15,10,15,500,50,100,1,10,29,1,0.1,time_out,242578823,3,689.74,2025-12-14T15:29:38.033,0,242578823,true,true,"[0.01,0.05]",10,10,10,500.01720088405744,0.14835059583606808,0.2386269602184783,0.008,0.26493333333333335,0.008,,,,,,,/scratch/n/N.Pfaffenzeller/nikolas_nethive/nethive_multiverse/results/test_runs/10b10t15c500e_log_sweep,param_29_rep_3,/scratch/n/N.Pfaffenzeller/nikolas_nethive/nethive_multiverse/results/test_runs/10b10t15c500e_log_sweep/data/param_29_rep_3,/scratch/n/N.Pfaffenzeller/nikolas_nethive/nethive_multiverse/results/test_runs/10b10t15c500e_log_sweep/data/param_29_rep_3/event_log.csv,/scratch/n/N.Pfaffenzeller/nikolas_nethive/nethive_multiverse/results/test_runs/10b10t15c500e_log_sweep/data/param_29_rep_3/config.json
32,1000,"[0,1]","[""task_1"",""task_2"",""task_3"",""task_4"",""task_5"",""task_6"",""task_7"",""task_8"",""task_9"",""task_10""]",0.05,10,0.01,100,1.0e-5,10,15,10,15,500,50,100,1,10,2,1,0.1,time_out,242551821,1,720.67,2025-12-14T15:18:05.203,0,242551821,true,true,"[0.01,0.05]",10,10,10,500.01271145990574,0.26835175114979243,0.3213752901843073,0.0013333333333333333,0.24466666666666664,0.0013333333333333333,,,,,,,/scratch/n/N.Pfaffenzeller/nikolas_nethive/nethive_multiverse/results/test_runs/10b10t15c500e_log_sweep,param_2_rep_1,/scratch/n/N.Pfaffenzeller/nikolas_nethive/nethive_multiverse/results/test_runs/10b10t15c500e_log_sweep/data/param_2_rep_1,/scratch/n/N.Pfaffenzeller/nikolas_nethive/nethive_multiverse/results/test_runs/10b10t15c500e_log_sweep/data/param_2_rep_1/event_log.csv,/scratch/n/N.Pfaffenzeller/nikolas_nethive/nethive_multiverse/results/test_runs/10b10t15c500e_log_sweep/data/param_2_rep_1/config.json
32,1000,"[0,1]","[""task_1"",""task_2"",""task_3"",""task_4"",""task_5"",""task_6"",""task_7"",""task_8"",""task_9"",""task_10""]",0.05,10,0.01,100,1.0e-5,10,15,10,15,500,50,100,1,10,2,1,0.1,time_out,242551822,2,728.31,2025-12-14T15:17:04.766,0,242551822,true,true,"[0.01,0.05]",10,10,10,500.0092153797377,0.22755444865205582,0.2627577088432435,0.0026666666666666666,0.22440000000000002,0.0026666666666666666,,,,,,,/scratch/n/N.Pfaffenzeller/nikolas_nethive/nethive_multiverse/results/test_runs/10b10t15c500e_log_sweep,param_2_rep_2,/scratch/n/N.Pfaffenzeller/nikolas_nethive/nethive_multiverse/results/test_runs/10b10t15c500e_log_sweep/data/param_2_rep_2,/scratch/n/N.Pfaffenzeller/nikolas_nethive/nethive_multiverse/results/test_runs/10b10t15c500e_log_sweep/data/param_2_rep_2/event_log.csv,/scratch/n/N.Pfaffenzeller/nikolas_nethive/nethive_multiverse/results/test_runs/10b10t15c500e_log_sweep/data/param_2_rep_2/config.json
32,1000,"[0,1]","[""task_1"",""task_2"",""task_3"",""task_4"",""task_5"",""task_6"",""task_7"",""task_8"",""task_9"",""task_10""]",0.05,10,0.01,100,1.0e-5,10,15,10,15,500,50,100,1,10,2,1,0.1,time_out,242551823,3,696.6,2025-12-14T15:17:14.712,0,242551823,true,true,"[0.01,0.05]",10,10,10,500.0071678956226,0.2071091092378397,0.2390574237412968,0.006666666666666667,0.2484,0.006666666666666667,,,,,,,/scratch/n/N.Pfaffenzeller/nikolas_nethive/nethive_multiverse/results/test_runs/10b10t15c500e_log_sweep,param_2_rep_3,/scratch/n/N.Pfaffenzeller/nikolas_nethive/nethive_multiverse/results/test_runs/10b10t15c500e_log_sweep/data/param_2_rep_3,/scratch/n/N.Pfaffenzeller/nikolas_nethive/nethive_multiverse/results/test_runs/10b10t15c500e_log_sweep/data/param_2_rep_3/event_log.csv,/scratch/n/N.Pfaffenzeller/nikolas_nethive/nethive_multiverse/results/test_runs/10b10t15c500e_log_sweep/data/param_2_rep_3/config.json
32,1000,"[0,1]","[""task_1"",""task_2"",""task_3"",""task_4"",""task_5"",""task_6"",""task_7"",""task_8"",""task_9"",""task_10""]",50.0,10,0.1,100,1.0e-5,10,15,10,15,500,50,100,1,10,30,1,0.1,time_out,242579821,1,506.79,2025-12-14T15:29:38.185,0,242579821,true,true,"[0.01,0.05]",10,10,10,500.0337198705192,0.2972999665350551,0.3095088662740766,0.148,0.39586666666666664,0.148,,,,,,,/scratch/n/N.Pfaffenzeller/nikolas_nethive/nethive_multiverse/results/test_runs/10b10t15c500e_log_sweep,param_30_rep_1,/scratch/n/N.Pfaffenzeller/nikolas_nethive/nethive_multiverse/results/test_runs/10b10t15c500e_log_sweep/data/param_30_rep_1,/scratch/n/N.Pfaffenzeller/nikolas_nethive/nethive_multiverse/results/test_runs/10b10t15c500e_log_sweep/data/param_30_rep_1/event_log.csv,/scratch/n/N.Pfaffenzeller/nikolas_nethive/nethive_multiverse/results/test_runs/10b10t15c500e_log_sweep/data/param_30_rep_1/config.json
32,1000,"[0,1]","[""task_1"",""task_2"",""task_3"",""task_4"",""task_5"",""task_6"",""task_7"",""task_8"",""task_9"",""task_10""]",50.0,10,0.1,100,1.0e-5,10,15,10,15,500,50,100,1,10,30,1,0.1,time_out,242579822,2,596.98,2025-12-14T15:29:36.374,0,242579822,true,true,"[0.01,0.05]",10,10,10,500.00438305492827,0.22131227673748252,0.23549905435178298,0.152,0.31733333333333336,0.152,,,,,,,/scratch/n/N.Pfaffenzeller/nikolas_nethive/nethive_multiverse/results/test_runs/10b10t15c500e_log_sweep,param_30_rep_2,/scratch/n/N.Pfaffenzeller/nikolas_nethive/nethive_multiverse/results/test_runs/10b10t15c500e_log_sweep/data/param_30_rep_2,/scratch/n/N.Pfaffenzeller/nikolas_nethive/nethive_multiverse/results/test_runs/10b10t15c500e_log_sweep/data/param_30_rep_2/event_log.csv,/scratch/n/N.Pfaffenzeller/nikolas_nethive/nethive_multiverse/results/test_runs/10b10t15c500e_log_sweep/data/param_30_rep_2/config.json
32,1000,"[0,1]","[""task_1"",""task_2"",""task_3"",""task_4"",""task_5"",""task_6"",""task_7"",""task_8"",""task_9"",""task_10""]",50.0,10,0.1,100,1.0e-5,10,15,10,15,500,50,100,1,10,30,1,0.1,time_out,242579823,3,566.28,2025-12-14T15:29:58.132,0,242579823,true,true,"[0.01,0.05]",10,10,10,500.0521320854747,0.2797643224395638,0.2876930601488768,0.08266666666666667,0.3446666666666666,0.08266666666666667,,,,,,,/scratch/n/N.Pfaffenzeller/nikolas_nethive/nethive_multiverse/results/test_runs/10b10t15c500e_log_sweep,param_30_rep_3,/scratch/n/N.Pfaffenzeller/nikolas_nethive/nethive_multiverse/results/test_runs/10b10t15c500e_log_sweep/data/param_30_rep_3,/scratch/n/N.Pfaffenzeller/nikolas_nethive/nethive_multiverse/results/test_runs/10b10t15c500e_log_sweep/data/param_30_rep_3/event_log.csv,/scratch/n/N.Pfaffenzeller/nikolas_nethive/nethive_multiverse/results/test_runs/10b10t15c500e_log_sweep/data/param_30_rep_3/config.json
32,1000,"[0,1]","[""task_1"",""task_2"",""task_3"",""task_4"",""task_5"",""task_6"",""task_7"",""task_8"",""task_9"",""task_10""]",100.0,10,0.1,100,1.0e-5,10,15,10,15,500,50,100,1,10,31,1,0.1,time_out,242580821,1,466.11,2025-12-14T15:29:46.332,0,242580821,true,true,"[0.01,0.05]",10,10,10,500.0152547356266,0.35054819737958304,0.35950993305134815,0.18666666666666668,0.4322666666666667,0.13066666666666665,,,,,,,/scratch/n/N.Pfaffenzeller/nikolas_nethive/nethive_multiverse/results/test_runs/10b10t15c500e_log_sweep,param_31_rep_1,/scratch/n/N.Pfaffenzeller/nikolas_nethive/nethive_multiverse/results/test_runs/10b10t15c500e_log_sweep/data/param_31_rep_1,/scratch/n/N.Pfaffenzeller/nikolas_nethive/nethive_multiverse/results/test_runs/10b10t15c500e_log_sweep/data/param_31_rep_1/event_log.csv,/scratch/n/N.Pfaffenzeller/nikolas_nethive/nethive_multiverse/results/test_runs/10b10t15c500e_log_sweep/data/param_31_rep_1/config.json
32,1000,"[0,1]","[""task_1"",""task_2"",""task_3"",""task_4"",""task_5"",""task_6"",""task_7"",""task_8"",""task_9"",""task_10""]",100.0,10,0.1,100,1.0e-5,10,15,10,15,500,50,100,1,10,31,1,0.1,time_out,242580822,2,453.9,2025-12-14T15:29:58.995,0,242580822,true,true,"[0.01,0.05]",10,10,10,500.02491279037383,0.35765769295239724,0.36108573697699226,0.22,0.38853333333333334,0.22,,,,,,,/scratch/n/N.Pfaffenzeller/nikolas_nethive/nethive_multiverse/results/test_runs/10b10t15c500e_log_sweep,param_31_rep_2,/scratch/n/N.Pfaffenzeller/nikolas_nethive/nethive_multiverse/results/test_runs/10b10t15c500e_log_sweep/data/param_31_rep_2,/scratch/n/N.Pfaffenzeller/nikolas_nethive/nethive_multiverse/results/test_runs/10b10t15c500e_log_sweep/data/param_31_rep_2/event_log.csv,/scratch/n/N.Pfaffenzeller/nikolas_nethive/nethive_multiverse/results/test_runs/10b10t15c500e_log_sweep/data/param_31_rep_2/config.json
32,1000,"[0,1]","[""task_1"",""task_2"",""task_3"",""task_4"",""task_5"",""task_6"",""task_7"",""task_8"",""task_9"",""task_10""]",100.0,10,0.1,100,1.0e-5,10,15,10,15,500,50,100,1,10,31,1,0.1,time_out,242580823,3,502.73,2025-12-14T15:29:42.259,0,242580823,true,true,"[0.01,0.05]",10,10,10,500.0233642247336,0.29436149617360213,0.3022681082606663,0.22133333333333333,0.38693333333333335,0.192,,,,,,,/scratch/n/N.Pfaffenzeller/nikolas_nethive/nethive_multiverse/results/test_runs/10b10t15c500e_log_sweep,param_31_rep_3,/scratch/n/N.Pfaffenzeller/nikolas_nethive/nethive_multiverse/results/test_runs/10b10t15c500e_log_sweep/data/param_31_rep_3,/scratch/n/N.Pfaffenzeller/nikolas_nethive/nethive_multiverse/results/test_runs/10b10t15c500e_log_sweep/data/param_31_rep_3/event_log.csv,/scratch/n/N.Pfaffenzeller/nikolas_nethive/nethive_multiverse/results/test_runs/10b10t15c500e_log_sweep/data/param_31_rep_3/config.json
32,1000,"[0,1]","[""task_1"",""task_2"",""task_3"",""task_4"",""task_5"",""task_6"",""task_7"",""task_8"",""task_9"",""task_10""]",500.0,10,0.1,100,1.0e-5,10,15,10,15,500,50,100,1,10,32,1,0.1,time_out,242581821,1,258.45,2025-12-14T15:30:05.636,0,242581821,true,true,"[0.01,0.05]",10,10,10,500.14905600105993,0.8698481002539535,0.9999420919072465,0.0,0.9,0.0,,,,,,,/scratch/n/N.Pfaffenzeller/nikolas_nethive/nethive_multiverse/results/test_runs/10b10t15c500e_log_sweep,param_32_rep_1,/scratch/n/N.Pfaffenzeller/nikolas_nethive/nethive_multiverse/results/test_runs/10b10t15c500e_log_sweep/data/param_32_rep_1,/scratch/n/N.Pfaffenzeller/nikolas_nethive/nethive_multiverse/results/test_runs/10b10t15c500e_log_sweep/data/param_32_rep_1/event_log.csv,/scratch/n/N.Pfaffenzeller/nikolas_nethive/nethive_multiverse/results/test_runs/10b10t15c500e_log_sweep/data/param_32_rep_1/config.json
32,1000,"[0,1]","[""task_1"",""task_2"",""task_3"",""task_4"",""task_5"",""task_6"",""task_7"",""task_8"",""task_9"",""task_10""]",500.0,10,0.1,100,1.0e-5,10,15,10,15,500,50,100,1,10,32,1,0.1,time_out,242581822,2,252.35,2025-12-14T15:30:08.645,0,242581822,true,true,"[0.01,0.05]",10,10,10,500.0036085335689,0.8604353435276713,0.8779845150081078,0.268,0.8486666666666667,0.06533333333333333,,,,,,,/scratch/n/N.Pfaffenzeller/nikolas_nethive/nethive_multiverse/results/test_runs/10b10t15c500e_log_sweep,param_32_rep_2,/scratch/n/N.Pfaffenzeller/nikolas_nethive/nethive_multiverse/results/test_runs/10b10t15c500e_log_sweep/data/param_32_rep_2,/scratch/n/N.Pfaffenzeller/nikolas_nethive/nethive_multiverse/results/test_runs/10b10t15c500e_log_sweep/data/param_32_rep_2/event_log.csv,/scratch/n/N.Pfaffenzeller/nikolas_nethive/nethive_multiverse/results/test_runs/10b10t15c500e_log_sweep/data/param_32_rep_2/config.json
32,1000,"[0,1]","[""task_1"",""task_2"",""task_3"",""task_4"",""task_5"",""task_6"",""task_7"",""task_8"",""task_9"",""task_10""]",500.0,10,0.1,100,1.0e-5,10,15,10,15,500,50,100,1,10,32,1,0.1,time_out,242581823,3,312.91,2025-12-14T15:30:25.838,0,242581823,true,true,"[0.01,0.05]",10,10,10,500.16977902524263,0.932714482944171,0.9310059778213423,0.48133333333333334,0.93,0.48133333333333334,,,,,,,/scratch/n/N.Pfaffenzeller/nikolas_nethive/nethive_multiverse/results/test_runs/10b10t15c500e_log_sweep,param_32_rep_3,/scratch/n/N.Pfaffenzeller/nikolas_nethive/nethive_multiverse/results/test_runs/10b10t15c500e_log_sweep/data/param_32_rep_3,/scratch/n/N.Pfaffenzeller/nikolas_nethive/nethive_multiverse/results/test_runs/10b10t15c500e_log_sweep/data/param_32_rep_3/event_log.csv,/scratch/n/N.Pfaffenzeller/nikolas_nethive/nethive_multiverse/results/test_runs/10b10t15c500e_log_sweep/data/param_32_rep_3/config.json
32,1000,"[0,1]","[""task_1"",""task_2"",""task_3"",""task_4"",""task_5"",""task_6"",""task_7"",""task_8"",""task_9"",""task_10""]",1000.0,10,0.1,100,1.0e-5,10,15,10,15,500,50,100,1,10,33,1,0.1,time_out,242582821,1,277.42,2025-12-14T15:30:16.093,0,242582821,true,true,"[0.01,0.05]",10,10,10,500.0221660661505,0.9106071843819843,0.9236348633132812,0.21733333333333332,0.8961333333333334,0.009333333333333334,,,,,,,/scratch/n/N.Pfaffenzeller/nikolas_nethive/nethive_multiverse/results/test_runs/10b10t15c500e_log_sweep,param_33_rep_1,/scratch/n/N.Pfaffenzeller/nikolas_nethive/nethive_multiverse/results/test_runs/10b10t15c500e_log_sweep/data/param_33_rep_1,/scratch/n/N.Pfaffenzeller/nikolas_nethive/nethive_multiverse/results/test_runs/10b10t15c500e_log_sweep/data/param_33_rep_1/event_log.csv,/scratch/n/N.Pfaffenzeller/nikolas_nethive/nethive_multiverse/results/test_runs/10b10t15c500e_log_sweep/data/param_33_rep_1/config.json
32,1000,"[0,1]","[""task_1"",""task_2"",""task_3"",""task_4"",""task_5"",""task_6"",""task_7"",""task_8"",""task_9"",""task_10""]",1000.0,10,0.1,100,1.0e-5,10,15,10,15,500,50,100,1,10,33,1,0.1,time_out,242582822,2,508.74,2025-12-14T15:30:47.543,0,242582822,true,true,"[0.01,0.05]",10,10,10,500.12951984641774,0.9804114806555049,0.9799158373312016,0.9093333333333333,0.9878666666666668,0.9093333333333333,461.4454606148341,0.9666858810104948,0.9655907234850571,467.05946444699526,0.9804114806555049,0.9799158373312016,/scratch/n/N.Pfaffenzeller/nikolas_nethive/nethive_multiverse/results/test_runs/10b10t15c500e_log_sweep,param_33_rep_2,/scratch/n/N.Pfaffenzeller/nikolas_nethive/nethive_multiverse/results/test_runs/10b10t15c500e_log_sweep/data/param_33_rep_2,/scratch/n/N.Pfaffenzeller/nikolas_nethive/nethive_multiverse/results/test_runs/10b10t15c500e_log_sweep/data/param_33_rep_2/event_log.csv,/scratch/n/N.Pfaffenzeller/nikolas_nethive/nethive_multiverse/results/test_runs/10b10t15c500e_log_sweep/data/param_33_rep_2/config.json
32,1000,"[0,1]","[""task_1"",""task_2"",""task_3"",""task_4"",""task_5"",""task_6"",""task_7"",""task_8"",""task_9"",""task_10""]",1000.0,10,0.1,100,1.0e-5,10,15,10,15,500,50,100,1,10,33,1,0.1,time_out,242582823,3,267.4,2025-12-14T15:30:35.916,0,242582823,true,true,"[0.01,0.05]",10,10,10,500.03547128677974,0.9530062786860636,0.9520105326354562,0.9093333333333333,0.9728,0.9093333333333333,365.69722841691384,0.9157384561090961,0.9140177261512055,373.6442167427435,0.9530062786860636,0.9520105326354562,/scratch/n/N.Pfaffenzeller/nikolas_nethive/nethive_multiverse/results/test_runs/10b10t15c500e_log_sweep,param_33_rep_3,/scratch/n/N.Pfaffenzeller/nikolas_nethive/nethive_multiverse/results/test_runs/10b10t15c500e_log_sweep/data/param_33_rep_3,/scratch/n/N.Pfaffenzeller/nikolas_nethive/nethive_multiverse/results/test_runs/10b10t15c500e_log_sweep/data/param_33_rep_3/event_log.csv,/scratch/n/N.Pfaffenzeller/nikolas_nethive/nethive_multiverse/results/test_runs/10b10t15c500e_log_sweep/data/param_33_rep_3/config.json
32,1000,"[0,1]","[""task_1"",""task_2"",""task_3"",""task_4"",""task_5"",""task_6"",""task_7"",""task_8"",""task_9"",""task_10""]",0.01,10,0.5,100,1.0e-5,10,15,10,15,500,50,100,1,10,34,1,0.1,time_out,242583821,1,698.37,2025-12-14T15:30:45.775,0,242583821,true,true,"[0.01,0.05]",10,10,10,500.0098694230493,0.17555001227314934,0.2524971259511216,0.02,0.2634666666666666,0.02,,,,,,,/scratch/n/N.Pfaffenzeller/nikolas_nethive/nethive_multiverse/results/test_runs/10b10t15c500e_log_sweep,param_34_rep_1,/scratch/n/N.Pfaffenzeller/nikolas_nethive/nethive_multiverse/results/test_runs/10b10t15c500e_log_sweep/data/param_34_rep_1,/scratch/n/N.Pfaffenzeller/nikolas_nethive/nethive_multiverse/results/test_runs/10b10t15c500e_log_sweep/data/param_34_rep_1/event_log.csv,/scratch/n/N.Pfaffenzeller/nikolas_nethive/nethive_multiverse/results/test_runs/10b10t15c500e_log_sweep/data/param_34_rep_1/config.json
32,1000,"[0,1]","[""task_1"",""task_2"",""task_3"",""task_4"",""task_5"",""task_6"",""task_7"",""task_8"",""task_9"",""task_10""]",0.01,10,0.5,100,1.0e-5,10,15,10,15,500,50,100,1,10,34,1,0.1,time_out,242583822,2,703.98,2025-12-14T15:30:56.131,0,242583822,true,true,"[0.01,0.05]",10,10,10,500.00077166867646,0.22127657580879853,0.233868344940842,0.0026666666666666666,0.22893333333333335,0.0026666666666666666,,,,,,,/scratch/n/N.Pfaffenzeller/nikolas_nethive/nethive_multiverse/results/test_runs/10b10t15c500e_log_sweep,param_34_rep_2,/scratch/n/N.Pfaffenzeller/nikolas_nethive/nethive_multiverse/results/test_runs/10b10t15c500e_log_sweep/data/param_34_rep_2,/scratch/n/N.Pfaffenzeller/nikolas_nethive/nethive_multiverse/results/test_runs/10b10t15c500e_log_sweep/data/param_34_rep_2/event_log.csv,/scratch/n/N.Pfaffenzeller/nikolas_nethive/nethive_multiverse/results/test_runs/10b10t15c500e_log_sweep/data/param_34_rep_2/config.json
32,1000,"[0,1]","[""task_1"",""task_2"",""task_3"",""task_4"",""task_5"",""task_6"",""task_7"",""task_8"",""task_9"",""task_10""]",0.01,10,0.5,100,1.0e-5,10,15,10,15,500,50,100,1,10,34,1,0.1,time_out,242583823,3,729.42,2025-12-14T15:31:09.306,0,242583823,true,true,"[0.01,0.05]",10,10,10,500.0095873743823,0.2217341833786703,0.2726512598049565,0.0,0.23893333333333336,0.0,,,,,,,/scratch/n/N.Pfaffenzeller/nikolas_nethive/nethive_multiverse/results/test_runs/10b10t15c500e_log_sweep,param_34_rep_3,/scratch/n/N.Pfaffenzeller/nikolas_nethive/nethive_multiverse/results/test_runs/10b10t15c500e_log_sweep/data/param_34_rep_3,/scratch/n/N.Pfaffenzeller/nikolas_nethive/nethive_multiverse/results/test_runs/10b10t15c500e_log_sweep/data/param_34_rep_3/event_log.csv,/scratch/n/N.Pfaffenzeller/nikolas_nethive/nethive_multiverse/results/test_runs/10b10t15c500e_log_sweep/data/param_34_rep_3/config.json
32,1000,"[0,1]","[""task_1"",""task_2"",""task_3"",""task_4"",""task_5"",""task_6"",""task_7"",""task_8"",""task_9"",""task_10""]",0.05,10,0.5,100,1.0e-5,10,15,10,15,500,50,100,1,10,35,1,0.1,time_out,242584821,1,717.22,2025-12-14T15:31:19.353,0,242584821,true,true,"[0.01,0.05]",10,10,10,500.0012848665745,0.17405717273175875,0.26183512309029944,0.017333333333333333,0.25146666666666667,0.017333333333333333,,,,,,,/scratch/n/N.Pfaffenzeller/nikolas_nethive/nethive_multiverse/results/test_runs/10b10t15c500e_log_sweep,param_35_rep_1,/scratch/n/N.Pfaffenzeller/nikolas_nethive/nethive_multiverse/results/test_runs/10b10t15c500e_log_sweep/data/param_35_rep_1,/scratch/n/N.Pfaffenzeller/nikolas_nethive/nethive_multiverse/results/test_runs/10b10t15c500e_log_sweep/data/param_35_rep_1/event_log.csv,/scratch/n/N.Pfaffenzeller/nikolas_nethive/nethive_multiverse/results/test_runs/10b10t15c500e_log_sweep/data/param_35_rep_1/config.json
32,1000,"[0,1]","[""task_1"",""task_2"",""task_3"",""task_4"",""task_5"",""task_6"",""task_7"",""task_8"",""task_9"",""task_10""]",0.05,10,0.5,100,1.0e-5,10,15,10,15,500,50,100,1,10,35,1,0.1,time_out,242584822,2,650.22,2025-12-14T15:30:57.402,0,242584822,true,true,"[0.01,0.05]",10,10,10,500.0073176270144,0.2055783438689244,0.2608440739660726,0.058666666666666666,0.2565333333333334,0.02666666666666667,,,,,,,/scratch/n/N.Pfaffenzeller/nikolas_nethive/nethive_multiverse/results/test_runs/10b10t15c500e_log_sweep,param_35_rep_2,/scratch/n/N.Pfaffenzeller/nikolas_nethive/nethive_multiverse/results/test_runs/10b10t15c500e_log_sweep/data/param_35_rep_2,/scratch/n/N.Pfaffenzeller/nikolas_nethive/nethive_multiverse/results/test_runs/10b10t15c500e_log_sweep/data/param_35_rep_2/event_log.csv,/scratch/n/N.Pfaffenzeller/nikolas_nethive/nethive_multiverse/results/test_runs/10b10t15c500e_log_sweep/data/param_35_rep_2/config.json
32,1000,"[0,1]","[""task_1"",""task_2"",""task_3"",""task_4"",""task_5"",""task_6"",""task_7"",""task_8"",""task_9"",""task_10""]",0.05,10,0.5,100,1.0e-5,10,15,10,15,500,50,100,1,10,35,1,0.1,time_out,242584823,3,1453.73,2025-12-14T15:31:51.042,0,242584823,true,true,"[0.01,0.05]",10,10,10,500.00351322288606,0.168772735306353,0.2064137210322571,0.016,0.2333333333333333,0.016,,,,,,,/scratch/n/N.Pfaffenzeller/nikolas_nethive/nethive_multiverse/results/test_runs/10b10t15c500e_log_sweep,param_35_rep_3,/scratch/n/N.Pfaffenzeller/nikolas_nethive/nethive_multiverse/results/test_runs/10b10t15c500e_log_sweep/data/param_35_rep_3,/scratch/n/N.Pfaffenzeller/nikolas_nethive/nethive_multiverse/results/test_runs/10b10t15c500e_log_sweep/data/param_35_rep_3/event_log.csv,/scratch/n/N.Pfaffenzeller/nikolas_nethive/nethive_multiverse/results/test_runs/10b10t15c500e_log_sweep/data/param_35_rep_3/config.json
32,1000,"[0,1]","[""task_1"",""task_2"",""task_3"",""task_4"",""task_5"",""task_6"",""task_7"",""task_8"",""task_9"",""task_10""]",0.1,10,0.5,100,1.0e-5,10,15,10,15,500,50,100,1,10,36,1,0.1,time_out,242585821,1,711.96,2025-12-14T15:31:49.541,0,242585821,true,true,"[0.01,0.05]",10,10,10,500.02285263834887,0.21483986736643246,0.2369470624693882,0.0026666666666666666,0.2564,0.0026666666666666666,,,,,,,/scratch/n/N.Pfaffenzeller/nikolas_nethive/nethive_multiverse/results/test_runs/10b10t15c500e_log_sweep,param_36_rep_1,/scratch/n/N.Pfaffenzeller/nikolas_nethive/nethive_multiverse/results/test_runs/10b10t15c500e_log_sweep/data/param_36_rep_1,/scratch/n/N.Pfaffenzeller/nikolas_nethive/nethive_multiverse/results/test_runs/10b10t15c500e_log_sweep/data/param_36_rep_1/event_log.csv,/scratch/n/N.Pfaffenzeller/nikolas_nethive/nethive_multiverse/results/test_runs/10b10t15c500e_log_sweep/data/param_36_rep_1/config.json
32,1000,"[0,1]","[""task_1"",""task_2"",""task_3"",""task_4"",""task_5"",""task_6"",""task_7"",""task_8"",""task_9"",""task_10""]",0.1,10,0.5,100,1.0e-5,10,15,10,15,500,50,100,1,10,36,1,0.1,time_out,242585822,2,733.52,2025-12-14T15:31:59.940,0,242585822,true,true,"[0.01,0.05]",10,10,10,500.00641191158337,0.16244800942929108,0.17355206034088336,0.05333333333333334,0.22786666666666666,0.05333333333333334,,,,,,,/scratch/n/N.Pfaffenzeller/nikolas_nethive/nethive_multiverse/results/test_runs/10b10t15c500e_log_sweep,param_36_rep_2,/scratch/n/N.Pfaffenzeller/nikolas_nethive/nethive_multiverse/results/test_runs/10b10t15c500e_log_sweep/data/param_36_rep_2,/scratch/n/N.Pfaffenzeller/nikolas_nethive/nethive_multiverse/results/test_runs/10b10t15c500e_log_sweep/data/param_36_rep_2/event_log.csv,/scratch/n/N.Pfaffenzeller/nikolas_nethive/nethive_multiverse/results/test_runs/10b10t15c500e_log_sweep/data/param_36_rep_2/config.json
32,1000,"[0,1]","[""task_1"",""task_2"",""task_3"",""task_4"",""task_5"",""task_6"",""task_7"",""task_8"",""task_9"",""task_10""]",0.1,10,0.5,100,1.0e-5,10,15,10,15,500,50,100,1,10,36,1,0.1,time_out,242585823,3,712.0,2025-12-14T15:31:39.465,0,242585823,true,true,"[0.01,0.05]",10,10,10,500.01217634904384,0.16904134895785136,0.20418418807655722,0.05733333333333333,0.2897333333333333,0.05733333333333333,,,,,,,/scratch/n/N.Pfaffenzeller/nikolas_nethive/nethive_multiverse/results/test_runs/10b10t15c500e_log_sweep,param_36_rep_3,/scratch/n/N.Pfaffenzeller/nikolas_nethive/nethive_multiverse/results/test_runs/10b10t15c500e_log_sweep/data/param_36_rep_3,/scratch/n/N.Pfaffenzeller/nikolas_nethive/nethive_multiverse/results/test_runs/10b10t15c500e_log_sweep/data/param_36_rep_3/event_log.csv,/scratch/n/N.Pfaffenzeller/nikolas_nethive/nethive_multiverse/results/test_runs/10b10t15c500e_log_sweep/data/param_36_rep_3/config.json
32,1000,"[0,1]","[""task_1"",""task_2"",""task_3"",""task_4"",""task_5"",""task_6"",""task_7"",""task_8"",""task_9"",""task_10""]",0.5,10,0.5,100,1.0e-5,10,15,10,15,500,50,100,1,10,37,1,0.1,time_out,242586821,1,705.93,2025-12-14T15:31:45.962,0,242586821,true,true,"[0.01,0.05]",10,10,10,500.0298210586495,0.22188342880397513,0.24908359676223063,0.016,0.2497333333333333,0.016,,,,,,,/scratch/n/N.Pfaffenzeller/nikolas_nethive/nethive_multiverse/results/test_runs/10b10t15c500e_log_sweep,param_37_rep_1,/scratch/n/N.Pfaffenzeller/nikolas_nethive/nethive_multiverse/results/test_runs/10b10t15c500e_log_sweep/data/param_37_rep_1,/scratch/n/N.Pfaffenzeller/nikolas_nethive/nethive_multiverse/results/test_runs/10b10t15c500e_log_sweep/data/param_37_rep_1/event_log.csv,/scratch/n/N.Pfaffenzeller/nikolas_nethive/nethive_multiverse/results/test_runs/10b10t15c500e_log_sweep/data/param_37_rep_1/config.json
32,1000,"[0,1]","[""task_1"",""task_2"",""task_3"",""task_4"",""task_5"",""task_6"",""task_7"",""task_8"",""task_9"",""task_10""]",0.5,10,0.5,100,1.0e-5,10,15,10,15,500,50,100,1,10,37,1,0.1,time_out,242586822,2,1453.65,2025-12-14T15:33:52.508,0,242586822,true,true,"[0.01,0.05]",10,10,10,500.0020696669818,0.19931134435862924,0.2482358615917394,0.009333333333333334,0.2492,0.009333333333333334,,,,,,,/scratch/n/N.Pfaffenzeller/nikolas_nethive/nethive_multiverse/results/test_runs/10b10t15c500e_log_sweep,param_37_rep_2,/scratch/n/N.Pfaffenzeller/nikolas_nethive/nethive_multiverse/results/test_runs/10b10t15c500e_log_sweep/data/param_37_rep_2,/scratch/n/N.Pfaffenzeller/nikolas_nethive/nethive_multiverse/results/test_runs/10b10t15c500e_log_sweep/data/param_37_rep_2/event_log.csv,/scratch/n/N.Pfaffenzeller/nikolas_nethive/nethive_multiverse/results/test_runs/10b10t15c500e_log_sweep/data/param_37_rep_2/config.json
32,1000,"[0,1]","[""task_1"",""task_2"",""task_3"",""task_4"",""task_5"",""task_6"",""task_7"",""task_8"",""task_9"",""task_10""]",0.5,10,0.5,100,1.0e-5,10,15,10,15,500,50,100,1,10,37,1,0.1,time_out,242586823,3,1477.95,2025-12-14T15:33:48.769,0,242586823,true,true,"[0.01,0.05]",10,10,10,500.0314559229539,0.18996218151670158,0.20241649456147054,0.04666666666666667,0.23973333333333335,0.04666666666666667,,,,,,,/scratch/n/N.Pfaffenzeller/nikolas_nethive/nethive_multiverse/results/test_runs/10b10t15c500e_log_sweep,param_37_rep_3,/scratch/n/N.Pfaffenzeller/nikolas_nethive/nethive_multiverse/results/test_runs/10b10t15c500e_log_sweep/data/param_37_rep_3,/scratch/n/N.Pfaffenzeller/nikolas_nethive/nethive_multiverse/results/test_runs/10b10t15c500e_log_sweep/data/param_37_rep_3/event_log.csv,/scratch/n/N.Pfaffenzeller/nikolas_nethive/nethive_multiverse/results/test_runs/10b10t15c500e_log_sweep/data/param_37_rep_3/config.json
32,1000,"[0,1]","[""task_1"",""task_2"",""task_3"",""task_4"",""task_5"",""task_6"",""task_7"",""task_8"",""task_9"",""task_10""]",1.0,10,0.5,100,1.0e-5,10,15,10,15,500,50,100,1,10,38,1,0.1,time_out,242587821,1,705.09,2025-12-14T15:34:57.587,0,242587821,true,true,"[0.01,0.05]",10,10,10,500.0085447415407,0.17463101322452296,0.212330536893324,0.037333333333333336,0.24680000000000005,0.037333333333333336,,,,,,,/scratch/n/N.Pfaffenzeller/nikolas_nethive/nethive_multiverse/results/test_runs/10b10t15c500e_log_sweep,param_38_rep_1,/scratch/n/N.Pfaffenzeller/nikolas_nethive/nethive_multiverse/results/test_runs/10b10t15c500e_log_sweep/data/param_38_rep_1,/scratch/n/N.Pfaffenzeller/nikolas_nethive/nethive_multiverse/results/test_runs/10b10t15c500e_log_sweep/data/param_38_rep_1/event_log.csv,/scratch/n/N.Pfaffenzeller/nikolas_nethive/nethive_multiverse/results/test_runs/10b10t15c500e_log_sweep/data/param_38_rep_1/config.json
32,1000,"[0,1]","[""task_1"",""task_2"",""task_3"",""task_4"",""task_5"",""task_6"",""task_7"",""task_8"",""task_9"",""task_10""]",1.0,10,0.5,100,1.0e-5,10,15,10,15,500,50,100,1,10,38,1,0.1,time_out,242587822,2,698.68,2025-12-14T15:34:58.580,0,242587822,true,true,"[0.01,0.05]",10,10,10,500.0047673062688,0.17591909667555083,0.24901132563086747,0.013333333333333334,0.26986666666666664,0.013333333333333334,,,,,,,/scratch/n/N.Pfaffenzeller/nikolas_nethive/nethive_multiverse/results/test_runs/10b10t15c500e_log_sweep,param_38_rep_2,/scratch/n/N.Pfaffenzeller/nikolas_nethive/nethive_multiverse/results/test_runs/10b10t15c500e_log_sweep/data/param_38_rep_2,/scratch/n/N.Pfaffenzeller/nikolas_nethive/nethive_multiverse/results/test_runs/10b10t15c500e_log_sweep/data/param_38_rep_2/event_log.csv,/scratch/n/N.Pfaffenzeller/nikolas_nethive/nethive_multiverse/results/test_runs/10b10t15c500e_log_sweep/data/param_38_rep_2/config.json
32,1000,"[0,1]","[""task_1"",""task_2"",""task_3"",""task_4"",""task_5"",""task_6"",""task_7"",""task_8"",""task_9"",""task_10""]",1.0,10,0.5,100,1.0e-5,10,15,10,15,500,50,100,1,10,38,1,0.1,time_out,242587823,3,704.83,2025-12-14T15:35:27.805,0,242587823,true,true,"[0.01,0.05]",10,10,10,500.0044601399946,0.18377536110430168,0.2140214939813434,0.018666666666666668,0.2910666666666667,0.018666666666666668,,,,,,,/scratch/n/N.Pfaffenzeller/nikolas_nethive/nethive_multiverse/results/test_runs/10b10t15c500e_log_sweep,param_38_rep_3,/scratch/n/N.Pfaffenzeller/nikolas_nethive/nethive_multiverse/results/test_runs/10b10t15c500e_log_sweep/data/param_38_rep_3,/scratch/n/N.Pfaffenzeller/nikolas_nethive/nethive_multiverse/results/test_runs/10b10t15c500e_log_sweep/data/param_38_rep_3/event_log.csv,/scratch/n/N.Pfaffenzeller/nikolas_nethive/nethive_multiverse/results/test_runs/10b10t15c500e_log_sweep/data/param_38_rep_3/config.json
32,1000,"[0,1]","[""task_1"",""task_2"",""task_3"",""task_4"",""task_5"",""task_6"",""task_7"",""task_8"",""task_9"",""task_10""]",5.0,10,0.5,100,1.0e-5,10,15,10,15,500,50,100,1,10,39,1,0.1,time_out,242588821,1,652.37,2025-12-14T15:35:32.366,0,242588821,true,true,"[0.01,0.05]",10,10,10,500.0127574309151,0.12830886592372331,0.16259290274046992,0.06933333333333333,0.26026666666666665,0.06933333333333333,,,,,,,/scratch/n/N.Pfaffenzeller/nikolas_nethive/nethive_multiverse/results/test_runs/10b10t15c500e_log_sweep,param_39_rep_1,/scratch/n/N.Pfaffenzeller/nikolas_nethive/nethive_multiverse/results/test_runs/10b10t15c500e_log_sweep/data/param_39_rep_1,/scratch/n/N.Pfaffenzeller/nikolas_nethive/nethive_multiverse/results/test_runs/10b10t15c500e_log_sweep/data/param_39_rep_1/event_log.csv,/scratch/n/N.Pfaffenzeller/nikolas_nethive/nethive_multiverse/results/test_runs/10b10t15c500e_log_sweep/data/param_39_rep_1/config.json
32,1000,"[0,1]","[""task_1"",""task_2"",""task_3"",""task_4"",""task_5"",""task_6"",""task_7"",""task_8"",""task_9"",""task_10""]",5.0,10,0.5,100,1.0e-5,10,15,10,15,500,50,100,1,10,39,1,0.1,time_out,242588822,2,658.23,2025-12-14T15:36:28.006,0,242588822,true,true,"[0.01,0.05]",10,10,10,500.00544966833496,0.22656693052023633,0.21744284250089793,0.08666666666666667,0.2945333333333333,0.08666666666666667,,,,,,,/scratch/n/N.Pfaffenzeller/nikolas_nethive/nethive_multiverse/results/test_runs/10b10t15c500e_log_sweep,param_39_rep_2,/scratch/n/N.Pfaffenzeller/nikolas_nethive/nethive_multiverse/results/test_runs/10b10t15c500e_log_sweep/data/param_39_rep_2,/scratch/n/N.Pfaffenzeller/nikolas_nethive/nethive_multiverse/results/test_runs/10b10t15c500e_log_sweep/data/param_39_rep_2/event_log.csv,/scratch/n/N.Pfaffenzeller/nikolas_nethive/nethive_multiverse/results/test_runs/10b10t15c500e_log_sweep/data/param_39_rep_2/config.json
32,1000,"[0,1]","[""task_1"",""task_2"",""task_3"",""task_4"",""task_5"",""task_6"",""task_7"",""task_8"",""task_9"",""task_10""]",5.0,10,0.5,100,1.0e-5,10,15,10,15,500,50,100,1,10,39,1,0.1,time_out,242588823,3,601.05,2025-12-14T15:38:39.381,0,242588823,true,true,"[0.01,0.05]",10,10,10,500.02517895551597,0.19017082101455512,0.2240331343687875,0.088,0.29733333333333334,0.088,,,,,,,/scratch/n/N.Pfaffenzeller/nikolas_nethive/nethive_multiverse/results/test_runs/10b10t15c500e_log_sweep,param_39_rep_3,/scratch/n/N.Pfaffenzeller/nikolas_nethive/nethive_multiverse/results/test_runs/10b10t15c500e_log_sweep/data/param_39_rep_3,/scratch/n/N.Pfaffenzeller/nikolas_nethive/nethive_multiverse/results/test_runs/10b10t15c500e_log_sweep/data/param_39_rep_3/event_log.csv,/scratch/n/N.Pfaffenzeller/nikolas_nethive/nethive_multiverse/results/test_runs/10b10t15c500e_log_sweep/data/param_39_rep_3/config.json
32,1000,"[0,1]","[""task_1"",""task_2"",""task_3"",""task_4"",""task_5"",""task_6"",""task_7"",""task_8"",""task_9"",""task_10""]",0.1,10,0.01,100,1.0e-5,10,15,10,15,500,50,100,1,10,3,1,0.1,time_out,242552821,1,727.84,2025-12-14T15:17:55.193,0,242552821,true,true,"[0.01,0.05]",10,10,10,500.0418158364691,0.17108412477052126,0.22194790752383917,0.034666666666666665,0.2622666666666667,0.034666666666666665,,,,,,,/scratch/n/N.Pfaffenzeller/nikolas_nethive/nethive_multiverse/results/test_runs/10b10t15c500e_log_sweep,param_3_rep_1,/scratch/n/N.Pfaffenzeller/nikolas_nethive/nethive_multiverse/results/test_runs/10b10t15c500e_log_sweep/data/param_3_rep_1,/scratch/n/N.Pfaffenzeller/nikolas_nethive/nethive_multiverse/results/test_runs/10b10t15c500e_log_sweep/data/param_3_rep_1/event_log.csv,/scratch/n/N.Pfaffenzeller/nikolas_nethive/nethive_multiverse/results/test_runs/10b10t15c500e_log_sweep/data/param_3_rep_1/config.json
32,1000,"[0,1]","[""task_1"",""task_2"",""task_3"",""task_4"",""task_5"",""task_6"",""task_7"",""task_8"",""task_9"",""task_10""]",0.1,10,0.01,100,1.0e-5,10,15,10,15,500,50,100,1,10,3,1,0.1,time_out,242552822,2,718.27,2025-12-14T15:17:04.531,0,242552822,true,true,"[0.01,0.05]",10,10,10,500.00794338822544,0.16920209749424261,0.2533757554959095,0.024,0.22746666666666662,0.024,,,,,,,/scratch/n/N.Pfaffenzeller/nikolas_nethive/nethive_multiverse/results/test_runs/10b10t15c500e_log_sweep,param_3_rep_2,/scratch/n/N.Pfaffenzeller/nikolas_nethive/nethive_multiverse/results/test_runs/10b10t15c500e_log_sweep/data/param_3_rep_2,/scratch/n/N.Pfaffenzeller/nikolas_nethive/nethive_multiverse/results/test_runs/10b10t15c500e_log_sweep/data/param_3_rep_2/event_log.csv,/scratch/n/N.Pfaffenzeller/nikolas_nethive/nethive_multiverse/results/test_runs/10b10t15c500e_log_sweep/data/param_3_rep_2/config.json
32,1000,"[0,1]","[""task_1"",""task_2"",""task_3"",""task_4"",""task_5"",""task_6"",""task_7"",""task_8"",""task_9"",""task_10""]",0.1,10,0.01,100,1.0e-5,10,15,10,15,500,50,100,1,10,3,1,0.1,time_out,242552823,3,686.55,2025-12-14T15:17:05.408,0,242552823,true,true,"[0.01,0.05]",10,10,10,500.01506517585585,0.1684663452904221,0.2054324932429036,0.06666666666666667,0.2537333333333333,0.06666666666666667,,,,,,,/scratch/n/N.Pfaffenzeller/nikolas_nethive/nethive_multiverse/results/test_runs/10b10t15c500e_log_sweep,param_3_rep_3,/scratch/n/N.Pfaffenzeller/nikolas_nethive/nethive_multiverse/results/test_runs/10b10t15c500e_log_sweep/data/param_3_rep_3,/scratch/n/N.Pfaffenzeller/nikolas_nethive/nethive_multiverse/results/test_runs/10b10t15c500e_log_sweep/data/param_3_rep_3/event_log.csv,/scratch/n/N.Pfaffenzeller/nikolas_nethive/nethive_multiverse/results/test_runs/10b10t15c500e_log_sweep/data/param_3_rep_3/config.json
32,1000,"[0,1]","[""task_1"",""task_2"",""task_3"",""task_4"",""task_5"",""task_6"",""task_7"",""task_8"",""task_9"",""task_10""]",10.0,10,0.5,100,1.0e-5,10,15,10,15,500,50,100,1,10,40,1,0.1,time_out,242589821,1,562.63,2025-12-14T15:38:28.379,0,242589821,true,true,"[0.01,0.05]",10,10,10,500.0224526529199,0.18085656293635782,0.2132341520522314,0.12933333333333333,0.33666666666666667,0.11866666666666667,,,,,,,/scratch/n/N.Pfaffenzeller/nikolas_nethive/nethive_multiverse/results/test_runs/10b10t15c500e_log_sweep,param_40_rep_1,/scratch/n/N.Pfaffenzeller/nikolas_nethive/nethive_multiverse/results/test_runs/10b10t15c500e_log_sweep/data/param_40_rep_1,/scratch/n/N.Pfaffenzeller/nikolas_nethive/nethive_multiverse/results/test_runs/10b10t15c500e_log_sweep/data/param_40_rep_1/event_log.csv,/scratch/n/N.Pfaffenzeller/nikolas_nethive/nethive_multiverse/results/test_runs/10b10t15c500e_log_sweep/data/param_40_rep_1/config.json
32,1000,"[0,1]","[""task_1"",""task_2"",""task_3"",""task_4"",""task_5"",""task_6"",""task_7"",""task_8"",""task_9"",""task_10""]",10.0,10,0.5,100,1.0e-5,10,15,10,15,500,50,100,1,10,40,1,0.1,time_out,242589822,2,539.94,2025-12-14T15:38:29.062,0,242589822,true,true,"[0.01,0.05]",10,10,10,500.02252850615105,0.2351629073476873,0.26722083381490674,0.13866666666666666,0.4254666666666667,0.10266666666666667,,,,,,,/scratch/n/N.Pfaffenzeller/nikolas_nethive/nethive_multiverse/results/test_runs/10b10t15c500e_log_sweep,param_40_rep_2,/scratch/n/N.Pfaffenzeller/nikolas_nethive/nethive_multiverse/results/test_runs/10b10t15c500e_log_sweep/data/param_40_rep_2,/scratch/n/N.Pfaffenzeller/nikolas_nethive/nethive_multiverse/results/test_runs/10b10t15c500e_log_sweep/data/param_40_rep_2/event_log.csv,/scratch/n/N.Pfaffenzeller/nikolas_nethive/nethive_multiverse/results/test_runs/10b10t15c500e_log_sweep/data/param_40_rep_2/config.json
32,1000,"[0,1]","[""task_1"",""task_2"",""task_3"",""task_4"",""task_5"",""task_6"",""task_7"",""task_8"",""task_9"",""task_10""]",10.0,10,0.5,100,1.0e-5,10,15,10,15,500,50,100,1,10,40,1,0.1,time_out,242589823,3,601.97,2025-12-14T15:38:32.671,0,242589823,true,true,"[0.01,0.05]",10,10,10,500.00107927571906,0.20212031817344772,0.22220951097290698,0.16533333333333333,0.352,0.132,,,,,,,/scratch/n/N.Pfaffenzeller/nikolas_nethive/nethive_multiverse/results/test_runs/10b10t15c500e_log_sweep,param_40_rep_3,/scratch/n/N.Pfaffenzeller/nikolas_nethive/nethive_multiverse/results/test_runs/10b10t15c500e_log_sweep/data/param_40_rep_3,/scratch/n/N.Pfaffenzeller/nikolas_nethive/nethive_multiverse/results/test_runs/10b10t15c500e_log_sweep/data/param_40_rep_3/event_log.csv,/scratch/n/N.Pfaffenzeller/nikolas_nethive/nethive_multiverse/results/test_runs/10b10t15c500e_log_sweep/data/param_40_rep_3/config.json
32,1000,"[0,1]","[""task_1"",""task_2"",""task_3"",""task_4"",""task_5"",""task_6"",""task_7"",""task_8"",""task_9"",""task_10""]",50.0,10,0.5,100,1.0e-5,10,15,10,15,500,50,100,1,10,41,1,0.1,time_out,242590821,1,360.07,2025-12-14T15:38:32.503,0,242590821,true,true,"[0.01,0.05]",10,10,10,500.03970125927606,0.5706177503206927,0.584063215479448,0.264,0.7037333333333333,0.10666666666666667,,,,,,,/scratch/n/N.Pfaffenzeller/nikolas_nethive/nethive_multiverse/results/test_runs/10b10t15c500e_log_sweep,param_41_rep_1,/scratch/n/N.Pfaffenzeller/nikolas_nethive/nethive_multiverse/results/test_runs/10b10t15c500e_log_sweep/data/param_41_rep_1,/scratch/n/N.Pfaffenzeller/nikolas_nethive/nethive_multiverse/results/test_runs/10b10t15c500e_log_sweep/data/param_41_rep_1/event_log.csv,/scratch/n/N.Pfaffenzeller/nikolas_nethive/nethive_multiverse/results/test_runs/10b10t15c500e_log_sweep/data/param_41_rep_1/config.json
32,1000,"[0,1]","[""task_1"",""task_2"",""task_3"",""task_4"",""task_5"",""task_6"",""task_7"",""task_8"",""task_9"",""task_10""]",50.0,10,0.5,100,1.0e-5,10,15,10,15,500,50,100,1,10,41,1,0.1,time_out,242590822,2,773.31,2025-12-14T15:39:24.032,0,242590822,true,true,"[0.01,0.05]",10,10,10,500.0085324623623,0.5288722588232323,0.5167785623941185,0.4106666666666667,0.6488,0.4106666666666667,,,,,,,/scratch/n/N.Pfaffenzeller/nikolas_nethive/nethive_multiverse/results/test_runs/10b10t15c500e_log_sweep,param_41_rep_2,/scratch/n/N.Pfaffenzeller/nikolas_nethive/nethive_multiverse/results/test_runs/10b10t15c500e_log_sweep/data/param_41_rep_2,/scratch/n/N.Pfaffenzeller/nikolas_nethive/nethive_multiverse/results/test_runs/10b10t15c500e_log_sweep/data/param_41_rep_2/event_log.csv,/scratch/n/N.Pfaffenzeller/nikolas_nethive/nethive_multiverse/results/test_runs/10b10t15c500e_log_sweep/data/param_41_rep_2/config.json
32,1000,"[0,1]","[""task_1"",""task_2"",""task_3"",""task_4"",""task_5"",""task_6"",""task_7"",""task_8"",""task_9"",""task_10""]",50.0,10,0.5,100,1.0e-5,10,15,10,15,500,50,100,1,10,41,1,0.1,time_out,242590823,3,367.9,2025-12-14T15:39:12.073,0,242590823,true,true,"[0.01,0.05]",10,10,10,500.014162560446,0.7034636697625609,0.7006388088263622,0.6453333333333333,0.8198666666666666,0.6453333333333333,,,,,,,/scratch/n/N.Pfaffenzeller/nikolas_nethive/nethive_multiverse/results/test_runs/10b10t15c500e_log_sweep,param_41_rep_3,/scratch/n/N.Pfaffenzeller/nikolas_nethive/nethive_multiverse/results/test_runs/10b10t15c500e_log_sweep/data/param_41_rep_3,/scratch/n/N.Pfaffenzeller/nikolas_nethive/nethive_multiverse/results/test_runs/10b10t15c500e_log_sweep/data/param_41_rep_3/event_log.csv,/scratch/n/N.Pfaffenzeller/nikolas_nethive/nethive_multiverse/results/test_runs/10b10t15c500e_log_sweep/data/param_41_rep_3/config.json
32,1000,"[0,1]","[""task_1"",""task_2"",""task_3"",""task_4"",""task_5"",""task_6"",""task_7"",""task_8"",""task_9"",""task_10""]",100.0,10,0.5,100,1.0e-5,10,15,10,15,500,50,100,1,10,42,1,0.1,time_out,242591821,1,265.17,2025-12-14T15:39:21.496,0,242591821,true,true,"[0.01,0.05]",10,10,10,500.07425811121874,0.6452308084091772,0.681768693969811,0.25866666666666666,0.7657333333333333,0.07733333333333334,,,,,,,/scratch/n/N.Pfaffenzeller/nikolas_nethive/nethive_multiverse/results/test_runs/10b10t15c500e_log_sweep,param_42_rep_1,/scratch/n/N.Pfaffenzeller/nikolas_nethive/nethive_multiverse/results/test_runs/10b10t15c500e_log_sweep/data/param_42_rep_1,/scratch/n/N.Pfaffenzeller/nikolas_nethive/nethive_multiverse/results/test_runs/10b10t15c500e_log_sweep/data/param_42_rep_1/event_log.csv,/scratch/n/N.Pfaffenzeller/nikolas_nethive/nethive_multiverse/results/test_runs/10b10t15c500e_log_sweep/data/param_42_rep_1/config.json
32,1000,"[0,1]","[""task_1"",""task_2"",""task_3"",""task_4"",""task_5"",""task_6"",""task_7"",""task_8"",""task_9"",""task_10""]",100.0,10,0.5,100,1.0e-5,10,15,10,15,500,50,100,1,10,42,1,0.1,time_out,242591822,2,309.64,2025-12-14T15:39:39.653,0,242591822,true,true,"[0.01,0.05]",10,10,10,500.02703290697025,0.6081933176348905,0.6118776340787689,0.38,0.6918666666666666,0.13333333333333333,,,,,,,/scratch/n/N.Pfaffenzeller/nikolas_nethive/nethive_multiverse/results/test_runs/10b10t15c500e_log_sweep,param_42_rep_2,/scratch/n/N.Pfaffenzeller/nikolas_nethive/nethive_multiverse/results/test_runs/10b10t15c500e_log_sweep/data/param_42_rep_2,/scratch/n/N.Pfaffenzeller/nikolas_nethive/nethive_multiverse/results/test_runs/10b10t15c500e_log_sweep/data/param_42_rep_2/event_log.csv,/scratch/n/N.Pfaffenzeller/nikolas_nethive/nethive_multiverse/results/test_runs/10b10t15c500e_log_sweep/data/param_42_rep_2/config.json
32,1000,"[0,1]","[""task_1"",""task_2"",""task_3"",""task_4"",""task_5"",""task_6"",""task_7"",""task_8"",""task_9"",""task_10""]",100.0,10,0.5,100,1.0e-5,10,15,10,15,500,50,100,1,10,42,1,0.1,time_out,242591823,3,302.95,2025-12-14T15:39:41.449,0,242591823,true,true,"[0.01,0.05]",10,10,10,500.00111183643344,0.6498684955053543,0.6443739654970845,0.5493333333333333,0.7705333333333334,0.5493333333333333,,,,,,,/scratch/n/N.Pfaffenzeller/nikolas_nethive/nethive_multiverse/results/test_runs/10b10t15c500e_log_sweep,param_42_rep_3,/scratch/n/N.Pfaffenzeller/nikolas_nethive/nethive_multiverse/results/test_runs/10b10t15c500e_log_sweep/data/param_42_rep_3,/scratch/n/N.Pfaffenzeller/nikolas_nethive/nethive_multiverse/results/test_runs/10b10t15c500e_log_sweep/data/param_42_rep_3/event_log.csv,/scratch/n/N.Pfaffenzeller/nikolas_nethive/nethive_multiverse/results/test_runs/10b10t15c500e_log_sweep/data/param_42_rep_3/config.json
32,1000,"[0,1]","[""task_1"",""task_2"",""task_3"",""task_4"",""task_5"",""task_6"",""task_7"",""task_8"",""task_9"",""task_10""]",500.0,10,0.5,100,1.0e-5,10,15,10,15,500,50,100,1,10,43,1,0.1,time_out,242592821,1,251.62,2025-12-14T15:40:24.866,0,242592821,true,true,"[0.01,0.05]",10,10,10,500.1538498559892,0.8552768250429666,0.8569836799960612,0.15866666666666668,0.8481333333333334,0.15866666666666668,,,,,,,/scratch/n/N.Pfaffenzeller/nikolas_nethive/nethive_multiverse/results/test_runs/10b10t15c500e_log_sweep,param_43_rep_1,/scratch/n/N.Pfaffenzeller/nikolas_nethive/nethive_multiverse/results/test_runs/10b10t15c500e_log_sweep/data/param_43_rep_1,/scratch/n/N.Pfaffenzeller/nikolas_nethive/nethive_multiverse/results/test_runs/10b10t15c500e_log_sweep/data/param_43_rep_1/event_log.csv,/scratch/n/N.Pfaffenzeller/nikolas_nethive/nethive_multiverse/results/test_runs/10b10t15c500e_log_sweep/data/param_43_rep_1/config.json
32,1000,"[0,1]","[""task_1"",""task_2"",""task_3"",""task_4"",""task_5"",""task_6"",""task_7"",""task_8"",""task_9"",""task_10""]",500.0,10,0.5,100,1.0e-5,10,15,10,15,500,50,100,1,10,43,1,0.1,time_out,242592822,2,258.8,2025-12-14T15:40:20.241,0,242592822,true,true,"[0.01,0.05]",10,10,10,500.08014005944494,0.8058180647975428,0.8188776087289984,0.30533333333333335,0.8305333333333333,0.13066666666666665,,,,,,,/scratch/n/N.Pfaffenzeller/nikolas_nethive/nethive_multiverse/results/test_runs/10b10t15c500e_log_sweep,param_43_rep_2,/scratch/n/N.Pfaffenzeller/nikolas_nethive/nethive_multiverse/results/test_runs/10b10t15c500e_log_sweep/data/param_43_rep_2,/scratch/n/N.Pfaffenzeller/nikolas_nethive/nethive_multiverse/results/test_runs/10b10t15c500e_log_sweep/data/param_43_rep_2/event_log.csv,/scratch/n/N.Pfaffenzeller/nikolas_nethive/nethive_multiverse/results/test_runs/10b10t15c500e_log_sweep/data/param_43_rep_2/config.json
32,1000,"[0,1]","[""task_1"",""task_2"",""task_3"",""task_4"",""task_5"",""task_6"",""task_7"",""task_8"",""task_9"",""task_10""]",500.0,10,0.5,100,1.0e-5,10,15,10,15,500,50,100,1,10,43,1,0.1,time_out,242592823,3,244.22,2025-12-14T15:40:08.194,0,242592823,true,true,"[0.01,0.05]",10,10,10,500.1287456120797,0.9020902642691965,0.9064812155069392,0.364,0.9,0.06666666666666667,,,,,,,/scratch/n/N.Pfaffenzeller/nikolas_nethive/nethive_multiverse/results/test_runs/10b10t15c500e_log_sweep,param_43_rep_3,/scratch/n/N.Pfaffenzeller/nikolas_nethive/nethive_multiverse/results/test_runs/10b10t15c500e_log_sweep/data/param_43_rep_3,/scratch/n/N.Pfaffenzeller/nikolas_nethive/nethive_multiverse/results/test_runs/10b10t15c500e_log_sweep/data/param_43_rep_3/event_log.csv,/scratch/n/N.Pfaffenzeller/nikolas_nethive/nethive_multiverse/results/test_runs/10b10t15c500e_log_sweep/data/param_43_rep_3/config.json
32,1000,"[0,1]","[""task_1"",""task_2"",""task_3"",""task_4"",""task_5"",""task_6"",""task_7"",""task_8"",""task_9"",""task_10""]",1000.0,10,0.5,100,1.0e-5,10,15,10,15,500,50,100,1,10,44,1,0.1,time_out,242593821,1,122.23,2025-12-14T15:40:11.579,0,242593821,true,true,"[0.01,0.05]",10,10,10,500.21370063357665,0.8398978747199811,0.8397427512726832,0.372,0.8448,0.15466666666666667,,,,,,,/scratch/n/N.Pfaffenzeller/nikolas_nethive/nethive_multiverse/results/test_runs/10b10t15c500e_log_sweep,param_44_rep_1,/scratch/n/N.Pfaffenzeller/nikolas_nethive/nethive_multiverse/results/test_runs/10b10t15c500e_log_sweep/data/param_44_rep_1,/scratch/n/N.Pfaffenzeller/nikolas_nethive/nethive_multiverse/results/test_runs/10b10t15c500e_log_sweep/data/param_44_rep_1/event_log.csv,/scratch/n/N.Pfaffenzeller/nikolas_nethive/nethive_multiverse/results/test_runs/10b10t15c500e_log_sweep/data/param_44_rep_1/config.json
32,1000,"[0,1]","[""task_1"",""task_2"",""task_3"",""task_4"",""task_5"",""task_6"",""task_7"",""task_8"",""task_9"",""task_10""]",1000.0,10,0.5,100,1.0e-5,10,15,10,15,500,50,100,1,10,44,1,0.1,time_out,242593822,2,124.69,2025-12-14T15:40:08.829,0,242593822,true,true,"[0.01,0.05]",10,10,10,500.281711386168,0.9097271994306926,0.9291335185412741,0.06666666666666667,0.9061333333333333,0.06666666666666667,,,,,,,/scratch/n/N.Pfaffenzeller/nikolas_nethive/nethive_multiverse/results/test_runs/10b10t15c500e_log_sweep,param_44_rep_2,/scratch/n/N.Pfaffenzeller/nikolas_nethive/nethive_multiverse/results/test_runs/10b10t15c500e_log_sweep/data/param_44_rep_2,/scratch/n/N.Pfaffenzeller/nikolas_nethive/nethive_multiverse/results/test_runs/10b10t15c500e_log_sweep/data/param_44_rep_2/event_log.csv,/scratch/n/N.Pfaffenzeller/nikolas_nethive/nethive_multiverse/results/test_runs/10b10t15c500e_log_sweep/data/param_44_rep_2/config.json
32,1000,"[0,1]","[""task_1"",""task_2"",""task_3"",""task_4"",""task_5"",""task_6"",""task_7"",""task_8"",""task_9"",""task_10""]",1000.0,10,0.5,100,1.0e-5,10,15,10,15,500,50,100,1,10,44,1,0.1,time_out,242593823,3,128.43,2025-12-14T15:40:19.338,0,242593823,true,true,"[0.01,0.05]",10,10,10,500.03878752258373,0.9761024518438892,0.9747002819773203,0.9026666666666666,0.9823999999999999,0.9026666666666666,200.21809237890895,0.8348490777499509,0.8315731752570319,296.055802535184,0.9761024518438892,0.9747002819773203,/scratch/n/N.Pfaffenzeller/nikolas_nethive/nethive_multiverse/results/test_runs/10b10t15c500e_log_sweep,param_44_rep_3,/scratch/n/N.Pfaffenzeller/nikolas_nethive/nethive_multiverse/results/test_runs/10b10t15c500e_log_sweep/data/param_44_rep_3,/scratch/n/N.Pfaffenzeller/nikolas_nethive/nethive_multiverse/results/test_runs/10b10t15c500e_log_sweep/data/param_44_rep_3/event_log.csv,/scratch/n/N.Pfaffenzeller/nikolas_nethive/nethive_multiverse/results/test_runs/10b10t15c500e_log_sweep/data/param_44_rep_3/config.json
32,1000,"[0,1]","[""task_1"",""task_2"",""task_3"",""task_4"",""task_5"",""task_6"",""task_7"",""task_8"",""task_9"",""task_10""]",0.01,10,1.0,100,1.0e-5,10,15,10,15,500,50,100,1,10,45,1,0.1,time_out,242594821,1,706.77,2025-12-14T15:40:11.467,0,242594821,true,true,"[0.01,0.05]",10,10,10,500.00165564229553,0.2031909811633276,0.24873529437114023,0.025333333333333333,0.2253333333333333,0.025333333333333333,,,,,,,/scratch/n/N.Pfaffenzeller/nikolas_nethive/nethive_multiverse/results/test_runs/10b10t15c500e_log_sweep,param_45_rep_1,/scratch/n/N.Pfaffenzeller/nikolas_nethive/nethive_multiverse/results/test_runs/10b10t15c500e_log_sweep/data/param_45_rep_1,/scratch/n/N.Pfaffenzeller/nikolas_nethive/nethive_multiverse/results/test_runs/10b10t15c500e_log_sweep/data/param_45_rep_1/event_log.csv,/scratch/n/N.Pfaffenzeller/nikolas_nethive/nethive_multiverse/results/test_runs/10b10t15c500e_log_sweep/data/param_45_rep_1/config.json
32,1000,"[0,1]","[""task_1"",""task_2"",""task_3"",""task_4"",""task_5"",""task_6"",""task_7"",""task_8"",""task_9"",""task_10""]",0.01,10,1.0,100,1.0e-5,10,15,10,15,500,50,100,1,10,45,1,0.1,time_out,242594822,2,669.44,2025-12-14T15:40:49.511,0,242594822,true,true,"[0.01,0.05]",10,10,10,500.03927306388084,0.17409751779494279,0.21753628031340982,0.037333333333333336,0.2444,0.037333333333333336,,,,,,,/scratch/n/N.Pfaffenzeller/nikolas_nethive/nethive_multiverse/results/test_runs/10b10t15c500e_log_sweep,param_45_rep_2,/scratch/n/N.Pfaffenzeller/nikolas_nethive/nethive_multiverse/results/test_runs/10b10t15c500e_log_sweep/data/param_45_rep_2,/scratch/n/N.Pfaffenzeller/nikolas_nethive/nethive_multiverse/results/test_runs/10b10t15c500e_log_sweep/data/param_45_rep_2/event_log.csv,/scratch/n/N.Pfaffenzeller/nikolas_nethive/nethive_multiverse/results/test_runs/10b10t15c500e_log_sweep/data/param_45_rep_2/config.json
32,1000,"[0,1]","[""task_1"",""task_2"",""task_3"",""task_4"",""task_5"",""task_6"",""task_7"",""task_8"",""task_9"",""task_10""]",0.01,10,1.0,100,1.0e-5,10,15,10,15,500,50,100,1,10,45,1,0.1,time_out,242594823,3,661.15,2025-12-14T15:40:42.121,0,242594823,true,true,"[0.01,0.05]",10,10,10,500.000957100855,0.20281997221026965,0.2617084646221776,0.013333333333333334,0.22759999999999997,0.006666666666666667,,,,,,,/scratch/n/N.Pfaffenzeller/nikolas_nethive/nethive_multiverse/results/test_runs/10b10t15c500e_log_sweep,param_45_rep_3,/scratch/n/N.Pfaffenzeller/nikolas_nethive/nethive_multiverse/results/test_runs/10b10t15c500e_log_sweep/data/param_45_rep_3,/scratch/n/N.Pfaffenzeller/nikolas_nethive/nethive_multiverse/results/test_runs/10b10t15c500e_log_sweep/data/param_45_rep_3/event_log.csv,/scratch/n/N.Pfaffenzeller/nikolas_nethive/nethive_multiverse/results/test_runs/10b10t15c500e_log_sweep/data/param_45_rep_3/config.json
32,1000,"[0,1]","[""task_1"",""task_2"",""task_3"",""task_4"",""task_5"",""task_6"",""task_7"",""task_8"",""task_9"",""task_10""]",0.05,10,1.0,100,1.0e-5,10,15,10,15,500,50,100,1,10,46,1,0.1,time_out,242595821,1,730.96,2025-12-14T15:40:40.032,0,242595821,true,true,"[0.01,0.05]",10,10,10,500.0095406277433,0.19041448163700267,0.221088930496434,0.02266666666666667,0.2645333333333334,0.02266666666666667,,,,,,,/scratch/n/N.Pfaffenzeller/nikolas_nethive/nethive_multiverse/results/test_runs/10b10t15c500e_log_sweep,param_46_rep_1,/scratch/n/N.Pfaffenzeller/nikolas_nethive/nethive_multiverse/results/test_runs/10b10t15c500e_log_sweep/data/param_46_rep_1,/scratch/n/N.Pfaffenzeller/nikolas_nethive/nethive_multiverse/results/test_runs/10b10t15c500e_log_sweep/data/param_46_rep_1/event_log.csv,/scratch/n/N.Pfaffenzeller/nikolas_nethive/nethive_multiverse/results/test_runs/10b10t15c500e_log_sweep/data/param_46_rep_1/config.json
32,1000,"[0,1]","[""task_1"",""task_2"",""task_3"",""task_4"",""task_5"",""task_6"",""task_7"",""task_8"",""task_9"",""task_10""]",0.05,10,1.0,100,1.0e-5,10,15,10,15,500,50,100,1,10,46,1,0.1,time_out,242595822,2,663.02,2025-12-14T15:41:12.033,0,242595822,true,true,"[0.01,0.05]",10,10,10,500.01004405978324,0.1904472213707996,0.23747444846403062,0.014666666666666666,0.24226666666666669,0.014666666666666666,,,,,,,/scratch/n/N.Pfaffenzeller/nikolas_nethive/nethive_multiverse/results/test_runs/10b10t15c500e_log_sweep,param_46_rep_2,/scratch/n/N.Pfaffenzeller/nikolas_nethive/nethive_multiverse/results/test_runs/10b10t15c500e_log_sweep/data/param_46_rep_2,/scratch/n/N.Pfaffenzeller/nikolas_nethive/nethive_multiverse/results/test_runs/10b10t15c500e_log_sweep/data/param_46_rep_2/event_log.csv,/scratch/n/N.Pfaffenzeller/nikolas_nethive/nethive_multiverse/results/test_runs/10b10t15c500e_log_sweep/data/param_46_rep_2/config.json
32,1000,"[0,1]","[""task_1"",""task_2"",""task_3"",""task_4"",""task_5"",""task_6"",""task_7"",""task_8"",""task_9"",""task_10""]",0.05,10,1.0,100,1.0e-5,10,15,10,15,500,50,100,1,10,46,1,0.1,time_out,242595823,3,654.82,2025-12-14T15:40:41.223,0,242595823,true,true,"[0.01,0.05]",10,10,10,500.00128081872424,0.17604996433331774,0.2733116792328336,0.008,0.2452,0.008,,,,,,,/scratch/n/N.Pfaffenzeller/nikolas_nethive/nethive_multiverse/results/test_runs/10b10t15c500e_log_sweep,param_46_rep_3,/scratch/n/N.Pfaffenzeller/nikolas_nethive/nethive_multiverse/results/test_runs/10b10t15c500e_log_sweep/data/param_46_rep_3,/scratch/n/N.Pfaffenzeller/nikolas_nethive/nethive_multiverse/results/test_runs/10b10t15c500e_log_sweep/data/param_46_rep_3/event_log.csv,/scratch/n/N.Pfaffenzeller/nikolas_nethive/nethive_multiverse/results/test_runs/10b10t15c500e_log_sweep/data/param_46_rep_3/config.json
32,1000,"[0,1]","[""task_1"",""task_2"",""task_3"",""task_4"",""task_5"",""task_6"",""task_7"",""task_8"",""task_9"",""task_10""]",0.1,10,1.0,100,1.0e-5,10,15,10,15,500,50,100,1,10,47,1,0.1,time_out,242596821,1,676.13,2025-12-14T15:40:51.971,0,242596821,true,true,"[0.01,0.05]",10,10,10,500.0233643927461,0.19575720828515827,0.20011835946087767,0.036,0.24999999999999994,0.036,,,,,,,/scratch/n/N.Pfaffenzeller/nikolas_nethive/nethive_multiverse/results/test_runs/10b10t15c500e_log_sweep,param_47_rep_1,/scratch/n/N.Pfaffenzeller/nikolas_nethive/nethive_multiverse/results/test_runs/10b10t15c500e_log_sweep/data/param_47_rep_1,/scratch/n/N.Pfaffenzeller/nikolas_nethive/nethive_multiverse/results/test_runs/10b10t15c500e_log_sweep/data/param_47_rep_1/event_log.csv,/scratch/n/N.Pfaffenzeller/nikolas_nethive/nethive_multiverse/results/test_runs/10b10t15c500e_log_sweep/data/param_47_rep_1/config.json
32,1000,"[0,1]","[""task_1"",""task_2"",""task_3"",""task_4"",""task_5"",""task_6"",""task_7"",""task_8"",""task_9"",""task_10""]",0.1,10,1.0,100,1.0e-5,10,15,10,15,500,50,100,1,10,47,1,0.1,time_out,242596822,2,665.89,2025-12-14T15:41:02.813,0,242596822,true,true,"[0.01,0.05]",10,10,10,500.0170094771118,0.23941745468405515,0.30957084088714426,0.005333333333333333,0.2578666666666667,0.005333333333333333,,,,,,,/scratch/n/N.Pfaffenzeller/nikolas_nethive/nethive_multiverse/results/test_runs/10b10t15c500e_log_sweep,param_47_rep_2,/scratch/n/N.Pfaffenzeller/nikolas_nethive/nethive_multiverse/results/test_runs/10b10t15c500e_log_sweep/data/param_47_rep_2,/scratch/n/N.Pfaffenzeller/nikolas_nethive/nethive_multiverse/results/test_runs/10b10t15c500e_log_sweep/data/param_47_rep_2/event_log.csv,/scratch/n/N.Pfaffenzeller/nikolas_nethive/nethive_multiverse/results/test_runs/10b10t15c500e_log_sweep/data/param_47_rep_2/config.json
32,1000,"[0,1]","[""task_1"",""task_2"",""task_3"",""task_4"",""task_5"",""task_6"",""task_7"",""task_8"",""task_9"",""task_10""]",0.1,10,1.0,100,1.0e-5,10,15,10,15,500,50,100,1,10,47,1,0.1,time_out,242596823,3,659.56,2025-12-14T15:40:59.687,0,242596823,true,true,"[0.01,0.05]",10,10,10,500.00129344023907,0.18098838375488083,0.25234234684103624,0.008,0.23240000000000002,0.008,,,,,,,/scratch/n/N.Pfaffenzeller/nikolas_nethive/nethive_multiverse/results/test_runs/10b10t15c500e_log_sweep,param_47_rep_3,/scratch/n/N.Pfaffenzeller/nikolas_nethive/nethive_multiverse/results/test_runs/10b10t15c500e_log_sweep/data/param_47_rep_3,/scratch/n/N.Pfaffenzeller/nikolas_nethive/nethive_multiverse/results/test_runs/10b10t15c500e_log_sweep/data/param_47_rep_3/event_log.csv,/scratch/n/N.Pfaffenzeller/nikolas_nethive/nethive_multiverse/results/test_runs/10b10t15c500e_log_sweep/data/param_47_rep_3/config.json
32,1000,"[0,1]","[""task_1"",""task_2"",""task_3"",""task_4"",""task_5"",""task_6"",""task_7"",""task_8"",""task_9"",""task_10""]",0.5,10,1.0,100,1.0e-5,10,15,10,15,500,50,100,1,10,48,1,0.1,time_out,242597821,1,656.56,2025-12-14T15:41:01.803,0,242597821,true,true,"[0.01,0.05]",10,10,10,500.0260521512466,0.18181525025567213,0.21690517814020166,0.010666666666666666,0.2702666666666667,0.010666666666666666,,,,,,,/scratch/n/N.Pfaffenzeller/nikolas_nethive/nethive_multiverse/results/test_runs/10b10t15c500e_log_sweep,param_48_rep_1,/scratch/n/N.Pfaffenzeller/nikolas_nethive/nethive_multiverse/results/test_runs/10b10t15c500e_log_sweep/data/param_48_rep_1,/scratch/n/N.Pfaffenzeller/nikolas_nethive/nethive_multiverse/results/test_runs/10b10t15c500e_log_sweep/data/param_48_rep_1/event_log.csv,/scratch/n/N.Pfaffenzeller/nikolas_nethive/nethive_multiverse/results/test_runs/10b10t15c500e_log_sweep/data/param_48_rep_1/config.json
32,1000,"[0,1]","[""task_1"",""task_2"",""task_3"",""task_4"",""task_5"",""task_6"",""task_7"",""task_8"",""task_9"",""task_10""]",0.5,10,1.0,100,1.0e-5,10,15,10,15,500,50,100,1,10,48,1,0.1,time_out,242597822,2,646.53,2025-12-14T15:41:23.285,0,242597822,true,true,"[0.01,0.05]",10,10,10,500.0105610356568,0.17391329121754984,0.18978619140062752,0.048,0.2350666666666667,0.048,,,,,,,/scratch/n/N.Pfaffenzeller/nikolas_nethive/nethive_multiverse/results/test_runs/10b10t15c500e_log_sweep,param_48_rep_2,/scratch/n/N.Pfaffenzeller/nikolas_nethive/nethive_multiverse/results/test_runs/10b10t15c500e_log_sweep/data/param_48_rep_2,/scratch/n/N.Pfaffenzeller/nikolas_nethive/nethive_multiverse/results/test_runs/10b10t15c500e_log_sweep/data/param_48_rep_2/event_log.csv,/scratch/n/N.Pfaffenzeller/nikolas_nethive/nethive_multiverse/results/test_runs/10b10t15c500e_log_sweep/data/param_48_rep_2/config.json
32,1000,"[0,1]","[""task_1"",""task_2"",""task_3"",""task_4"",""task_5"",""task_6"",""task_7"",""task_8"",""task_9"",""task_10""]",0.5,10,1.0,100,1.0e-5,10,15,10,15,500,50,100,1,10,48,1,0.1,time_out,242597823,3,645.55,2025-12-14T15:40:52.220,0,242597823,true,true,"[0.01,0.05]",10,10,10,500.0088708478823,0.14555454555117223,0.18461018630893022,0.028,0.21439999999999998,0.02266666666666667,,,,,,,/scratch/n/N.Pfaffenzeller/nikolas_nethive/nethive_multiverse/results/test_runs/10b10t15c500e_log_sweep,param_48_rep_3,/scratch/n/N.Pfaffenzeller/nikolas_nethive/nethive_multiverse/results/test_runs/10b10t15c500e_log_sweep/data/param_48_rep_3,/scratch/n/N.Pfaffenzeller/nikolas_nethive/nethive_multiverse/results/test_runs/10b10t15c500e_log_sweep/data/param_48_rep_3/event_log.csv,/scratch/n/N.Pfaffenzeller/nikolas_nethive/nethive_multiverse/results/test_runs/10b10t15c500e_log_sweep/data/param_48_rep_3/config.json
32,1000,"[0,1]","[""task_1"",""task_2"",""task_3"",""task_4"",""task_5"",""task_6"",""task_7"",""task_8"",""task_9"",""task_10""]",1.0,10,1.0,100,1.0e-5,10,15,10,15,500,50,100,1,10,49,1,0.1,time_out,242598821,1,1344.74,2025-12-14T15:40:54.018,0,242598821,true,true,"[0.01,0.05]",10,10,10,500.01077162939544,0.1570458828387421,0.20745403438831417,0.048,0.2821333333333333,0.048,,,,,,,/scratch/n/N.Pfaffenzeller/nikolas_nethive/nethive_multiverse/results/test_runs/10b10t15c500e_log_sweep,param_49_rep_1,/scratch/n/N.Pfaffenzeller/nikolas_nethive/nethive_multiverse/results/test_runs/10b10t15c500e_log_sweep/data/param_49_rep_1,/scratch/n/N.Pfaffenzeller/nikolas_nethive/nethive_multiverse/results/test_runs/10b10t15c500e_log_sweep/data/param_49_rep_1/event_log.csv,/scratch/n/N.Pfaffenzeller/nikolas_nethive/nethive_multiverse/results/test_runs/10b10t15c500e_log_sweep/data/param_49_rep_1/config.json
32,1000,"[0,1]","[""task_1"",""task_2"",""task_3"",""task_4"",""task_5"",""task_6"",""task_7"",""task_8"",""task_9"",""task_10""]",1.0,10,1.0,100,1.0e-5,10,15,10,15,500,50,100,1,10,49,1,0.1,time_out,242598822,2,1429.25,2025-12-14T15:41:24.534,0,242598822,true,true,"[0.01,0.05]",10,10,10,500.00925032078095,0.17040751340673005,0.2007747943844546,0.076,0.28400000000000003,0.076,,,,,,,/scratch/n/N.Pfaffenzeller/nikolas_nethive/nethive_multiverse/results/test_runs/10b10t15c500e_log_sweep,param_49_rep_2,/scratch/n/N.Pfaffenzeller/nikolas_nethive/nethive_multiverse/results/test_runs/10b10t15c500e_log_sweep/data/param_49_rep_2,/scratch/n/N.Pfaffenzeller/nikolas_nethive/nethive_multiverse/results/test_runs/10b10t15c500e_log_sweep/data/param_49_rep_2/event_log.csv,/scratch/n/N.Pfaffenzeller/nikolas_nethive/nethive_multiverse/results/test_runs/10b10t15c500e_log_sweep/data/param_49_rep_2/config.json
32,1000,"[0,1]","[""task_1"",""task_2"",""task_3"",""task_4"",""task_5"",""task_6"",""task_7"",""task_8"",""task_9"",""task_10""]",1.0,10,1.0,100,1.0e-5,10,15,10,15,500,50,100,1,10,49,1,0.1,time_out,242598823,3,1345.6,2025-12-14T15:41:20.779,0,242598823,true,true,"[0.01,0.05]",10,10,10,500.002787388073,0.1794318918401093,0.19672919071324502,0.084,0.2708,0.084,,,,,,,/scratch/n/N.Pfaffenzeller/nikolas_nethive/nethive_multiverse/results/test_runs/10b10t15c500e_log_sweep,param_49_rep_3,/scratch/n/N.Pfaffenzeller/nikolas_nethive/nethive_multiverse/results/test_runs/10b10t15c500e_log_sweep/data/param_49_rep_3,/scratch/n/N.Pfaffenzeller/nikolas_nethive/nethive_multiverse/results/test_runs/10b10t15c500e_log_sweep/data/param_49_rep_3/event_log.csv,/scratch/n/N.Pfaffenzeller/nikolas_nethive/nethive_multiverse/results/test_runs/10b10t15c500e_log_sweep/data/param_49_rep_3/config.json
32,1000,"[0,1]","[""task_1"",""task_2"",""task_3"",""task_4"",""task_5"",""task_6"",""task_7"",""task_8"",""task_9"",""task_10""]",0.5,10,0.01,100,1.0e-5,10,15,10,15,500,50,100,1,10,4,1,0.1,time_out,242553821,1,735.05,2025-12-14T15:18:45.460,0,242553821,true,true,"[0.01,0.05]",10,10,10,500.00174749724846,0.21123866302107053,0.26213799714999103,0.042666666666666665,0.2554666666666667,0.042666666666666665,,,,,,,/scratch/n/N.Pfaffenzeller/nikolas_nethive/nethive_multiverse/results/test_runs/10b10t15c500e_log_sweep,param_4_rep_1,/scratch/n/N.Pfaffenzeller/nikolas_nethive/nethive_multiverse/results/test_runs/10b10t15c500e_log_sweep/data/param_4_rep_1,/scratch/n/N.Pfaffenzeller/nikolas_nethive/nethive_multiverse/results/test_runs/10b10t15c500e_log_sweep/data/param_4_rep_1/event_log.csv,/scratch/n/N.Pfaffenzeller/nikolas_nethive/nethive_multiverse/results/test_runs/10b10t15c500e_log_sweep/data/param_4_rep_1/config.json
32,1000,"[0,1]","[""task_1"",""task_2"",""task_3"",""task_4"",""task_5"",""task_6"",""task_7"",""task_8"",""task_9"",""task_10""]",0.5,10,0.01,100,1.0e-5,10,15,10,15,500,50,100,1,10,4,1,0.1,time_out,242553822,2,695.26,2025-12-14T15:18:55.819,0,242553822,true,true,"[0.01,0.05]",10,10,10,500.0110752709914,0.22604937593652652,0.22262028940244744,0.036,0.24066666666666667,0.036,,,,,,,/scratch/n/N.Pfaffenzeller/nikolas_nethive/nethive_multiverse/results/test_runs/10b10t15c500e_log_sweep,param_4_rep_2,/scratch/n/N.Pfaffenzeller/nikolas_nethive/nethive_multiverse/results/test_runs/10b10t15c500e_log_sweep/data/param_4_rep_2,/scratch/n/N.Pfaffenzeller/nikolas_nethive/nethive_multiverse/results/test_runs/10b10t15c500e_log_sweep/data/param_4_rep_2/event_log.csv,/scratch/n/N.Pfaffenzeller/nikolas_nethive/nethive_multiverse/results/test_runs/10b10t15c500e_log_sweep/data/param_4_rep_2/config.json
32,1000,"[0,1]","[""task_1"",""task_2"",""task_3"",""task_4"",""task_5"",""task_6"",""task_7"",""task_8"",""task_9"",""task_10""]",0.5,10,0.01,100,1.0e-5,10,15,10,15,500,50,100,1,10,4,1,0.1,time_out,242553823,3,711.86,2025-12-14T15:19:05.381,0,242553823,true,true,"[0.01,0.05]",10,10,10,500.0149997119935,0.24483903111398764,0.2326588090731613,0.010666666666666666,0.2392,0.010666666666666666,,,,,,,/scratch/n/N.Pfaffenzeller/nikolas_nethive/nethive_multiverse/results/test_runs/10b10t15c500e_log_sweep,param_4_rep_3,/scratch/n/N.Pfaffenzeller/nikolas_nethive/nethive_multiverse/results/test_runs/10b10t15c500e_log_sweep/data/param_4_rep_3,/scratch/n/N.Pfaffenzeller/nikolas_nethive/nethive_multiverse/results/test_runs/10b10t15c500e_log_sweep/data/param_4_rep_3/event_log.csv,/scratch/n/N.Pfaffenzeller/nikolas_nethive/nethive_multiverse/results/test_runs/10b10t15c500e_log_sweep/data/param_4_rep_3/config.json
32,1000,"[0,1]","[""task_1"",""task_2"",""task_3"",""task_4"",""task_5"",""task_6"",""task_7"",""task_8"",""task_9"",""task_10""]",5.0,10,1.0,100,1.0e-5,10,15,10,15,500,50,100,1,10,50,1,0.1,time_out,242599821,1,1152.14,2025-12-14T15:41:30.882,0,242599821,true,true,"[0.01,0.05]",10,10,10,500.01405869477134,0.18798915489514614,0.2234405768898986,0.064,0.3450666666666667,0.064,,,,,,,/scratch/n/N.Pfaffenzeller/nikolas_nethive/nethive_multiverse/results/test_runs/10b10t15c500e_log_sweep,param_50_rep_1,/scratch/n/N.Pfaffenzeller/nikolas_nethive/nethive_multiverse/results/test_runs/10b10t15c500e_log_sweep/data/param_50_rep_1,/scratch/n/N.Pfaffenzeller/nikolas_nethive/nethive_multiverse/results/test_runs/10b10t15c500e_log_sweep/data/param_50_rep_1/event_log.csv,/scratch/n/N.Pfaffenzeller/nikolas_nethive/nethive_multiverse/results/test_runs/10b10t15c500e_log_sweep/data/param_50_rep_1/config.json
32,1000,"[0,1]","[""task_1"",""task_2"",""task_3"",""task_4"",""task_5"",""task_6"",""task_7"",""task_8"",""task_9"",""task_10""]",5.0,10,1.0,100,1.0e-5,10,15,10,15,500,50,100,1,10,50,1,0.1,time_out,242599822,2,555.77,2025-12-14T15:41:10.162,0,242599822,true,true,"[0.01,0.05]",10,10,10,500.02980519222194,0.1681840155672925,0.18698186177503254,0.14666666666666667,0.3216,0.13333333333333333,,,,,,,/scratch/n/N.Pfaffenzeller/nikolas_nethive/nethive_multiverse/results/test_runs/10b10t15c500e_log_sweep,param_50_rep_2,/scratch/n/N.Pfaffenzeller/nikolas_nethive/nethive_multiverse/results/test_runs/10b10t15c500e_log_sweep/data/param_50_rep_2,/scratch/n/N.Pfaffenzeller/nikolas_nethive/nethive_multiverse/results/test_runs/10b10t15c500e_log_sweep/data/param_50_rep_2/event_log.csv,/scratch/n/N.Pfaffenzeller/nikolas_nethive/nethive_multiverse/results/test_runs/10b10t15c500e_log_sweep/data/param_50_rep_2/config.json
32,1000,"[0,1]","[""task_1"",""task_2"",""task_3"",""task_4"",""task_5"",""task_6"",""task_7"",""task_8"",""task_9"",""task_10""]",5.0,10,1.0,100,1.0e-5,10,15,10,15,500,50,100,1,10,50,1,0.1,time_out,242599823,3,1221.01,2025-12-14T15:42:01.840,0,242599823,true,true,"[0.01,0.05]",10,10,10,500.0326152562091,0.22047124010482255,0.23041020092974937,0.11333333333333333,0.34573333333333334,0.11333333333333333,,,,,,,/scratch/n/N.Pfaffenzeller/nikolas_nethive/nethive_multiverse/results/test_runs/10b10t15c500e_log_sweep,param_50_rep_3,/scratch/n/N.Pfaffenzeller/nikolas_nethive/nethive_multiverse/results/test_runs/10b10t15c500e_log_sweep/data/param_50_rep_3,/scratch/n/N.Pfaffenzeller/nikolas_nethive/nethive_multiverse/results/test_runs/10b10t15c500e_log_sweep/data/param_50_rep_3/event_log.csv,/scratch/n/N.Pfaffenzeller/nikolas_nethive/nethive_multiverse/results/test_runs/10b10t15c500e_log_sweep/data/param_50_rep_3/config.json
32,1000,"[0,1]","[""task_1"",""task_2"",""task_3"",""task_4"",""task_5"",""task_6"",""task_7"",""task_8"",""task_9"",""task_10""]",10.0,10,1.0,100,1.0e-5,10,15,10,15,500,50,100,1,10,51,1,0.1,time_out,242600821,1,1022.04,2025-12-14T15:41:51.405,0,242600821,true,true,"[0.01,0.05]",10,10,10,500.00341105037654,0.35882368413133175,0.369484274749673,0.2786666666666667,0.5450666666666666,0.24533333333333332,,,,,,,/scratch/n/N.Pfaffenzeller/nikolas_nethive/nethive_multiverse/results/test_runs/10b10t15c500e_log_sweep,param_51_rep_1,/scratch/n/N.Pfaffenzeller/nikolas_nethive/nethive_multiverse/results/test_runs/10b10t15c500e_log_sweep/data/param_51_rep_1,/scratch/n/N.Pfaffenzeller/nikolas_nethive/nethive_multiverse/results/test_runs/10b10t15c500e_log_sweep/data/param_51_rep_1/event_log.csv,/scratch/n/N.Pfaffenzeller/nikolas_nethive/nethive_multiverse/results/test_runs/10b10t15c500e_log_sweep/data/param_51_rep_1/config.json
32,1000,"[0,1]","[""task_1"",""task_2"",""task_3"",""task_4"",""task_5"",""task_6"",""task_7"",""task_8"",""task_9"",""task_10""]",10.0,10,1.0,100,1.0e-5,10,15,10,15,500,50,100,1,10,51,1,0.1,time_out,242600822,2,516.03,2025-12-14T15:41:42.076,0,242600822,true,true,"[0.01,0.05]",10,10,10,500.02435303089646,0.30422789974574116,0.31340401375168275,0.2733333333333333,0.5107999999999999,0.2733333333333333,,,,,,,/scratch/n/N.Pfaffenzeller/nikolas_nethive/nethive_multiverse/results/test_runs/10b10t15c500e_log_sweep,param_51_rep_2,/scratch/n/N.Pfaffenzeller/nikolas_nethive/nethive_multiverse/results/test_runs/10b10t15c500e_log_sweep/data/param_51_rep_2,/scratch/n/N.Pfaffenzeller/nikolas_nethive/nethive_multiverse/results/test_runs/10b10t15c500e_log_sweep/data/param_51_rep_2/event_log.csv,/scratch/n/N.Pfaffenzeller/nikolas_nethive/nethive_multiverse/results/test_runs/10b10t15c500e_log_sweep/data/param_51_rep_2/config.json
32,1000,"[0,1]","[""task_1"",""task_2"",""task_3"",""task_4"",""task_5"",""task_6"",""task_7"",""task_8"",""task_9"",""task_10""]",10.0,10,1.0,100,1.0e-5,10,15,10,15,500,50,100,1,10,51,1,0.1,time_out,242600823,3,1070.44,2025-12-14T15:42:25.410,0,242600823,true,true,"[0.01,0.05]",10,10,10,500.011666514196,0.4936467893290315,0.5022583051801852,0.284,0.6556,0.284,,,,,,,/scratch/n/N.Pfaffenzeller/nikolas_nethive/nethive_multiverse/results/test_runs/10b10t15c500e_log_sweep,param_51_rep_3,/scratch/n/N.Pfaffenzeller/nikolas_nethive/nethive_multiverse/results/test_runs/10b10t15c500e_log_sweep/data/param_51_rep_3,/scratch/n/N.Pfaffenzeller/nikolas_nethive/nethive_multiverse/results/test_runs/10b10t15c500e_log_sweep/data/param_51_rep_3/event_log.csv,/scratch/n/N.Pfaffenzeller/nikolas_nethive/nethive_multiverse/results/test_runs/10b10t15c500e_log_sweep/data/param_51_rep_3/config.json
32,1000,"[0,1]","[""task_1"",""task_2"",""task_3"",""task_4"",""task_5"",""task_6"",""task_7"",""task_8"",""task_9"",""task_10""]",50.0,10,1.0,100,1.0e-5,10,15,10,15,500,50,100,1,10,52,1,0.1,time_out,242601821,1,662.78,2025-12-14T15:42:35.456,0,242601821,true,true,"[0.01,0.05]",10,10,10,500.01732629006494,0.6843243975114335,0.6768278697150293,0.636,0.7869333333333334,0.636,447.5290433939805,0.8057222395616866,0.7984632504032411,,,,/scratch/n/N.Pfaffenzeller/nikolas_nethive/nethive_multiverse/results/test_runs/10b10t15c500e_log_sweep,param_52_rep_1,/scratch/n/N.Pfaffenzeller/nikolas_nethive/nethive_multiverse/results/test_runs/10b10t15c500e_log_sweep/data/param_52_rep_1,/scratch/n/N.Pfaffenzeller/nikolas_nethive/nethive_multiverse/results/test_runs/10b10t15c500e_log_sweep/data/param_52_rep_1/event_log.csv,/scratch/n/N.Pfaffenzeller/nikolas_nethive/nethive_multiverse/results/test_runs/10b10t15c500e_log_sweep/data/param_52_rep_1/config.json
32,1000,"[0,1]","[""task_1"",""task_2"",""task_3"",""task_4"",""task_5"",""task_6"",""task_7"",""task_8"",""task_9"",""task_10""]",50.0,10,1.0,100,1.0e-5,10,15,10,15,500,50,100,1,10,52,1,0.1,time_out,242601822,2,754.48,2025-12-14T15:42:22.255,0,242601822,true,true,"[0.01,0.05]",10,10,10,500.06111819629626,0.6761818062277974,0.6598130582736745,0.636,0.7781333333333335,0.636,,,,,,,/scratch/n/N.Pfaffenzeller/nikolas_nethive/nethive_multiverse/results/test_runs/10b10t15c500e_log_sweep,param_52_rep_2,/scratch/n/N.Pfaffenzeller/nikolas_nethive/nethive_multiverse/results/test_runs/10b10t15c500e_log_sweep/data/param_52_rep_2,/scratch/n/N.Pfaffenzeller/nikolas_nethive/nethive_multiverse/results/test_runs/10b10t15c500e_log_sweep/data/param_52_rep_2/event_log.csv,/scratch/n/N.Pfaffenzeller/nikolas_nethive/nethive_multiverse/results/test_runs/10b10t15c500e_log_sweep/data/param_52_rep_2/config.json
32,1000,"[0,1]","[""task_1"",""task_2"",""task_3"",""task_4"",""task_5"",""task_6"",""task_7"",""task_8"",""task_9"",""task_10""]",50.0,10,1.0,100,1.0e-5,10,15,10,15,500,50,100,1,10,52,1,0.1,time_out,242601823,3,715.36,2025-12-14T15:42:21.042,0,242601823,true,true,"[0.01,0.05]",10,10,10,500.00032728362004,0.5789261150702816,0.5986084793532871,0.17733333333333334,0.7216,0.14133333333333334,,,,,,,/scratch/n/N.Pfaffenzeller/nikolas_nethive/nethive_multiverse/results/test_runs/10b10t15c500e_log_sweep,param_52_rep_3,/scratch/n/N.Pfaffenzeller/nikolas_nethive/nethive_multiverse/results/test_runs/10b10t15c500e_log_sweep/data/param_52_rep_3,/scratch/n/N.Pfaffenzeller/nikolas_nethive/nethive_multiverse/results/test_runs/10b10t15c500e_log_sweep/data/param_52_rep_3/event_log.csv,/scratch/n/N.Pfaffenzeller/nikolas_nethive/nethive_multiverse/results/test_runs/10b10t15c500e_log_sweep/data/param_52_rep_3/config.json
32,1000,"[0,1]","[""task_1"",""task_2"",""task_3"",""task_4"",""task_5"",""task_6"",""task_7"",""task_8"",""task_9"",""task_10""]",100.0,10,1.0,100,1.0e-5,10,15,10,15,500,50,100,1,10,53,1,0.1,time_out,242602821,1,293.19,2025-12-14T15:42:12.232,0,242602821,true,true,"[0.01,0.05]",10,10,10,500.00084130919515,0.6836961048989199,0.7085792396362393,0.20133333333333334,0.7837333333333334,0.20133333333333334,,,,,,,/scratch/n/N.Pfaffenzeller/nikolas_nethive/nethive_multiverse/results/test_runs/10b10t15c500e_log_sweep,param_53_rep_1,/scratch/n/N.Pfaffenzeller/nikolas_nethive/nethive_multiverse/results/test_runs/10b10t15c500e_log_sweep/data/param_53_rep_1,/scratch/n/N.Pfaffenzeller/nikolas_nethive/nethive_multiverse/results/test_runs/10b10t15c500e_log_sweep/data/param_53_rep_1/event_log.csv,/scratch/n/N.Pfaffenzeller/nikolas_nethive/nethive_multiverse/results/test_runs/10b10t15c500e_log_sweep/data/param_53_rep_1/config.json
32,1000,"[0,1]","[""task_1"",""task_2"",""task_3"",""task_4"",""task_5"",""task_6"",""task_7"",""task_8"",""task_9"",""task_10""]",100.0,10,1.0,100,1.0e-5,10,15,10,15,500,50,100,1,10,53,1,0.1,time_out,242602822,2,671.56,2025-12-14T15:42:55.898,0,242602822,true,true,"[0.01,0.05]",10,10,10,500.01001014715064,0.8295807085133935,0.8233543487048806,0.8133333333333334,0.8998666666666667,0.8133333333333334,283.5466640774813,0.8211066696282338,0.8167394123389086,,,,/scratch/n/N.Pfaffenzeller/nikolas_nethive/nethive_multiverse/results/test_runs/10b10t15c500e_log_sweep,param_53_rep_2,/scratch/n/N.Pfaffenzeller/nikolas_nethive/nethive_multiverse/results/test_runs/10b10t15c500e_log_sweep/data/param_53_rep_2,/scratch/n/N.Pfaffenzeller/nikolas_nethive/nethive_multiverse/results/test_runs/10b10t15c500e_log_sweep/data/param_53_rep_2/event_log.csv,/scratch/n/N.Pfaffenzeller/nikolas_nethive/nethive_multiverse/results/test_runs/10b10t15c500e_log_sweep/data/param_53_rep_2/config.json
32,1000,"[0,1]","[""task_1"",""task_2"",""task_3"",""task_4"",""task_5"",""task_6"",""task_7"",""task_8"",""task_9"",""task_10""]",100.0,10,1.0,100,1.0e-5,10,15,10,15,500,50,100,1,10,53,1,0.1,time_out,242602823,3,614.09,2025-12-14T15:43:01.939,0,242602823,true,true,"[0.01,0.05]",10,10,10,500.0111272363921,0.6981085801275891,0.7042721290718502,0.4053333333333333,0.7825333333333332,0.2986666666666667,,,,,,,/scratch/n/N.Pfaffenzeller/nikolas_nethive/nethive_multiverse/results/test_runs/10b10t15c500e_log_sweep,param_53_rep_3,/scratch/n/N.Pfaffenzeller/nikolas_nethive/nethive_multiverse/results/test_runs/10b10t15c500e_log_sweep/data/param_53_rep_3,/scratch/n/N.Pfaffenzeller/nikolas_nethive/nethive_multiverse/results/test_runs/10b10t15c500e_log_sweep/data/param_53_rep_3/event_log.csv,/scratch/n/N.Pfaffenzeller/nikolas_nethive/nethive_multiverse/results/test_runs/10b10t15c500e_log_sweep/data/param_53_rep_3/config.json
32,1000,"[0,1]","[""task_1"",""task_2"",""task_3"",""task_4"",""task_5"",""task_6"",""task_7"",""task_8"",""task_9"",""task_10""]",500.0,10,1.0,100,1.0e-5,10,15,10,15,500,50,100,1,10,54,1,0.1,time_out,242603821,1,235.41,2025-12-14T15:42:51.763,0,242603821,true,true,"[0.01,0.05]",10,10,10,500.1734463791376,0.8000044472466378,0.823189402107652,0.07866666666666666,0.818,0.07866666666666666,,,,,,,/scratch/n/N.Pfaffenzeller/nikolas_nethive/nethive_multiverse/results/test_runs/10b10t15c500e_log_sweep,param_54_rep_1,/scratch/n/N.Pfaffenzeller/nikolas_nethive/nethive_multiverse/results/test_runs/10b10t15c500e_log_sweep/data/param_54_rep_1,/scratch/n/N.Pfaffenzeller/nikolas_nethive/nethive_multiverse/results/test_runs/10b10t15c500e_log_sweep/data/param_54_rep_1/event_log.csv,/scratch/n/N.Pfaffenzeller/nikolas_nethive/nethive_multiverse/results/test_runs/10b10t15c500e_log_sweep/data/param_54_rep_1/config.json
32,1000,"[0,1]","[""task_1"",""task_2"",""task_3"",""task_4"",""task_5"",""task_6"",""task_7"",""task_8"",""task_9"",""task_10""]",500.0,10,1.0,100,1.0e-5,10,15,10,15,500,50,100,1,10,54,1,0.1,time_out,242603822,2,226.07,2025-12-14T15:43:33.525,0,242603822,true,true,"[0.01,0.05]",10,10,10,500.03095724754417,0.748659262807496,0.7887240616843108,0.16,0.7597333333333334,0.16,,,,,,,/scratch/n/N.Pfaffenzeller/nikolas_nethive/nethive_multiverse/results/test_runs/10b10t15c500e_log_sweep,param_54_rep_2,/scratch/n/N.Pfaffenzeller/nikolas_nethive/nethive_multiverse/results/test_runs/10b10t15c500e_log_sweep/data/param_54_rep_2,/scratch/n/N.Pfaffenzeller/nikolas_nethive/nethive_multiverse/results/test_runs/10b10t15c500e_log_sweep/data/param_54_rep_2/event_log.csv,/scratch/n/N.Pfaffenzeller/nikolas_nethive/nethive_multiverse/results/test_runs/10b10t15c500e_log_sweep/data/param_54_rep_2/config.json
32,1000,"[0,1]","[""task_1"",""task_2"",""task_3"",""task_4"",""task_5"",""task_6"",""task_7"",""task_8"",""task_9"",""task_10""]",500.0,10,1.0,100,1.0e-5,10,15,10,15,500,50,100,1,10,54,1,0.1,time_out,242603823,3,213.81,2025-12-14T15:43:12.654,0,242603823,true,true,"[0.01,0.05]",10,10,10,500.1917764691452,0.7328044511975129,0.765165392567211,0.13333333333333333,0.7818666666666666,0.13333333333333333,,,,,,,/scratch/n/N.Pfaffenzeller/nikolas_nethive/nethive_multiverse/results/test_runs/10b10t15c500e_log_sweep,param_54_rep_3,/scratch/n/N.Pfaffenzeller/nikolas_nethive/nethive_multiverse/results/test_runs/10b10t15c500e_log_sweep/data/param_54_rep_3,/scratch/n/N.Pfaffenzeller/nikolas_nethive/nethive_multiverse/results/test_runs/10b10t15c500e_log_sweep/data/param_54_rep_3/event_log.csv,/scratch/n/N.Pfaffenzeller/nikolas_nethive/nethive_multiverse/results/test_runs/10b10t15c500e_log_sweep/data/param_54_rep_3/config.json
32,1000,"[0,1]","[""task_1"",""task_2"",""task_3"",""task_4"",""task_5"",""task_6"",""task_7"",""task_8"",""task_9"",""task_10""]",1000.0,10,1.0,100,1.0e-5,10,15,10,15,500,50,100,1,10,55,1,0.1,time_out,242604821,1,101.34,2025-12-14T15:42:42.677,0,242604821,true,true,"[0.01,0.05]",10,10,10,500.08828523466264,0.806657809053253,0.9284895127311013,0.0,0.9,0.0,,,,,,,/scratch/n/N.Pfaffenzeller/nikolas_nethive/nethive_multiverse/results/test_runs/10b10t15c500e_log_sweep,param_55_rep_1,/scratch/n/N.Pfaffenzeller/nikolas_nethive/nethive_multiverse/results/test_runs/10b10t15c500e_log_sweep/data/param_55_rep_1,/scratch/n/N.Pfaffenzeller/nikolas_nethive/nethive_multiverse/results/test_runs/10b10t15c500e_log_sweep/data/param_55_rep_1/event_log.csv,/scratch/n/N.Pfaffenzeller/nikolas_nethive/nethive_multiverse/results/test_runs/10b10t15c500e_log_sweep/data/param_55_rep_1/config.json
32,1000,"[0,1]","[""task_1"",""task_2"",""task_3"",""task_4"",""task_5"",""task_6"",""task_7"",""task_8"",""task_9"",""task_10""]",1000.0,10,1.0,100,1.0e-5,10,15,10,15,500,50,100,1,10,55,1,0.1,time_out,242604822,2,222.82,2025-12-14T15:43:22.908,0,242604822,true,true,"[0.01,0.05]",10,10,10,500.0841731695945,0.7416322143201787,0.7780975611977496,0.09466666666666666,0.758,0.06666666666666667,,,,,,,/scratch/n/N.Pfaffenzeller/nikolas_nethive/nethive_multiverse/results/test_runs/10b10t15c500e_log_sweep,param_55_rep_2,/scratch/n/N.Pfaffenzeller/nikolas_nethive/nethive_multiverse/results/test_runs/10b10t15c500e_log_sweep/data/param_55_rep_2,/scratch/n/N.Pfaffenzeller/nikolas_nethive/nethive_multiverse/results/test_runs/10b10t15c500e_log_sweep/data/param_55_rep_2/event_log.csv,/scratch/n/N.Pfaffenzeller/nikolas_nethive/nethive_multiverse/results/test_runs/10b10t15c500e_log_sweep/data/param_55_rep_2/config.json
32,1000,"[0,1]","[""task_1"",""task_2"",""task_3"",""task_4"",""task_5"",""task_6"",""task_7"",""task_8"",""task_9"",""task_10""]",1000.0,10,1.0,100,1.0e-5,10,15,10,15,500,50,100,1,10,55,1,0.1,time_out,242604823,3,108.04,2025-12-14T15:43:00.275,0,242604823,true,true,"[0.01,0.05]",10,10,10,500.1382745753758,0.9518794948215901,0.9491384255880666,0.9,0.9725333333333334,0.9,147.31506529017614,0.8417970881742883,0.8357960171395635,196.3243076330282,0.9518794948215901,0.9491384255880666,/scratch/n/N.Pfaffenzeller/nikolas_nethive/nethive_multiverse/results/test_runs/10b10t15c500e_log_sweep,param_55_rep_3,/scratch/n/N.Pfaffenzeller/nikolas_nethive/nethive_multiverse/results/test_runs/10b10t15c500e_log_sweep/data/param_55_rep_3,/scratch/n/N.Pfaffenzeller/nikolas_nethive/nethive_multiverse/results/test_runs/10b10t15c500e_log_sweep/data/param_55_rep_3/event_log.csv,/scratch/n/N.Pfaffenzeller/nikolas_nethive/nethive_multiverse/results/test_runs/10b10t15c500e_log_sweep/data/param_55_rep_3/config.json
32,1000,"[0,1]","[""task_1"",""task_2"",""task_3"",""task_4"",""task_5"",""task_6"",""task_7"",""task_8"",""task_9"",""task_10""]",0.01,10,5.0,100,1.0e-5,10,15,10,15,500,50,100,1,10,56,1,0.1,time_out,242605821,1,738.64,2025-12-14T15:42:58.970,0,242605821,true,true,"[0.01,0.05]",10,10,10,500.03933029995284,0.16110548299903757,0.210644235641809,0.07866666666666666,0.25160000000000005,0.07866666666666666,,,,,,,/scratch/n/N.Pfaffenzeller/nikolas_nethive/nethive_multiverse/results/test_runs/10b10t15c500e_log_sweep,param_56_rep_1,/scratch/n/N.Pfaffenzeller/nikolas_nethive/nethive_multiverse/results/test_runs/10b10t15c500e_log_sweep/data/param_56_rep_1,/scratch/n/N.Pfaffenzeller/nikolas_nethive/nethive_multiverse/results/test_runs/10b10t15c500e_log_sweep/data/param_56_rep_1/event_log.csv,/scratch/n/N.Pfaffenzeller/nikolas_nethive/nethive_multiverse/results/test_runs/10b10t15c500e_log_sweep/data/param_56_rep_1/config.json
32,1000,"[0,1]","[""task_1"",""task_2"",""task_3"",""task_4"",""task_5"",""task_6"",""task_7"",""task_8"",""task_9"",""task_10""]",0.01,10,5.0,100,1.0e-5,10,15,10,15,500,50,100,1,10,56,1,0.1,time_out,242605822,2,817.35,2025-12-14T15:43:13.334,0,242605822,true,true,"[0.01,0.05]",10,10,10,500.0006076504584,0.16263605787329033,0.2251477580378854,0.02266666666666667,0.26146666666666674,0.02266666666666667,,,,,,,/scratch/n/N.Pfaffenzeller/nikolas_nethive/nethive_multiverse/results/test_runs/10b10t15c500e_log_sweep,param_56_rep_2,/scratch/n/N.Pfaffenzeller/nikolas_nethive/nethive_multiverse/results/test_runs/10b10t15c500e_log_sweep/data/param_56_rep_2,/scratch/n/N.Pfaffenzeller/nikolas_nethive/nethive_multiverse/results/test_runs/10b10t15c500e_log_sweep/data/param_56_rep_2/event_log.csv,/scratch/n/N.Pfaffenzeller/nikolas_nethive/nethive_multiverse/results/test_runs/10b10t15c500e_log_sweep/data/param_56_rep_2/config.json
32,1000,"[0,1]","[""task_1"",""task_2"",""task_3"",""task_4"",""task_5"",""task_6"",""task_7"",""task_8"",""task_9"",""task_10""]",0.01,10,5.0,100,1.0e-5,10,15,10,15,500,50,100,1,10,56,1,0.1,time_out,242605823,3,755.55,2025-12-14T15:43:09.534,0,242605823,true,true,"[0.01,0.05]",10,10,10,500.0105664532694,0.17340145517784553,0.2863853571474529,0.0,0.26213333333333333,0.0,,,,,,,/scratch/n/N.Pfaffenzeller/nikolas_nethive/nethive_multiverse/results/test_runs/10b10t15c500e_log_sweep,param_56_rep_3,/scratch/n/N.Pfaffenzeller/nikolas_nethive/nethive_multiverse/results/test_runs/10b10t15c500e_log_sweep/data/param_56_rep_3,/scratch/n/N.Pfaffenzeller/nikolas_nethive/nethive_multiverse/results/test_runs/10b10t15c500e_log_sweep/data/param_56_rep_3/event_log.csv,/scratch/n/N.Pfaffenzeller/nikolas_nethive/nethive_multiverse/results/test_runs/10b10t15c500e_log_sweep/data/param_56_rep_3/config.json
32,1000,"[0,1]","[""task_1"",""task_2"",""task_3"",""task_4"",""task_5"",""task_6"",""task_7"",""task_8"",""task_9"",""task_10""]",0.05,10,5.0,100,1.0e-5,10,15,10,15,500,50,100,1,10,57,1,0.1,time_out,242606821,1,1693.3,2025-12-14T15:43:56.542,0,242606821,true,true,"[0.01,0.05]",10,10,10,500.0104345443337,0.131821070066558,0.23674883489733692,0.012,0.24306666666666663,0.012,,,,,,,/scratch/n/N.Pfaffenzeller/nikolas_nethive/nethive_multiverse/results/test_runs/10b10t15c500e_log_sweep,param_57_rep_1,/scratch/n/N.Pfaffenzeller/nikolas_nethive/nethive_multiverse/results/test_runs/10b10t15c500e_log_sweep/data/param_57_rep_1,/scratch/n/N.Pfaffenzeller/nikolas_nethive/nethive_multiverse/results/test_runs/10b10t15c500e_log_sweep/data/param_57_rep_1/event_log.csv,/scratch/n/N.Pfaffenzeller/nikolas_nethive/nethive_multiverse/results/test_runs/10b10t15c500e_log_sweep/data/param_57_rep_1/config.json
32,1000,"[0,1]","[""task_1"",""task_2"",""task_3"",""task_4"",""task_5"",""task_6"",""task_7"",""task_8"",""task_9"",""task_10""]",0.05,10,5.0,100,1.0e-5,10,15,10,15,500,50,100,1,10,57,1,0.1,time_out,242606822,2,802.58,2025-12-14T15:43:43.766,0,242606822,true,true,"[0.01,0.05]",10,10,10,500.0020789019246,0.19355759487351704,0.23868084124054345,0.02,0.27093333333333336,0.013333333333333334,,,,,,,/scratch/n/N.Pfaffenzeller/nikolas_nethive/nethive_multiverse/results/test_runs/10b10t15c500e_log_sweep,param_57_rep_2,/scratch/n/N.Pfaffenzeller/nikolas_nethive/nethive_multiverse/results/test_runs/10b10t15c500e_log_sweep/data/param_57_rep_2,/scratch/n/N.Pfaffenzeller/nikolas_nethive/nethive_multiverse/results/test_runs/10b10t15c500e_log_sweep/data/param_57_rep_2/event_log.csv,/scratch/n/N.Pfaffenzeller/nikolas_nethive/nethive_multiverse/results/test_runs/10b10t15c500e_log_sweep/data/param_57_rep_2/config.json
32,1000,"[0,1]","[""task_1"",""task_2"",""task_3"",""task_4"",""task_5"",""task_6"",""task_7"",""task_8"",""task_9"",""task_10""]",0.05,10,5.0,100,1.0e-5,10,15,10,15,500,50,100,1,10,57,1,0.1,time_out,242606823,3,806.06,2025-12-14T15:44:14.010,0,242606823,true,true,"[0.01,0.05]",10,10,10,500.00336486772926,0.18569499796040753,0.23629125315918928,0.02,0.2853333333333333,0.02,,,,,,,/scratch/n/N.Pfaffenzeller/nikolas_nethive/nethive_multiverse/results/test_runs/10b10t15c500e_log_sweep,param_57_rep_3,/scratch/n/N.Pfaffenzeller/nikolas_nethive/nethive_multiverse/results/test_runs/10b10t15c500e_log_sweep/data/param_57_rep_3,/scratch/n/N.Pfaffenzeller/nikolas_nethive/nethive_multiverse/results/test_runs/10b10t15c500e_log_sweep/data/param_57_rep_3/event_log.csv,/scratch/n/N.Pfaffenzeller/nikolas_nethive/nethive_multiverse/results/test_runs/10b10t15c500e_log_sweep/data/param_57_rep_3/config.json
32,1000,"[0,1]","[""task_1"",""task_2"",""task_3"",""task_4"",""task_5"",""task_6"",""task_7"",""task_8"",""task_9"",""task_10""]",0.1,10,5.0,100,1.0e-5,10,15,10,15,500,50,100,1,10,58,1,0.1,time_out,242607821,1,803.7,2025-12-14T15:44:23.993,0,242607821,true,true,"[0.01,0.05]",10,10,10,500.00296537076724,0.16593619177022378,0.19177783163520598,0.024,0.24186666666666667,0.024,,,,,,,/scratch/n/N.Pfaffenzeller/nikolas_nethive/nethive_multiverse/results/test_runs/10b10t15c500e_log_sweep,param_58_rep_1,/scratch/n/N.Pfaffenzeller/nikolas_nethive/nethive_multiverse/results/test_runs/10b10t15c500e_log_sweep/data/param_58_rep_1,/scratch/n/N.Pfaffenzeller/nikolas_nethive/nethive_multiverse/results/test_runs/10b10t15c500e_log_sweep/data/param_58_rep_1/event_log.csv,/scratch/n/N.Pfaffenzeller/nikolas_nethive/nethive_multiverse/results/test_runs/10b10t15c500e_log_sweep/data/param_58_rep_1/config.json
32,1000,"[0,1]","[""task_1"",""task_2"",""task_3"",""task_4"",""task_5"",""task_6"",""task_7"",""task_8"",""task_9"",""task_10""]",0.1,10,5.0,100,1.0e-5,10,15,10,15,500,50,100,1,10,58,1,0.1,time_out,242607822,2,804.54,2025-12-14T15:44:34.096,0,242607822,true,true,"[0.01,0.05]",10,10,10,500.0147351509686,0.29521209192532427,0.3110835338341787,0.008,0.30946666666666667,0.008,,,,,,,/scratch/n/N.Pfaffenzeller/nikolas_nethive/nethive_multiverse/results/test_runs/10b10t15c500e_log_sweep,param_58_rep_2,/scratch/n/N.Pfaffenzeller/nikolas_nethive/nethive_multiverse/results/test_runs/10b10t15c500e_log_sweep/data/param_58_rep_2,/scratch/n/N.Pfaffenzeller/nikolas_nethive/nethive_multiverse/results/test_runs/10b10t15c500e_log_sweep/data/param_58_rep_2/event_log.csv,/scratch/n/N.Pfaffenzeller/nikolas_nethive/nethive_multiverse/results/test_runs/10b10t15c500e_log_sweep/data/param_58_rep_2/config.json
32,1000,"[0,1]","[""task_1"",""task_2"",""task_3"",""task_4"",""task_5"",""task_6"",""task_7"",""task_8"",""task_9"",""task_10""]",0.1,10,5.0,100,1.0e-5,10,15,10,15,500,50,100,1,10,58,1,0.1,time_out,242607823,3,816.83,2025-12-14T15:44:53.934,0,242607823,true,true,"[0.01,0.05]",10,10,10,500.00818129705584,0.13791533459203334,0.23088349341998365,0.02666666666666667,0.24413333333333337,0.02666666666666667,,,,,,,/scratch/n/N.Pfaffenzeller/nikolas_nethive/nethive_multiverse/results/test_runs/10b10t15c500e_log_sweep,param_58_rep_3,/scratch/n/N.Pfaffenzeller/nikolas_nethive/nethive_multiverse/results/test_runs/10b10t15c500e_log_sweep/data/param_58_rep_3,/scratch/n/N.Pfaffenzeller/nikolas_nethive/nethive_multiverse/results/test_runs/10b10t15c500e_log_sweep/data/param_58_rep_3/event_log.csv,/scratch/n/N.Pfaffenzeller/nikolas_nethive/nethive_multiverse/results/test_runs/10b10t15c500e_log_sweep/data/param_58_rep_3/config.json
32,1000,"[0,1]","[""task_1"",""task_2"",""task_3"",""task_4"",""task_5"",""task_6"",""task_7"",""task_8"",""task_9"",""task_10""]",0.5,10,5.0,100,1.0e-5,10,15,10,15,500,50,100,1,10,59,1,0.1,time_out,242608821,1,662.8,2025-12-14T15:44:31.124,0,242608821,true,true,"[0.01,0.05]",10,10,10,500.01751568752513,0.16220069872265105,0.1908573938889273,0.068,0.2837333333333333,0.068,,,,,,,/scratch/n/N.Pfaffenzeller/nikolas_nethive/nethive_multiverse/results/test_runs/10b10t15c500e_log_sweep,param_59_rep_1,/scratch/n/N.Pfaffenzeller/nikolas_nethive/nethive_multiverse/results/test_runs/10b10t15c500e_log_sweep/data/param_59_rep_1,/scratch/n/N.Pfaffenzeller/nikolas_nethive/nethive_multiverse/results/test_runs/10b10t15c500e_log_sweep/data/param_59_rep_1/event_log.csv,/scratch/n/N.Pfaffenzeller/nikolas_nethive/nethive_multiverse/results/test_runs/10b10t15c500e_log_sweep/data/param_59_rep_1/config.json
32,1000,"[0,1]","[""task_1"",""task_2"",""task_3"",""task_4"",""task_5"",""task_6"",""task_7"",""task_8"",""task_9"",""task_10""]",0.5,10,5.0,100,1.0e-5,10,15,10,15,500,50,100,1,10,59,1,0.1,time_out,242608822,2,716.31,2025-12-14T15:44:43.961,0,242608822,true,true,"[0.01,0.05]",10,10,10,500.00055680139747,0.14712778727572307,0.19489130729227133,0.04933333333333333,0.2916,0.04933333333333333,,,,,,,/scratch/n/N.Pfaffenzeller/nikolas_nethive/nethive_multiverse/results/test_runs/10b10t15c500e_log_sweep,param_59_rep_2,/scratch/n/N.Pfaffenzeller/nikolas_nethive/nethive_multiverse/results/test_runs/10b10t15c500e_log_sweep/data/param_59_rep_2,/scratch/n/N.Pfaffenzeller/nikolas_nethive/nethive_multiverse/results/test_runs/10b10t15c500e_log_sweep/data/param_59_rep_2/event_log.csv,/scratch/n/N.Pfaffenzeller/nikolas_nethive/nethive_multiverse/results/test_runs/10b10t15c500e_log_sweep/data/param_59_rep_2/config.json
32,1000,"[0,1]","[""task_1"",""task_2"",""task_3"",""task_4"",""task_5"",""task_6"",""task_7"",""task_8"",""task_9"",""task_10""]",0.5,10,5.0,100,1.0e-5,10,15,10,15,500,50,100,1,10,59,1,0.1,time_out,242608823,3,1420.95,2025-12-14T15:45:21.192,0,242608823,true,true,"[0.01,0.05]",10,10,10,500.0066906574185,0.16759165723151317,0.2162320891756274,0.096,0.34613333333333335,0.07333333333333333,,,,,,,/scratch/n/N.Pfaffenzeller/nikolas_nethive/nethive_multiverse/results/test_runs/10b10t15c500e_log_sweep,param_59_rep_3,/scratch/n/N.Pfaffenzeller/nikolas_nethive/nethive_multiverse/results/test_runs/10b10t15c500e_log_sweep/data/param_59_rep_3,/scratch/n/N.Pfaffenzeller/nikolas_nethive/nethive_multiverse/results/test_runs/10b10t15c500e_log_sweep/data/param_59_rep_3/event_log.csv,/scratch/n/N.Pfaffenzeller/nikolas_nethive/nethive_multiverse/results/test_runs/10b10t15c500e_log_sweep/data/param_59_rep_3/config.json
32,1000,"[0,1]","[""task_1"",""task_2"",""task_3"",""task_4"",""task_5"",""task_6"",""task_7"",""task_8"",""task_9"",""task_10""]",1.0,10,0.01,100,1.0e-5,10,15,10,15,500,50,100,1,10,5,1,0.1,time_out,242554821,1,706.83,2025-12-14T15:17:42.437,0,242554821,true,true,"[0.01,0.05]",10,10,10,500.0025219295833,0.19143914499656697,0.24677268553814685,0.016,0.22800000000000004,0.016,,,,,,,/scratch/n/N.Pfaffenzeller/nikolas_nethive/nethive_multiverse/results/test_runs/10b10t15c500e_log_sweep,param_5_rep_1,/scratch/n/N.Pfaffenzeller/nikolas_nethive/nethive_multiverse/results/test_runs/10b10t15c500e_log_sweep/data/param_5_rep_1,/scratch/n/N.Pfaffenzeller/nikolas_nethive/nethive_multiverse/results/test_runs/10b10t15c500e_log_sweep/data/param_5_rep_1/event_log.csv,/scratch/n/N.Pfaffenzeller/nikolas_nethive/nethive_multiverse/results/test_runs/10b10t15c500e_log_sweep/data/param_5_rep_1/config.json
32,1000,"[0,1]","[""task_1"",""task_2"",""task_3"",""task_4"",""task_5"",""task_6"",""task_7"",""task_8"",""task_9"",""task_10""]",1.0,10,0.01,100,1.0e-5,10,15,10,15,500,50,100,1,10,5,1,0.1,time_out,242554822,2,718.28,2025-12-14T15:18:25.188,0,242554822,true,true,"[0.01,0.05]",10,10,10,500.004810425477,0.2182544483621403,0.29932776413543793,0.008,0.20026666666666665,0.008,,,,,,,/scratch/n/N.Pfaffenzeller/nikolas_nethive/nethive_multiverse/results/test_runs/10b10t15c500e_log_sweep,param_5_rep_2,/scratch/n/N.Pfaffenzeller/nikolas_nethive/nethive_multiverse/results/test_runs/10b10t15c500e_log_sweep/data/param_5_rep_2,/scratch/n/N.Pfaffenzeller/nikolas_nethive/nethive_multiverse/results/test_runs/10b10t15c500e_log_sweep/data/param_5_rep_2/event_log.csv,/scratch/n/N.Pfaffenzeller/nikolas_nethive/nethive_multiverse/results/test_runs/10b10t15c500e_log_sweep/data/param_5_rep_2/config.json
32,1000,"[0,1]","[""task_1"",""task_2"",""task_3"",""task_4"",""task_5"",""task_6"",""task_7"",""task_8"",""task_9"",""task_10""]",1.0,10,0.01,100,1.0e-5,10,15,10,15,500,50,100,1,10,5,1,0.1,time_out,242554823,3,718.4,2025-12-14T15:18:35.396,0,242554823,true,true,"[0.01,0.05]",10,10,10,500.0064186820676,0.21412157050219038,0.23744331188206366,0.04666666666666667,0.28146666666666664,0.04666666666666667,,,,,,,/scratch/n/N.Pfaffenzeller/nikolas_nethive/nethive_multiverse/results/test_runs/10b10t15c500e_log_sweep,param_5_rep_3,/scratch/n/N.Pfaffenzeller/nikolas_nethive/nethive_multiverse/results/test_runs/10b10t15c500e_log_sweep/data/param_5_rep_3,/scratch/n/N.Pfaffenzeller/nikolas_nethive/nethive_multiverse/results/test_runs/10b10t15c500e_log_sweep/data/param_5_rep_3/event_log.csv,/scratch/n/N.Pfaffenzeller/nikolas_nethive/nethive_multiverse/results/test_runs/10b10t15c500e_log_sweep/data/param_5_rep_3/config.json
32,1000,"[0,1]","[""task_1"",""task_2"",""task_3"",""task_4"",""task_5"",""task_6"",""task_7"",""task_8"",""task_9"",""task_10""]",1.0,10,5.0,100,1.0e-5,10,15,10,15,500,50,100,1,10,60,1,0.1,time_out,242609821,1,613.98,2025-12-14T15:45:01.134,0,242609821,true,true,"[0.01,0.05]",10,10,10,500.01092448867087,0.13393819119399272,0.15791283768958425,0.08533333333333333,0.2982666666666667,0.08533333333333333,,,,,,,/scratch/n/N.Pfaffenzeller/nikolas_nethive/nethive_multiverse/results/test_runs/10b10t15c500e_log_sweep,param_60_rep_1,/scratch/n/N.Pfaffenzeller/nikolas_nethive/nethive_multiverse/results/test_runs/10b10t15c500e_log_sweep/data/param_60_rep_1,/scratch/n/N.Pfaffenzeller/nikolas_nethive/nethive_multiverse/results/test_runs/10b10t15c500e_log_sweep/data/param_60_rep_1/event_log.csv,/scratch/n/N.Pfaffenzeller/nikolas_nethive/nethive_multiverse/results/test_runs/10b10t15c500e_log_sweep/data/param_60_rep_1/config.json
32,1000,"[0,1]","[""task_1"",""task_2"",""task_3"",""task_4"",""task_5"",""task_6"",""task_7"",""task_8"",""task_9"",""task_10""]",1.0,10,5.0,100,1.0e-5,10,15,10,15,500,50,100,1,10,60,1,0.1,time_out,242609822,2,659.95,2025-12-14T15:45:14.740,0,242609822,true,true,"[0.01,0.05]",10,10,10,500.0064034717706,0.16640785305812122,0.1849565553262699,0.136,0.3508,0.11866666666666667,,,,,,,/scratch/n/N.Pfaffenzeller/nikolas_nethive/nethive_multiverse/results/test_runs/10b10t15c500e_log_sweep,param_60_rep_2,/scratch/n/N.Pfaffenzeller/nikolas_nethive/nethive_multiverse/results/test_runs/10b10t15c500e_log_sweep/data/param_60_rep_2,/scratch/n/N.Pfaffenzeller/nikolas_nethive/nethive_multiverse/results/test_runs/10b10t15c500e_log_sweep/data/param_60_rep_2/event_log.csv,/scratch/n/N.Pfaffenzeller/nikolas_nethive/nethive_multiverse/results/test_runs/10b10t15c500e_log_sweep/data/param_60_rep_2/config.json
32,1000,"[0,1]","[""task_1"",""task_2"",""task_3"",""task_4"",""task_5"",""task_6"",""task_7"",""task_8"",""task_9"",""task_10""]",1.0,10,5.0,100,1.0e-5,10,15,10,15,500,50,100,1,10,60,1,0.1,time_out,242609823,3,592.72,2025-12-14T15:45:02.237,0,242609823,true,true,"[0.01,0.05]",10,10,10,500.0118744538816,0.23821552294958712,0.26424531901283127,0.11733333333333333,0.4350666666666666,0.11733333333333333,,,,,,,/scratch/n/N.Pfaffenzeller/nikolas_nethive/nethive_multiverse/results/test_runs/10b10t15c500e_log_sweep,param_60_rep_3,/scratch/n/N.Pfaffenzeller/nikolas_nethive/nethive_multiverse/results/test_runs/10b10t15c500e_log_sweep/data/param_60_rep_3,/scratch/n/N.Pfaffenzeller/nikolas_nethive/nethive_multiverse/results/test_runs/10b10t15c500e_log_sweep/data/param_60_rep_3/event_log.csv,/scratch/n/N.Pfaffenzeller/nikolas_nethive/nethive_multiverse/results/test_runs/10b10t15c500e_log_sweep/data/param_60_rep_3/config.json
32,1000,"[0,1]","[""task_1"",""task_2"",""task_3"",""task_4"",""task_5"",""task_6"",""task_7"",""task_8"",""task_9"",""task_10""]",5.0,10,5.0,100,1.0e-5,10,15,10,15,500,50,100,1,10,61,1,0.1,time_out,242610821,1,952.73,2025-12-14T15:45:42.480,0,242610821,true,true,"[0.01,0.05]",10,10,10,500.00352626951263,0.5769145637666233,0.5707343307324356,0.464,0.7192000000000001,0.464,,,,,,,/scratch/n/N.Pfaffenzeller/nikolas_nethive/nethive_multiverse/results/test_runs/10b10t15c500e_log_sweep,param_61_rep_1,/scratch/n/N.Pfaffenzeller/nikolas_nethive/nethive_multiverse/results/test_runs/10b10t15c500e_log_sweep/data/param_61_rep_1,/scratch/n/N.Pfaffenzeller/nikolas_nethive/nethive_multiverse/results/test_runs/10b10t15c500e_log_sweep/data/param_61_rep_1/event_log.csv,/scratch/n/N.Pfaffenzeller/nikolas_nethive/nethive_multiverse/results/test_runs/10b10t15c500e_log_sweep/data/param_61_rep_1/config.json
32,1000,"[0,1]","[""task_1"",""task_2"",""task_3"",""task_4"",""task_5"",""task_6"",""task_7"",""task_8"",""task_9"",""task_10""]",5.0,10,5.0,100,1.0e-5,10,15,10,15,500,50,100,1,10,61,1,0.1,time_out,242610822,2,941.09,2025-12-14T15:45:40.452,0,242610822,true,true,"[0.01,0.05]",10,10,10,500.0104038535204,0.5521077172088031,0.5495725019142401,0.6346666666666667,0.7345333333333335,0.6346666666666667,,,,,,,/scratch/n/N.Pfaffenzeller/nikolas_nethive/nethive_multiverse/results/test_runs/10b10t15c500e_log_sweep,param_61_rep_2,/scratch/n/N.Pfaffenzeller/nikolas_nethive/nethive_multiverse/results/test_runs/10b10t15c500e_log_sweep/data/param_61_rep_2,/scratch/n/N.Pfaffenzeller/nikolas_nethive/nethive_multiverse/results/test_runs/10b10t15c500e_log_sweep/data/param_61_rep_2/event_log.csv,/scratch/n/N.Pfaffenzeller/nikolas_nethive/nethive_multiverse/results/test_runs/10b10t15c500e_log_sweep/data/param_61_rep_2/config.json
32,1000,"[0,1]","[""task_1"",""task_2"",""task_3"",""task_4"",""task_5"",""task_6"",""task_7"",""task_8"",""task_9"",""task_10""]",5.0,10,5.0,100,1.0e-5,10,15,10,15,500,50,100,1,10,61,1,0.1,time_out,242610823,3,423.38,2025-12-14T15:45:31.297,0,242610823,true,true,"[0.01,0.05]",10,10,10,500.0035470418351,0.6413548100061942,0.6354525080876261,0.5986666666666667,0.7980000000000002,0.5986666666666667,,,,,,,/scratch/n/N.Pfaffenzeller/nikolas_nethive/nethive_multiverse/results/test_runs/10b10t15c500e_log_sweep,param_61_rep_3,/scratch/n/N.Pfaffenzeller/nikolas_nethive/nethive_multiverse/results/test_runs/10b10t15c500e_log_sweep/data/param_61_rep_3,/scratch/n/N.Pfaffenzeller/nikolas_nethive/nethive_multiverse/results/test_runs/10b10t15c500e_log_sweep/data/param_61_rep_3/event_log.csv,/scratch/n/N.Pfaffenzeller/nikolas_nethive/nethive_multiverse/results/test_runs/10b10t15c500e_log_sweep/data/param_61_rep_3/config.json
32,1000,"[0,1]","[""task_1"",""task_2"",""task_3"",""task_4"",""task_5"",""task_6"",""task_7"",""task_8"",""task_9"",""task_10""]",10.0,10,5.0,100,1.0e-5,10,15,10,15,500,50,100,1,10,62,1,0.1,time_out,242611821,1,368.46,2025-12-14T15:45:30.512,0,242611821,true,true,"[0.01,0.05]",10,10,10,500.0018876966721,0.7239870143877348,0.7176528510954884,0.7066666666666667,0.8464,0.7066666666666667,325.48678345261266,0.7351296959425404,0.7317559090281576,,,,/scratch/n/N.Pfaffenzeller/nikolas_nethive/nethive_multiverse/results/test_runs/10b10t15c500e_log_sweep,param_62_rep_1,/scratch/n/N.Pfaffenzeller/nikolas_nethive/nethive_multiverse/results/test_runs/10b10t15c500e_log_sweep/data/param_62_rep_1,/scratch/n/N.Pfaffenzeller/nikolas_nethive/nethive_multiverse/results/test_runs/10b10t15c500e_log_sweep/data/param_62_rep_1/event_log.csv,/scratch/n/N.Pfaffenzeller/nikolas_nethive/nethive_multiverse/results/test_runs/10b10t15c500e_log_sweep/data/param_62_rep_1/config.json
32,1000,"[0,1]","[""task_1"",""task_2"",""task_3"",""task_4"",""task_5"",""task_6"",""task_7"",""task_8"",""task_9"",""task_10""]",10.0,10,5.0,100,1.0e-5,10,15,10,15,500,50,100,1,10,62,1,0.1,time_out,242611822,2,388.89,2025-12-14T15:45:41.762,0,242611822,true,true,"[0.01,0.05]",10,10,10,500.00786141095756,0.8239217159777787,0.8221937587089135,0.76,0.9041333333333335,0.76,490.4819147408811,0.8128454060277658,0.8069589002893798,,,,/scratch/n/N.Pfaffenzeller/nikolas_nethive/nethive_multiverse/results/test_runs/10b10t15c500e_log_sweep,param_62_rep_2,/scratch/n/N.Pfaffenzeller/nikolas_nethive/nethive_multiverse/results/test_runs/10b10t15c500e_log_sweep/data/param_62_rep_2,/scratch/n/N.Pfaffenzeller/nikolas_nethive/nethive_multiverse/results/test_runs/10b10t15c500e_log_sweep/data/param_62_rep_2/event_log.csv,/scratch/n/N.Pfaffenzeller/nikolas_nethive/nethive_multiverse/results/test_runs/10b10t15c500e_log_sweep/data/param_62_rep_2/config.json
32,1000,"[0,1]","[""task_1"",""task_2"",""task_3"",""task_4"",""task_5"",""task_6"",""task_7"",""task_8"",""task_9"",""task_10""]",10.0,10,5.0,100,1.0e-5,10,15,10,15,500,50,100,1,10,62,1,0.1,time_out,242611823,3,376.45,2025-12-14T15:46:01.541,0,242611823,true,true,"[0.01,0.05]",10,10,10,500.00391384234064,0.6388741568310663,0.6445446932601808,0.38266666666666665,0.7737333333333333,0.14666666666666667,,,,,,,/scratch/n/N.Pfaffenzeller/nikolas_nethive/nethive_multiverse/results/test_runs/10b10t15c500e_log_sweep,param_62_rep_3,/scratch/n/N.Pfaffenzeller/nikolas_nethive/nethive_multiverse/results/test_runs/10b10t15c500e_log_sweep/data/param_62_rep_3,/scratch/n/N.Pfaffenzeller/nikolas_nethive/nethive_multiverse/results/test_runs/10b10t15c500e_log_sweep/data/param_62_rep_3/event_log.csv,/scratch/n/N.Pfaffenzeller/nikolas_nethive/nethive_multiverse/results/test_runs/10b10t15c500e_log_sweep/data/param_62_rep_3/config.json
32,1000,"[0,1]","[""task_1"",""task_2"",""task_3"",""task_4"",""task_5"",""task_6"",""task_7"",""task_8"",""task_9"",""task_10""]",50.0,10,5.0,100,1.0e-5,10,15,10,15,500,50,100,1,10,63,1,0.1,time_out,242612821,1,293.47,2025-12-14T15:47:11.587,0,242612821,true,true,"[0.01,0.05]",10,10,10,500.0089936543977,0.6876302826223448,0.711008268753158,0.16533333333333333,0.7906666666666666,0.13333333333333333,,,,,,,/scratch/n/N.Pfaffenzeller/nikolas_nethive/nethive_multiverse/results/test_runs/10b10t15c500e_log_sweep,param_63_rep_1,/scratch/n/N.Pfaffenzeller/nikolas_nethive/nethive_multiverse/results/test_runs/10b10t15c500e_log_sweep/data/param_63_rep_1,/scratch/n/N.Pfaffenzeller/nikolas_nethive/nethive_multiverse/results/test_runs/10b10t15c500e_log_sweep/data/param_63_rep_1/event_log.csv,/scratch/n/N.Pfaffenzeller/nikolas_nethive/nethive_multiverse/results/test_runs/10b10t15c500e_log_sweep/data/param_63_rep_1/config.json
32,1000,"[0,1]","[""task_1"",""task_2"",""task_3"",""task_4"",""task_5"",""task_6"",""task_7"",""task_8"",""task_9"",""task_10""]",50.0,10,5.0,100,1.0e-5,10,15,10,15,500,50,100,1,10,63,1,0.1,time_out,242612822,2,560.12,2025-12-14T15:47:41.276,0,242612822,true,true,"[0.01,0.05]",10,10,10,500.0088646164097,0.8330916624364375,0.8324808047453697,0.5333333333333333,0.8882666666666668,0.5333333333333333,,,,,,,/scratch/n/N.Pfaffenzeller/nikolas_nethive/nethive_multiverse/results/test_runs/10b10t15c500e_log_sweep,param_63_rep_2,/scratch/n/N.Pfaffenzeller/nikolas_nethive/nethive_multiverse/results/test_runs/10b10t15c500e_log_sweep/data/param_63_rep_2,/scratch/n/N.Pfaffenzeller/nikolas_nethive/nethive_multiverse/results/test_runs/10b10t15c500e_log_sweep/data/param_63_rep_2/event_log.csv,/scratch/n/N.Pfaffenzeller/nikolas_nethive/nethive_multiverse/results/test_runs/10b10t15c500e_log_sweep/data/param_63_rep_2/config.json
32,1000,"[0,1]","[""task_1"",""task_2"",""task_3"",""task_4"",""task_5"",""task_6"",""task_7"",""task_8"",""task_9"",""task_10""]",50.0,10,5.0,100,1.0e-5,10,15,10,15,500,50,100,1,10,63,1,0.1,time_out,242612823,3,609.53,2025-12-14T15:47:53.364,0,242612823,true,true,"[0.01,0.05]",10,10,10,500.00023262878415,0.6167816869536356,0.6178460598113344,0.2853333333333333,0.7116,0.068,,,,,,,/scratch/n/N.Pfaffenzeller/nikolas_nethive/nethive_multiverse/results/test_runs/10b10t15c500e_log_sweep,param_63_rep_3,/scratch/n/N.Pfaffenzeller/nikolas_nethive/nethive_multiverse/results/test_runs/10b10t15c500e_log_sweep/data/param_63_rep_3,/scratch/n/N.Pfaffenzeller/nikolas_nethive/nethive_multiverse/results/test_runs/10b10t15c500e_log_sweep/data/param_63_rep_3/event_log.csv,/scratch/n/N.Pfaffenzeller/nikolas_nethive/nethive_multiverse/results/test_runs/10b10t15c500e_log_sweep/data/param_63_rep_3/config.json
32,1000,"[0,1]","[""task_1"",""task_2"",""task_3"",""task_4"",""task_5"",""task_6"",""task_7"",""task_8"",""task_9"",""task_10""]",100.0,10,5.0,100,1.0e-5,10,15,10,15,500,50,100,1,10,64,1,0.1,time_out,242613821,1,261.11,2025-12-14T15:47:41.551,0,242613821,true,true,"[0.01,0.05]",10,10,10,500.0145969518054,0.7982248123996883,0.8191224058951546,0.06933333333333333,0.8558666666666666,0.06933333333333333,,,,,,,/scratch/n/N.Pfaffenzeller/nikolas_nethive/nethive_multiverse/results/test_runs/10b10t15c500e_log_sweep,param_64_rep_1,/scratch/n/N.Pfaffenzeller/nikolas_nethive/nethive_multiverse/results/test_runs/10b10t15c500e_log_sweep/data/param_64_rep_1,/scratch/n/N.Pfaffenzeller/nikolas_nethive/nethive_multiverse/results/test_runs/10b10t15c500e_log_sweep/data/param_64_rep_1/event_log.csv,/scratch/n/N.Pfaffenzeller/nikolas_nethive/nethive_multiverse/results/test_runs/10b10t15c500e_log_sweep/data/param_64_rep_1/config.json
32,1000,"[0,1]","[""task_1"",""task_2"",""task_3"",""task_4"",""task_5"",""task_6"",""task_7"",""task_8"",""task_9"",""task_10""]",100.0,10,5.0,100,1.0e-5,10,15,10,15,500,50,100,1,10,64,1,0.1,time_out,242613822,2,256.73,2025-12-14T15:47:44.815,0,242613822,true,true,"[0.01,0.05]",10,10,10,500.0208698613465,0.898902426679323,0.8956051379641776,0.9053333333333333,0.9398666666666665,0.9053333333333333,244.1507618264281,0.8765074701973484,0.8713690991935087,273.4335344985746,0.898902426679323,0.8956051379641776,/scratch/n/N.Pfaffenzeller/nikolas_nethive/nethive_multiverse/results/test_runs/10b10t15c500e_log_sweep,param_64_rep_2,/scratch/n/N.Pfaffenzeller/nikolas_nethive/nethive_multiverse/results/test_runs/10b10t15c500e_log_sweep/data/param_64_rep_2,/scratch/n/N.Pfaffenzeller/nikolas_nethive/nethive_multiverse/results/test_runs/10b10t15c500e_log_sweep/data/param_64_rep_2/event_log.csv,/scratch/n/N.Pfaffenzeller/nikolas_nethive/nethive_multiverse/results/test_runs/10b10t15c500e_log_sweep/data/param_64_rep_2/config.json
32,1000,"[0,1]","[""task_1"",""task_2"",""task_3"",""task_4"",""task_5"",""task_6"",""task_7"",""task_8"",""task_9"",""task_10""]",100.0,10,5.0,100,1.0e-5,10,15,10,15,500,50,100,1,10,64,1,0.1,time_out,242613823,3,518.95,2025-12-14T15:48:33.292,0,242613823,true,true,"[0.01,0.05]",10,10,10,500.00578483900057,0.7276771056106803,0.7303480302132482,0.38266666666666665,0.8121333333333334,0.08533333333333333,,,,,,,/scratch/n/N.Pfaffenzeller/nikolas_nethive/nethive_multiverse/results/test_runs/10b10t15c500e_log_sweep,param_64_rep_3,/scratch/n/N.Pfaffenzeller/nikolas_nethive/nethive_multiverse/results/test_runs/10b10t15c500e_log_sweep/data/param_64_rep_3,/scratch/n/N.Pfaffenzeller/nikolas_nethive/nethive_multiverse/results/test_runs/10b10t15c500e_log_sweep/data/param_64_rep_3/event_log.csv,/scratch/n/N.Pfaffenzeller/nikolas_nethive/nethive_multiverse/results/test_runs/10b10t15c500e_log_sweep/data/param_64_rep_3/config.json
32,1000,"[0,1]","[""task_1"",""task_2"",""task_3"",""task_4"",""task_5"",""task_6"",""task_7"",""task_8"",""task_9"",""task_10""]",500.0,10,5.0,100,1.0e-5,10,15,10,15,500,50,100,1,10,65,1,0.1,time_out,242614821,1,256.53,2025-12-14T15:48:13.427,0,242614821,true,true,"[0.01,0.05]",10,10,10,500.0588300329355,0.6162471114533312,0.6685220588887059,0.2,0.6940000000000001,0.2,,,,,,,/scratch/n/N.Pfaffenzeller/nikolas_nethive/nethive_multiverse/results/test_runs/10b10t15c500e_log_sweep,param_65_rep_1,/scratch/n/N.Pfaffenzeller/nikolas_nethive/nethive_multiverse/results/test_runs/10b10t15c500e_log_sweep/data/param_65_rep_1,/scratch/n/N.Pfaffenzeller/nikolas_nethive/nethive_multiverse/results/test_runs/10b10t15c500e_log_sweep/data/param_65_rep_1/event_log.csv,/scratch/n/N.Pfaffenzeller/nikolas_nethive/nethive_multiverse/results/test_runs/10b10t15c500e_log_sweep/data/param_65_rep_1/config.json
32,1000,"[0,1]","[""task_1"",""task_2"",""task_3"",""task_4"",""task_5"",""task_6"",""task_7"",""task_8"",""task_9"",""task_10""]",500.0,10,5.0,100,1.0e-5,10,15,10,15,500,50,100,1,10,65,1,0.1,time_out,242614822,2,107.86,2025-12-14T15:48:13.774,0,242614822,true,true,"[0.01,0.05]",10,10,10,500.0054247200722,0.7057353463552483,0.7216032330748329,0.21466666666666667,0.7455999999999999,0.092,,,,,,,/scratch/n/N.Pfaffenzeller/nikolas_nethive/nethive_multiverse/results/test_runs/10b10t15c500e_log_sweep,param_65_rep_2,/scratch/n/N.Pfaffenzeller/nikolas_nethive/nethive_multiverse/results/test_runs/10b10t15c500e_log_sweep/data/param_65_rep_2,/scratch/n/N.Pfaffenzeller/nikolas_nethive/nethive_multiverse/results/test_runs/10b10t15c500e_log_sweep/data/param_65_rep_2/event_log.csv,/scratch/n/N.Pfaffenzeller/nikolas_nethive/nethive_multiverse/results/test_runs/10b10t15c500e_log_sweep/data/param_65_rep_2/config.json
32,1000,"[0,1]","[""task_1"",""task_2"",""task_3"",""task_4"",""task_5"",""task_6"",""task_7"",""task_8"",""task_9"",""task_10""]",500.0,10,5.0,100,1.0e-5,10,15,10,15,500,50,100,1,10,65,1,0.1,time_out,242614823,3,119.39,2025-12-14T15:48:03.393,0,242614823,true,true,"[0.01,0.05]",10,10,10,500.02405387657063,0.8121814879468146,0.8173758534616831,0.064,0.8064,0.064,,,,,,,/scratch/n/N.Pfaffenzeller/nikolas_nethive/nethive_multiverse/results/test_runs/10b10t15c500e_log_sweep,param_65_rep_3,/scratch/n/N.Pfaffenzeller/nikolas_nethive/nethive_multiverse/results/test_runs/10b10t15c500e_log_sweep/data/param_65_rep_3,/scratch/n/N.Pfaffenzeller/nikolas_nethive/nethive_multiverse/results/test_runs/10b10t15c500e_log_sweep/data/param_65_rep_3/event_log.csv,/scratch/n/N.Pfaffenzeller/nikolas_nethive/nethive_multiverse/results/test_runs/10b10t15c500e_log_sweep/data/param_65_rep_3/config.json
32,1000,"[0,1]","[""task_1"",""task_2"",""task_3"",""task_4"",""task_5"",""task_6"",""task_7"",""task_8"",""task_9"",""task_10""]",1000.0,10,5.0,100,1.0e-5,10,15,10,15,500,50,100,1,10,66,1,0.1,time_out,242615821,1,120.19,2025-12-14T15:48:22.380,0,242615821,true,true,"[0.01,0.05]",10,10,10,500.0730181598299,0.6081531415717758,0.6356106976381473,0.17066666666666666,0.6588,0.06666666666666667,,,,,,,/scratch/n/N.Pfaffenzeller/nikolas_nethive/nethive_multiverse/results/test_runs/10b10t15c500e_log_sweep,param_66_rep_1,/scratch/n/N.Pfaffenzeller/nikolas_nethive/nethive_multiverse/results/test_runs/10b10t15c500e_log_sweep/data/param_66_rep_1,/scratch/n/N.Pfaffenzeller/nikolas_nethive/nethive_multiverse/results/test_runs/10b10t15c500e_log_sweep/data/param_66_rep_1/event_log.csv,/scratch/n/N.Pfaffenzeller/nikolas_nethive/nethive_multiverse/results/test_runs/10b10t15c500e_log_sweep/data/param_66_rep_1/config.json
32,1000,"[0,1]","[""task_1"",""task_2"",""task_3"",""task_4"",""task_5"",""task_6"",""task_7"",""task_8"",""task_9"",""task_10""]",1000.0,10,5.0,100,1.0e-5,10,15,10,15,500,50,100,1,10,66,1,0.1,time_out,242615822,2,125.88,2025-12-14T15:48:11.938,0,242615822,true,true,"[0.01,0.05]",10,10,10,500.0087717383396,0.686743598995115,0.71640730665582,0.08533333333333333,0.7324,0.08533333333333333,,,,,,,/scratch/n/N.Pfaffenzeller/nikolas_nethive/nethive_multiverse/results/test_runs/10b10t15c500e_log_sweep,param_66_rep_2,/scratch/n/N.Pfaffenzeller/nikolas_nethive/nethive_multiverse/results/test_runs/10b10t15c500e_log_sweep/data/param_66_rep_2,/scratch/n/N.Pfaffenzeller/nikolas_nethive/nethive_multiverse/results/test_runs/10b10t15c500e_log_sweep/data/param_66_rep_2/event_log.csv,/scratch/n/N.Pfaffenzeller/nikolas_nethive/nethive_multiverse/results/test_runs/10b10t15c500e_log_sweep/data/param_66_rep_2/config.json
32,1000,"[0,1]","[""task_1"",""task_2"",""task_3"",""task_4"",""task_5"",""task_6"",""task_7"",""task_8"",""task_9"",""task_10""]",1000.0,10,5.0,100,1.0e-5,10,15,10,15,500,50,100,1,10,66,1,0.1,time_out,242615823,3,119.09,2025-12-14T15:48:43.280,0,242615823,true,true,"[0.01,0.05]",10,10,10,500.01516045110526,0.6497347087692729,0.6949917208840855,0.144,0.7321333333333333,0.13333333333333333,,,,,,,/scratch/n/N.Pfaffenzeller/nikolas_nethive/nethive_multiverse/results/test_runs/10b10t15c500e_log_sweep,param_66_rep_3,/scratch/n/N.Pfaffenzeller/nikolas_nethive/nethive_multiverse/results/test_runs/10b10t15c500e_log_sweep/data/param_66_rep_3,/scratch/n/N.Pfaffenzeller/nikolas_nethive/nethive_multiverse/results/test_runs/10b10t15c500e_log_sweep/data/param_66_rep_3/event_log.csv,/scratch/n/N.Pfaffenzeller/nikolas_nethive/nethive_multiverse/results/test_runs/10b10t15c500e_log_sweep/data/param_66_rep_3/config.json
32,1000,"[0,1]","[""task_1"",""task_2"",""task_3"",""task_4"",""task_5"",""task_6"",""task_7"",""task_8"",""task_9"",""task_10""]",0.01,10,10.0,100,1.0e-5,10,15,10,15,500,50,100,1,10,67,1,0.1,time_out,242616821,1,946.02,2025-12-14T15:49:42.645,0,242616821,true,true,"[0.01,0.05]",10,10,10,500.00176654132616,0.24551813281017482,0.2887674414186033,0.0026666666666666666,0.24386666666666668,0.0026666666666666666,,,,,,,/scratch/n/N.Pfaffenzeller/nikolas_nethive/nethive_multiverse/results/test_runs/10b10t15c500e_log_sweep,param_67_rep_1,/scratch/n/N.Pfaffenzeller/nikolas_nethive/nethive_multiverse/results/test_runs/10b10t15c500e_log_sweep/data/param_67_rep_1,/scratch/n/N.Pfaffenzeller/nikolas_nethive/nethive_multiverse/results/test_runs/10b10t15c500e_log_sweep/data/param_67_rep_1/event_log.csv,/scratch/n/N.Pfaffenzeller/nikolas_nethive/nethive_multiverse/results/test_runs/10b10t15c500e_log_sweep/data/param_67_rep_1/config.json
32,1000,"[0,1]","[""task_1"",""task_2"",""task_3"",""task_4"",""task_5"",""task_6"",""task_7"",""task_8"",""task_9"",""task_10""]",0.01,10,10.0,100,1.0e-5,10,15,10,15,500,50,100,1,10,67,1,0.1,time_out,242616822,2,870.13,2025-12-14T15:49:43.497,0,242616822,true,true,"[0.01,0.05]",10,10,10,500.0041630751656,0.16936740141158613,0.23459050723010125,0.04,0.21213333333333334,0.04,,,,,,,/scratch/n/N.Pfaffenzeller/nikolas_nethive/nethive_multiverse/results/test_runs/10b10t15c500e_log_sweep,param_67_rep_2,/scratch/n/N.Pfaffenzeller/nikolas_nethive/nethive_multiverse/results/test_runs/10b10t15c500e_log_sweep/data/param_67_rep_2,/scratch/n/N.Pfaffenzeller/nikolas_nethive/nethive_multiverse/results/test_runs/10b10t15c500e_log_sweep/data/param_67_rep_2/event_log.csv,/scratch/n/N.Pfaffenzeller/nikolas_nethive/nethive_multiverse/results/test_runs/10b10t15c500e_log_sweep/data/param_67_rep_2/config.json
32,1000,"[0,1]","[""task_1"",""task_2"",""task_3"",""task_4"",""task_5"",""task_6"",""task_7"",""task_8"",""task_9"",""task_10""]",0.01,10,10.0,100,1.0e-5,10,15,10,15,500,50,100,1,10,67,1,0.1,time_out,242616823,3,840.88,2025-12-14T15:50:33.741,0,242616823,true,true,"[0.01,0.05]",10,10,10,500.0135994000868,0.2946749656025672,0.33871133080616656,0.010666666666666666,0.25693333333333335,0.010666666666666666,,,,,,,/scratch/n/N.Pfaffenzeller/nikolas_nethive/nethive_multiverse/results/test_runs/10b10t15c500e_log_sweep,param_67_rep_3,/scratch/n/N.Pfaffenzeller/nikolas_nethive/nethive_multiverse/results/test_runs/10b10t15c500e_log_sweep/data/param_67_rep_3,/scratch/n/N.Pfaffenzeller/nikolas_nethive/nethive_multiverse/results/test_runs/10b10t15c500e_log_sweep/data/param_67_rep_3/event_log.csv,/scratch/n/N.Pfaffenzeller/nikolas_nethive/nethive_multiverse/results/test_runs/10b10t15c500e_log_sweep/data/param_67_rep_3/config.json
32,1000,"[0,1]","[""task_1"",""task_2"",""task_3"",""task_4"",""task_5"",""task_6"",""task_7"",""task_8"",""task_9"",""task_10""]",0.05,10,10.0,100,1.0e-5,10,15,10,15,500,50,100,1,10,68,1,0.1,time_out,242617821,1,877.1,2025-12-14T15:50:34.348,0,242617821,true,true,"[0.01,0.05]",10,10,10,500.01064582928484,0.179874608308959,0.22447134736731283,0.02666666666666667,0.2612,0.02666666666666667,,,,,,,/scratch/n/N.Pfaffenzeller/nikolas_nethive/nethive_multiverse/results/test_runs/10b10t15c500e_log_sweep,param_68_rep_1,/scratch/n/N.Pfaffenzeller/nikolas_nethive/nethive_multiverse/results/test_runs/10b10t15c500e_log_sweep/data/param_68_rep_1,/scratch/n/N.Pfaffenzeller/nikolas_nethive/nethive_multiverse/results/test_runs/10b10t15c500e_log_sweep/data/param_68_rep_1/event_log.csv,/scratch/n/N.Pfaffenzeller/nikolas_nethive/nethive_multiverse/results/test_runs/10b10t15c500e_log_sweep/data/param_68_rep_1/config.json
32,1000,"[0,1]","[""task_1"",""task_2"",""task_3"",""task_4"",""task_5"",""task_6"",""task_7"",""task_8"",""task_9"",""task_10""]",0.05,10,10.0,100,1.0e-5,10,15,10,15,500,50,100,1,10,68,1,0.1,time_out,242617822,2,827.51,2025-12-14T15:51:13.447,0,242617822,true,true,"[0.01,0.05]",10,10,10,500.0017095465266,0.1667618713561061,0.20614042189653986,0.064,0.28053333333333336,0.064,,,,,,,/scratch/n/N.Pfaffenzeller/nikolas_nethive/nethive_multiverse/results/test_runs/10b10t15c500e_log_sweep,param_68_rep_2,/scratch/n/N.Pfaffenzeller/nikolas_nethive/nethive_multiverse/results/test_runs/10b10t15c500e_log_sweep/data/param_68_rep_2,/scratch/n/N.Pfaffenzeller/nikolas_nethive/nethive_multiverse/results/test_runs/10b10t15c500e_log_sweep/data/param_68_rep_2/event_log.csv,/scratch/n/N.Pfaffenzeller/nikolas_nethive/nethive_multiverse/results/test_runs/10b10t15c500e_log_sweep/data/param_68_rep_2/config.json
32,1000,"[0,1]","[""task_1"",""task_2"",""task_3"",""task_4"",""task_5"",""task_6"",""task_7"",""task_8"",""task_9"",""task_10""]",0.05,10,10.0,100,1.0e-5,10,15,10,15,500,50,100,1,10,68,1,0.1,time_out,242617823,3,910.46,2025-12-14T15:51:04.552,0,242617823,true,true,"[0.01,0.05]",10,10,10,500.0059601865024,0.1454016397111743,0.17800434358648162,0.04133333333333333,0.23359999999999995,0.04133333333333333,,,,,,,/scratch/n/N.Pfaffenzeller/nikolas_nethive/nethive_multiverse/results/test_runs/10b10t15c500e_log_sweep,param_68_rep_3,/scratch/n/N.Pfaffenzeller/nikolas_nethive/nethive_multiverse/results/test_runs/10b10t15c500e_log_sweep/data/param_68_rep_3,/scratch/n/N.Pfaffenzeller/nikolas_nethive/nethive_multiverse/results/test_runs/10b10t15c500e_log_sweep/data/param_68_rep_3/event_log.csv,/scratch/n/N.Pfaffenzeller/nikolas_nethive/nethive_multiverse/results/test_runs/10b10t15c500e_log_sweep/data/param_68_rep_3/config.json
32,1000,"[0,1]","[""task_1"",""task_2"",""task_3"",""task_4"",""task_5"",""task_6"",""task_7"",""task_8"",""task_9"",""task_10""]",0.1,10,10.0,100,1.0e-5,10,15,10,15,500,50,100,1,10,69,1,0.1,time_out,242618821,1,892.51,2025-12-14T15:51:03.512,0,242618821,true,true,"[0.01,0.05]",10,10,10,500.00585229919096,0.14468887729018468,0.19024058470538702,0.02266666666666667,0.244,0.02266666666666667,,,,,,,/scratch/n/N.Pfaffenzeller/nikolas_nethive/nethive_multiverse/results/test_runs/10b10t15c500e_log_sweep,param_69_rep_1,/scratch/n/N.Pfaffenzeller/nikolas_nethive/nethive_multiverse/results/test_runs/10b10t15c500e_log_sweep/data/param_69_rep_1,/scratch/n/N.Pfaffenzeller/nikolas_nethive/nethive_multiverse/results/test_runs/10b10t15c500e_log_sweep/data/param_69_rep_1/event_log.csv,/scratch/n/N.Pfaffenzeller/nikolas_nethive/nethive_multiverse/results/test_runs/10b10t15c500e_log_sweep/data/param_69_rep_1/config.json
32,1000,"[0,1]","[""task_1"",""task_2"",""task_3"",""task_4"",""task_5"",""task_6"",""task_7"",""task_8"",""task_9"",""task_10""]",0.1,10,10.0,100,1.0e-5,10,15,10,15,500,50,100,1,10,69,1,0.1,time_out,242618822,2,917.16,2025-12-14T15:51:13.850,0,242618822,true,true,"[0.01,0.05]",10,10,10,500.0242543336328,0.2954635670074842,0.3032395402618413,0.0026666666666666666,0.3376,0.0026666666666666666,,,,,,,/scratch/n/N.Pfaffenzeller/nikolas_nethive/nethive_multiverse/results/test_runs/10b10t15c500e_log_sweep,param_69_rep_2,/scratch/n/N.Pfaffenzeller/nikolas_nethive/nethive_multiverse/results/test_runs/10b10t15c500e_log_sweep/data/param_69_rep_2,/scratch/n/N.Pfaffenzeller/nikolas_nethive/nethive_multiverse/results/test_runs/10b10t15c500e_log_sweep/data/param_69_rep_2/event_log.csv,/scratch/n/N.Pfaffenzeller/nikolas_nethive/nethive_multiverse/results/test_runs/10b10t15c500e_log_sweep/data/param_69_rep_2/config.json
32,1000,"[0,1]","[""task_1"",""task_2"",""task_3"",""task_4"",""task_5"",""task_6"",""task_7"",""task_8"",""task_9"",""task_10""]",0.1,10,10.0,100,1.0e-5,10,15,10,15,500,50,100,1,10,69,1,0.1,time_out,242618823,3,841.63,2025-12-14T15:51:33.289,0,242618823,true,true,"[0.01,0.05]",10,10,10,500.01414125516686,0.15198451187425652,0.19480248737548025,0.016,0.23986666666666667,0.016,,,,,,,/scratch/n/N.Pfaffenzeller/nikolas_nethive/nethive_multiverse/results/test_runs/10b10t15c500e_log_sweep,param_69_rep_3,/scratch/n/N.Pfaffenzeller/nikolas_nethive/nethive_multiverse/results/test_runs/10b10t15c500e_log_sweep/data/param_69_rep_3,/scratch/n/N.Pfaffenzeller/nikolas_nethive/nethive_multiverse/results/test_runs/10b10t15c500e_log_sweep/data/param_69_rep_3/event_log.csv,/scratch/n/N.Pfaffenzeller/nikolas_nethive/nethive_multiverse/results/test_runs/10b10t15c500e_log_sweep/data/param_69_rep_3/config.json
32,1000,"[0,1]","[""task_1"",""task_2"",""task_3"",""task_4"",""task_5"",""task_6"",""task_7"",""task_8"",""task_9"",""task_10""]",5.0,10,0.01,100,1.0e-5,10,15,10,15,500,50,100,1,10,6,1,0.1,time_out,242555821,1,703.27,2025-12-14T15:17:35.169,0,242555821,true,true,"[0.01,0.05]",10,10,10,500.01924535619423,0.2114456843145624,0.26207395239782744,0.021333333333333333,0.25933333333333336,0.010666666666666666,,,,,,,/scratch/n/N.Pfaffenzeller/nikolas_nethive/nethive_multiverse/results/test_runs/10b10t15c500e_log_sweep,param_6_rep_1,/scratch/n/N.Pfaffenzeller/nikolas_nethive/nethive_multiverse/results/test_runs/10b10t15c500e_log_sweep/data/param_6_rep_1,/scratch/n/N.Pfaffenzeller/nikolas_nethive/nethive_multiverse/results/test_runs/10b10t15c500e_log_sweep/data/param_6_rep_1/event_log.csv,/scratch/n/N.Pfaffenzeller/nikolas_nethive/nethive_multiverse/results/test_runs/10b10t15c500e_log_sweep/data/param_6_rep_1/config.json
32,1000,"[0,1]","[""task_1"",""task_2"",""task_3"",""task_4"",""task_5"",""task_6"",""task_7"",""task_8"",""task_9"",""task_10""]",5.0,10,0.01,100,1.0e-5,10,15,10,15,500,50,100,1,10,6,1,0.1,time_out,242555822,2,726.47,2025-12-14T15:17:04.497,0,242555822,true,true,"[0.01,0.05]",10,10,10,500.002867867265,0.19428209739997815,0.20590879306571774,0.05733333333333333,0.26253333333333334,0.05733333333333333,,,,,,,/scratch/n/N.Pfaffenzeller/nikolas_nethive/nethive_multiverse/results/test_runs/10b10t15c500e_log_sweep,param_6_rep_2,/scratch/n/N.Pfaffenzeller/nikolas_nethive/nethive_multiverse/results/test_runs/10b10t15c500e_log_sweep/data/param_6_rep_2,/scratch/n/N.Pfaffenzeller/nikolas_nethive/nethive_multiverse/results/test_runs/10b10t15c500e_log_sweep/data/param_6_rep_2/event_log.csv,/scratch/n/N.Pfaffenzeller/nikolas_nethive/nethive_multiverse/results/test_runs/10b10t15c500e_log_sweep/data/param_6_rep_2/config.json
32,1000,"[0,1]","[""task_1"",""task_2"",""task_3"",""task_4"",""task_5"",""task_6"",""task_7"",""task_8"",""task_9"",""task_10""]",5.0,10,0.01,100,1.0e-5,10,15,10,15,500,50,100,1,10,6,1,0.1,time_out,242555823,3,700.62,2025-12-14T15:17:13.170,0,242555823,true,true,"[0.01,0.05]",10,10,10,500.0253920765437,0.16963697319115595,0.21270586101636413,0.02,0.2372,0.02,,,,,,,/scratch/n/N.Pfaffenzeller/nikolas_nethive/nethive_multiverse/results/test_runs/10b10t15c500e_log_sweep,param_6_rep_3,/scratch/n/N.Pfaffenzeller/nikolas_nethive/nethive_multiverse/results/test_runs/10b10t15c500e_log_sweep/data/param_6_rep_3,/scratch/n/N.Pfaffenzeller/nikolas_nethive/nethive_multiverse/results/test_runs/10b10t15c500e_log_sweep/data/param_6_rep_3/event_log.csv,/scratch/n/N.Pfaffenzeller/nikolas_nethive/nethive_multiverse/results/test_runs/10b10t15c500e_log_sweep/data/param_6_rep_3/config.json
32,1000,"[0,1]","[""task_1"",""task_2"",""task_3"",""task_4"",""task_5"",""task_6"",""task_7"",""task_8"",""task_9"",""task_10""]",0.5,10,10.0,100,1.0e-5,10,15,10,15,500,50,100,1,10,70,1,0.1,time_out,242619821,1,764.9,2025-12-14T15:52:43.289,0,242619821,true,true,"[0.01,0.05]",10,10,10,500.01324335006666,0.16198781448395447,0.1773235972576792,0.108,0.33426666666666666,0.108,,,,,,,/scratch/n/N.Pfaffenzeller/nikolas_nethive/nethive_multiverse/results/test_runs/10b10t15c500e_log_sweep,param_70_rep_1,/scratch/n/N.Pfaffenzeller/nikolas_nethive/nethive_multiverse/results/test_runs/10b10t15c500e_log_sweep/data/param_70_rep_1,/scratch/n/N.Pfaffenzeller/nikolas_nethive/nethive_multiverse/results/test_runs/10b10t15c500e_log_sweep/data/param_70_rep_1/event_log.csv,/scratch/n/N.Pfaffenzeller/nikolas_nethive/nethive_multiverse/results/test_runs/10b10t15c500e_log_sweep/data/param_70_rep_1/config.json
32,1000,"[0,1]","[""task_1"",""task_2"",""task_3"",""task_4"",""task_5"",""task_6"",""task_7"",""task_8"",""task_9"",""task_10""]",0.5,10,10.0,100,1.0e-5,10,15,10,15,500,50,100,1,10,70,1,0.1,time_out,242619822,2,756.34,2025-12-14T15:52:34.118,0,242619822,true,true,"[0.01,0.05]",10,10,10,500.0052915122053,0.2762052417672619,0.2786622505416462,0.16933333333333334,0.4589333333333333,0.16933333333333334,,,,,,,/scratch/n/N.Pfaffenzeller/nikolas_nethive/nethive_multiverse/results/test_runs/10b10t15c500e_log_sweep,param_70_rep_2,/scratch/n/N.Pfaffenzeller/nikolas_nethive/nethive_multiverse/results/test_runs/10b10t15c500e_log_sweep/data/param_70_rep_2,/scratch/n/N.Pfaffenzeller/nikolas_nethive/nethive_multiverse/results/test_runs/10b10t15c500e_log_sweep/data/param_70_rep_2/event_log.csv,/scratch/n/N.Pfaffenzeller/nikolas_nethive/nethive_multiverse/results/test_runs/10b10t15c500e_log_sweep/data/param_70_rep_2/config.json
32,1000,"[0,1]","[""task_1"",""task_2"",""task_3"",""task_4"",""task_5"",""task_6"",""task_7"",""task_8"",""task_9"",""task_10""]",0.5,10,10.0,100,1.0e-5,10,15,10,15,500,50,100,1,10,70,1,0.1,time_out,242619823,3,659.68,2025-12-14T15:53:06.583,0,242619823,true,true,"[0.01,0.05]",10,10,10,500.0025574591914,0.1680561687123598,0.17810376484555696,0.17733333333333334,0.34866666666666674,0.132,,,,,,,/scratch/n/N.Pfaffenzeller/nikolas_nethive/nethive_multiverse/results/test_runs/10b10t15c500e_log_sweep,param_70_rep_3,/scratch/n/N.Pfaffenzeller/nikolas_nethive/nethive_multiverse/results/test_runs/10b10t15c500e_log_sweep/data/param_70_rep_3,/scratch/n/N.Pfaffenzeller/nikolas_nethive/nethive_multiverse/results/test_runs/10b10t15c500e_log_sweep/data/param_70_rep_3/event_log.csv,/scratch/n/N.Pfaffenzeller/nikolas_nethive/nethive_multiverse/results/test_runs/10b10t15c500e_log_sweep/data/param_70_rep_3/config.json
32,1000,"[0,1]","[""task_1"",""task_2"",""task_3"",""task_4"",""task_5"",""task_6"",""task_7"",""task_8"",""task_9"",""task_10""]",1.0,10,10.0,100,1.0e-5,10,15,10,15,500,50,100,1,10,71,1,0.1,time_out,242620821,1,586.0,2025-12-14T15:52:44.713,0,242620821,true,true,"[0.01,0.05]",10,10,10,500.0117157421024,0.4221916759223868,0.4302138030010195,0.43733333333333335,0.6273333333333334,0.43733333333333335,,,,,,,/scratch/n/N.Pfaffenzeller/nikolas_nethive/nethive_multiverse/results/test_runs/10b10t15c500e_log_sweep,param_71_rep_1,/scratch/n/N.Pfaffenzeller/nikolas_nethive/nethive_multiverse/results/test_runs/10b10t15c500e_log_sweep/data/param_71_rep_1,/scratch/n/N.Pfaffenzeller/nikolas_nethive/nethive_multiverse/results/test_runs/10b10t15c500e_log_sweep/data/param_71_rep_1/event_log.csv,/scratch/n/N.Pfaffenzeller/nikolas_nethive/nethive_multiverse/results/test_runs/10b10t15c500e_log_sweep/data/param_71_rep_1/config.json
32,1000,"[0,1]","[""task_1"",""task_2"",""task_3"",""task_4"",""task_5"",""task_6"",""task_7"",""task_8"",""task_9"",""task_10""]",1.0,10,10.0,100,1.0e-5,10,15,10,15,500,50,100,1,10,71,1,0.1,time_out,242620822,2,584.09,2025-12-14T15:52:33.152,0,242620822,true,true,"[0.01,0.05]",10,10,10,500.00036549047906,0.37410791553602124,0.36874523017817235,0.44,0.5910666666666667,0.44,,,,,,,/scratch/n/N.Pfaffenzeller/nikolas_nethive/nethive_multiverse/results/test_runs/10b10t15c500e_log_sweep,param_71_rep_2,/scratch/n/N.Pfaffenzeller/nikolas_nethive/nethive_multiverse/results/test_runs/10b10t15c500e_log_sweep/data/param_71_rep_2,/scratch/n/N.Pfaffenzeller/nikolas_nethive/nethive_multiverse/results/test_runs/10b10t15c500e_log_sweep/data/param_71_rep_2/event_log.csv,/scratch/n/N.Pfaffenzeller/nikolas_nethive/nethive_multiverse/results/test_runs/10b10t15c500e_log_sweep/data/param_71_rep_2/config.json
32,1000,"[0,1]","[""task_1"",""task_2"",""task_3"",""task_4"",""task_5"",""task_6"",""task_7"",""task_8"",""task_9"",""task_10""]",1.0,10,10.0,100,1.0e-5,10,15,10,15,500,50,100,1,10,71,1,0.1,time_out,242620823,3,582.07,2025-12-14T15:52:46.223,0,242620823,true,true,"[0.01,0.05]",10,10,10,500.00999560486525,0.3085218317507817,0.30793303513311426,0.22266666666666668,0.5152000000000001,0.22266666666666668,,,,,,,/scratch/n/N.Pfaffenzeller/nikolas_nethive/nethive_multiverse/results/test_runs/10b10t15c500e_log_sweep,param_71_rep_3,/scratch/n/N.Pfaffenzeller/nikolas_nethive/nethive_multiverse/results/test_runs/10b10t15c500e_log_sweep/data/param_71_rep_3,/scratch/n/N.Pfaffenzeller/nikolas_nethive/nethive_multiverse/results/test_runs/10b10t15c500e_log_sweep/data/param_71_rep_3/event_log.csv,/scratch/n/N.Pfaffenzeller/nikolas_nethive/nethive_multiverse/results/test_runs/10b10t15c500e_log_sweep/data/param_71_rep_3/config.json
32,1000,"[0,1]","[""task_1"",""task_2"",""task_3"",""task_4"",""task_5"",""task_6"",""task_7"",""task_8"",""task_9"",""task_10""]",5.0,10,10.0,100,1.0e-5,10,15,10,15,500,50,100,1,10,72,1,0.1,time_out,242621821,1,428.93,2025-12-14T15:52:45.533,0,242621821,true,true,"[0.01,0.05]",10,10,10,500.01343884151146,0.6328860807327423,0.6491010625540226,0.204,0.7782666666666667,0.204,,,,,,,/scratch/n/N.Pfaffenzeller/nikolas_nethive/nethive_multiverse/results/test_runs/10b10t15c500e_log_sweep,param_72_rep_1,/scratch/n/N.Pfaffenzeller/nikolas_nethive/nethive_multiverse/results/test_runs/10b10t15c500e_log_sweep/data/param_72_rep_1,/scratch/n/N.Pfaffenzeller/nikolas_nethive/nethive_multiverse/results/test_runs/10b10t15c500e_log_sweep/data/param_72_rep_1/event_log.csv,/scratch/n/N.Pfaffenzeller/nikolas_nethive/nethive_multiverse/results/test_runs/10b10t15c500e_log_sweep/data/param_72_rep_1/config.json
32,1000,"[0,1]","[""task_1"",""task_2"",""task_3"",""task_4"",""task_5"",""task_6"",""task_7"",""task_8"",""task_9"",""task_10""]",5.0,10,10.0,100,1.0e-5,10,15,10,15,500,50,100,1,10,72,1,0.1,time_out,242621822,2,423.39,2025-12-14T15:52:43.383,0,242621822,true,true,"[0.01,0.05]",10,10,10,500.01217579544635,0.7334143594941056,0.7288750234994484,0.7213333333333334,0.8564,0.7213333333333334,473.27950641324935,0.7702381738406707,0.768268775910312,,,,/scratch/n/N.Pfaffenzeller/nikolas_nethive/nethive_multiverse/results/test_runs/10b10t15c500e_log_sweep,param_72_rep_2,/scratch/n/N.Pfaffenzeller/nikolas_nethive/nethive_multiverse/results/test_runs/10b10t15c500e_log_sweep/data/param_72_rep_2,/scratch/n/N.Pfaffenzeller/nikolas_nethive/nethive_multiverse/results/test_runs/10b10t15c500e_log_sweep/data/param_72_rep_2/event_log.csv,/scratch/n/N.Pfaffenzeller/nikolas_nethive/nethive_multiverse/results/test_runs/10b10t15c500e_log_sweep/data/param_72_rep_2/config.json
32,1000,"[0,1]","[""task_1"",""task_2"",""task_3"",""task_4"",""task_5"",""task_6"",""task_7"",""task_8"",""task_9"",""task_10""]",5.0,10,10.0,100,1.0e-5,10,15,10,15,500,50,100,1,10,72,1,0.1,time_out,242621823,3,445.1,2025-12-14T15:52:32.967,0,242621823,true,true,"[0.01,0.05]",10,10,10,500.03537223252346,0.7346827252530922,0.7297345203457704,0.644,0.8526666666666666,0.644,,,,,,,/scratch/n/N.Pfaffenzeller/nikolas_nethive/nethive_multiverse/results/test_runs/10b10t15c500e_log_sweep,param_72_rep_3,/scratch/n/N.Pfaffenzeller/nikolas_nethive/nethive_multiverse/results/test_runs/10b10t15c500e_log_sweep/data/param_72_rep_3,/scratch/n/N.Pfaffenzeller/nikolas_nethive/nethive_multiverse/results/test_runs/10b10t15c500e_log_sweep/data/param_72_rep_3/event_log.csv,/scratch/n/N.Pfaffenzeller/nikolas_nethive/nethive_multiverse/results/test_runs/10b10t15c500e_log_sweep/data/param_72_rep_3/config.json
32,1000,"[0,1]","[""task_1"",""task_2"",""task_3"",""task_4"",""task_5"",""task_6"",""task_7"",""task_8"",""task_9"",""task_10""]",10.0,10,10.0,100,1.0e-5,10,15,10,15,500,50,100,1,10,73,1,0.1,time_out,242622821,1,364.65,2025-12-14T15:52:53.745,0,242622821,true,true,"[0.01,0.05]",10,10,10,500.0205980850596,0.8235014040853448,0.8212621496216516,0.8373333333333334,0.8984,0.8373333333333334,269.28778945318334,0.8051164566114437,0.8030195398279828,,,,/scratch/n/N.Pfaffenzeller/nikolas_nethive/nethive_multiverse/results/test_runs/10b10t15c500e_log_sweep,param_73_rep_1,/scratch/n/N.Pfaffenzeller/nikolas_nethive/nethive_multiverse/results/test_runs/10b10t15c500e_log_sweep/data/param_73_rep_1,/scratch/n/N.Pfaffenzeller/nikolas_nethive/nethive_multiverse/results/test_runs/10b10t15c500e_log_sweep/data/param_73_rep_1/event_log.csv,/scratch/n/N.Pfaffenzeller/nikolas_nethive/nethive_multiverse/results/test_runs/10b10t15c500e_log_sweep/data/param_73_rep_1/config.json
32,1000,"[0,1]","[""task_1"",""task_2"",""task_3"",""task_4"",""task_5"",""task_6"",""task_7"",""task_8"",""task_9"",""task_10""]",10.0,10,10.0,100,1.0e-5,10,15,10,15,500,50,100,1,10,73,1,0.1,time_out,242622822,2,350.96,2025-12-14T15:52:55.549,0,242622822,true,true,"[0.01,0.05]",10,10,10,500.0278319747583,0.6025738009954029,0.6102887810882442,0.22933333333333333,0.7406666666666666,0.11866666666666667,,,,,,,/scratch/n/N.Pfaffenzeller/nikolas_nethive/nethive_multiverse/results/test_runs/10b10t15c500e_log_sweep,param_73_rep_2,/scratch/n/N.Pfaffenzeller/nikolas_nethive/nethive_multiverse/results/test_runs/10b10t15c500e_log_sweep/data/param_73_rep_2,/scratch/n/N.Pfaffenzeller/nikolas_nethive/nethive_multiverse/results/test_runs/10b10t15c500e_log_sweep/data/param_73_rep_2/event_log.csv,/scratch/n/N.Pfaffenzeller/nikolas_nethive/nethive_multiverse/results/test_runs/10b10t15c500e_log_sweep/data/param_73_rep_2/config.json
32,1000,"[0,1]","[""task_1"",""task_2"",""task_3"",""task_4"",""task_5"",""task_6"",""task_7"",""task_8"",""task_9"",""task_10""]",10.0,10,10.0,100,1.0e-5,10,15,10,15,500,50,100,1,10,73,1,0.1,time_out,242622823,3,844.98,2025-12-14T15:53:29.715,0,242622823,true,true,"[0.01,0.05]",10,10,10,500.0017182934523,0.8190942960718985,0.8190084311098133,0.7053333333333334,0.9082666666666667,0.7053333333333334,284.5745687448764,0.8358213272157485,0.8330347085526535,,,,/scratch/n/N.Pfaffenzeller/nikolas_nethive/nethive_multiverse/results/test_runs/10b10t15c500e_log_sweep,param_73_rep_3,/scratch/n/N.Pfaffenzeller/nikolas_nethive/nethive_multiverse/results/test_runs/10b10t15c500e_log_sweep/data/param_73_rep_3,/scratch/n/N.Pfaffenzeller/nikolas_nethive/nethive_multiverse/results/test_runs/10b10t15c500e_log_sweep/data/param_73_rep_3/event_log.csv,/scratch/n/N.Pfaffenzeller/nikolas_nethive/nethive_multiverse/results/test_runs/10b10t15c500e_log_sweep/data/param_73_rep_3/config.json
32,1000,"[0,1]","[""task_1"",""task_2"",""task_3"",""task_4"",""task_5"",""task_6"",""task_7"",""task_8"",""task_9"",""task_10""]",50.0,10,10.0,100,1.0e-5,10,15,10,15,500,50,100,1,10,74,1,0.1,time_out,242623821,1,685.27,2025-12-14T15:53:15.914,0,242623821,true,true,"[0.01,0.05]",10,10,10,500.0273482094112,0.9240279591247516,0.9212274097546592,0.7933333333333333,0.9422666666666666,0.7933333333333333,212.42059021452448,0.8504702832737108,0.8359138033156611,,,,/scratch/n/N.Pfaffenzeller/nikolas_nethive/nethive_multiverse/results/test_runs/10b10t15c500e_log_sweep,param_74_rep_1,/scratch/n/N.Pfaffenzeller/nikolas_nethive/nethive_multiverse/results/test_runs/10b10t15c500e_log_sweep/data/param_74_rep_1,/scratch/n/N.Pfaffenzeller/nikolas_nethive/nethive_multiverse/results/test_runs/10b10t15c500e_log_sweep/data/param_74_rep_1/event_log.csv,/scratch/n/N.Pfaffenzeller/nikolas_nethive/nethive_multiverse/results/test_runs/10b10t15c500e_log_sweep/data/param_74_rep_1/config.json
32,1000,"[0,1]","[""task_1"",""task_2"",""task_3"",""task_4"",""task_5"",""task_6"",""task_7"",""task_8"",""task_9"",""task_10""]",50.0,10,10.0,100,1.0e-5,10,15,10,15,500,50,100,1,10,74,1,0.1,time_out,242623822,2,270.33,2025-12-14T15:53:15.532,0,242623822,true,true,"[0.01,0.05]",10,10,10,500.0039920624284,0.6753560831390646,0.6818851446603079,0.13333333333333333,0.7552000000000001,0.13333333333333333,,,,,,,/scratch/n/N.Pfaffenzeller/nikolas_nethive/nethive_multiverse/results/test_runs/10b10t15c500e_log_sweep,param_74_rep_2,/scratch/n/N.Pfaffenzeller/nikolas_nethive/nethive_multiverse/results/test_runs/10b10t15c500e_log_sweep/data/param_74_rep_2,/scratch/n/N.Pfaffenzeller/nikolas_nethive/nethive_multiverse/results/test_runs/10b10t15c500e_log_sweep/data/param_74_rep_2/event_log.csv,/scratch/n/N.Pfaffenzeller/nikolas_nethive/nethive_multiverse/results/test_runs/10b10t15c500e_log_sweep/data/param_74_rep_2/config.json
32,1000,"[0,1]","[""task_1"",""task_2"",""task_3"",""task_4"",""task_5"",""task_6"",""task_7"",""task_8"",""task_9"",""task_10""]",50.0,10,10.0,100,1.0e-5,10,15,10,15,500,50,100,1,10,74,1,0.1,time_out,242623823,3,292.92,2025-12-14T15:53:05.720,0,242623823,true,true,"[0.01,0.05]",10,10,10,500.01536249940483,0.7804892655156589,0.8072030685549256,0.104,0.8563999999999998,0.06666666666666667,,,,,,,/scratch/n/N.Pfaffenzeller/nikolas_nethive/nethive_multiverse/results/test_runs/10b10t15c500e_log_sweep,param_74_rep_3,/scratch/n/N.Pfaffenzeller/nikolas_nethive/nethive_multiverse/results/test_runs/10b10t15c500e_log_sweep/data/param_74_rep_3,/scratch/n/N.Pfaffenzeller/nikolas_nethive/nethive_multiverse/results/test_runs/10b10t15c500e_log_sweep/data/param_74_rep_3/event_log.csv,/scratch/n/N.Pfaffenzeller/nikolas_nethive/nethive_multiverse/results/test_runs/10b10t15c500e_log_sweep/data/param_74_rep_3/config.json
32,1000,"[0,1]","[""task_1"",""task_2"",""task_3"",""task_4"",""task_5"",""task_6"",""task_7"",""task_8"",""task_9"",""task_10""]",100.0,10,10.0,100,1.0e-5,10,15,10,15,500,50,100,1,10,75,1,0.1,time_out,242624821,1,238.61,2025-12-14T15:53:27.748,0,242624821,true,true,"[0.01,0.05]",10,10,10,500.0056025874419,0.9516153119408124,0.9508070584647536,0.9053333333333333,0.9757333333333333,0.9053333333333333,320.9484500165722,0.8842437012638757,0.8838126679581239,360.7486110143696,0.9516153119408124,0.9508070584647536,/scratch/n/N.Pfaffenzeller/nikolas_nethive/nethive_multiverse/results/test_runs/10b10t15c500e_log_sweep,param_75_rep_1,/scratch/n/N.Pfaffenzeller/nikolas_nethive/nethive_multiverse/results/test_runs/10b10t15c500e_log_sweep/data/param_75_rep_1,/scratch/n/N.Pfaffenzeller/nikolas_nethive/nethive_multiverse/results/test_runs/10b10t15c500e_log_sweep/data/param_75_rep_1/event_log.csv,/scratch/n/N.Pfaffenzeller/nikolas_nethive/nethive_multiverse/results/test_runs/10b10t15c500e_log_sweep/data/param_75_rep_1/config.json
32,1000,"[0,1]","[""task_1"",""task_2"",""task_3"",""task_4"",""task_5"",""task_6"",""task_7"",""task_8"",""task_9"",""task_10""]",100.0,10,10.0,100,1.0e-5,10,15,10,15,500,50,100,1,10,75,1,0.1,time_out,242624822,2,243.03,2025-12-14T15:53:25.797,0,242624822,true,true,"[0.01,0.05]",10,10,10,500.02611655905804,0.715489816123933,0.7319850971819938,0.06666666666666667,0.7846666666666666,0.06666666666666667,,,,,,,/scratch/n/N.Pfaffenzeller/nikolas_nethive/nethive_multiverse/results/test_runs/10b10t15c500e_log_sweep,param_75_rep_2,/scratch/n/N.Pfaffenzeller/nikolas_nethive/nethive_multiverse/results/test_runs/10b10t15c500e_log_sweep/data/param_75_rep_2,/scratch/n/N.Pfaffenzeller/nikolas_nethive/nethive_multiverse/results/test_runs/10b10t15c500e_log_sweep/data/param_75_rep_2/event_log.csv,/scratch/n/N.Pfaffenzeller/nikolas_nethive/nethive_multiverse/results/test_runs/10b10t15c500e_log_sweep/data/param_75_rep_2/config.json
32,1000,"[0,1]","[""task_1"",""task_2"",""task_3"",""task_4"",""task_5"",""task_6"",""task_7"",""task_8"",""task_9"",""task_10""]",100.0,10,10.0,100,1.0e-5,10,15,10,15,500,50,100,1,10,75,1,0.1,time_out,242624823,3,247.05,2025-12-14T15:53:17.274,0,242624823,true,true,"[0.01,0.05]",10,10,10,500.0197059756794,0.5918961062442059,0.6032153630843996,0.08266666666666667,0.6762666666666667,0.07866666666666666,,,,,,,/scratch/n/N.Pfaffenzeller/nikolas_nethive/nethive_multiverse/results/test_runs/10b10t15c500e_log_sweep,param_75_rep_3,/scratch/n/N.Pfaffenzeller/nikolas_nethive/nethive_multiverse/results/test_runs/10b10t15c500e_log_sweep/data/param_75_rep_3,/scratch/n/N.Pfaffenzeller/nikolas_nethive/nethive_multiverse/results/test_runs/10b10t15c500e_log_sweep/data/param_75_rep_3/event_log.csv,/scratch/n/N.Pfaffenzeller/nikolas_nethive/nethive_multiverse/results/test_runs/10b10t15c500e_log_sweep/data/param_75_rep_3/config.json
32,1000,"[0,1]","[""task_1"",""task_2"",""task_3"",""task_4"",""task_5"",""task_6"",""task_7"",""task_8"",""task_9"",""task_10""]",500.0,10,10.0,100,1.0e-5,10,15,10,15,500,50,100,1,10,76,1,0.1,time_out,242625821,1,137.81,2025-12-14T15:53:21.689,0,242625821,true,true,"[0.01,0.05]",10,10,10,500.07317336461347,0.7015351793778754,0.7339892607312889,0.06666666666666667,0.7352,0.06666666666666667,,,,,,,/scratch/n/N.Pfaffenzeller/nikolas_nethive/nethive_multiverse/results/test_runs/10b10t15c500e_log_sweep,param_76_rep_1,/scratch/n/N.Pfaffenzeller/nikolas_nethive/nethive_multiverse/results/test_runs/10b10t15c500e_log_sweep/data/param_76_rep_1,/scratch/n/N.Pfaffenzeller/nikolas_nethive/nethive_multiverse/results/test_runs/10b10t15c500e_log_sweep/data/param_76_rep_1/event_log.csv,/scratch/n/N.Pfaffenzeller/nikolas_nethive/nethive_multiverse/results/test_runs/10b10t15c500e_log_sweep/data/param_76_rep_1/config.json
32,1000,"[0,1]","[""task_1"",""task_2"",""task_3"",""task_4"",""task_5"",""task_6"",""task_7"",""task_8"",""task_9"",""task_10""]",500.0,10,10.0,100,1.0e-5,10,15,10,15,500,50,100,1,10,76,1,0.1,time_out,242625822,2,127.31,2025-12-14T15:53:38.254,0,242625822,true,true,"[0.01,0.05]",10,10,10,500.08966636702297,0.6768309624045333,0.7195994212084974,0.076,0.7366666666666667,0.068,,,,,,,/scratch/n/N.Pfaffenzeller/nikolas_nethive/nethive_multiverse/results/test_runs/10b10t15c500e_log_sweep,param_76_rep_2,/scratch/n/N.Pfaffenzeller/nikolas_nethive/nethive_multiverse/results/test_runs/10b10t15c500e_log_sweep/data/param_76_rep_2,/scratch/n/N.Pfaffenzeller/nikolas_nethive/nethive_multiverse/results/test_runs/10b10t15c500e_log_sweep/data/param_76_rep_2/event_log.csv,/scratch/n/N.Pfaffenzeller/nikolas_nethive/nethive_multiverse/results/test_runs/10b10t15c500e_log_sweep/data/param_76_rep_2/config.json
32,1000,"[0,1]","[""task_1"",""task_2"",""task_3"",""task_4"",""task_5"",""task_6"",""task_7"",""task_8"",""task_9"",""task_10""]",500.0,10,10.0,100,1.0e-5,10,15,10,15,500,50,100,1,10,76,1,0.1,time_out,242625823,3,142.46,2025-12-14T15:53:44.080,0,242625823,true,true,"[0.01,0.05]",10,10,10,500.2075890225337,0.5712151934990053,0.6058597671057517,0.104,0.6438666666666667,0.07733333333333334,,,,,,,/scratch/n/N.Pfaffenzeller/nikolas_nethive/nethive_multiverse/results/test_runs/10b10t15c500e_log_sweep,param_76_rep_3,/scratch/n/N.Pfaffenzeller/nikolas_nethive/nethive_multiverse/results/test_runs/10b10t15c500e_log_sweep/data/param_76_rep_3,/scratch/n/N.Pfaffenzeller/nikolas_nethive/nethive_multiverse/results/test_runs/10b10t15c500e_log_sweep/data/param_76_rep_3/event_log.csv,/scratch/n/N.Pfaffenzeller/nikolas_nethive/nethive_multiverse/results/test_runs/10b10t15c500e_log_sweep/data/param_76_rep_3/config.json
32,1000,"[0,1]","[""task_1"",""task_2"",""task_3"",""task_4"",""task_5"",""task_6"",""task_7"",""task_8"",""task_9"",""task_10""]",1000.0,10,10.0,100,1.0e-5,10,15,10,15,500,50,100,1,10,77,1,0.1,time_out,242626821,1,274.62,2025-12-14T15:54:25.923,0,242626821,true,true,"[0.01,0.05]",10,10,10,500.0257917158793,0.7843622872368001,0.8168919502636323,0.072,0.8257333333333333,0.072,,,,,,,/scratch/n/N.Pfaffenzeller/nikolas_nethive/nethive_multiverse/results/test_runs/10b10t15c500e_log_sweep,param_77_rep_1,/scratch/n/N.Pfaffenzeller/nikolas_nethive/nethive_multiverse/results/test_runs/10b10t15c500e_log_sweep/data/param_77_rep_1,/scratch/n/N.Pfaffenzeller/nikolas_nethive/nethive_multiverse/results/test_runs/10b10t15c500e_log_sweep/data/param_77_rep_1/event_log.csv,/scratch/n/N.Pfaffenzeller/nikolas_nethive/nethive_multiverse/results/test_runs/10b10t15c500e_log_sweep/data/param_77_rep_1/config.json
32,1000,"[0,1]","[""task_1"",""task_2"",""task_3"",""task_4"",""task_5"",""task_6"",""task_7"",""task_8"",""task_9"",""task_10""]",1000.0,10,10.0,100,1.0e-5,10,15,10,15,500,50,100,1,10,77,1,0.1,time_out,242626822,2,333.58,2025-12-14T15:54:59.008,0,242626822,true,true,"[0.01,0.05]",10,10,10,500.12000393567087,0.3867465061697179,0.446739244228478,0.13066666666666665,0.4832000000000001,0.06666666666666667,,,,,,,/scratch/n/N.Pfaffenzeller/nikolas_nethive/nethive_multiverse/results/test_runs/10b10t15c500e_log_sweep,param_77_rep_2,/scratch/n/N.Pfaffenzeller/nikolas_nethive/nethive_multiverse/results/test_runs/10b10t15c500e_log_sweep/data/param_77_rep_2,/scratch/n/N.Pfaffenzeller/nikolas_nethive/nethive_multiverse/results/test_runs/10b10t15c500e_log_sweep/data/param_77_rep_2/event_log.csv,/scratch/n/N.Pfaffenzeller/nikolas_nethive/nethive_multiverse/results/test_runs/10b10t15c500e_log_sweep/data/param_77_rep_2/config.json
32,1000,"[0,1]","[""task_1"",""task_2"",""task_3"",""task_4"",""task_5"",""task_6"",""task_7"",""task_8"",""task_9"",""task_10""]",1000.0,10,10.0,100,1.0e-5,10,15,10,15,500,50,100,1,10,77,1,0.1,time_out,242626823,3,304.42,2025-12-14T15:55:30.347,0,242626823,true,true,"[0.01,0.05]",10,10,10,500.0115402696658,0.5041717273575523,0.5553448495466163,0.06666666666666667,0.5684000000000001,0.06666666666666667,,,,,,,/scratch/n/N.Pfaffenzeller/nikolas_nethive/nethive_multiverse/results/test_runs/10b10t15c500e_log_sweep,param_77_rep_3,/scratch/n/N.Pfaffenzeller/nikolas_nethive/nethive_multiverse/results/test_runs/10b10t15c500e_log_sweep/data/param_77_rep_3,/scratch/n/N.Pfaffenzeller/nikolas_nethive/nethive_multiverse/results/test_runs/10b10t15c500e_log_sweep/data/param_77_rep_3/event_log.csv,/scratch/n/N.Pfaffenzeller/nikolas_nethive/nethive_multiverse/results/test_runs/10b10t15c500e_log_sweep/data/param_77_rep_3/config.json
32,1000,"[0,1]","[""task_1"",""task_2"",""task_3"",""task_4"",""task_5"",""task_6"",""task_7"",""task_8"",""task_9"",""task_10""]",0.01,10,50.0,100,1.0e-5,10,15,10,15,500,50,100,1,10,78,1,0.1,time_out,242627821,1,3905.13,2025-12-14T15:55:25.801,0,242627821,true,true,"[0.01,0.05]",10,10,10,500.00157026356857,0.13762837998895305,0.2205381596243723,0.010666666666666666,0.23333333333333334,0.010666666666666666,,,,,,,/scratch/n/N.Pfaffenzeller/nikolas_nethive/nethive_multiverse/results/test_runs/10b10t15c500e_log_sweep,param_78_rep_1,/scratch/n/N.Pfaffenzeller/nikolas_nethive/nethive_multiverse/results/test_runs/10b10t15c500e_log_sweep/data/param_78_rep_1,/scratch/n/N.Pfaffenzeller/nikolas_nethive/nethive_multiverse/results/test_runs/10b10t15c500e_log_sweep/data/param_78_rep_1/event_log.csv,/scratch/n/N.Pfaffenzeller/nikolas_nethive/nethive_multiverse/results/test_runs/10b10t15c500e_log_sweep/data/param_78_rep_1/config.json
32,1000,"[0,1]","[""task_1"",""task_2"",""task_3"",""task_4"",""task_5"",""task_6"",""task_7"",""task_8"",""task_9"",""task_10""]",0.01,10,50.0,100,1.0e-5,10,15,10,15,500,50,100,1,10,78,1,0.1,time_out,242627822,2,3582.83,2025-12-14T15:56:05.493,0,242627822,true,true,"[0.01,0.05]",10,10,10,500.00359966855615,0.20907646746665956,0.19239304657818604,0.028,0.2522666666666667,0.028,,,,,,,/scratch/n/N.Pfaffenzeller/nikolas_nethive/nethive_multiverse/results/test_runs/10b10t15c500e_log_sweep,param_78_rep_2,/scratch/n/N.Pfaffenzeller/nikolas_nethive/nethive_multiverse/results/test_runs/10b10t15c500e_log_sweep/data/param_78_rep_2,/scratch/n/N.Pfaffenzeller/nikolas_nethive/nethive_multiverse/results/test_runs/10b10t15c500e_log_sweep/data/param_78_rep_2/event_log.csv,/scratch/n/N.Pfaffenzeller/nikolas_nethive/nethive_multiverse/results/test_runs/10b10t15c500e_log_sweep/data/param_78_rep_2/config.json
32,1000,"[0,1]","[""task_1"",""task_2"",""task_3"",""task_4"",""task_5"",""task_6"",""task_7"",""task_8"",""task_9"",""task_10""]",0.01,10,50.0,100,1.0e-5,10,15,10,15,500,50,100,1,10,78,1,0.1,time_out,242627823,3,1408.64,2025-12-14T15:55:46.373,0,242627823,true,true,"[0.01,0.05]",10,10,10,500.0022570631281,0.10898767430725043,0.16806446524297156,0.056,0.23746666666666671,0.056,,,,,,,/scratch/n/N.Pfaffenzeller/nikolas_nethive/nethive_multiverse/results/test_runs/10b10t15c500e_log_sweep,param_78_rep_3,/scratch/n/N.Pfaffenzeller/nikolas_nethive/nethive_multiverse/results/test_runs/10b10t15c500e_log_sweep/data/param_78_rep_3,/scratch/n/N.Pfaffenzeller/nikolas_nethive/nethive_multiverse/results/test_runs/10b10t15c500e_log_sweep/data/param_78_rep_3/event_log.csv,/scratch/n/N.Pfaffenzeller/nikolas_nethive/nethive_multiverse/results/test_runs/10b10t15c500e_log_sweep/data/param_78_rep_3/config.json
32,1000,"[0,1]","[""task_1"",""task_2"",""task_3"",""task_4"",""task_5"",""task_6"",""task_7"",""task_8"",""task_9"",""task_10""]",0.05,10,50.0,100,1.0e-5,10,15,10,15,500,50,100,1,10,79,1,0.1,time_out,242628821,1,1439.5,2025-12-14T15:56:14.807,0,242628821,true,true,"[0.01,0.05]",10,10,10,500.00401191285175,0.1913309943011437,0.188942819456804,0.06266666666666666,0.27573333333333333,0.06266666666666666,,,,,,,/scratch/n/N.Pfaffenzeller/nikolas_nethive/nethive_multiverse/results/test_runs/10b10t15c500e_log_sweep,param_79_rep_1,/scratch/n/N.Pfaffenzeller/nikolas_nethive/nethive_multiverse/results/test_runs/10b10t15c500e_log_sweep/data/param_79_rep_1,/scratch/n/N.Pfaffenzeller/nikolas_nethive/nethive_multiverse/results/test_runs/10b10t15c500e_log_sweep/data/param_79_rep_1/event_log.csv,/scratch/n/N.Pfaffenzeller/nikolas_nethive/nethive_multiverse/results/test_runs/10b10t15c500e_log_sweep/data/param_79_rep_1/config.json
32,1000,"[0,1]","[""task_1"",""task_2"",""task_3"",""task_4"",""task_5"",""task_6"",""task_7"",""task_8"",""task_9"",""task_10""]",0.05,10,50.0,100,1.0e-5,10,15,10,15,500,50,100,1,10,79,1,0.1,time_out,242628822,2,1339.08,2025-12-14T15:56:27.926,0,242628822,true,true,"[0.01,0.05]",10,10,10,500.00135510994807,0.14447170693591,0.1599477699681814,0.08,0.28413333333333335,0.08,,,,,,,/scratch/n/N.Pfaffenzeller/nikolas_nethive/nethive_multiverse/results/test_runs/10b10t15c500e_log_sweep,param_79_rep_2,/scratch/n/N.Pfaffenzeller/nikolas_nethive/nethive_multiverse/results/test_runs/10b10t15c500e_log_sweep/data/param_79_rep_2,/scratch/n/N.Pfaffenzeller/nikolas_nethive/nethive_multiverse/results/test_runs/10b10t15c500e_log_sweep/data/param_79_rep_2/event_log.csv,/scratch/n/N.Pfaffenzeller/nikolas_nethive/nethive_multiverse/results/test_runs/10b10t15c500e_log_sweep/data/param_79_rep_2/config.json
32,1000,"[0,1]","[""task_1"",""task_2"",""task_3"",""task_4"",""task_5"",""task_6"",""task_7"",""task_8"",""task_9"",""task_10""]",0.05,10,50.0,100,1.0e-5,10,15,10,15,500,50,100,1,10,79,1,0.1,time_out,242628823,3,1380.43,2025-12-14T15:56:18.065,0,242628823,true,true,"[0.01,0.05]",10,10,10,500.00057012940243,0.14206633915097414,0.16160804006128604,0.08266666666666667,0.2912,0.08266666666666667,,,,,,,/scratch/n/N.Pfaffenzeller/nikolas_nethive/nethive_multiverse/results/test_runs/10b10t15c500e_log_sweep,param_79_rep_3,/scratch/n/N.Pfaffenzeller/nikolas_nethive/nethive_multiverse/results/test_runs/10b10t15c500e_log_sweep/data/param_79_rep_3,/scratch/n/N.Pfaffenzeller/nikolas_nethive/nethive_multiverse/results/test_runs/10b10t15c500e_log_sweep/data/param_79_rep_3/event_log.csv,/scratch/n/N.Pfaffenzeller/nikolas_nethive/nethive_multiverse/results/test_runs/10b10t15c500e_log_sweep/data/param_79_rep_3/config.json
32,1000,"[0,1]","[""task_1"",""task_2"",""task_3"",""task_4"",""task_5"",""task_6"",""task_7"",""task_8"",""task_9"",""task_10""]",10.0,10,0.01,100,1.0e-5,10,15,10,15,500,50,100,1,10,7,1,0.1,time_out,242556821,1,708.32,2025-12-14T15:17:07.748,0,242556821,true,true,"[0.01,0.05]",10,10,10,500.00542598147234,0.2342205419709129,0.2680939998595682,0.042666666666666665,0.2965333333333333,0.042666666666666665,,,,,,,/scratch/n/N.Pfaffenzeller/nikolas_nethive/nethive_multiverse/results/test_runs/10b10t15c500e_log_sweep,param_7_rep_1,/scratch/n/N.Pfaffenzeller/nikolas_nethive/nethive_multiverse/results/test_runs/10b10t15c500e_log_sweep/data/param_7_rep_1,/scratch/n/N.Pfaffenzeller/nikolas_nethive/nethive_multiverse/results/test_runs/10b10t15c500e_log_sweep/data/param_7_rep_1/event_log.csv,/scratch/n/N.Pfaffenzeller/nikolas_nethive/nethive_multiverse/results/test_runs/10b10t15c500e_log_sweep/data/param_7_rep_1/config.json
32,1000,"[0,1]","[""task_1"",""task_2"",""task_3"",""task_4"",""task_5"",""task_6"",""task_7"",""task_8"",""task_9"",""task_10""]",10.0,10,0.01,100,1.0e-5,10,15,10,15,500,50,100,1,10,7,1,0.1,time_out,242556822,2,709.56,2025-12-14T15:17:22.733,0,242556822,true,true,"[0.01,0.05]",10,10,10,500.0040890355589,0.19361264895372385,0.21065906984227514,0.021333333333333333,0.23226666666666668,0.021333333333333333,,,,,,,/scratch/n/N.Pfaffenzeller/nikolas_nethive/nethive_multiverse/results/test_runs/10b10t15c500e_log_sweep,param_7_rep_2,/scratch/n/N.Pfaffenzeller/nikolas_nethive/nethive_multiverse/results/test_runs/10b10t15c500e_log_sweep/data/param_7_rep_2,/scratch/n/N.Pfaffenzeller/nikolas_nethive/nethive_multiverse/results/test_runs/10b10t15c500e_log_sweep/data/param_7_rep_2/event_log.csv,/scratch/n/N.Pfaffenzeller/nikolas_nethive/nethive_multiverse/results/test_runs/10b10t15c500e_log_sweep/data/param_7_rep_2/config.json
32,1000,"[0,1]","[""task_1"",""task_2"",""task_3"",""task_4"",""task_5"",""task_6"",""task_7"",""task_8"",""task_9"",""task_10""]",10.0,10,0.01,100,1.0e-5,10,15,10,15,500,50,100,1,10,7,1,0.1,time_out,242556823,3,703.2,2025-12-14T15:18:15.383,0,242556823,true,true,"[0.01,0.05]",10,10,10,500.0184498826366,0.18592825282866282,0.2196611437832336,0.03333333333333333,0.258,0.03333333333333333,,,,,,,/scratch/n/N.Pfaffenzeller/nikolas_nethive/nethive_multiverse/results/test_runs/10b10t15c500e_log_sweep,param_7_rep_3,/scratch/n/N.Pfaffenzeller/nikolas_nethive/nethive_multiverse/results/test_runs/10b10t15c500e_log_sweep/data/param_7_rep_3,/scratch/n/N.Pfaffenzeller/nikolas_nethive/nethive_multiverse/results/test_runs/10b10t15c500e_log_sweep/data/param_7_rep_3/event_log.csv,/scratch/n/N.Pfaffenzeller/nikolas_nethive/nethive_multiverse/results/test_runs/10b10t15c500e_log_sweep/data/param_7_rep_3/config.json
32,1000,"[0,1]","[""task_1"",""task_2"",""task_3"",""task_4"",""task_5"",""task_6"",""task_7"",""task_8"",""task_9"",""task_10""]",0.1,10,50.0,100,1.0e-5,10,15,10,15,500,50,100,1,10,80,1,0.1,time_out,242629821,1,1280.56,2025-12-14T15:56:43.862,0,242629821,true,true,"[0.01,0.05]",10,10,10,500.01377890281043,0.16579207433175108,0.18005096485537453,0.08266666666666667,0.30226666666666663,0.08266666666666667,,,,,,,/scratch/n/N.Pfaffenzeller/nikolas_nethive/nethive_multiverse/results/test_runs/10b10t15c500e_log_sweep,param_80_rep_1,/scratch/n/N.Pfaffenzeller/nikolas_nethive/nethive_multiverse/results/test_runs/10b10t15c500e_log_sweep/data/param_80_rep_1,/scratch/n/N.Pfaffenzeller/nikolas_nethive/nethive_multiverse/results/test_runs/10b10t15c500e_log_sweep/data/param_80_rep_1/event_log.csv,/scratch/n/N.Pfaffenzeller/nikolas_nethive/nethive_multiverse/results/test_runs/10b10t15c500e_log_sweep/data/param_80_rep_1/config.json
32,1000,"[0,1]","[""task_1"",""task_2"",""task_3"",""task_4"",""task_5"",""task_6"",""task_7"",""task_8"",""task_9"",""task_10""]",0.1,10,50.0,100,1.0e-5,10,15,10,15,500,50,100,1,10,80,1,0.1,time_out,242629822,2,1308.69,2025-12-14T15:56:33.804,0,242629822,true,true,"[0.01,0.05]",10,10,10,500.0214226109621,0.18742753273475382,0.22447232548700344,0.072,0.3877333333333333,0.072,,,,,,,/scratch/n/N.Pfaffenzeller/nikolas_nethive/nethive_multiverse/results/test_runs/10b10t15c500e_log_sweep,param_80_rep_2,/scratch/n/N.Pfaffenzeller/nikolas_nethive/nethive_multiverse/results/test_runs/10b10t15c500e_log_sweep/data/param_80_rep_2,/scratch/n/N.Pfaffenzeller/nikolas_nethive/nethive_multiverse/results/test_runs/10b10t15c500e_log_sweep/data/param_80_rep_2/event_log.csv,/scratch/n/N.Pfaffenzeller/nikolas_nethive/nethive_multiverse/results/test_runs/10b10t15c500e_log_sweep/data/param_80_rep_2/config.json
32,1000,"[0,1]","[""task_1"",""task_2"",""task_3"",""task_4"",""task_5"",""task_6"",""task_7"",""task_8"",""task_9"",""task_10""]",0.1,10,50.0,100,1.0e-5,10,15,10,15,500,50,100,1,10,80,1,0.1,time_out,242629823,3,1250.48,2025-12-14T15:56:34.191,0,242629823,true,true,"[0.01,0.05]",10,10,10,500.00071801154803,0.21588226276233682,0.2388907002523159,0.14133333333333334,0.40519999999999995,0.14133333333333334,,,,,,,/scratch/n/N.Pfaffenzeller/nikolas_nethive/nethive_multiverse/results/test_runs/10b10t15c500e_log_sweep,param_80_rep_3,/scratch/n/N.Pfaffenzeller/nikolas_nethive/nethive_multiverse/results/test_runs/10b10t15c500e_log_sweep/data/param_80_rep_3,/scratch/n/N.Pfaffenzeller/nikolas_nethive/nethive_multiverse/results/test_runs/10b10t15c500e_log_sweep/data/param_80_rep_3/event_log.csv,/scratch/n/N.Pfaffenzeller/nikolas_nethive/nethive_multiverse/results/test_runs/10b10t15c500e_log_sweep/data/param_80_rep_3/config.json
32,1000,"[0,1]","[""task_1"",""task_2"",""task_3"",""task_4"",""task_5"",""task_6"",""task_7"",""task_8"",""task_9"",""task_10""]",0.5,10,50.0,100,1.0e-5,10,15,10,15,500,50,100,1,10,81,1,0.1,time_out,242630821,1,886.21,2025-12-14T15:56:36.016,0,242630821,true,true,"[0.01,0.05]",10,10,10,500.0208469923178,0.6258089601770968,0.6215340902856111,0.688,0.7968000000000001,0.688,,,,,,,/scratch/n/N.Pfaffenzeller/nikolas_nethive/nethive_multiverse/results/test_runs/10b10t15c500e_log_sweep,param_81_rep_1,/scratch/n/N.Pfaffenzeller/nikolas_nethive/nethive_multiverse/results/test_runs/10b10t15c500e_log_sweep/data/param_81_rep_1,/scratch/n/N.Pfaffenzeller/nikolas_nethive/nethive_multiverse/results/test_runs/10b10t15c500e_log_sweep/data/param_81_rep_1/event_log.csv,/scratch/n/N.Pfaffenzeller/nikolas_nethive/nethive_multiverse/results/test_runs/10b10t15c500e_log_sweep/data/param_81_rep_1/config.json
32,1000,"[0,1]","[""task_1"",""task_2"",""task_3"",""task_4"",""task_5"",""task_6"",""task_7"",""task_8"",""task_9"",""task_10""]",0.5,10,50.0,100,1.0e-5,10,15,10,15,500,50,100,1,10,81,1,0.1,time_out,242630822,2,1894.41,2025-12-14T15:57:30.155,0,242630822,true,true,"[0.01,0.05]",10,10,10,500.0149170958978,0.5845996313095531,0.5753073058240045,0.596,0.7556,0.596,,,,,,,/scratch/n/N.Pfaffenzeller/nikolas_nethive/nethive_multiverse/results/test_runs/10b10t15c500e_log_sweep,param_81_rep_2,/scratch/n/N.Pfaffenzeller/nikolas_nethive/nethive_multiverse/results/test_runs/10b10t15c500e_log_sweep/data/param_81_rep_2,/scratch/n/N.Pfaffenzeller/nikolas_nethive/nethive_multiverse/results/test_runs/10b10t15c500e_log_sweep/data/param_81_rep_2/event_log.csv,/scratch/n/N.Pfaffenzeller/nikolas_nethive/nethive_multiverse/results/test_runs/10b10t15c500e_log_sweep/data/param_81_rep_2/config.json
32,1000,"[0,1]","[""task_1"",""task_2"",""task_3"",""task_4"",""task_5"",""task_6"",""task_7"",""task_8"",""task_9"",""task_10""]",0.5,10,50.0,100,1.0e-5,10,15,10,15,500,50,100,1,10,81,1,0.1,time_out,242630823,3,890.75,2025-12-14T15:57:19.063,0,242630823,true,true,"[0.01,0.05]",10,10,10,500.0123388309417,0.5610426608553263,0.5578814883736543,0.648,0.7548,0.648,,,,,,,/scratch/n/N.Pfaffenzeller/nikolas_nethive/nethive_multiverse/results/test_runs/10b10t15c500e_log_sweep,param_81_rep_3,/scratch/n/N.Pfaffenzeller/nikolas_nethive/nethive_multiverse/results/test_runs/10b10t15c500e_log_sweep/data/param_81_rep_3,/scratch/n/N.Pfaffenzeller/nikolas_nethive/nethive_multiverse/results/test_runs/10b10t15c500e_log_sweep/data/param_81_rep_3/event_log.csv,/scratch/n/N.Pfaffenzeller/nikolas_nethive/nethive_multiverse/results/test_runs/10b10t15c500e_log_sweep/data/param_81_rep_3/config.json
32,1000,"[0,1]","[""task_1"",""task_2"",""task_3"",""task_4"",""task_5"",""task_6"",""task_7"",""task_8"",""task_9"",""task_10""]",1.0,10,50.0,100,1.0e-5,10,15,10,15,500,50,100,1,10,82,1,0.1,time_out,242631821,1,1603.17,2025-12-14T15:57:53.800,0,242631821,true,true,"[0.01,0.05]",10,10,10,500.0091294666556,0.6526923698032349,0.6552438832794034,0.5493333333333333,0.8096,0.5493333333333333,,,,,,,/scratch/n/N.Pfaffenzeller/nikolas_nethive/nethive_multiverse/results/test_runs/10b10t15c500e_log_sweep,param_82_rep_1,/scratch/n/N.Pfaffenzeller/nikolas_nethive/nethive_multiverse/results/test_runs/10b10t15c500e_log_sweep/data/param_82_rep_1,/scratch/n/N.Pfaffenzeller/nikolas_nethive/nethive_multiverse/results/test_runs/10b10t15c500e_log_sweep/data/param_82_rep_1/event_log.csv,/scratch/n/N.Pfaffenzeller/nikolas_nethive/nethive_multiverse/results/test_runs/10b10t15c500e_log_sweep/data/param_82_rep_1/config.json
32,1000,"[0,1]","[""task_1"",""task_2"",""task_3"",""task_4"",""task_5"",""task_6"",""task_7"",""task_8"",""task_9"",""task_10""]",1.0,10,50.0,100,1.0e-5,10,15,10,15,500,50,100,1,10,82,1,0.1,time_out,242631822,2,753.83,2025-12-14T15:57:45.950,0,242631822,true,true,"[0.01,0.05]",10,10,10,500.0221458394581,0.6651720805409289,0.666483863268973,0.72,0.8281333333333333,0.72,472.6207458194504,0.7233791892033797,0.7198757082078517,,,,/scratch/n/N.Pfaffenzeller/nikolas_nethive/nethive_multiverse/results/test_runs/10b10t15c500e_log_sweep,param_82_rep_2,/scratch/n/N.Pfaffenzeller/nikolas_nethive/nethive_multiverse/results/test_runs/10b10t15c500e_log_sweep/data/param_82_rep_2,/scratch/n/N.Pfaffenzeller/nikolas_nethive/nethive_multiverse/results/test_runs/10b10t15c500e_log_sweep/data/param_82_rep_2/event_log.csv,/scratch/n/N.Pfaffenzeller/nikolas_nethive/nethive_multiverse/results/test_runs/10b10t15c500e_log_sweep/data/param_82_rep_2/config.json
32,1000,"[0,1]","[""task_1"",""task_2"",""task_3"",""task_4"",""task_5"",""task_6"",""task_7"",""task_8"",""task_9"",""task_10""]",1.0,10,50.0,100,1.0e-5,10,15,10,15,500,50,100,1,10,82,1,0.1,time_out,242631823,3,696.93,2025-12-14T15:57:46.039,0,242631823,true,true,"[0.01,0.05]",10,10,10,500.0004971645248,0.767839455654558,0.7667206433263166,0.8066666666666666,0.8876,0.8066666666666666,307.12747841591306,0.7253722572209855,0.7243817610689074,,,,/scratch/n/N.Pfaffenzeller/nikolas_nethive/nethive_multiverse/results/test_runs/10b10t15c500e_log_sweep,param_82_rep_3,/scratch/n/N.Pfaffenzeller/nikolas_nethive/nethive_multiverse/results/test_runs/10b10t15c500e_log_sweep/data/param_82_rep_3,/scratch/n/N.Pfaffenzeller/nikolas_nethive/nethive_multiverse/results/test_runs/10b10t15c500e_log_sweep/data/param_82_rep_3/event_log.csv,/scratch/n/N.Pfaffenzeller/nikolas_nethive/nethive_multiverse/results/test_runs/10b10t15c500e_log_sweep/data/param_82_rep_3/config.json
32,1000,"[0,1]","[""task_1"",""task_2"",""task_3"",""task_4"",""task_5"",""task_6"",""task_7"",""task_8"",""task_9"",""task_10""]",5.0,10,50.0,100,1.0e-5,10,15,10,15,500,50,100,1,10,83,1,0.1,time_out,242632821,1,636.22,2025-12-14T15:57:48.991,0,242632821,true,true,"[0.01,0.05]",10,10,10,500.0139644780603,0.7214659327052628,0.7178897478794383,0.30266666666666664,0.8238666666666667,0.06666666666666667,,,,,,,/scratch/n/N.Pfaffenzeller/nikolas_nethive/nethive_multiverse/results/test_runs/10b10t15c500e_log_sweep,param_83_rep_1,/scratch/n/N.Pfaffenzeller/nikolas_nethive/nethive_multiverse/results/test_runs/10b10t15c500e_log_sweep/data/param_83_rep_1,/scratch/n/N.Pfaffenzeller/nikolas_nethive/nethive_multiverse/results/test_runs/10b10t15c500e_log_sweep/data/param_83_rep_1/event_log.csv,/scratch/n/N.Pfaffenzeller/nikolas_nethive/nethive_multiverse/results/test_runs/10b10t15c500e_log_sweep/data/param_83_rep_1/config.json
32,1000,"[0,1]","[""task_1"",""task_2"",""task_3"",""task_4"",""task_5"",""task_6"",""task_7"",""task_8"",""task_9"",""task_10""]",5.0,10,50.0,100,1.0e-5,10,15,10,15,500,50,100,1,10,83,1,0.1,time_out,242632822,2,1385.6,2025-12-14T15:58:19.727,0,242632822,true,true,"[0.01,0.05]",10,10,10,500.0211124078018,0.7592525368273446,0.7651632200161129,0.18,0.8402666666666667,0.06666666666666667,,,,,,,/scratch/n/N.Pfaffenzeller/nikolas_nethive/nethive_multiverse/results/test_runs/10b10t15c500e_log_sweep,param_83_rep_2,/scratch/n/N.Pfaffenzeller/nikolas_nethive/nethive_multiverse/results/test_runs/10b10t15c500e_log_sweep/data/param_83_rep_2,/scratch/n/N.Pfaffenzeller/nikolas_nethive/nethive_multiverse/results/test_runs/10b10t15c500e_log_sweep/data/param_83_rep_2/event_log.csv,/scratch/n/N.Pfaffenzeller/nikolas_nethive/nethive_multiverse/results/test_runs/10b10t15c500e_log_sweep/data/param_83_rep_2/config.json
32,1000,"[0,1]","[""task_1"",""task_2"",""task_3"",""task_4"",""task_5"",""task_6"",""task_7"",""task_8"",""task_9"",""task_10""]",5.0,10,50.0,100,1.0e-5,10,15,10,15,500,50,100,1,10,83,1,0.1,time_out,242632823,3,547.25,2025-12-14T15:58:26.641,0,242632823,true,true,"[0.01,0.05]",10,10,10,500.00808326033774,0.7602474442457942,0.7614930811514924,0.244,0.8398666666666668,0.06666666666666667,,,,,,,/scratch/n/N.Pfaffenzeller/nikolas_nethive/nethive_multiverse/results/test_runs/10b10t15c500e_log_sweep,param_83_rep_3,/scratch/n/N.Pfaffenzeller/nikolas_nethive/nethive_multiverse/results/test_runs/10b10t15c500e_log_sweep/data/param_83_rep_3,/scratch/n/N.Pfaffenzeller/nikolas_nethive/nethive_multiverse/results/test_runs/10b10t15c500e_log_sweep/data/param_83_rep_3/event_log.csv,/scratch/n/N.Pfaffenzeller/nikolas_nethive/nethive_multiverse/results/test_runs/10b10t15c500e_log_sweep/data/param_83_rep_3/config.json
32,1000,"[0,1]","[""task_1"",""task_2"",""task_3"",""task_4"",""task_5"",""task_6"",""task_7"",""task_8"",""task_9"",""task_10""]",10.0,10,50.0,100,1.0e-5,10,15,10,15,500,50,100,1,10,84,1,0.1,time_out,242633821,1,524.09,2025-12-14T15:58:16.663,0,242633821,true,true,"[0.01,0.05]",10,10,10,500.01203439652903,0.7768353592866418,0.7625583124374212,0.3333333333333333,0.8210666666666666,0.06666666666666667,,,,,,,/scratch/n/N.Pfaffenzeller/nikolas_nethive/nethive_multiverse/results/test_runs/10b10t15c500e_log_sweep,param_84_rep_1,/scratch/n/N.Pfaffenzeller/nikolas_nethive/nethive_multiverse/results/test_runs/10b10t15c500e_log_sweep/data/param_84_rep_1,/scratch/n/N.Pfaffenzeller/nikolas_nethive/nethive_multiverse/results/test_runs/10b10t15c500e_log_sweep/data/param_84_rep_1/event_log.csv,/scratch/n/N.Pfaffenzeller/nikolas_nethive/nethive_multiverse/results/test_runs/10b10t15c500e_log_sweep/data/param_84_rep_1/config.json
32,1000,"[0,1]","[""task_1"",""task_2"",""task_3"",""task_4"",""task_5"",""task_6"",""task_7"",""task_8"",""task_9"",""task_10""]",10.0,10,50.0,100,1.0e-5,10,15,10,15,500,50,100,1,10,84,1,0.1,time_out,242633822,2,487.94,2025-12-14T15:58:06.267,0,242633822,true,true,"[0.01,0.05]",10,10,10,500.00258994718763,0.8843435412912383,0.88317248885821,0.7733333333333333,0.942,0.7733333333333333,,,,,,,/scratch/n/N.Pfaffenzeller/nikolas_nethive/nethive_multiverse/results/test_runs/10b10t15c500e_log_sweep,param_84_rep_2,/scratch/n/N.Pfaffenzeller/nikolas_nethive/nethive_multiverse/results/test_runs/10b10t15c500e_log_sweep/data/param_84_rep_2,/scratch/n/N.Pfaffenzeller/nikolas_nethive/nethive_multiverse/results/test_runs/10b10t15c500e_log_sweep/data/param_84_rep_2/event_log.csv,/scratch/n/N.Pfaffenzeller/nikolas_nethive/nethive_multiverse/results/test_runs/10b10t15c500e_log_sweep/data/param_84_rep_2/config.json
32,1000,"[0,1]","[""task_1"",""task_2"",""task_3"",""task_4"",""task_5"",""task_6"",""task_7"",""task_8"",""task_9"",""task_10""]",10.0,10,50.0,100,1.0e-5,10,15,10,15,500,50,100,1,10,84,1,0.1,time_out,242633823,3,1300.49,2025-12-14T15:58:55.251,0,242633823,true,true,"[0.01,0.05]",10,10,10,500.0161537383672,0.7026618345075699,0.6946039550062247,0.2813333333333333,0.7742666666666667,0.06666666666666667,,,,,,,/scratch/n/N.Pfaffenzeller/nikolas_nethive/nethive_multiverse/results/test_runs/10b10t15c500e_log_sweep,param_84_rep_3,/scratch/n/N.Pfaffenzeller/nikolas_nethive/nethive_multiverse/results/test_runs/10b10t15c500e_log_sweep/data/param_84_rep_3,/scratch/n/N.Pfaffenzeller/nikolas_nethive/nethive_multiverse/results/test_runs/10b10t15c500e_log_sweep/data/param_84_rep_3/event_log.csv,/scratch/n/N.Pfaffenzeller/nikolas_nethive/nethive_multiverse/results/test_runs/10b10t15c500e_log_sweep/data/param_84_rep_3/config.json
32,1000,"[0,1]","[""task_1"",""task_2"",""task_3"",""task_4"",""task_5"",""task_6"",""task_7"",""task_8"",""task_9"",""task_10""]",50.0,10,50.0,100,1.0e-5,10,15,10,15,500,50,100,1,10,85,1,0.1,time_out,242634821,1,448.72,2025-12-14T15:58:43.442,0,242634821,true,true,"[0.01,0.05]",10,10,10,500.01926994991646,0.7498112451958182,0.7461839047310636,0.06933333333333333,0.7925333333333333,0.06666666666666667,,,,,,,/scratch/n/N.Pfaffenzeller/nikolas_nethive/nethive_multiverse/results/test_runs/10b10t15c500e_log_sweep,param_85_rep_1,/scratch/n/N.Pfaffenzeller/nikolas_nethive/nethive_multiverse/results/test_runs/10b10t15c500e_log_sweep/data/param_85_rep_1,/scratch/n/N.Pfaffenzeller/nikolas_nethive/nethive_multiverse/results/test_runs/10b10t15c500e_log_sweep/data/param_85_rep_1/event_log.csv,/scratch/n/N.Pfaffenzeller/nikolas_nethive/nethive_multiverse/results/test_runs/10b10t15c500e_log_sweep/data/param_85_rep_1/config.json
32,1000,"[0,1]","[""task_1"",""task_2"",""task_3"",""task_4"",""task_5"",""task_6"",""task_7"",""task_8"",""task_9"",""task_10""]",50.0,10,50.0,100,1.0e-5,10,15,10,15,500,50,100,1,10,85,1,0.1,time_out,242634822,2,473.95,2025-12-14T15:59:06.423,0,242634822,true,true,"[0.01,0.05]",10,10,10,500.01828361944314,0.8364575639006118,0.8198893211259073,0.44533333333333336,0.8684000000000001,0.06666666666666667,,,,,,,/scratch/n/N.Pfaffenzeller/nikolas_nethive/nethive_multiverse/results/test_runs/10b10t15c500e_log_sweep,param_85_rep_2,/scratch/n/N.Pfaffenzeller/nikolas_nethive/nethive_multiverse/results/test_runs/10b10t15c500e_log_sweep/data/param_85_rep_2,/scratch/n/N.Pfaffenzeller/nikolas_nethive/nethive_multiverse/results/test_runs/10b10t15c500e_log_sweep/data/param_85_rep_2/event_log.csv,/scratch/n/N.Pfaffenzeller/nikolas_nethive/nethive_multiverse/results/test_runs/10b10t15c500e_log_sweep/data/param_85_rep_2/config.json
32,1000,"[0,1]","[""task_1"",""task_2"",""task_3"",""task_4"",""task_5"",""task_6"",""task_7"",""task_8"",""task_9"",""task_10""]",50.0,10,50.0,100,1.0e-5,10,15,10,15,500,50,100,1,10,85,1,0.1,time_out,242634823,3,517.81,2025-12-14T15:58:56.344,0,242634823,true,true,"[0.01,0.05]",10,10,10,500.0375590302076,0.6524899359928835,0.6801123854588322,0.06666666666666667,0.7053333333333331,0.06666666666666667,,,,,,,/scratch/n/N.Pfaffenzeller/nikolas_nethive/nethive_multiverse/results/test_runs/10b10t15c500e_log_sweep,param_85_rep_3,/scratch/n/N.Pfaffenzeller/nikolas_nethive/nethive_multiverse/results/test_runs/10b10t15c500e_log_sweep/data/param_85_rep_3,/scratch/n/N.Pfaffenzeller/nikolas_nethive/nethive_multiverse/results/test_runs/10b10t15c500e_log_sweep/data/param_85_rep_3/event_log.csv,/scratch/n/N.Pfaffenzeller/nikolas_nethive/nethive_multiverse/results/test_runs/10b10t15c500e_log_sweep/data/param_85_rep_3/config.json
32,1000,"[0,1]","[""task_1"",""task_2"",""task_3"",""task_4"",""task_5"",""task_6"",""task_7"",""task_8"",""task_9"",""task_10""]",100.0,10,50.0,100,1.0e-5,10,15,10,15,500,50,100,1,10,86,1,0.1,time_out,242635821,1,443.79,2025-12-14T15:58:33.364,0,242635821,true,true,"[0.01,0.05]",10,10,10,500.0062208490519,0.36044464798360143,0.38787286059494425,0.06666666666666667,0.44413333333333327,0.06666666666666667,,,,,,,/scratch/n/N.Pfaffenzeller/nikolas_nethive/nethive_multiverse/results/test_runs/10b10t15c500e_log_sweep,param_86_rep_1,/scratch/n/N.Pfaffenzeller/nikolas_nethive/nethive_multiverse/results/test_runs/10b10t15c500e_log_sweep/data/param_86_rep_1,/scratch/n/N.Pfaffenzeller/nikolas_nethive/nethive_multiverse/results/test_runs/10b10t15c500e_log_sweep/data/param_86_rep_1/event_log.csv,/scratch/n/N.Pfaffenzeller/nikolas_nethive/nethive_multiverse/results/test_runs/10b10t15c500e_log_sweep/data/param_86_rep_1/config.json
32,1000,"[0,1]","[""task_1"",""task_2"",""task_3"",""task_4"",""task_5"",""task_6"",""task_7"",""task_8"",""task_9"",""task_10""]",100.0,10,50.0,100,1.0e-5,10,15,10,15,500,50,100,1,10,86,1,0.1,time_out,242635822,2,544.79,2025-12-14T15:58:46.381,0,242635822,true,true,"[0.01,0.05]",10,10,10,500.0284543613092,0.2956306470136238,0.3431971111485283,0.13333333333333333,0.3965333333333333,0.12266666666666666,,,,,,,/scratch/n/N.Pfaffenzeller/nikolas_nethive/nethive_multiverse/results/test_runs/10b10t15c500e_log_sweep,param_86_rep_2,/scratch/n/N.Pfaffenzeller/nikolas_nethive/nethive_multiverse/results/test_runs/10b10t15c500e_log_sweep/data/param_86_rep_2,/scratch/n/N.Pfaffenzeller/nikolas_nethive/nethive_multiverse/results/test_runs/10b10t15c500e_log_sweep/data/param_86_rep_2/event_log.csv,/scratch/n/N.Pfaffenzeller/nikolas_nethive/nethive_multiverse/results/test_runs/10b10t15c500e_log_sweep/data/param_86_rep_2/config.json
32,1000,"[0,1]","[""task_1"",""task_2"",""task_3"",""task_4"",""task_5"",""task_6"",""task_7"",""task_8"",""task_9"",""task_10""]",100.0,10,50.0,100,1.0e-5,10,15,10,15,500,50,100,1,10,86,1,0.1,time_out,242635823,3,1086.82,2025-12-14T15:59:31.882,0,242635823,true,true,"[0.01,0.05]",10,10,10,500.00276191456345,0.4566520523828316,0.48980058989940395,0.06666666666666667,0.5389333333333334,0.06666666666666667,,,,,,,/scratch/n/N.Pfaffenzeller/nikolas_nethive/nethive_multiverse/results/test_runs/10b10t15c500e_log_sweep,param_86_rep_3,/scratch/n/N.Pfaffenzeller/nikolas_nethive/nethive_multiverse/results/test_runs/10b10t15c500e_log_sweep/data/param_86_rep_3,/scratch/n/N.Pfaffenzeller/nikolas_nethive/nethive_multiverse/results/test_runs/10b10t15c500e_log_sweep/data/param_86_rep_3/event_log.csv,/scratch/n/N.Pfaffenzeller/nikolas_nethive/nethive_multiverse/results/test_runs/10b10t15c500e_log_sweep/data/param_86_rep_3/config.json
32,1000,"[0,1]","[""task_1"",""task_2"",""task_3"",""task_4"",""task_5"",""task_6"",""task_7"",""task_8"",""task_9"",""task_10""]",500.0,10,50.0,100,1.0e-5,10,15,10,15,500,50,100,1,10,87,1,0.1,time_out,242636821,1,961.93,2025-12-14T15:59:27.965,0,242636821,true,true,"[0.01,0.05]",10,10,10,500.0105793853047,0.2912926017569002,0.3343405920520587,0.084,0.39466666666666667,0.06666666666666667,,,,,,,/scratch/n/N.Pfaffenzeller/nikolas_nethive/nethive_multiverse/results/test_runs/10b10t15c500e_log_sweep,param_87_rep_1,/scratch/n/N.Pfaffenzeller/nikolas_nethive/nethive_multiverse/results/test_runs/10b10t15c500e_log_sweep/data/param_87_rep_1,/scratch/n/N.Pfaffenzeller/nikolas_nethive/nethive_multiverse/results/test_runs/10b10t15c500e_log_sweep/data/param_87_rep_1/event_log.csv,/scratch/n/N.Pfaffenzeller/nikolas_nethive/nethive_multiverse/results/test_runs/10b10t15c500e_log_sweep/data/param_87_rep_1/config.json
32,1000,"[0,1]","[""task_1"",""task_2"",""task_3"",""task_4"",""task_5"",""task_6"",""task_7"",""task_8"",""task_9"",""task_10""]",500.0,10,50.0,100,1.0e-5,10,15,10,15,500,50,100,1,10,87,1,0.1,time_out,242636822,2,448.8,2025-12-14T15:59:19.807,0,242636822,true,true,"[0.01,0.05]",10,10,10,500.0129212531804,0.4799689262409652,0.5333977475840143,0.06666666666666667,0.5685333333333333,0.06666666666666667,,,,,,,/scratch/n/N.Pfaffenzeller/nikolas_nethive/nethive_multiverse/results/test_runs/10b10t15c500e_log_sweep,param_87_rep_2,/scratch/n/N.Pfaffenzeller/nikolas_nethive/nethive_multiverse/results/test_runs/10b10t15c500e_log_sweep/data/param_87_rep_2,/scratch/n/N.Pfaffenzeller/nikolas_nethive/nethive_multiverse/results/test_runs/10b10t15c500e_log_sweep/data/param_87_rep_2/event_log.csv,/scratch/n/N.Pfaffenzeller/nikolas_nethive/nethive_multiverse/results/test_runs/10b10t15c500e_log_sweep/data/param_87_rep_2/config.json
32,1000,"[0,1]","[""task_1"",""task_2"",""task_3"",""task_4"",""task_5"",""task_6"",""task_7"",""task_8"",""task_9"",""task_10""]",500.0,10,50.0,100,1.0e-5,10,15,10,15,500,50,100,1,10,87,1,0.1,time_out,242636823,3,942.88,2025-12-14T15:59:42.810,0,242636823,true,true,"[0.01,0.05]",10,10,10,500.0006148082483,0.3000322816327765,0.3421781066574097,0.112,0.39986666666666665,0.06666666666666667,,,,,,,/scratch/n/N.Pfaffenzeller/nikolas_nethive/nethive_multiverse/results/test_runs/10b10t15c500e_log_sweep,param_87_rep_3,/scratch/n/N.Pfaffenzeller/nikolas_nethive/nethive_multiverse/results/test_runs/10b10t15c500e_log_sweep/data/param_87_rep_3,/scratch/n/N.Pfaffenzeller/nikolas_nethive/nethive_multiverse/results/test_runs/10b10t15c500e_log_sweep/data/param_87_rep_3/event_log.csv,/scratch/n/N.Pfaffenzeller/nikolas_nethive/nethive_multiverse/results/test_runs/10b10t15c500e_log_sweep/data/param_87_rep_3/config.json
32,1000,"[0,1]","[""task_1"",""task_2"",""task_3"",""task_4"",""task_5"",""task_6"",""task_7"",""task_8"",""task_9"",""task_10""]",1000.0,10,50.0,100,1.0e-5,10,15,10,15,500,50,100,1,10,88,1,0.1,time_out,242637821,1,1119.37,2025-12-14T15:59:54.883,0,242637821,true,true,"[0.01,0.05]",10,10,10,500.00956807997017,0.2743953304038605,0.32901312026026436,0.072,0.38413333333333327,0.06666666666666667,,,,,,,/scratch/n/N.Pfaffenzeller/nikolas_nethive/nethive_multiverse/results/test_runs/10b10t15c500e_log_sweep,param_88_rep_1,/scratch/n/N.Pfaffenzeller/nikolas_nethive/nethive_multiverse/results/test_runs/10b10t15c500e_log_sweep/data/param_88_rep_1,/scratch/n/N.Pfaffenzeller/nikolas_nethive/nethive_multiverse/results/test_runs/10b10t15c500e_log_sweep/data/param_88_rep_1/event_log.csv,/scratch/n/N.Pfaffenzeller/nikolas_nethive/nethive_multiverse/results/test_runs/10b10t15c500e_log_sweep/data/param_88_rep_1/config.json
32,1000,"[0,1]","[""task_1"",""task_2"",""task_3"",""task_4"",""task_5"",""task_6"",""task_7"",""task_8"",""task_9"",""task_10""]",1000.0,10,50.0,100,1.0e-5,10,15,10,15,500,50,100,1,10,88,1,0.1,time_out,242637822,2,399.74,2025-12-14T15:59:33.008,0,242637822,true,true,"[0.01,0.05]",10,10,10,500.0077089508599,0.30017761090992534,0.3416431342375522,0.1,0.3878666666666667,0.06933333333333333,,,,,,,/scratch/n/N.Pfaffenzeller/nikolas_nethive/nethive_multiverse/results/test_runs/10b10t15c500e_log_sweep,param_88_rep_2,/scratch/n/N.Pfaffenzeller/nikolas_nethive/nethive_multiverse/results/test_runs/10b10t15c500e_log_sweep/data/param_88_rep_2,/scratch/n/N.Pfaffenzeller/nikolas_nethive/nethive_multiverse/results/test_runs/10b10t15c500e_log_sweep/data/param_88_rep_2/event_log.csv,/scratch/n/N.Pfaffenzeller/nikolas_nethive/nethive_multiverse/results/test_runs/10b10t15c500e_log_sweep/data/param_88_rep_2/config.json
32,1000,"[0,1]","[""task_1"",""task_2"",""task_3"",""task_4"",""task_5"",""task_6"",""task_7"",""task_8"",""task_9"",""task_10""]",1000.0,10,50.0,100,1.0e-5,10,15,10,15,500,50,100,1,10,88,1,0.1,time_out,242637823,3,399.33,2025-12-14T15:59:33.563,0,242637823,true,true,"[0.01,0.05]",10,10,10,500.0260481611737,0.26726736898735004,0.31732871440841853,0.06666666666666667,0.36173333333333335,0.06666666666666667,,,,,,,/scratch/n/N.Pfaffenzeller/nikolas_nethive/nethive_multiverse/results/test_runs/10b10t15c500e_log_sweep,param_88_rep_3,/scratch/n/N.Pfaffenzeller/nikolas_nethive/nethive_multiverse/results/test_runs/10b10t15c500e_log_sweep/data/param_88_rep_3,/scratch/n/N.Pfaffenzeller/nikolas_nethive/nethive_multiverse/results/test_runs/10b10t15c500e_log_sweep/data/param_88_rep_3/event_log.csv,/scratch/n/N.Pfaffenzeller/nikolas_nethive/nethive_multiverse/results/test_runs/10b10t15c500e_log_sweep/data/param_88_rep_3/config.json
32,1000,"[0,1]","[""task_1"",""task_2"",""task_3"",""task_4"",""task_5"",""task_6"",""task_7"",""task_8"",""task_9"",""task_10""]",0.01,10,100.0,100,1.0e-5,10,15,10,15,500,50,100,1,10,89,1,0.1,time_out,242638821,1,2392.5,2025-12-14T16:00:33.786,0,242638821,true,true,"[0.01,0.05]",10,10,10,500.0007902316835,0.12970996085385816,0.14281144854171063,0.07733333333333334,0.23906666666666662,0.07733333333333334,,,,,,,/scratch/n/N.Pfaffenzeller/nikolas_nethive/nethive_multiverse/results/test_runs/10b10t15c500e_log_sweep,param_89_rep_1,/scratch/n/N.Pfaffenzeller/nikolas_nethive/nethive_multiverse/results/test_runs/10b10t15c500e_log_sweep/data/param_89_rep_1,/scratch/n/N.Pfaffenzeller/nikolas_nethive/nethive_multiverse/results/test_runs/10b10t15c500e_log_sweep/data/param_89_rep_1/event_log.csv,/scratch/n/N.Pfaffenzeller/nikolas_nethive/nethive_multiverse/results/test_runs/10b10t15c500e_log_sweep/data/param_89_rep_1/config.json
32,1000,"[0,1]","[""task_1"",""task_2"",""task_3"",""task_4"",""task_5"",""task_6"",""task_7"",""task_8"",""task_9"",""task_10""]",0.01,10,100.0,100,1.0e-5,10,15,10,15,500,50,100,1,10,89,1,0.1,time_out,242638822,2,2279.99,2025-12-14T16:00:32.131,0,242638822,true,true,"[0.01,0.05]",10,10,10,500.00011699594336,0.11745621059099784,0.16196864268971822,0.042666666666666665,0.2354666666666667,0.042666666666666665,,,,,,,/scratch/n/N.Pfaffenzeller/nikolas_nethive/nethive_multiverse/results/test_runs/10b10t15c500e_log_sweep,param_89_rep_2,/scratch/n/N.Pfaffenzeller/nikolas_nethive/nethive_multiverse/results/test_runs/10b10t15c500e_log_sweep/data/param_89_rep_2,/scratch/n/N.Pfaffenzeller/nikolas_nethive/nethive_multiverse/results/test_runs/10b10t15c500e_log_sweep/data/param_89_rep_2/event_log.csv,/scratch/n/N.Pfaffenzeller/nikolas_nethive/nethive_multiverse/results/test_runs/10b10t15c500e_log_sweep/data/param_89_rep_2/config.json
32,1000,"[0,1]","[""task_1"",""task_2"",""task_3"",""task_4"",""task_5"",""task_6"",""task_7"",""task_8"",""task_9"",""task_10""]",0.01,10,100.0,100,1.0e-5,10,15,10,15,500,50,100,1,10,89,1,0.1,time_out,242638823,3,2662.99,2025-12-14T16:00:43.834,0,242638823,true,true,"[0.01,0.05]",10,10,10,500.0012412302449,0.17205459669279305,0.23620540704516482,0.016,0.28400000000000003,0.016,,,,,,,/scratch/n/N.Pfaffenzeller/nikolas_nethive/nethive_multiverse/results/test_runs/10b10t15c500e_log_sweep,param_89_rep_3,/scratch/n/N.Pfaffenzeller/nikolas_nethive/nethive_multiverse/results/test_runs/10b10t15c500e_log_sweep/data/param_89_rep_3,/scratch/n/N.Pfaffenzeller/nikolas_nethive/nethive_multiverse/results/test_runs/10b10t15c500e_log_sweep/data/param_89_rep_3/event_log.csv,/scratch/n/N.Pfaffenzeller/nikolas_nethive/nethive_multiverse/results/test_runs/10b10t15c500e_log_sweep/data/param_89_rep_3/config.json
32,1000,"[0,1]","[""task_1"",""task_2"",""task_3"",""task_4"",""task_5"",""task_6"",""task_7"",""task_8"",""task_9"",""task_10""]",50.0,10,0.01,100,1.0e-5,10,15,10,15,500,50,100,1,10,8,1,0.1,time_out,242557821,1,1348.89,2025-12-14T15:17:35.197,0,242557821,true,true,"[0.01,0.05]",10,10,10,500.00528555956856,0.15388431627070526,0.23003164519778596,0.025333333333333333,0.25306666666666666,0.025333333333333333,,,,,,,/scratch/n/N.Pfaffenzeller/nikolas_nethive/nethive_multiverse/results/test_runs/10b10t15c500e_log_sweep,param_8_rep_1,/scratch/n/N.Pfaffenzeller/nikolas_nethive/nethive_multiverse/results/test_runs/10b10t15c500e_log_sweep/data/param_8_rep_1,/scratch/n/N.Pfaffenzeller/nikolas_nethive/nethive_multiverse/results/test_runs/10b10t15c500e_log_sweep/data/param_8_rep_1/event_log.csv,/scratch/n/N.Pfaffenzeller/nikolas_nethive/nethive_multiverse/results/test_runs/10b10t15c500e_log_sweep/data/param_8_rep_1/config.json
32,1000,"[0,1]","[""task_1"",""task_2"",""task_3"",""task_4"",""task_5"",""task_6"",""task_7"",""task_8"",""task_9"",""task_10""]",50.0,10,0.01,100,1.0e-5,10,15,10,15,500,50,100,1,10,8,1,0.1,time_out,242557822,2,1344.57,2025-12-14T15:17:35.266,0,242557822,true,true,"[0.01,0.05]",10,10,10,500.03590282085713,0.1901197905804583,0.2390538883104248,0.005333333333333333,0.25306666666666666,0.005333333333333333,,,,,,,/scratch/n/N.Pfaffenzeller/nikolas_nethive/nethive_multiverse/results/test_runs/10b10t15c500e_log_sweep,param_8_rep_2,/scratch/n/N.Pfaffenzeller/nikolas_nethive/nethive_multiverse/results/test_runs/10b10t15c500e_log_sweep/data/param_8_rep_2,/scratch/n/N.Pfaffenzeller/nikolas_nethive/nethive_multiverse/results/test_runs/10b10t15c500e_log_sweep/data/param_8_rep_2/event_log.csv,/scratch/n/N.Pfaffenzeller/nikolas_nethive/nethive_multiverse/results/test_runs/10b10t15c500e_log_sweep/data/param_8_rep_2/config.json
32,1000,"[0,1]","[""task_1"",""task_2"",""task_3"",""task_4"",""task_5"",""task_6"",""task_7"",""task_8"",""task_9"",""task_10""]",50.0,10,0.01,100,1.0e-5,10,15,10,15,500,50,100,1,10,8,1,0.1,time_out,242557823,3,1356.25,2025-12-14T15:17:27.471,0,242557823,true,true,"[0.01,0.05]",10,10,10,500.0012603905683,0.2305104897839084,0.24177502220648317,0.014666666666666666,0.24586666666666668,0.012,,,,,,,/scratch/n/N.Pfaffenzeller/nikolas_nethive/nethive_multiverse/results/test_runs/10b10t15c500e_log_sweep,param_8_rep_3,/scratch/n/N.Pfaffenzeller/nikolas_nethive/nethive_multiverse/results/test_runs/10b10t15c500e_log_sweep/data/param_8_rep_3,/scratch/n/N.Pfaffenzeller/nikolas_nethive/nethive_multiverse/results/test_runs/10b10t15c500e_log_sweep/data/param_8_rep_3/event_log.csv,/scratch/n/N.Pfaffenzeller/nikolas_nethive/nethive_multiverse/results/test_runs/10b10t15c500e_log_sweep/data/param_8_rep_3/config.json
32,1000,"[0,1]","[""task_1"",""task_2"",""task_3"",""task_4"",""task_5"",""task_6"",""task_7"",""task_8"",""task_9"",""task_10""]",0.05,10,100.0,100,1.0e-5,10,15,10,15,500,50,100,1,10,90,1,0.1,time_out,242639821,1,4526.54,2025-12-14T16:01:32.396,0,242639821,true,true,"[0.01,0.05]",10,10,10,500.00008100670806,0.24625626931638483,0.2756846197733255,0.10266666666666667,0.4196,0.10266666666666667,,,,,,,/scratch/n/N.Pfaffenzeller/nikolas_nethive/nethive_multiverse/results/test_runs/10b10t15c500e_log_sweep,param_90_rep_1,/scratch/n/N.Pfaffenzeller/nikolas_nethive/nethive_multiverse/results/test_runs/10b10t15c500e_log_sweep/data/param_90_rep_1,/scratch/n/N.Pfaffenzeller/nikolas_nethive/nethive_multiverse/results/test_runs/10b10t15c500e_log_sweep/data/param_90_rep_1/event_log.csv,/scratch/n/N.Pfaffenzeller/nikolas_nethive/nethive_multiverse/results/test_runs/10b10t15c500e_log_sweep/data/param_90_rep_1/config.json
32,1000,"[0,1]","[""task_1"",""task_2"",""task_3"",""task_4"",""task_5"",""task_6"",""task_7"",""task_8"",""task_9"",""task_10""]",0.05,10,100.0,100,1.0e-5,10,15,10,15,500,50,100,1,10,90,1,0.1,time_out,242639822,2,4482.75,2025-12-14T16:01:18.721,0,242639822,true,true,"[0.01,0.05]",10,10,10,500.0002620966583,0.18793702523947564,0.2262734847523471,0.068,0.3841333333333333,0.068,,,,,,,/scratch/n/N.Pfaffenzeller/nikolas_nethive/nethive_multiverse/results/test_runs/10b10t15c500e_log_sweep,param_90_rep_2,/scratch/n/N.Pfaffenzeller/nikolas_nethive/nethive_multiverse/results/test_runs/10b10t15c500e_log_sweep/data/param_90_rep_2,/scratch/n/N.Pfaffenzeller/nikolas_nethive/nethive_multiverse/results/test_runs/10b10t15c500e_log_sweep/data/param_90_rep_2/event_log.csv,/scratch/n/N.Pfaffenzeller/nikolas_nethive/nethive_multiverse/results/test_runs/10b10t15c500e_log_sweep/data/param_90_rep_2/config.json
32,1000,"[0,1]","[""task_1"",""task_2"",""task_3"",""task_4"",""task_5"",""task_6"",""task_7"",""task_8"",""task_9"",""task_10""]",0.05,10,100.0,100,1.0e-5,10,15,10,15,500,50,100,1,10,90,1,0.1,time_out,242639823,3,4536.68,2025-12-14T16:01:28.524,0,242639823,true,true,"[0.01,0.05]",10,10,10,500.00025556415534,0.23762015105336637,0.2535358607139118,0.11466666666666667,0.40599999999999997,0.11466666666666667,,,,,,,/scratch/n/N.Pfaffenzeller/nikolas_nethive/nethive_multiverse/results/test_runs/10b10t15c500e_log_sweep,param_90_rep_3,/scratch/n/N.Pfaffenzeller/nikolas_nethive/nethive_multiverse/results/test_runs/10b10t15c500e_log_sweep/data/param_90_rep_3,/scratch/n/N.Pfaffenzeller/nikolas_nethive/nethive_multiverse/results/test_runs/10b10t15c500e_log_sweep/data/param_90_rep_3/event_log.csv,/scratch/n/N.Pfaffenzeller/nikolas_nethive/nethive_multiverse/results/test_runs/10b10t15c500e_log_sweep/data/param_90_rep_3/config.json
32,1000,"[0,1]","[""task_1"",""task_2"",""task_3"",""task_4"",""task_5"",""task_6"",""task_7"",""task_8"",""task_9"",""task_10""]",0.1,10,100.0,100,1.0e-5,10,15,10,15,500,50,100,1,10,91,1,0.1,time_out,242640821,1,3997.25,2025-12-14T16:01:53.485,0,242640821,true,true,"[0.01,0.05]",10,10,10,500.00024003763,0.34868834185736974,0.35932465757383103,0.312,0.5664,0.312,,,,,,,/scratch/n/N.Pfaffenzeller/nikolas_nethive/nethive_multiverse/results/test_runs/10b10t15c500e_log_sweep,param_91_rep_1,/scratch/n/N.Pfaffenzeller/nikolas_nethive/nethive_multiverse/results/test_runs/10b10t15c500e_log_sweep/data/param_91_rep_1,/scratch/n/N.Pfaffenzeller/nikolas_nethive/nethive_multiverse/results/test_runs/10b10t15c500e_log_sweep/data/param_91_rep_1/event_log.csv,/scratch/n/N.Pfaffenzeller/nikolas_nethive/nethive_multiverse/results/test_runs/10b10t15c500e_log_sweep/data/param_91_rep_1/config.json
32,1000,"[0,1]","[""task_1"",""task_2"",""task_3"",""task_4"",""task_5"",""task_6"",""task_7"",""task_8"",""task_9"",""task_10""]",0.1,10,100.0,100,1.0e-5,10,15,10,15,500,50,100,1,10,91,1,0.1,time_out,242640822,2,3943.53,2025-12-14T16:02:32.816,0,242640822,true,true,"[0.01,0.05]",10,10,10,500.00169543712707,0.3379180311275777,0.3515001873801703,0.21866666666666668,0.5570666666666667,0.21866666666666668,,,,,,,/scratch/n/N.Pfaffenzeller/nikolas_nethive/nethive_multiverse/results/test_runs/10b10t15c500e_log_sweep,param_91_rep_2,/scratch/n/N.Pfaffenzeller/nikolas_nethive/nethive_multiverse/results/test_runs/10b10t15c500e_log_sweep/data/param_91_rep_2,/scratch/n/N.Pfaffenzeller/nikolas_nethive/nethive_multiverse/results/test_runs/10b10t15c500e_log_sweep/data/param_91_rep_2/event_log.csv,/scratch/n/N.Pfaffenzeller/nikolas_nethive/nethive_multiverse/results/test_runs/10b10t15c500e_log_sweep/data/param_91_rep_2/config.json
32,1000,"[0,1]","[""task_1"",""task_2"",""task_3"",""task_4"",""task_5"",""task_6"",""task_7"",""task_8"",""task_9"",""task_10""]",0.1,10,100.0,100,1.0e-5,10,15,10,15,500,50,100,1,10,91,1,0.1,time_out,242640823,3,3800.78,2025-12-14T16:02:28.733,0,242640823,true,true,"[0.01,0.05]",10,10,10,500.00453753673384,0.37712521739912697,0.400130980510215,0.264,0.6019999999999999,0.264,,,,,,,/scratch/n/N.Pfaffenzeller/nikolas_nethive/nethive_multiverse/results/test_runs/10b10t15c500e_log_sweep,param_91_rep_3,/scratch/n/N.Pfaffenzeller/nikolas_nethive/nethive_multiverse/results/test_runs/10b10t15c500e_log_sweep/data/param_91_rep_3,/scratch/n/N.Pfaffenzeller/nikolas_nethive/nethive_multiverse/results/test_runs/10b10t15c500e_log_sweep/data/param_91_rep_3/event_log.csv,/scratch/n/N.Pfaffenzeller/nikolas_nethive/nethive_multiverse/results/test_runs/10b10t15c500e_log_sweep/data/param_91_rep_3/config.json
32,1000,"[0,1]","[""task_1"",""task_2"",""task_3"",""task_4"",""task_5"",""task_6"",""task_7"",""task_8"",""task_9"",""task_10""]",0.5,10,100.0,100,1.0e-5,10,15,10,15,500,50,100,1,10,92,1,0.1,time_out,242641821,1,2492.39,2025-12-14T16:03:29.990,0,242641821,true,true,"[0.01,0.05]",10,10,10,500.0004676552692,0.651297949181544,0.6673869394820058,0.432,0.7981333333333335,0.13466666666666666,,,,,,,/scratch/n/N.Pfaffenzeller/nikolas_nethive/nethive_multiverse/results/test_runs/10b10t15c500e_log_sweep,param_92_rep_1,/scratch/n/N.Pfaffenzeller/nikolas_nethive/nethive_multiverse/results/test_runs/10b10t15c500e_log_sweep/data/param_92_rep_1,/scratch/n/N.Pfaffenzeller/nikolas_nethive/nethive_multiverse/results/test_runs/10b10t15c500e_log_sweep/data/param_92_rep_1/event_log.csv,/scratch/n/N.Pfaffenzeller/nikolas_nethive/nethive_multiverse/results/test_runs/10b10t15c500e_log_sweep/data/param_92_rep_1/config.json
32,1000,"[0,1]","[""task_1"",""task_2"",""task_3"",""task_4"",""task_5"",""task_6"",""task_7"",""task_8"",""task_9"",""task_10""]",0.5,10,100.0,100,1.0e-5,10,15,10,15,500,50,100,1,10,92,1,0.1,time_out,242641822,2,1056.7,2025-12-14T16:03:30.153,0,242641822,true,true,"[0.01,0.05]",10,10,10,500.0019500917465,0.6809921657482614,0.6795342187048311,0.7226666666666667,0.8277333333333333,0.7226666666666667,,,,,,,/scratch/n/N.Pfaffenzeller/nikolas_nethive/nethive_multiverse/results/test_runs/10b10t15c500e_log_sweep,param_92_rep_2,/scratch/n/N.Pfaffenzeller/nikolas_nethive/nethive_multiverse/results/test_runs/10b10t15c500e_log_sweep/data/param_92_rep_2,/scratch/n/N.Pfaffenzeller/nikolas_nethive/nethive_multiverse/results/test_runs/10b10t15c500e_log_sweep/data/param_92_rep_2/event_log.csv,/scratch/n/N.Pfaffenzeller/nikolas_nethive/nethive_multiverse/results/test_runs/10b10t15c500e_log_sweep/data/param_92_rep_2/config.json
32,1000,"[0,1]","[""task_1"",""task_2"",""task_3"",""task_4"",""task_5"",""task_6"",""task_7"",""task_8"",""task_9"",""task_10""]",0.5,10,100.0,100,1.0e-5,10,15,10,15,500,50,100,1,10,92,1,0.1,time_out,242641823,3,1022.4,2025-12-14T16:03:19.426,0,242641823,true,true,"[0.01,0.05]",10,10,10,500.00690592095975,0.7203893716284968,0.7163438153478987,0.78,0.8609333333333333,0.78,363.94175844822104,0.7581275334297101,0.7533108665131485,,,,/scratch/n/N.Pfaffenzeller/nikolas_nethive/nethive_multiverse/results/test_runs/10b10t15c500e_log_sweep,param_92_rep_3,/scratch/n/N.Pfaffenzeller/nikolas_nethive/nethive_multiverse/results/test_runs/10b10t15c500e_log_sweep/data/param_92_rep_3,/scratch/n/N.Pfaffenzeller/nikolas_nethive/nethive_multiverse/results/test_runs/10b10t15c500e_log_sweep/data/param_92_rep_3/event_log.csv,/scratch/n/N.Pfaffenzeller/nikolas_nethive/nethive_multiverse/results/test_runs/10b10t15c500e_log_sweep/data/param_92_rep_3/config.json
32,1000,"[0,1]","[""task_1"",""task_2"",""task_3"",""task_4"",""task_5"",""task_6"",""task_7"",""task_8"",""task_9"",""task_10""]",1.0,10,100.0,100,1.0e-5,10,15,10,15,500,50,100,1,10,93,1,0.1,time_out,242642821,1,1015.42,2025-12-14T16:03:21.174,0,242642821,true,true,"[0.01,0.05]",10,10,10,500.000357793509,0.640527718728037,0.6637343087428598,0.16933333333333334,0.7705333333333334,0.16933333333333334,,,,,,,/scratch/n/N.Pfaffenzeller/nikolas_nethive/nethive_multiverse/results/test_runs/10b10t15c500e_log_sweep,param_93_rep_1,/scratch/n/N.Pfaffenzeller/nikolas_nethive/nethive_multiverse/results/test_runs/10b10t15c500e_log_sweep/data/param_93_rep_1,/scratch/n/N.Pfaffenzeller/nikolas_nethive/nethive_multiverse/results/test_runs/10b10t15c500e_log_sweep/data/param_93_rep_1/event_log.csv,/scratch/n/N.Pfaffenzeller/nikolas_nethive/nethive_multiverse/results/test_runs/10b10t15c500e_log_sweep/data/param_93_rep_1/config.json
32,1000,"[0,1]","[""task_1"",""task_2"",""task_3"",""task_4"",""task_5"",""task_6"",""task_7"",""task_8"",""task_9"",""task_10""]",1.0,10,100.0,100,1.0e-5,10,15,10,15,500,50,100,1,10,93,1,0.1,time_out,242642822,2,1943.81,2025-12-14T16:04:30.260,0,242642822,true,true,"[0.01,0.05]",10,10,10,500.0077266783351,0.884441374154974,0.8828103732973217,0.9,0.9482666666666667,0.9,267.20780089263883,0.8108793069270016,0.8059597334752995,452.09432178883253,0.884441374154974,0.8828103732973217,/scratch/n/N.Pfaffenzeller/nikolas_nethive/nethive_multiverse/results/test_runs/10b10t15c500e_log_sweep,param_93_rep_2,/scratch/n/N.Pfaffenzeller/nikolas_nethive/nethive_multiverse/results/test_runs/10b10t15c500e_log_sweep/data/param_93_rep_2,/scratch/n/N.Pfaffenzeller/nikolas_nethive/nethive_multiverse/results/test_runs/10b10t15c500e_log_sweep/data/param_93_rep_2/event_log.csv,/scratch/n/N.Pfaffenzeller/nikolas_nethive/nethive_multiverse/results/test_runs/10b10t15c500e_log_sweep/data/param_93_rep_2/config.json
32,1000,"[0,1]","[""task_1"",""task_2"",""task_3"",""task_4"",""task_5"",""task_6"",""task_7"",""task_8"",""task_9"",""task_10""]",1.0,10,100.0,100,1.0e-5,10,15,10,15,500,50,100,1,10,93,1,0.1,time_out,242642823,3,2125.97,2025-12-14T16:04:55.006,0,242642823,true,true,"[0.01,0.05]",10,10,10,500.001692082798,0.8167907492408653,0.8162126006392427,0.8106666666666666,0.9150666666666666,0.8106666666666666,473.704278605289,0.8102963999163302,0.8047184267501741,,,,/scratch/n/N.Pfaffenzeller/nikolas_nethive/nethive_multiverse/results/test_runs/10b10t15c500e_log_sweep,param_93_rep_3,/scratch/n/N.Pfaffenzeller/nikolas_nethive/nethive_multiverse/results/test_runs/10b10t15c500e_log_sweep/data/param_93_rep_3,/scratch/n/N.Pfaffenzeller/nikolas_nethive/nethive_multiverse/results/test_runs/10b10t15c500e_log_sweep/data/param_93_rep_3/event_log.csv,/scratch/n/N.Pfaffenzeller/nikolas_nethive/nethive_multiverse/results/test_runs/10b10t15c500e_log_sweep/data/param_93_rep_3/config.json
32,1000,"[0,1]","[""task_1"",""task_2"",""task_3"",""task_4"",""task_5"",""task_6"",""task_7"",""task_8"",""task_9"",""task_10""]",5.0,10,100.0,100,1.0e-5,10,15,10,15,500,50,100,1,10,94,1,0.1,time_out,242643821,1,871.14,2025-12-14T16:04:52.284,0,242643821,true,true,"[0.01,0.05]",10,10,10,500.01160906152086,0.6060104131290702,0.5836279093900674,0.296,0.6862666666666667,0.06666666666666667,,,,,,,/scratch/n/N.Pfaffenzeller/nikolas_nethive/nethive_multiverse/results/test_runs/10b10t15c500e_log_sweep,param_94_rep_1,/scratch/n/N.Pfaffenzeller/nikolas_nethive/nethive_multiverse/results/test_runs/10b10t15c500e_log_sweep/data/param_94_rep_1,/scratch/n/N.Pfaffenzeller/nikolas_nethive/nethive_multiverse/results/test_runs/10b10t15c500e_log_sweep/data/param_94_rep_1/event_log.csv,/scratch/n/N.Pfaffenzeller/nikolas_nethive/nethive_multiverse/results/test_runs/10b10t15c500e_log_sweep/data/param_94_rep_1/config.json
32,1000,"[0,1]","[""task_1"",""task_2"",""task_3"",""task_4"",""task_5"",""task_6"",""task_7"",""task_8"",""task_9"",""task_10""]",5.0,10,100.0,100,1.0e-5,10,15,10,15,500,50,100,1,10,94,1,0.1,time_out,242643822,2,667.11,2025-12-14T16:05:21.762,0,242643822,true,true,"[0.01,0.05]",10,10,10,500.00881148061364,0.8084022963873242,0.8061478938236635,0.21866666666666668,0.8645333333333335,0.056,,,,,,,/scratch/n/N.Pfaffenzeller/nikolas_nethive/nethive_multiverse/results/test_runs/10b10t15c500e_log_sweep,param_94_rep_2,/scratch/n/N.Pfaffenzeller/nikolas_nethive/nethive_multiverse/results/test_runs/10b10t15c500e_log_sweep/data/param_94_rep_2,/scratch/n/N.Pfaffenzeller/nikolas_nethive/nethive_multiverse/results/test_runs/10b10t15c500e_log_sweep/data/param_94_rep_2/event_log.csv,/scratch/n/N.Pfaffenzeller/nikolas_nethive/nethive_multiverse/results/test_runs/10b10t15c500e_log_sweep/data/param_94_rep_2/config.json
32,1000,"[0,1]","[""task_1"",""task_2"",""task_3"",""task_4"",""task_5"",""task_6"",""task_7"",""task_8"",""task_9"",""task_10""]",5.0,10,100.0,100,1.0e-5,10,15,10,15,500,50,100,1,10,94,1,0.1,time_out,242643823,3,839.69,2025-12-14T16:05:19.526,0,242643823,true,true,"[0.01,0.05]",10,10,10,500.00006665905767,0.6991772547301351,0.6844350419620122,0.41733333333333333,0.77,0.06666666666666667,,,,,,,/scratch/n/N.Pfaffenzeller/nikolas_nethive/nethive_multiverse/results/test_runs/10b10t15c500e_log_sweep,param_94_rep_3,/scratch/n/N.Pfaffenzeller/nikolas_nethive/nethive_multiverse/results/test_runs/10b10t15c500e_log_sweep/data/param_94_rep_3,/scratch/n/N.Pfaffenzeller/nikolas_nethive/nethive_multiverse/results/test_runs/10b10t15c500e_log_sweep/data/param_94_rep_3/event_log.csv,/scratch/n/N.Pfaffenzeller/nikolas_nethive/nethive_multiverse/results/test_runs/10b10t15c500e_log_sweep/data/param_94_rep_3/config.json
32,1000,"[0,1]","[""task_1"",""task_2"",""task_3"",""task_4"",""task_5"",""task_6"",""task_7"",""task_8"",""task_9"",""task_10""]",10.0,10,100.0,100,1.0e-5,10,15,10,15,500,50,100,1,10,95,1,0.1,time_out,242644821,1,1761.24,2025-12-14T16:05:56.130,0,242644821,true,true,"[0.01,0.05]",10,10,10,500.0073965005146,0.8541310717410017,0.8514856872296704,0.4066666666666667,0.9017333333333333,0.4066666666666667,,,,,,,/scratch/n/N.Pfaffenzeller/nikolas_nethive/nethive_multiverse/results/test_runs/10b10t15c500e_log_sweep,param_95_rep_1,/scratch/n/N.Pfaffenzeller/nikolas_nethive/nethive_multiverse/results/test_runs/10b10t15c500e_log_sweep/data/param_95_rep_1,/scratch/n/N.Pfaffenzeller/nikolas_nethive/nethive_multiverse/results/test_runs/10b10t15c500e_log_sweep/data/param_95_rep_1/event_log.csv,/scratch/n/N.Pfaffenzeller/nikolas_nethive/nethive_multiverse/results/test_runs/10b10t15c500e_log_sweep/data/param_95_rep_1/config.json
32,1000,"[0,1]","[""task_1"",""task_2"",""task_3"",""task_4"",""task_5"",""task_6"",""task_7"",""task_8"",""task_9"",""task_10""]",10.0,10,100.0,100,1.0e-5,10,15,10,15,500,50,100,1,10,95,1,0.1,time_out,242644822,2,761.64,2025-12-14T16:05:44.464,0,242644822,true,true,"[0.01,0.05]",10,10,10,500.01995908035326,0.7387601534767638,0.7101127789229836,0.21733333333333332,0.7778666666666667,0.06666666666666667,,,,,,,/scratch/n/N.Pfaffenzeller/nikolas_nethive/nethive_multiverse/results/test_runs/10b10t15c500e_log_sweep,param_95_rep_2,/scratch/n/N.Pfaffenzeller/nikolas_nethive/nethive_multiverse/results/test_runs/10b10t15c500e_log_sweep/data/param_95_rep_2,/scratch/n/N.Pfaffenzeller/nikolas_nethive/nethive_multiverse/results/test_runs/10b10t15c500e_log_sweep/data/param_95_rep_2/event_log.csv,/scratch/n/N.Pfaffenzeller/nikolas_nethive/nethive_multiverse/results/test_runs/10b10t15c500e_log_sweep/data/param_95_rep_2/config.json
32,1000,"[0,1]","[""task_1"",""task_2"",""task_3"",""task_4"",""task_5"",""task_6"",""task_7"",""task_8"",""task_9"",""task_10""]",10.0,10,100.0,100,1.0e-5,10,15,10,15,500,50,100,1,10,95,1,0.1,time_out,242644823,3,1978.32,2025-12-14T16:06:33.912,0,242644823,true,true,"[0.01,0.05]",10,10,10,500.00241706185585,0.6163582895169964,0.6093231708668208,0.196,0.6794666666666666,0.06666666666666667,,,,,,,/scratch/n/N.Pfaffenzeller/nikolas_nethive/nethive_multiverse/results/test_runs/10b10t15c500e_log_sweep,param_95_rep_3,/scratch/n/N.Pfaffenzeller/nikolas_nethive/nethive_multiverse/results/test_runs/10b10t15c500e_log_sweep/data/param_95_rep_3,/scratch/n/N.Pfaffenzeller/nikolas_nethive/nethive_multiverse/results/test_runs/10b10t15c500e_log_sweep/data/param_95_rep_3/event_log.csv,/scratch/n/N.Pfaffenzeller/nikolas_nethive/nethive_multiverse/results/test_runs/10b10t15c500e_log_sweep/data/param_95_rep_3/config.json
32,1000,"[0,1]","[""task_1"",""task_2"",""task_3"",""task_4"",""task_5"",""task_6"",""task_7"",""task_8"",""task_9"",""task_10""]",50.0,10,100.0,100,1.0e-5,10,15,10,15,500,50,100,1,10,96,1,0.1,time_out,242645821,1,876.57,2025-12-14T16:06:19.001,0,242645821,true,true,"[0.01,0.05]",10,10,10,500.00665721242666,0.42506650788332817,0.46923865841721374,0.068,0.5022666666666666,0.068,,,,,,,/scratch/n/N.Pfaffenzeller/nikolas_nethive/nethive_multiverse/results/test_runs/10b10t15c500e_log_sweep,param_96_rep_1,/scratch/n/N.Pfaffenzeller/nikolas_nethive/nethive_multiverse/results/test_runs/10b10t15c500e_log_sweep/data/param_96_rep_1,/scratch/n/N.Pfaffenzeller/nikolas_nethive/nethive_multiverse/results/test_runs/10b10t15c500e_log_sweep/data/param_96_rep_1/event_log.csv,/scratch/n/N.Pfaffenzeller/nikolas_nethive/nethive_multiverse/results/test_runs/10b10t15c500e_log_sweep/data/param_96_rep_1/config.json
32,1000,"[0,1]","[""task_1"",""task_2"",""task_3"",""task_4"",""task_5"",""task_6"",""task_7"",""task_8"",""task_9"",""task_10""]",50.0,10,100.0,100,1.0e-5,10,15,10,15,500,50,100,1,10,96,1,0.1,time_out,242645822,2,661.0,2025-12-14T16:06:32.004,0,242645822,true,true,"[0.01,0.05]",10,10,10,500.027748841909,0.8130665574368228,0.808211952593469,0.10533333333333333,0.818,0.10533333333333333,,,,,,,/scratch/n/N.Pfaffenzeller/nikolas_nethive/nethive_multiverse/results/test_runs/10b10t15c500e_log_sweep,param_96_rep_2,/scratch/n/N.Pfaffenzeller/nikolas_nethive/nethive_multiverse/results/test_runs/10b10t15c500e_log_sweep/data/param_96_rep_2,/scratch/n/N.Pfaffenzeller/nikolas_nethive/nethive_multiverse/results/test_runs/10b10t15c500e_log_sweep/data/param_96_rep_2/event_log.csv,/scratch/n/N.Pfaffenzeller/nikolas_nethive/nethive_multiverse/results/test_runs/10b10t15c500e_log_sweep/data/param_96_rep_2/config.json
32,1000,"[0,1]","[""task_1"",""task_2"",""task_3"",""task_4"",""task_5"",""task_6"",""task_7"",""task_8"",""task_9"",""task_10""]",50.0,10,100.0,100,1.0e-5,10,15,10,15,500,50,100,1,10,96,1,0.1,time_out,242645823,3,853.61,2025-12-14T16:06:19.656,0,242645823,true,true,"[0.01,0.05]",10,10,10,500.0271587748177,0.8675632296111585,0.8791979475692127,0.06533333333333333,0.8717333333333332,0.06533333333333333,,,,,,,/scratch/n/N.Pfaffenzeller/nikolas_nethive/nethive_multiverse/results/test_runs/10b10t15c500e_log_sweep,param_96_rep_3,/scratch/n/N.Pfaffenzeller/nikolas_nethive/nethive_multiverse/results/test_runs/10b10t15c500e_log_sweep/data/param_96_rep_3,/scratch/n/N.Pfaffenzeller/nikolas_nethive/nethive_multiverse/results/test_runs/10b10t15c500e_log_sweep/data/param_96_rep_3/event_log.csv,/scratch/n/N.Pfaffenzeller/nikolas_nethive/nethive_multiverse/results/test_runs/10b10t15c500e_log_sweep/data/param_96_rep_3/config.json
32,1000,"[0,1]","[""task_1"",""task_2"",""task_3"",""task_4"",""task_5"",""task_6"",""task_7"",""task_8"",""task_9"",""task_10""]",100.0,10,100.0,100,1.0e-5,10,15,10,15,500,50,100,1,10,97,1,0.1,time_out,242646821,1,852.57,2025-12-14T16:06:29.066,0,242646821,true,true,"[0.01,0.05]",10,10,10,500.00256848823454,0.447728282142661,0.4820160910137245,0.068,0.5209333333333334,0.06666666666666667,,,,,,,/scratch/n/N.Pfaffenzeller/nikolas_nethive/nethive_multiverse/results/test_runs/10b10t15c500e_log_sweep,param_97_rep_1,/scratch/n/N.Pfaffenzeller/nikolas_nethive/nethive_multiverse/results/test_runs/10b10t15c500e_log_sweep/data/param_97_rep_1,/scratch/n/N.Pfaffenzeller/nikolas_nethive/nethive_multiverse/results/test_runs/10b10t15c500e_log_sweep/data/param_97_rep_1/event_log.csv,/scratch/n/N.Pfaffenzeller/nikolas_nethive/nethive_multiverse/results/test_runs/10b10t15c500e_log_sweep/data/param_97_rep_1/config.json
32,1000,"[0,1]","[""task_1"",""task_2"",""task_3"",""task_4"",""task_5"",""task_6"",""task_7"",""task_8"",""task_9"",""task_10""]",100.0,10,100.0,100,1.0e-5,10,15,10,15,500,50,100,1,10,97,1,0.1,time_out,242646822,2,800.42,2025-12-14T16:06:21.273,0,242646822,true,true,"[0.01,0.05]",10,10,10,500.00232491550526,0.7697859998218206,0.7651659673248654,0.06933333333333333,0.7926666666666666,0.06933333333333333,,,,,,,/scratch/n/N.Pfaffenzeller/nikolas_nethive/nethive_multiverse/results/test_runs/10b10t15c500e_log_sweep,param_97_rep_2,/scratch/n/N.Pfaffenzeller/nikolas_nethive/nethive_multiverse/results/test_runs/10b10t15c500e_log_sweep/data/param_97_rep_2,/scratch/n/N.Pfaffenzeller/nikolas_nethive/nethive_multiverse/results/test_runs/10b10t15c500e_log_sweep/data/param_97_rep_2/event_log.csv,/scratch/n/N.Pfaffenzeller/nikolas_nethive/nethive_multiverse/results/test_runs/10b10t15c500e_log_sweep/data/param_97_rep_2/config.json
32,1000,"[0,1]","[""task_1"",""task_2"",""task_3"",""task_4"",""task_5"",""task_6"",""task_7"",""task_8"",""task_9"",""task_10""]",100.0,10,100.0,100,1.0e-5,10,15,10,15,500,50,100,1,10,97,1,0.1,time_out,242646823,3,835.64,2025-12-14T16:06:34.769,0,242646823,true,true,"[0.01,0.05]",10,10,10,500.0095032285488,0.44138335933669665,0.49880650846400715,0.12,0.5198666666666667,0.08933333333333333,,,,,,,/scratch/n/N.Pfaffenzeller/nikolas_nethive/nethive_multiverse/results/test_runs/10b10t15c500e_log_sweep,param_97_rep_3,/scratch/n/N.Pfaffenzeller/nikolas_nethive/nethive_multiverse/results/test_runs/10b10t15c500e_log_sweep/data/param_97_rep_3,/scratch/n/N.Pfaffenzeller/nikolas_nethive/nethive_multiverse/results/test_runs/10b10t15c500e_log_sweep/data/param_97_rep_3/event_log.csv,/scratch/n/N.Pfaffenzeller/nikolas_nethive/nethive_multiverse/results/test_runs/10b10t15c500e_log_sweep/data/param_97_rep_3/config.json
32,1000,"[0,1]","[""task_1"",""task_2"",""task_3"",""task_4"",""task_5"",""task_6"",""task_7"",""task_8"",""task_9"",""task_10""]",500.0,10,100.0,100,1.0e-5,10,15,10,15,500,50,100,1,10,98,1,0.1,time_out,242647821,1,839.15,2025-12-14T16:06:43.541,0,242647821,true,true,"[0.01,0.05]",10,10,10,500.0009789913734,0.3135495276647342,0.35548589300423006,0.10666666666666667,0.38959999999999995,0.06666666666666667,,,,,,,/scratch/n/N.Pfaffenzeller/nikolas_nethive/nethive_multiverse/results/test_runs/10b10t15c500e_log_sweep,param_98_rep_1,/scratch/n/N.Pfaffenzeller/nikolas_nethive/nethive_multiverse/results/test_runs/10b10t15c500e_log_sweep/data/param_98_rep_1,/scratch/n/N.Pfaffenzeller/nikolas_nethive/nethive_multiverse/results/test_runs/10b10t15c500e_log_sweep/data/param_98_rep_1/event_log.csv,/scratch/n/N.Pfaffenzeller/nikolas_nethive/nethive_multiverse/results/test_runs/10b10t15c500e_log_sweep/data/param_98_rep_1/config.json
32,1000,"[0,1]","[""task_1"",""task_2"",""task_3"",""task_4"",""task_5"",""task_6"",""task_7"",""task_8"",""task_9"",""task_10""]",500.0,10,100.0,100,1.0e-5,10,15,10,15,500,50,100,1,10,98,1,0.1,time_out,242647822,2,752.38,2025-12-14T16:06:40.798,0,242647822,true,true,"[0.01,0.05]",10,10,10,500.00050718457845,0.22635934769667765,0.25696897555890913,0.07733333333333334,0.30693333333333334,0.06666666666666667,,,,,,,/scratch/n/N.Pfaffenzeller/nikolas_nethive/nethive_multiverse/results/test_runs/10b10t15c500e_log_sweep,param_98_rep_2,/scratch/n/N.Pfaffenzeller/nikolas_nethive/nethive_multiverse/results/test_runs/10b10t15c500e_log_sweep/data/param_98_rep_2,/scratch/n/N.Pfaffenzeller/nikolas_nethive/nethive_multiverse/results/test_runs/10b10t15c500e_log_sweep/data/param_98_rep_2/event_log.csv,/scratch/n/N.Pfaffenzeller/nikolas_nethive/nethive_multiverse/results/test_runs/10b10t15c500e_log_sweep/data/param_98_rep_2/config.json
32,1000,"[0,1]","[""task_1"",""task_2"",""task_3"",""task_4"",""task_5"",""task_6"",""task_7"",""task_8"",""task_9"",""task_10""]",500.0,10,100.0,100,1.0e-5,10,15,10,15,500,50,100,1,10,98,1,0.1,time_out,242647823,3,858.43,2025-12-14T16:07:22.065,0,242647823,true,true,"[0.01,0.05]",10,10,10,500.00245878083444,0.35935726741382734,0.41585021328634875,0.06666666666666667,0.4528,0.06666666666666667,,,,,,,/scratch/n/N.Pfaffenzeller/nikolas_nethive/nethive_multiverse/results/test_runs/10b10t15c500e_log_sweep,param_98_rep_3,/scratch/n/N.Pfaffenzeller/nikolas_nethive/nethive_multiverse/results/test_runs/10b10t15c500e_log_sweep/data/param_98_rep_3,/scratch/n/N.Pfaffenzeller/nikolas_nethive/nethive_multiverse/results/test_runs/10b10t15c500e_log_sweep/data/param_98_rep_3/event_log.csv,/scratch/n/N.Pfaffenzeller/nikolas_nethive/nethive_multiverse/results/test_runs/10b10t15c500e_log_sweep/data/param_98_rep_3/config.json
32,1000,"[0,1]","[""task_1"",""task_2"",""task_3"",""task_4"",""task_5"",""task_6"",""task_7"",""task_8"",""task_9"",""task_10""]",1000.0,10,100.0,100,1.0e-5,10,15,10,15,500,50,100,1,10,99,1,0.1,time_out,242648821,1,816.49,2025-12-14T16:07:19.572,0,242648821,true,true,"[0.01,0.05]",10,10,10,500.00112896433194,0.3791938117825332,0.4208919367781574,0.07466666666666667,0.4749333333333333,0.06666666666666667,,,,,,,/scratch/n/N.Pfaffenzeller/nikolas_nethive/nethive_multiverse/results/test_runs/10b10t15c500e_log_sweep,param_99_rep_1,/scratch/n/N.Pfaffenzeller/nikolas_nethive/nethive_multiverse/results/test_runs/10b10t15c500e_log_sweep/data/param_99_rep_1,/scratch/n/N.Pfaffenzeller/nikolas_nethive/nethive_multiverse/results/test_runs/10b10t15c500e_log_sweep/data/param_99_rep_1/event_log.csv,/scratch/n/N.Pfaffenzeller/nikolas_nethive/nethive_multiverse/results/test_runs/10b10t15c500e_log_sweep/data/param_99_rep_1/config.json
32,1000,"[0,1]","[""task_1"",""task_2"",""task_3"",""task_4"",""task_5"",""task_6"",""task_7"",""task_8"",""task_9"",""task_10""]",1000.0,10,100.0,100,1.0e-5,10,15,10,15,500,50,100,1,10,99,1,0.1,time_out,242648822,2,790.99,2025-12-14T16:07:21.030,0,242648822,true,true,"[0.01,0.05]",10,10,10,500.0102337096326,0.2364921597271326,0.27063305831361395,0.06666666666666667,0.2986666666666667,0.06666666666666667,,,,,,,/scratch/n/N.Pfaffenzeller/nikolas_nethive/nethive_multiverse/results/test_runs/10b10t15c500e_log_sweep,param_99_rep_2,/scratch/n/N.Pfaffenzeller/nikolas_nethive/nethive_multiverse/results/test_runs/10b10t15c500e_log_sweep/data/param_99_rep_2,/scratch/n/N.Pfaffenzeller/nikolas_nethive/nethive_multiverse/results/test_runs/10b10t15c500e_log_sweep/data/param_99_rep_2/event_log.csv,/scratch/n/N.Pfaffenzeller/nikolas_nethive/nethive_multiverse/results/test_runs/10b10t15c500e_log_sweep/data/param_99_rep_2/config.json
32,1000,"[0,1]","[""task_1"",""task_2"",""task_3"",""task_4"",""task_5"",""task_6"",""task_7"",""task_8"",""task_9"",""task_10""]",1000.0,10,100.0,100,1.0e-5,10,15,10,15,500,50,100,1,10,99,1,0.1,time_out,242648823,3,690.86,2025-12-14T16:07:09.881,0,242648823,true,true,"[0.01,0.05]",10,10,10,500.00564740315014,0.48348615170024767,0.5022956371116389,0.10133333333333333,0.5474666666666667,0.06666666666666667,,,,,,,/scratch/n/N.Pfaffenzeller/nikolas_nethive/nethive_multiverse/results/test_runs/10b10t15c500e_log_sweep,param_99_rep_3,/scratch/n/N.Pfaffenzeller/nikolas_nethive/nethive_multiverse/results/test_runs/10b10t15c500e_log_sweep/data/param_99_rep_3,/scratch/n/N.Pfaffenzeller/nikolas_nethive/nethive_multiverse/results/test_runs/10b10t15c500e_log_sweep/data/param_99_rep_3/event_log.csv,/scratch/n/N.Pfaffenzeller/nikolas_nethive/nethive_multiverse/results/test_runs/10b10t15c500e_log_sweep/data/param_99_rep_3/config.json
32,1000,"[0,1]","[""task_1"",""task_2"",""task_3"",""task_4"",""task_5"",""task_6"",""task_7"",""task_8"",""task_9"",""task_10""]",100.0,10,0.01,100,1.0e-5,10,15,10,15,500,50,100,1,10,9,1,0.1,time_out,242558821,1,1418.0,2025-12-14T15:17:28.406,0,242558821,true,true,"[0.01,0.05]",10,10,10,500.00405605547076,0.22506308808646378,0.249867313786467,0.07466666666666667,0.2964,0.07466666666666667,,,,,,,/scratch/n/N.Pfaffenzeller/nikolas_nethive/nethive_multiverse/results/test_runs/10b10t15c500e_log_sweep,param_9_rep_1,/scratch/n/N.Pfaffenzeller/nikolas_nethive/nethive_multiverse/results/test_runs/10b10t15c500e_log_sweep/data/param_9_rep_1,/scratch/n/N.Pfaffenzeller/nikolas_nethive/nethive_multiverse/results/test_runs/10b10t15c500e_log_sweep/data/param_9_rep_1/event_log.csv,/scratch/n/N.Pfaffenzeller/nikolas_nethive/nethive_multiverse/results/test_runs/10b10t15c500e_log_sweep/data/param_9_rep_1/config.json
32,1000,"[0,1]","[""task_1"",""task_2"",""task_3"",""task_4"",""task_5"",""task_6"",""task_7"",""task_8"",""task_9"",""task_10""]",100.0,10,0.01,100,1.0e-5,10,15,10,15,500,50,100,1,10,9,1,0.1,time_out,242558822,2,611.85,2025-12-14T15:17:34.050,0,242558822,true,true,"[0.01,0.05]",10,10,10,500.0022180138984,0.2194893144896517,0.2582866996847538,0.029333333333333333,0.2525333333333333,0.02666666666666667,,,,,,,/scratch/n/N.Pfaffenzeller/nikolas_nethive/nethive_multiverse/results/test_runs/10b10t15c500e_log_sweep,param_9_rep_2,/scratch/n/N.Pfaffenzeller/nikolas_nethive/nethive_multiverse/results/test_runs/10b10t15c500e_log_sweep/data/param_9_rep_2,/scratch/n/N.Pfaffenzeller/nikolas_nethive/nethive_multiverse/results/test_runs/10b10t15c500e_log_sweep/data/param_9_rep_2/event_log.csv,/scratch/n/N.Pfaffenzeller/nikolas_nethive/nethive_multiverse/results/test_runs/10b10t15c500e_log_sweep/data/param_9_rep_2/config.json
32,1000,"[0,1]","[""task_1"",""task_2"",""task_3"",""task_4"",""task_5"",""task_6"",""task_7"",""task_8"",""task_9"",""task_10""]",100.0,10,0.01,100,1.0e-5,10,15,10,15,500,50,100,1,10,9,1,0.1,time_out,242558823,3,627.05,2025-12-14T15:17:29.409,0,242558823,true,true,"[0.01,0.05]",10,10,10,500.00680938357544,0.1700606789247778,0.2748418188527459,0.018666666666666668,0.2661333333333333,0.018666666666666668,,,,,,,/scratch/n/N.Pfaffenzeller/nikolas_nethive/nethive_multiverse/results/test_runs/10b10t15c500e_log_sweep,param_9_rep_3,/scratch/n/N.Pfaffenzeller/nikolas_nethive/nethive_multiverse/results/test_runs/10b10t15c500e_log_sweep/data/param_9_rep_3,/scratch/n/N.Pfaffenzeller/nikolas_nethive/nethive_multiverse/results/test_runs/10b10t15c500e_log_sweep/data/param_9_rep_3/event_log.csv,/scratch/n/N.Pfaffenzeller/nikolas_nethive/nethive_multiverse/results/test_runs/10b10t15c500e_log_sweep/data/param_9_rep_3/config.json
