root,param_folder,param_dir,event_log_path,config_path,error
/scratch/n/N.Pfaffenzeller/nikolas_nethive/nethive_multiverse/results/big_runs/10b10t15c10000e50+500dt,param_29_rep_3,/scratch/n/N.Pfaffenzeller/nikolas_nethive/nethive_multiverse/results/big_runs/10b10t15c10000e50+500dt/data/param_29_rep_3,/scratch/n/N.Pfaffenzeller/nikolas_nethive/nethive_multiverse/results/big_runs/10b10t15c10000e50+500dt/data/param_29_rep_3/event_log.csv,/scratch/n/N.Pfaffenzeller/nikolas_nethive/nethive_multiverse/results/big_runs/10b10t15c10000e50+500dt/data/param_29_rep_3/config.json,missing config.json
/scratch/n/N.Pfaffenzeller/nikolas_nethive/nethive_multiverse/results/big_runs/10b10t15c10000e50+500dt,param_29_rep_5,/scratch/n/N.Pfaffenzeller/nikolas_nethive/nethive_multiverse/results/big_runs/10b10t15c10000e50+500dt/data/param_29_rep_5,/scratch/n/N.Pfaffenzeller/nikolas_nethive/nethive_multiverse/results/big_runs/10b10t15c10000e50+500dt/data/param_29_rep_5/event_log.csv,/scratch/n/N.Pfaffenzeller/nikolas_nethive/nethive_multiverse/results/big_runs/10b10t15c10000e50+500dt/data/param_29_rep_5/config.json,missing config.json
/scratch/n/N.Pfaffenzeller/nikolas_nethive/nethive_multiverse/results/big_runs/10b10t15c10000e50+500dt,param_29_rep_6,/scratch/n/N.Pfaffenzeller/nikolas_nethive/nethive_multiverse/results/big_runs/10b10t15c10000e50+500dt/data/param_29_rep_6,/scratch/n/N.Pfaffenzeller/nikolas_nethive/nethive_multiverse/results/big_runs/10b10t15c10000e50+500dt/data/param_29_rep_6/event_log.csv,/scratch/n/N.Pfaffenzeller/nikolas_nethive/nethive_multiverse/results/big_runs/10b10t15c10000e50+500dt/data/param_29_rep_6/config.json,missing config.json
/scratch/n/N.Pfaffenzeller/nikolas_nethive/nethive_multiverse/results/big_runs/10b10t15c10000e50+500dt,param_29_rep_7,/scratch/n/N.Pfaffenzeller/nikolas_nethive/nethive_multiverse/results/big_runs/10b10t15c10000e50+500dt/data/param_29_rep_7,/scratch/n/N.Pfaffenzeller/nikolas_nethive/nethive_multiverse/results/big_runs/10b10t15c10000e50+500dt/data/param_29_rep_7/event_log.csv,/scratch/n/N.Pfaffenzeller/nikolas_nethive/nethive_multiverse/results/big_runs/10b10t15c10000e50+500dt/data/param_29_rep_7/config.json,missing config.json
/scratch/n/N.Pfaffenzeller/nikolas_nethive/nethive_multiverse/results/big_runs/10b10t15c10000e50+500dt,param_30_rep_3,/scratch/n/N.Pfaffenzeller/nikolas_nethive/nethive_multiverse/results/big_runs/10b10t15c10000e50+500dt/data/param_30_rep_3,/scratch/n/N.Pfaffenzeller/nikolas_nethive/nethive_multiverse/results/big_runs/10b10t15c10000e50+500dt/data/param_30_rep_3/event_log.csv,/scratch/n/N.Pfaffenzeller/nikolas_nethive/nethive_multiverse/results/big_runs/10b10t15c10000e50+500dt/data/param_30_rep_3/config.json,missing config.json
/scratch/n/N.Pfaffenzeller/nikolas_nethive/nethive_multiverse/results/big_runs/10b10t15c10000e50+500dt,param_30_rep_4,/scratch/n/N.Pfaffenzeller/nikolas_nethive/nethive_multiverse/results/big_runs/10b10t15c10000e50+500dt/data/param_30_rep_4,/scratch/n/N.Pfaffenzeller/nikolas_nethive/nethive_multiverse/results/big_runs/10b10t15c10000e50+500dt/data/param_30_rep_4/event_log.csv,/scratch/n/N.Pfaffenzeller/nikolas_nethive/nethive_multiverse/results/big_runs/10b10t15c10000e50+500dt/data/param_30_rep_4/config.json,missing config.json
/scratch/n/N.Pfaffenzeller/nikolas_nethive/nethive_multiverse/results/big_runs/10b10t15c10000e50+500dt,param_30_rep_5,/scratch/n/N.Pfaffenzeller/nikolas_nethive/nethive_multiverse/results/big_runs/10b10t15c10000e50+500dt/data/param_30_rep_5,/scratch/n/N.Pfaffenzeller/nikolas_nethive/nethive_multiverse/results/big_runs/10b10t15c10000e50+500dt/data/param_30_rep_5/event_log.csv,/scratch/n/N.Pfaffenzeller/nikolas_nethive/nethive_multiverse/results/big_runs/10b10t15c10000e50+500dt/data/param_30_rep_5/config.json,missing config.json
/scratch/n/N.Pfaffenzeller/nikolas_nethive/nethive_multiverse/results/big_runs/10b10t15c10000e50+500dt,param_30_rep_9,/scratch/n/N.Pfaffenzeller/nikolas_nethive/nethive_multiverse/results/big_runs/10b10t15c10000e50+500dt/data/param_30_rep_9,/scratch/n/N.Pfaffenzeller/nikolas_nethive/nethive_multiverse/results/big_runs/10b10t15c10000e50+500dt/data/param_30_rep_9/event_log.csv,/scratch/n/N.Pfaffenzeller/nikolas_nethive/nethive_multiverse/results/big_runs/10b10t15c10000e50+500dt/data/param_30_rep_9/config.json,missing config.json
/scratch/n/N.Pfaffenzeller/nikolas_nethive/nethive_multiverse/results/big_runs/10b10t15c10000e_dt_mid_between,param_75_rep_6,/scratch/n/N.Pfaffenzeller/nikolas_nethive/nethive_multiverse/results/big_runs/10b10t15c10000e_dt_mid_between/data/param_75_rep_6,/scratch/n/N.Pfaffenzeller/nikolas_nethive/nethive_multiverse/results/big_runs/10b10t15c10000e_dt_mid_between/data/param_75_rep_6/event_log.csv,/scratch/n/N.Pfaffenzeller/nikolas_nethive/nethive_multiverse/results/big_runs/10b10t15c10000e_dt_mid_between/data/param_75_rep_6/config.json,missing config.json
/scratch/n/N.Pfaffenzeller/nikolas_nethive/nethive_multiverse/results/big_runs/10b10t15c10000e_dt_mid_between,param_77_rep_1,/scratch/n/N.Pfaffenzeller/nikolas_nethive/nethive_multiverse/results/big_runs/10b10t15c10000e_dt_mid_between/data/param_77_rep_1,/scratch/n/N.Pfaffenzeller/nikolas_nethive/nethive_multiverse/results/big_runs/10b10t15c10000e_dt_mid_between/data/param_77_rep_1/event_log.csv,/scratch/n/N.Pfaffenzeller/nikolas_nethive/nethive_multiverse/results/big_runs/10b10t15c10000e_dt_mid_between/data/param_77_rep_1/config.json,missing config.json
/scratch/n/N.Pfaffenzeller/nikolas_nethive/nethive_multiverse/results/big_runs/10b10t15c10000e_dt_mid_between,param_77_rep_2,/scratch/n/N.Pfaffenzeller/nikolas_nethive/nethive_multiverse/results/big_runs/10b10t15c10000e_dt_mid_between/data/param_77_rep_2,/scratch/n/N.Pfaffenzeller/nikolas_nethive/nethive_multiverse/results/big_runs/10b10t15c10000e_dt_mid_between/data/param_77_rep_2/event_log.csv,/scratch/n/N.Pfaffenzeller/nikolas_nethive/nethive_multiverse/results/big_runs/10b10t15c10000e_dt_mid_between/data/param_77_rep_2/config.json,missing config.json
/scratch/n/N.Pfaffenzeller/nikolas_nethive/nethive_multiverse/results/big_runs/10b10t15c10000e_dt_mid_between,param_78_rep_1,/scratch/n/N.Pfaffenzeller/nikolas_nethive/nethive_multiverse/results/big_runs/10b10t15c10000e_dt_mid_between/data/param_78_rep_1,/scratch/n/N.Pfaffenzeller/nikolas_nethive/nethive_multiverse/results/big_runs/10b10t15c10000e_dt_mid_between/data/param_78_rep_1/event_log.csv,/scratch/n/N.Pfaffenzeller/nikolas_nethive/nethive_multiverse/results/big_runs/10b10t15c10000e_dt_mid_between/data/param_78_rep_1/config.json,missing config.json
/scratch/n/N.Pfaffenzeller/nikolas_nethive/nethive_multiverse/results/big_runs/10b10t15c10000e_dt_mid_between,param_78_rep_5,/scratch/n/N.Pfaffenzeller/nikolas_nethive/nethive_multiverse/results/big_runs/10b10t15c10000e_dt_mid_between/data/param_78_rep_5,/scratch/n/N.Pfaffenzeller/nikolas_nethive/nethive_multiverse/results/big_runs/10b10t15c10000e_dt_mid_between/data/param_78_rep_5/event_log.csv,/scratch/n/N.Pfaffenzeller/nikolas_nethive/nethive_multiverse/results/big_runs/10b10t15c10000e_dt_mid_between/data/param_78_rep_5/config.json,missing config.json
/scratch/n/N.Pfaffenzeller/nikolas_nethive/nethive_multiverse/results/big_runs/10b10t15c10000e_dt_mid_between,param_79_rep_2,/scratch/n/N.Pfaffenzeller/nikolas_nethive/nethive_multiverse/results/big_runs/10b10t15c10000e_dt_mid_between/data/param_79_rep_2,/scratch/n/N.Pfaffenzeller/nikolas_nethive/nethive_multiverse/results/big_runs/10b10t15c10000e_dt_mid_between/data/param_79_rep_2/event_log.csv,/scratch/n/N.Pfaffenzeller/nikolas_nethive/nethive_multiverse/results/big_runs/10b10t15c10000e_dt_mid_between/data/param_79_rep_2/config.json,missing config.json
/scratch/n/N.Pfaffenzeller/nikolas_nethive/nethive_multiverse/results/big_runs/10b10t15c10000e_dt_mid_between,param_79_rep_9,/scratch/n/N.Pfaffenzeller/nikolas_nethive/nethive_multiverse/results/big_runs/10b10t15c10000e_dt_mid_between/data/param_79_rep_9,/scratch/n/N.Pfaffenzeller/nikolas_nethive/nethive_multiverse/results/big_runs/10b10t15c10000e_dt_mid_between/data/param_79_rep_9/event_log.csv,/scratch/n/N.Pfaffenzeller/nikolas_nethive/nethive_multiverse/results/big_runs/10b10t15c10000e_dt_mid_between/data/param_79_rep_9/config.json,missing config.json
/scratch/n/N.Pfaffenzeller/nikolas_nethive/nethive_multiverse/results/big_runs/10b10t15c10000e_dt_mid_between,param_80_rep_7,/scratch/n/N.Pfaffenzeller/nikolas_nethive/nethive_multiverse/results/big_runs/10b10t15c10000e_dt_mid_between/data/param_80_rep_7,/scratch/n/N.Pfaffenzeller/nikolas_nethive/nethive_multiverse/results/big_runs/10b10t15c10000e_dt_mid_between/data/param_80_rep_7/event_log.csv,/scratch/n/N.Pfaffenzeller/nikolas_nethive/nethive_multiverse/results/big_runs/10b10t15c10000e_dt_mid_between/data/param_80_rep_7/config.json,missing config.json
/scratch/n/N.Pfaffenzeller/nikolas_nethive/nethive_multiverse/results/big_runs/10b10t15c10000e_dt_mid_between,param_80_rep_9,/scratch/n/N.Pfaffenzeller/nikolas_nethive/nethive_multiverse/results/big_runs/10b10t15c10000e_dt_mid_between/data/param_80_rep_9,/scratch/n/N.Pfaffenzeller/nikolas_nethive/nethive_multiverse/results/big_runs/10b10t15c10000e_dt_mid_between/data/param_80_rep_9/event_log.csv,/scratch/n/N.Pfaffenzeller/nikolas_nethive/nethive_multiverse/results/big_runs/10b10t15c10000e_dt_mid_between/data/param_80_rep_9/config.json,missing config.json
/scratch/n/N.Pfaffenzeller/nikolas_nethive/nethive_multiverse/results/big_runs/10b10t15c10000e_between_vals_high_dt,param_64_rep_4,/scratch/n/N.Pfaffenzeller/nikolas_nethive/nethive_multiverse/results/big_runs/10b10t15c10000e_between_vals_high_dt/data/param_64_rep_4,/scratch/n/N.Pfaffenzeller/nikolas_nethive/nethive_multiverse/results/big_runs/10b10t15c10000e_between_vals_high_dt/data/param_64_rep_4/event_log.csv,/scratch/n/N.Pfaffenzeller/nikolas_nethive/nethive_multiverse/results/big_runs/10b10t15c10000e_between_vals_high_dt/data/param_64_rep_4/config.json,missing config.json
/scratch/n/N.Pfaffenzeller/nikolas_nethive/nethive_multiverse/results/big_runs/10b10t15c10000e_between_vals_high_dt,param_64_rep_6,/scratch/n/N.Pfaffenzeller/nikolas_nethive/nethive_multiverse/results/big_runs/10b10t15c10000e_between_vals_high_dt/data/param_64_rep_6,/scratch/n/N.Pfaffenzeller/nikolas_nethive/nethive_multiverse/results/big_runs/10b10t15c10000e_between_vals_high_dt/data/param_64_rep_6/event_log.csv,/scratch/n/N.Pfaffenzeller/nikolas_nethive/nethive_multiverse/results/big_runs/10b10t15c10000e_between_vals_high_dt/data/param_64_rep_6/config.json,missing config.json
/scratch/n/N.Pfaffenzeller/nikolas_nethive/nethive_multiverse/results/big_runs/10b10t15c10000e_between_vals_high_dt,param_64_rep_8,/scratch/n/N.Pfaffenzeller/nikolas_nethive/nethive_multiverse/results/big_runs/10b10t15c10000e_between_vals_high_dt/data/param_64_rep_8,/scratch/n/N.Pfaffenzeller/nikolas_nethive/nethive_multiverse/results/big_runs/10b10t15c10000e_between_vals_high_dt/data/param_64_rep_8/event_log.csv,/scratch/n/N.Pfaffenzeller/nikolas_nethive/nethive_multiverse/results/big_runs/10b10t15c10000e_between_vals_high_dt/data/param_64_rep_8/config.json,missing config.json
/scratch/n/N.Pfaffenzeller/nikolas_nethive/nethive_multiverse/results/big_runs/10b10t15c10000e_between_vals_high_dt,param_65_rep_2,/scratch/n/N.Pfaffenzeller/nikolas_nethive/nethive_multiverse/results/big_runs/10b10t15c10000e_between_vals_high_dt/data/param_65_rep_2,/scratch/n/N.Pfaffenzeller/nikolas_nethive/nethive_multiverse/results/big_runs/10b10t15c10000e_between_vals_high_dt/data/param_65_rep_2/event_log.csv,/scratch/n/N.Pfaffenzeller/nikolas_nethive/nethive_multiverse/results/big_runs/10b10t15c10000e_between_vals_high_dt/data/param_65_rep_2/config.json,missing config.json
/scratch/n/N.Pfaffenzeller/nikolas_nethive/nethive_multiverse/results/big_runs/10b10t15c10000e_between_vals_high_dt,param_65_rep_6,/scratch/n/N.Pfaffenzeller/nikolas_nethive/nethive_multiverse/results/big_runs/10b10t15c10000e_between_vals_high_dt/data/param_65_rep_6,/scratch/n/N.Pfaffenzeller/nikolas_nethive/nethive_multiverse/results/big_runs/10b10t15c10000e_between_vals_high_dt/data/param_65_rep_6/event_log.csv,/scratch/n/N.Pfaffenzeller/nikolas_nethive/nethive_multiverse/results/big_runs/10b10t15c10000e_between_vals_high_dt/data/param_65_rep_6/config.json,missing config.json
/scratch/n/N.Pfaffenzeller/nikolas_nethive/nethive_multiverse/results/big_runs/10b10t15c10000e_between_vals_high_dt,param_66_rep_10,/scratch/n/N.Pfaffenzeller/nikolas_nethive/nethive_multiverse/results/big_runs/10b10t15c10000e_between_vals_high_dt/data/param_66_rep_10,/scratch/n/N.Pfaffenzeller/nikolas_nethive/nethive_multiverse/results/big_runs/10b10t15c10000e_between_vals_high_dt/data/param_66_rep_10/event_log.csv,/scratch/n/N.Pfaffenzeller/nikolas_nethive/nethive_multiverse/results/big_runs/10b10t15c10000e_between_vals_high_dt/data/param_66_rep_10/config.json,missing config.json
/scratch/n/N.Pfaffenzeller/nikolas_nethive/nethive_multiverse/results/big_runs/10b10t15c10000e_between_vals_high_dt,param_66_rep_2,/scratch/n/N.Pfaffenzeller/nikolas_nethive/nethive_multiverse/results/big_runs/10b10t15c10000e_between_vals_high_dt/data/param_66_rep_2,/scratch/n/N.Pfaffenzeller/nikolas_nethive/nethive_multiverse/results/big_runs/10b10t15c10000e_between_vals_high_dt/data/param_66_rep_2/event_log.csv,/scratch/n/N.Pfaffenzeller/nikolas_nethive/nethive_multiverse/results/big_runs/10b10t15c10000e_between_vals_high_dt/data/param_66_rep_2/config.json,missing config.json
/scratch/n/N.Pfaffenzeller/nikolas_nethive/nethive_multiverse/results/big_runs/10b10t15c10000e_between_vals_high_dt,param_66_rep_5,/scratch/n/N.Pfaffenzeller/nikolas_nethive/nethive_multiverse/results/big_runs/10b10t15c10000e_between_vals_high_dt/data/param_66_rep_5,/scratch/n/N.Pfaffenzeller/nikolas_nethive/nethive_multiverse/results/big_runs/10b10t15c10000e_between_vals_high_dt/data/param_66_rep_5/event_log.csv,/scratch/n/N.Pfaffenzeller/nikolas_nethive/nethive_multiverse/results/big_runs/10b10t15c10000e_between_vals_high_dt/data/param_66_rep_5/config.json,missing config.json
/scratch/n/N.Pfaffenzeller/nikolas_nethive/nethive_multiverse/results/big_runs/10b10t15c10000e_between_vals_high_dt,param_67_rep_5,/scratch/n/N.Pfaffenzeller/nikolas_nethive/nethive_multiverse/results/big_runs/10b10t15c10000e_between_vals_high_dt/data/param_67_rep_5,/scratch/n/N.Pfaffenzeller/nikolas_nethive/nethive_multiverse/results/big_runs/10b10t15c10000e_between_vals_high_dt/data/param_67_rep_5/event_log.csv,/scratch/n/N.Pfaffenzeller/nikolas_nethive/nethive_multiverse/results/big_runs/10b10t15c10000e_between_vals_high_dt/data/param_67_rep_5/config.json,missing config.json
/scratch/n/N.Pfaffenzeller/nikolas_nethive/nethive_multiverse/results/big_runs/10b10t15c10000e_between_vals_high_dt,param_67_rep_9,/scratch/n/N.Pfaffenzeller/nikolas_nethive/nethive_multiverse/results/big_runs/10b10t15c10000e_between_vals_high_dt/data/param_67_rep_9,/scratch/n/N.Pfaffenzeller/nikolas_nethive/nethive_multiverse/results/big_runs/10b10t15c10000e_between_vals_high_dt/data/param_67_rep_9/event_log.csv,/scratch/n/N.Pfaffenzeller/nikolas_nethive/nethive_multiverse/results/big_runs/10b10t15c10000e_between_vals_high_dt/data/param_67_rep_9/config.json,missing config.json
/scratch/n/N.Pfaffenzeller/nikolas_nethive/nethive_multiverse/results/big_runs/10b10t15c10000e_between_vals_high_dt,param_68_rep_1,/scratch/n/N.Pfaffenzeller/nikolas_nethive/nethive_multiverse/results/big_runs/10b10t15c10000e_between_vals_high_dt/data/param_68_rep_1,/scratch/n/N.Pfaffenzeller/nikolas_nethive/nethive_multiverse/results/big_runs/10b10t15c10000e_between_vals_high_dt/data/param_68_rep_1/event_log.csv,/scratch/n/N.Pfaffenzeller/nikolas_nethive/nethive_multiverse/results/big_runs/10b10t15c10000e_between_vals_high_dt/data/param_68_rep_1/config.json,missing config.json
/scratch/n/N.Pfaffenzeller/nikolas_nethive/nethive_multiverse/results/big_runs/10b10t15c10000e_between_vals_high_dt,param_68_rep_10,/scratch/n/N.Pfaffenzeller/nikolas_nethive/nethive_multiverse/results/big_runs/10b10t15c10000e_between_vals_high_dt/data/param_68_rep_10,/scratch/n/N.Pfaffenzeller/nikolas_nethive/nethive_multiverse/results/big_runs/10b10t15c10000e_between_vals_high_dt/data/param_68_rep_10/event_log.csv,/scratch/n/N.Pfaffenzeller/nikolas_nethive/nethive_multiverse/results/big_runs/10b10t15c10000e_between_vals_high_dt/data/param_68_rep_10/config.json,missing config.json
/scratch/n/N.Pfaffenzeller/nikolas_nethive/nethive_multiverse/results/big_runs/10b10t15c10000e_between_vals_high_dt,param_68_rep_2,/scratch/n/N.Pfaffenzeller/nikolas_nethive/nethive_multiverse/results/big_runs/10b10t15c10000e_between_vals_high_dt/data/param_68_rep_2,/scratch/n/N.Pfaffenzeller/nikolas_nethive/nethive_multiverse/results/big_runs/10b10t15c10000e_between_vals_high_dt/data/param_68_rep_2/event_log.csv,/scratch/n/N.Pfaffenzeller/nikolas_nethive/nethive_multiverse/results/big_runs/10b10t15c10000e_between_vals_high_dt/data/param_68_rep_2/config.json,missing config.json
/scratch/n/N.Pfaffenzeller/nikolas_nethive/nethive_multiverse/results/big_runs/10b10t15c10000e_between_vals_high_dt,param_68_rep_4,/scratch/n/N.Pfaffenzeller/nikolas_nethive/nethive_multiverse/results/big_runs/10b10t15c10000e_between_vals_high_dt/data/param_68_rep_4,/scratch/n/N.Pfaffenzeller/nikolas_nethive/nethive_multiverse/results/big_runs/10b10t15c10000e_between_vals_high_dt/data/param_68_rep_4/event_log.csv,/scratch/n/N.Pfaffenzeller/nikolas_nethive/nethive_multiverse/results/big_runs/10b10t15c10000e_between_vals_high_dt/data/param_68_rep_4/config.json,missing config.json
/scratch/n/N.Pfaffenzeller/nikolas_nethive/nethive_multiverse/results/big_runs/10b10t15c10000e_between_vals_high_dt,param_68_rep_5,/scratch/n/N.Pfaffenzeller/nikolas_nethive/nethive_multiverse/results/big_runs/10b10t15c10000e_between_vals_high_dt/data/param_68_rep_5,/scratch/n/N.Pfaffenzeller/nikolas_nethive/nethive_multiverse/results/big_runs/10b10t15c10000e_between_vals_high_dt/data/param_68_rep_5/event_log.csv,/scratch/n/N.Pfaffenzeller/nikolas_nethive/nethive_multiverse/results/big_runs/10b10t15c10000e_between_vals_high_dt/data/param_68_rep_5/config.json,missing config.json
/scratch/n/N.Pfaffenzeller/nikolas_nethive/nethive_multiverse/results/big_runs/10b10t15c10000e_between_vals_high_dt,param_68_rep_6,/scratch/n/N.Pfaffenzeller/nikolas_nethive/nethive_multiverse/results/big_runs/10b10t15c10000e_between_vals_high_dt/data/param_68_rep_6,/scratch/n/N.Pfaffenzeller/nikolas_nethive/nethive_multiverse/results/big_runs/10b10t15c10000e_between_vals_high_dt/data/param_68_rep_6/event_log.csv,/scratch/n/N.Pfaffenzeller/nikolas_nethive/nethive_multiverse/results/big_runs/10b10t15c10000e_between_vals_high_dt/data/param_68_rep_6/config.json,missing config.json
/scratch/n/N.Pfaffenzeller/nikolas_nethive/nethive_multiverse/results/big_runs/10b10t15c10000e_between_vals_high_dt,param_68_rep_7,/scratch/n/N.Pfaffenzeller/nikolas_nethive/nethive_multiverse/results/big_runs/10b10t15c10000e_between_vals_high_dt/data/param_68_rep_7,/scratch/n/N.Pfaffenzeller/nikolas_nethive/nethive_multiverse/results/big_runs/10b10t15c10000e_between_vals_high_dt/data/param_68_rep_7/event_log.csv,/scratch/n/N.Pfaffenzeller/nikolas_nethive/nethive_multiverse/results/big_runs/10b10t15c10000e_between_vals_high_dt/data/param_68_rep_7/config.json,missing config.json
/scratch/n/N.Pfaffenzeller/nikolas_nethive/nethive_multiverse/results/big_runs/10b10t15c10000e_between_vals_high_dt,param_68_rep_8,/scratch/n/N.Pfaffenzeller/nikolas_nethive/nethive_multiverse/results/big_runs/10b10t15c10000e_between_vals_high_dt/data/param_68_rep_8,/scratch/n/N.Pfaffenzeller/nikolas_nethive/nethive_multiverse/results/big_runs/10b10t15c10000e_between_vals_high_dt/data/param_68_rep_8/event_log.csv,/scratch/n/N.Pfaffenzeller/nikolas_nethive/nethive_multiverse/results/big_runs/10b10t15c10000e_between_vals_high_dt/data/param_68_rep_8/config.json,missing config.json
/scratch/n/N.Pfaffenzeller/nikolas_nethive/nethive_multiverse/results/big_runs/10b10t15c10000e_between_vals_high_dt,param_68_rep_9,/scratch/n/N.Pfaffenzeller/nikolas_nethive/nethive_multiverse/results/big_runs/10b10t15c10000e_between_vals_high_dt/data/param_68_rep_9,/scratch/n/N.Pfaffenzeller/nikolas_nethive/nethive_multiverse/results/big_runs/10b10t15c10000e_between_vals_high_dt/data/param_68_rep_9/event_log.csv,/scratch/n/N.Pfaffenzeller/nikolas_nethive/nethive_multiverse/results/big_runs/10b10t15c10000e_between_vals_high_dt/data/param_68_rep_9/config.json,missing config.json
/scratch/n/N.Pfaffenzeller/nikolas_nethive/nethive_multiverse/results/big_runs/10b10t15c10000e_between_vals_high_dt,param_69_rep_1,/scratch/n/N.Pfaffenzeller/nikolas_nethive/nethive_multiverse/results/big_runs/10b10t15c10000e_between_vals_high_dt/data/param_69_rep_1,/scratch/n/N.Pfaffenzeller/nikolas_nethive/nethive_multiverse/results/big_runs/10b10t15c10000e_between_vals_high_dt/data/param_69_rep_1/event_log.csv,/scratch/n/N.Pfaffenzeller/nikolas_nethive/nethive_multiverse/results/big_runs/10b10t15c10000e_between_vals_high_dt/data/param_69_rep_1/config.json,missing config.json
/scratch/n/N.Pfaffenzeller/nikolas_nethive/nethive_multiverse/results/big_runs/10b10t15c10000e_between_vals_high_dt,param_69_rep_10,/scratch/n/N.Pfaffenzeller/nikolas_nethive/nethive_multiverse/results/big_runs/10b10t15c10000e_between_vals_high_dt/data/param_69_rep_10,/scratch/n/N.Pfaffenzeller/nikolas_nethive/nethive_multiverse/results/big_runs/10b10t15c10000e_between_vals_high_dt/data/param_69_rep_10/event_log.csv,/scratch/n/N.Pfaffenzeller/nikolas_nethive/nethive_multiverse/results/big_runs/10b10t15c10000e_between_vals_high_dt/data/param_69_rep_10/config.json,missing config.json
/scratch/n/N.Pfaffenzeller/nikolas_nethive/nethive_multiverse/results/big_runs/10b10t15c10000e_between_vals_high_dt,param_69_rep_2,/scratch/n/N.Pfaffenzeller/nikolas_nethive/nethive_multiverse/results/big_runs/10b10t15c10000e_between_vals_high_dt/data/param_69_rep_2,/scratch/n/N.Pfaffenzeller/nikolas_nethive/nethive_multiverse/results/big_runs/10b10t15c10000e_between_vals_high_dt/data/param_69_rep_2/event_log.csv,/scratch/n/N.Pfaffenzeller/nikolas_nethive/nethive_multiverse/results/big_runs/10b10t15c10000e_between_vals_high_dt/data/param_69_rep_2/config.json,missing config.json
/scratch/n/N.Pfaffenzeller/nikolas_nethive/nethive_multiverse/results/big_runs/10b10t15c10000e_between_vals_high_dt,param_69_rep_4,/scratch/n/N.Pfaffenzeller/nikolas_nethive/nethive_multiverse/results/big_runs/10b10t15c10000e_between_vals_high_dt/data/param_69_rep_4,/scratch/n/N.Pfaffenzeller/nikolas_nethive/nethive_multiverse/results/big_runs/10b10t15c10000e_between_vals_high_dt/data/param_69_rep_4/event_log.csv,/scratch/n/N.Pfaffenzeller/nikolas_nethive/nethive_multiverse/results/big_runs/10b10t15c10000e_between_vals_high_dt/data/param_69_rep_4/config.json,missing config.json
/scratch/n/N.Pfaffenzeller/nikolas_nethive/nethive_multiverse/results/big_runs/10b10t15c10000e_between_vals_high_dt,param_69_rep_5,/scratch/n/N.Pfaffenzeller/nikolas_nethive/nethive_multiverse/results/big_runs/10b10t15c10000e_between_vals_high_dt/data/param_69_rep_5,/scratch/n/N.Pfaffenzeller/nikolas_nethive/nethive_multiverse/results/big_runs/10b10t15c10000e_between_vals_high_dt/data/param_69_rep_5/event_log.csv,/scratch/n/N.Pfaffenzeller/nikolas_nethive/nethive_multiverse/results/big_runs/10b10t15c10000e_between_vals_high_dt/data/param_69_rep_5/config.json,missing config.json
/scratch/n/N.Pfaffenzeller/nikolas_nethive/nethive_multiverse/results/big_runs/10b10t15c10000e_between_vals_high_dt,param_69_rep_6,/scratch/n/N.Pfaffenzeller/nikolas_nethive/nethive_multiverse/results/big_runs/10b10t15c10000e_between_vals_high_dt/data/param_69_rep_6,/scratch/n/N.Pfaffenzeller/nikolas_nethive/nethive_multiverse/results/big_runs/10b10t15c10000e_between_vals_high_dt/data/param_69_rep_6/event_log.csv,/scratch/n/N.Pfaffenzeller/nikolas_nethive/nethive_multiverse/results/big_runs/10b10t15c10000e_between_vals_high_dt/data/param_69_rep_6/config.json,missing config.json
/scratch/n/N.Pfaffenzeller/nikolas_nethive/nethive_multiverse/results/big_runs/10b10t15c10000e_between_vals_high_dt,param_69_rep_7,/scratch/n/N.Pfaffenzeller/nikolas_nethive/nethive_multiverse/results/big_runs/10b10t15c10000e_between_vals_high_dt/data/param_69_rep_7,/scratch/n/N.Pfaffenzeller/nikolas_nethive/nethive_multiverse/results/big_runs/10b10t15c10000e_between_vals_high_dt/data/param_69_rep_7/event_log.csv,/scratch/n/N.Pfaffenzeller/nikolas_nethive/nethive_multiverse/results/big_runs/10b10t15c10000e_between_vals_high_dt/data/param_69_rep_7/config.json,missing config.json
/scratch/n/N.Pfaffenzeller/nikolas_nethive/nethive_multiverse/results/big_runs/10b10t15c10000e_between_vals_high_dt,param_69_rep_8,/scratch/n/N.Pfaffenzeller/nikolas_nethive/nethive_multiverse/results/big_runs/10b10t15c10000e_between_vals_high_dt/data/param_69_rep_8,/scratch/n/N.Pfaffenzeller/nikolas_nethive/nethive_multiverse/results/big_runs/10b10t15c10000e_between_vals_high_dt/data/param_69_rep_8/event_log.csv,/scratch/n/N.Pfaffenzeller/nikolas_nethive/nethive_multiverse/results/big_runs/10b10t15c10000e_between_vals_high_dt/data/param_69_rep_8/config.json,missing config.json
/scratch/n/N.Pfaffenzeller/nikolas_nethive/nethive_multiverse/results/big_runs/10b10t15c10000e_between_vals_high_dt,param_69_rep_9,/scratch/n/N.Pfaffenzeller/nikolas_nethive/nethive_multiverse/results/big_runs/10b10t15c10000e_between_vals_high_dt/data/param_69_rep_9,/scratch/n/N.Pfaffenzeller/nikolas_nethive/nethive_multiverse/results/big_runs/10b10t15c10000e_between_vals_high_dt/data/param_69_rep_9/event_log.csv,/scratch/n/N.Pfaffenzeller/nikolas_nethive/nethive_multiverse/results/big_runs/10b10t15c10000e_between_vals_high_dt/data/param_69_rep_9/config.json,missing config.json
/scratch/n/N.Pfaffenzeller/nikolas_nethive/nethive_multiverse/results/big_runs/10b10t15c10000e_between_vals_high_dt,param_70_rep_9,/scratch/n/N.Pfaffenzeller/nikolas_nethive/nethive_multiverse/results/big_runs/10b10t15c10000e_between_vals_high_dt/data/param_70_rep_9,/scratch/n/N.Pfaffenzeller/nikolas_nethive/nethive_multiverse/results/big_runs/10b10t15c10000e_between_vals_high_dt/data/param_70_rep_9/event_log.csv,/scratch/n/N.Pfaffenzeller/nikolas_nethive/nethive_multiverse/results/big_runs/10b10t15c10000e_between_vals_high_dt/data/param_70_rep_9/config.json,missing config.json
/project/theorie/n/N.Pfaffenzeller/results_project/10b10t/10b10t15c1000e_10-dt80-int,param_676_rep_1,/project/theorie/n/N.Pfaffenzeller/results_project/10b10t/10b10t15c1000e_10-dt80-int/data/param_676_rep_1,/project/theorie/n/N.Pfaffenzeller/results_project/10b10t/10b10t15c1000e_10-dt80-int/data/param_676_rep_1/event_log.csv,/project/theorie/n/N.Pfaffenzeller/results_project/10b10t/10b10t15c1000e_10-dt80-int/data/param_676_rep_1/config.json,"MethodError: Cannot `convert` an object of type Missing to an object of type Float64
The function `convert` exists, but no method is defined for this combination of argument types.

Closest candidates are:
  convert(::Type{T}, !Matched::T) where T<:Number
   @ Base number.jl:6
  convert(::Type{T}, !Matched::Number) where T<:Number
   @ Base number.jl:7
  convert(::Type{T}, !Matched::T) where T
   @ Base Base.jl:126
  ...
"
/project/theorie/n/N.Pfaffenzeller/results_project/10b10t/10b10t15c1000e_10-dt80-int,param_676_rep_5,/project/theorie/n/N.Pfaffenzeller/results_project/10b10t/10b10t15c1000e_10-dt80-int/data/param_676_rep_5,/project/theorie/n/N.Pfaffenzeller/results_project/10b10t/10b10t15c1000e_10-dt80-int/data/param_676_rep_5/event_log.csv,/project/theorie/n/N.Pfaffenzeller/results_project/10b10t/10b10t15c1000e_10-dt80-int/data/param_676_rep_5/config.json,"ArgumentError: invalid JSON at byte position 0 while parsing type Any: UnexpectedEOF

"
/project/theorie/n/N.Pfaffenzeller/results_project/10b10t/10b10t15c1000e_10-dt80-int,param_677_rep_1,/project/theorie/n/N.Pfaffenzeller/results_project/10b10t/10b10t15c1000e_10-dt80-int/data/param_677_rep_1,/project/theorie/n/N.Pfaffenzeller/results_project/10b10t/10b10t15c1000e_10-dt80-int/data/param_677_rep_1/event_log.csv,/project/theorie/n/N.Pfaffenzeller/results_project/10b10t/10b10t15c1000e_10-dt80-int/data/param_677_rep_1/config.json,"MethodError: Cannot `convert` an object of type Missing to an object of type Float64
The function `convert` exists, but no method is defined for this combination of argument types.

Closest candidates are:
  convert(::Type{T}, !Matched::T) where T<:Number
   @ Base number.jl:6
  convert(::Type{T}, !Matched::Number) where T<:Number
   @ Base number.jl:7
  convert(::Type{T}, !Matched::T) where T
   @ Base Base.jl:126
  ...
"
/project/theorie/n/N.Pfaffenzeller/results_project/10b10t/10b10t15c1000e_10-dt80-int,param_678_rep_3,/project/theorie/n/N.Pfaffenzeller/results_project/10b10t/10b10t15c1000e_10-dt80-int/data/param_678_rep_3,/project/theorie/n/N.Pfaffenzeller/results_project/10b10t/10b10t15c1000e_10-dt80-int/data/param_678_rep_3/event_log.csv,/project/theorie/n/N.Pfaffenzeller/results_project/10b10t/10b10t15c1000e_10-dt80-int/data/param_678_rep_3/config.json,"ArgumentError: invalid JSON at byte position 0 while parsing type Any: UnexpectedEOF

"
/project/theorie/n/N.Pfaffenzeller/results_project/10b10t/10b10t15c1000e_10-dt80-int,param_678_rep_4,/project/theorie/n/N.Pfaffenzeller/results_project/10b10t/10b10t15c1000e_10-dt80-int/data/param_678_rep_4,/project/theorie/n/N.Pfaffenzeller/results_project/10b10t/10b10t15c1000e_10-dt80-int/data/param_678_rep_4/event_log.csv,/project/theorie/n/N.Pfaffenzeller/results_project/10b10t/10b10t15c1000e_10-dt80-int/data/param_678_rep_4/config.json,"MethodError: Cannot `convert` an object of type Missing to an object of type Float64
The function `convert` exists, but no method is defined for this combination of argument types.

Closest candidates are:
  convert(::Type{T}, !Matched::T) where T<:Number
   @ Base number.jl:6
  convert(::Type{T}, !Matched::Number) where T<:Number
   @ Base number.jl:7
  convert(::Type{T}, !Matched::T) where T
   @ Base Base.jl:126
  ...
"
/project/theorie/n/N.Pfaffenzeller/results_project/10b10t/10b10t15c1000e_10-dt80-int,param_678_rep_7,/project/theorie/n/N.Pfaffenzeller/results_project/10b10t/10b10t15c1000e_10-dt80-int/data/param_678_rep_7,/project/theorie/n/N.Pfaffenzeller/results_project/10b10t/10b10t15c1000e_10-dt80-int/data/param_678_rep_7/event_log.csv,/project/theorie/n/N.Pfaffenzeller/results_project/10b10t/10b10t15c1000e_10-dt80-int/data/param_678_rep_7/config.json,"ArgumentError: invalid JSON at byte position 0 while parsing type Any: UnexpectedEOF

"
/project/theorie/n/N.Pfaffenzeller/results_project/10b10t/10b10t15c1000e_10-dt80-int,param_679_rep_10,/project/theorie/n/N.Pfaffenzeller/results_project/10b10t/10b10t15c1000e_10-dt80-int/data/param_679_rep_10,/project/theorie/n/N.Pfaffenzeller/results_project/10b10t/10b10t15c1000e_10-dt80-int/data/param_679_rep_10/event_log.csv,/project/theorie/n/N.Pfaffenzeller/results_project/10b10t/10b10t15c1000e_10-dt80-int/data/param_679_rep_10/config.json,"ArgumentError: invalid JSON at byte position 0 while parsing type Any: UnexpectedEOF

"
/project/theorie/n/N.Pfaffenzeller/results_project/10b10t/10b10t15c1000e_10-dt80-int,param_679_rep_3,/project/theorie/n/N.Pfaffenzeller/results_project/10b10t/10b10t15c1000e_10-dt80-int/data/param_679_rep_3,/project/theorie/n/N.Pfaffenzeller/results_project/10b10t/10b10t15c1000e_10-dt80-int/data/param_679_rep_3/event_log.csv,/project/theorie/n/N.Pfaffenzeller/results_project/10b10t/10b10t15c1000e_10-dt80-int/data/param_679_rep_3/config.json,"ArgumentError: invalid JSON at byte position 0 while parsing type Any: UnexpectedEOF

"
/project/theorie/n/N.Pfaffenzeller/results_project/10b10t/10b10t15c1000e_10-dt80-int,param_679_rep_6,/project/theorie/n/N.Pfaffenzeller/results_project/10b10t/10b10t15c1000e_10-dt80-int/data/param_679_rep_6,/project/theorie/n/N.Pfaffenzeller/results_project/10b10t/10b10t15c1000e_10-dt80-int/data/param_679_rep_6/event_log.csv,/project/theorie/n/N.Pfaffenzeller/results_project/10b10t/10b10t15c1000e_10-dt80-int/data/param_679_rep_6/config.json,"ArgumentError: invalid JSON at byte position 0 while parsing type Any: UnexpectedEOF

"
/project/theorie/n/N.Pfaffenzeller/results_project/10b10t/10b10t15c1000e_10-dt80-int,param_679_rep_8,/project/theorie/n/N.Pfaffenzeller/results_project/10b10t/10b10t15c1000e_10-dt80-int/data/param_679_rep_8,/project/theorie/n/N.Pfaffenzeller/results_project/10b10t/10b10t15c1000e_10-dt80-int/data/param_679_rep_8/event_log.csv,/project/theorie/n/N.Pfaffenzeller/results_project/10b10t/10b10t15c1000e_10-dt80-int/data/param_679_rep_8/config.json,"ArgumentError: invalid JSON at byte position 0 while parsing type Any: UnexpectedEOF

"
/project/theorie/n/N.Pfaffenzeller/results_project/10b10t/10b10t15c1000e_10-dt80-int,param_679_rep_9,/project/theorie/n/N.Pfaffenzeller/results_project/10b10t/10b10t15c1000e_10-dt80-int/data/param_679_rep_9,/project/theorie/n/N.Pfaffenzeller/results_project/10b10t/10b10t15c1000e_10-dt80-int/data/param_679_rep_9/event_log.csv,/project/theorie/n/N.Pfaffenzeller/results_project/10b10t/10b10t15c1000e_10-dt80-int/data/param_679_rep_9/config.json,"ArgumentError: invalid JSON at byte position 0 while parsing type Any: UnexpectedEOF

"
/project/theorie/n/N.Pfaffenzeller/results_project/10b10t/10b10t15c1000e_10-dt80-int,param_680_rep_1,/project/theorie/n/N.Pfaffenzeller/results_project/10b10t/10b10t15c1000e_10-dt80-int/data/param_680_rep_1,/project/theorie/n/N.Pfaffenzeller/results_project/10b10t/10b10t15c1000e_10-dt80-int/data/param_680_rep_1/event_log.csv,/project/theorie/n/N.Pfaffenzeller/results_project/10b10t/10b10t15c1000e_10-dt80-int/data/param_680_rep_1/config.json,"MethodError: Cannot `convert` an object of type Missing to an object of type Float64
The function `convert` exists, but no method is defined for this combination of argument types.

Closest candidates are:
  convert(::Type{T}, !Matched::T) where T<:Number
   @ Base number.jl:6
  convert(::Type{T}, !Matched::Number) where T<:Number
   @ Base number.jl:7
  convert(::Type{T}, !Matched::T) where T
   @ Base Base.jl:126
  ...
"
/project/theorie/n/N.Pfaffenzeller/results_project/10b10t/10b10t15c1000e_10-dt80-int,param_680_rep_10,/project/theorie/n/N.Pfaffenzeller/results_project/10b10t/10b10t15c1000e_10-dt80-int/data/param_680_rep_10,/project/theorie/n/N.Pfaffenzeller/results_project/10b10t/10b10t15c1000e_10-dt80-int/data/param_680_rep_10/event_log.csv,/project/theorie/n/N.Pfaffenzeller/results_project/10b10t/10b10t15c1000e_10-dt80-int/data/param_680_rep_10/config.json,"MethodError: Cannot `convert` an object of type Missing to an object of type Float64
The function `convert` exists, but no method is defined for this combination of argument types.

Closest candidates are:
  convert(::Type{T}, !Matched::T) where T<:Number
   @ Base number.jl:6
  convert(::Type{T}, !Matched::Number) where T<:Number
   @ Base number.jl:7
  convert(::Type{T}, !Matched::T) where T
   @ Base Base.jl:126
  ...
"
/project/theorie/n/N.Pfaffenzeller/results_project/10b10t/10b10t15c1000e_10-dt80-int,param_680_rep_3,/project/theorie/n/N.Pfaffenzeller/results_project/10b10t/10b10t15c1000e_10-dt80-int/data/param_680_rep_3,/project/theorie/n/N.Pfaffenzeller/results_project/10b10t/10b10t15c1000e_10-dt80-int/data/param_680_rep_3/event_log.csv,/project/theorie/n/N.Pfaffenzeller/results_project/10b10t/10b10t15c1000e_10-dt80-int/data/param_680_rep_3/config.json,"MethodError: Cannot `convert` an object of type Missing to an object of type Float64
The function `convert` exists, but no method is defined for this combination of argument types.

Closest candidates are:
  convert(::Type{T}, !Matched::T) where T<:Number
   @ Base number.jl:6
  convert(::Type{T}, !Matched::Number) where T<:Number
   @ Base number.jl:7
  convert(::Type{T}, !Matched::T) where T
   @ Base Base.jl:126
  ...
"
/project/theorie/n/N.Pfaffenzeller/results_project/10b10t/10b10t15c1000e_10-dt80-int,param_680_rep_5,/project/theorie/n/N.Pfaffenzeller/results_project/10b10t/10b10t15c1000e_10-dt80-int/data/param_680_rep_5,/project/theorie/n/N.Pfaffenzeller/results_project/10b10t/10b10t15c1000e_10-dt80-int/data/param_680_rep_5/event_log.csv,/project/theorie/n/N.Pfaffenzeller/results_project/10b10t/10b10t15c1000e_10-dt80-int/data/param_680_rep_5/config.json,"MethodError: Cannot `convert` an object of type Missing to an object of type Float64
The function `convert` exists, but no method is defined for this combination of argument types.

Closest candidates are:
  convert(::Type{T}, !Matched::T) where T<:Number
   @ Base number.jl:6
  convert(::Type{T}, !Matched::Number) where T<:Number
   @ Base number.jl:7
  convert(::Type{T}, !Matched::T) where T
   @ Base Base.jl:126
  ...
"
/project/theorie/n/N.Pfaffenzeller/results_project/10b10t/10b10t15c1000e_10-dt80-int,param_680_rep_7,/project/theorie/n/N.Pfaffenzeller/results_project/10b10t/10b10t15c1000e_10-dt80-int/data/param_680_rep_7,/project/theorie/n/N.Pfaffenzeller/results_project/10b10t/10b10t15c1000e_10-dt80-int/data/param_680_rep_7/event_log.csv,/project/theorie/n/N.Pfaffenzeller/results_project/10b10t/10b10t15c1000e_10-dt80-int/data/param_680_rep_7/config.json,"MethodError: Cannot `convert` an object of type Missing to an object of type Float64
The function `convert` exists, but no method is defined for this combination of argument types.

Closest candidates are:
  convert(::Type{T}, !Matched::T) where T<:Number
   @ Base number.jl:6
  convert(::Type{T}, !Matched::Number) where T<:Number
   @ Base number.jl:7
  convert(::Type{T}, !Matched::T) where T
   @ Base Base.jl:126
  ...
"
/project/theorie/n/N.Pfaffenzeller/results_project/10b10t/10b10t15c1000e_10-dt80-int,param_680_rep_8,/project/theorie/n/N.Pfaffenzeller/results_project/10b10t/10b10t15c1000e_10-dt80-int/data/param_680_rep_8,/project/theorie/n/N.Pfaffenzeller/results_project/10b10t/10b10t15c1000e_10-dt80-int/data/param_680_rep_8/event_log.csv,/project/theorie/n/N.Pfaffenzeller/results_project/10b10t/10b10t15c1000e_10-dt80-int/data/param_680_rep_8/config.json,"MethodError: Cannot `convert` an object of type Missing to an object of type Float64
The function `convert` exists, but no method is defined for this combination of argument types.

Closest candidates are:
  convert(::Type{T}, !Matched::T) where T<:Number
   @ Base number.jl:6
  convert(::Type{T}, !Matched::Number) where T<:Number
   @ Base number.jl:7
  convert(::Type{T}, !Matched::T) where T
   @ Base Base.jl:126
  ...
"
/project/theorie/n/N.Pfaffenzeller/results_project/10b10t/10b10t15c1000e_10-dt80-int,param_680_rep_9,/project/theorie/n/N.Pfaffenzeller/results_project/10b10t/10b10t15c1000e_10-dt80-int/data/param_680_rep_9,/project/theorie/n/N.Pfaffenzeller/results_project/10b10t/10b10t15c1000e_10-dt80-int/data/param_680_rep_9/event_log.csv,/project/theorie/n/N.Pfaffenzeller/results_project/10b10t/10b10t15c1000e_10-dt80-int/data/param_680_rep_9/config.json,"MethodError: Cannot `convert` an object of type Missing to an object of type Float64
The function `convert` exists, but no method is defined for this combination of argument types.

Closest candidates are:
  convert(::Type{T}, !Matched::T) where T<:Number
   @ Base number.jl:6
  convert(::Type{T}, !Matched::Number) where T<:Number
   @ Base number.jl:7
  convert(::Type{T}, !Matched::T) where T
   @ Base Base.jl:126
  ...
"
/project/theorie/n/N.Pfaffenzeller/results_project/10b10t/10b10t15c1000e_10-dt80-int,param_681_rep_1,/project/theorie/n/N.Pfaffenzeller/results_project/10b10t/10b10t15c1000e_10-dt80-int/data/param_681_rep_1,/project/theorie/n/N.Pfaffenzeller/results_project/10b10t/10b10t15c1000e_10-dt80-int/data/param_681_rep_1/event_log.csv,/project/theorie/n/N.Pfaffenzeller/results_project/10b10t/10b10t15c1000e_10-dt80-int/data/param_681_rep_1/config.json,"ArgumentError: invalid JSON at byte position 0 while parsing type Any: UnexpectedEOF

"
/project/theorie/n/N.Pfaffenzeller/results_project/10b10t/10b10t15c1000e_10-dt80-int,param_681_rep_10,/project/theorie/n/N.Pfaffenzeller/results_project/10b10t/10b10t15c1000e_10-dt80-int/data/param_681_rep_10,/project/theorie/n/N.Pfaffenzeller/results_project/10b10t/10b10t15c1000e_10-dt80-int/data/param_681_rep_10/event_log.csv,/project/theorie/n/N.Pfaffenzeller/results_project/10b10t/10b10t15c1000e_10-dt80-int/data/param_681_rep_10/config.json,"ArgumentError: invalid JSON at byte position 0 while parsing type Any: UnexpectedEOF

"
/project/theorie/n/N.Pfaffenzeller/results_project/10b10t/10b10t15c1000e_10-dt80-int,param_681_rep_2,/project/theorie/n/N.Pfaffenzeller/results_project/10b10t/10b10t15c1000e_10-dt80-int/data/param_681_rep_2,/project/theorie/n/N.Pfaffenzeller/results_project/10b10t/10b10t15c1000e_10-dt80-int/data/param_681_rep_2/event_log.csv,/project/theorie/n/N.Pfaffenzeller/results_project/10b10t/10b10t15c1000e_10-dt80-int/data/param_681_rep_2/config.json,"MethodError: Cannot `convert` an object of type Missing to an object of type Float64
The function `convert` exists, but no method is defined for this combination of argument types.

Closest candidates are:
  convert(::Type{T}, !Matched::T) where T<:Number
   @ Base number.jl:6
  convert(::Type{T}, !Matched::Number) where T<:Number
   @ Base number.jl:7
  convert(::Type{T}, !Matched::T) where T
   @ Base Base.jl:126
  ...
"
/project/theorie/n/N.Pfaffenzeller/results_project/10b10t/10b10t15c1000e_10-dt80-int,param_681_rep_3,/project/theorie/n/N.Pfaffenzeller/results_project/10b10t/10b10t15c1000e_10-dt80-int/data/param_681_rep_3,/project/theorie/n/N.Pfaffenzeller/results_project/10b10t/10b10t15c1000e_10-dt80-int/data/param_681_rep_3/event_log.csv,/project/theorie/n/N.Pfaffenzeller/results_project/10b10t/10b10t15c1000e_10-dt80-int/data/param_681_rep_3/config.json,"MethodError: Cannot `convert` an object of type Missing to an object of type Float64
The function `convert` exists, but no method is defined for this combination of argument types.

Closest candidates are:
  convert(::Type{T}, !Matched::T) where T<:Number
   @ Base number.jl:6
  convert(::Type{T}, !Matched::Number) where T<:Number
   @ Base number.jl:7
  convert(::Type{T}, !Matched::T) where T
   @ Base Base.jl:126
  ...
"
/project/theorie/n/N.Pfaffenzeller/results_project/10b10t/10b10t15c1000e_10-dt80-int,param_681_rep_4,/project/theorie/n/N.Pfaffenzeller/results_project/10b10t/10b10t15c1000e_10-dt80-int/data/param_681_rep_4,/project/theorie/n/N.Pfaffenzeller/results_project/10b10t/10b10t15c1000e_10-dt80-int/data/param_681_rep_4/event_log.csv,/project/theorie/n/N.Pfaffenzeller/results_project/10b10t/10b10t15c1000e_10-dt80-int/data/param_681_rep_4/config.json,"MethodError: Cannot `convert` an object of type Missing to an object of type Float64
The function `convert` exists, but no method is defined for this combination of argument types.

Closest candidates are:
  convert(::Type{T}, !Matched::T) where T<:Number
   @ Base number.jl:6
  convert(::Type{T}, !Matched::Number) where T<:Number
   @ Base number.jl:7
  convert(::Type{T}, !Matched::T) where T
   @ Base Base.jl:126
  ...
"
/project/theorie/n/N.Pfaffenzeller/results_project/10b10t/10b10t15c1000e_10-dt80-int,param_681_rep_5,/project/theorie/n/N.Pfaffenzeller/results_project/10b10t/10b10t15c1000e_10-dt80-int/data/param_681_rep_5,/project/theorie/n/N.Pfaffenzeller/results_project/10b10t/10b10t15c1000e_10-dt80-int/data/param_681_rep_5/event_log.csv,/project/theorie/n/N.Pfaffenzeller/results_project/10b10t/10b10t15c1000e_10-dt80-int/data/param_681_rep_5/config.json,"ArgumentError: invalid JSON at byte position 0 while parsing type Any: UnexpectedEOF

"
/project/theorie/n/N.Pfaffenzeller/results_project/10b10t/10b10t15c1000e_10-dt80-int,param_681_rep_7,/project/theorie/n/N.Pfaffenzeller/results_project/10b10t/10b10t15c1000e_10-dt80-int/data/param_681_rep_7,/project/theorie/n/N.Pfaffenzeller/results_project/10b10t/10b10t15c1000e_10-dt80-int/data/param_681_rep_7/event_log.csv,/project/theorie/n/N.Pfaffenzeller/results_project/10b10t/10b10t15c1000e_10-dt80-int/data/param_681_rep_7/config.json,"ArgumentError: invalid JSON at byte position 0 while parsing type Any: UnexpectedEOF

"
/project/theorie/n/N.Pfaffenzeller/results_project/10b10t/10b10t15c1000e_10-dt80-int,param_681_rep_8,/project/theorie/n/N.Pfaffenzeller/results_project/10b10t/10b10t15c1000e_10-dt80-int/data/param_681_rep_8,/project/theorie/n/N.Pfaffenzeller/results_project/10b10t/10b10t15c1000e_10-dt80-int/data/param_681_rep_8/event_log.csv,/project/theorie/n/N.Pfaffenzeller/results_project/10b10t/10b10t15c1000e_10-dt80-int/data/param_681_rep_8/config.json,No task_* columns found (excluding task_id).
/project/theorie/n/N.Pfaffenzeller/results_project/10b10t/10b10t15c1000e_10-dt80-int,param_682_rep_1,/project/theorie/n/N.Pfaffenzeller/results_project/10b10t/10b10t15c1000e_10-dt80-int/data/param_682_rep_1,/project/theorie/n/N.Pfaffenzeller/results_project/10b10t/10b10t15c1000e_10-dt80-int/data/param_682_rep_1/event_log.csv,/project/theorie/n/N.Pfaffenzeller/results_project/10b10t/10b10t15c1000e_10-dt80-int/data/param_682_rep_1/config.json,"ArgumentError: invalid JSON at byte position 0 while parsing type Any: UnexpectedEOF

"
/project/theorie/n/N.Pfaffenzeller/results_project/10b10t/10b10t15c1000e_10-dt80-int,param_682_rep_10,/project/theorie/n/N.Pfaffenzeller/results_project/10b10t/10b10t15c1000e_10-dt80-int/data/param_682_rep_10,/project/theorie/n/N.Pfaffenzeller/results_project/10b10t/10b10t15c1000e_10-dt80-int/data/param_682_rep_10/event_log.csv,/project/theorie/n/N.Pfaffenzeller/results_project/10b10t/10b10t15c1000e_10-dt80-int/data/param_682_rep_10/config.json,"ArgumentError: invalid JSON at byte position 0 while parsing type Any: UnexpectedEOF

"
/project/theorie/n/N.Pfaffenzeller/results_project/10b10t/10b10t15c1000e_10-dt80-int,param_682_rep_2,/project/theorie/n/N.Pfaffenzeller/results_project/10b10t/10b10t15c1000e_10-dt80-int/data/param_682_rep_2,/project/theorie/n/N.Pfaffenzeller/results_project/10b10t/10b10t15c1000e_10-dt80-int/data/param_682_rep_2/event_log.csv,/project/theorie/n/N.Pfaffenzeller/results_project/10b10t/10b10t15c1000e_10-dt80-int/data/param_682_rep_2/config.json,"ArgumentError: invalid JSON at byte position 0 while parsing type Any: UnexpectedEOF

"
/project/theorie/n/N.Pfaffenzeller/results_project/10b10t/10b10t15c1000e_10-dt80-int,param_682_rep_3,/project/theorie/n/N.Pfaffenzeller/results_project/10b10t/10b10t15c1000e_10-dt80-int/data/param_682_rep_3,/project/theorie/n/N.Pfaffenzeller/results_project/10b10t/10b10t15c1000e_10-dt80-int/data/param_682_rep_3/event_log.csv,/project/theorie/n/N.Pfaffenzeller/results_project/10b10t/10b10t15c1000e_10-dt80-int/data/param_682_rep_3/config.json,"MethodError: Cannot `convert` an object of type Missing to an object of type Float64
The function `convert` exists, but no method is defined for this combination of argument types.

Closest candidates are:
  convert(::Type{T}, !Matched::T) where T<:Number
   @ Base number.jl:6
  convert(::Type{T}, !Matched::Number) where T<:Number
   @ Base number.jl:7
  convert(::Type{T}, !Matched::T) where T
   @ Base Base.jl:126
  ...
"
/project/theorie/n/N.Pfaffenzeller/results_project/10b10t/10b10t15c1000e_10-dt80-int,param_682_rep_4,/project/theorie/n/N.Pfaffenzeller/results_project/10b10t/10b10t15c1000e_10-dt80-int/data/param_682_rep_4,/project/theorie/n/N.Pfaffenzeller/results_project/10b10t/10b10t15c1000e_10-dt80-int/data/param_682_rep_4/event_log.csv,/project/theorie/n/N.Pfaffenzeller/results_project/10b10t/10b10t15c1000e_10-dt80-int/data/param_682_rep_4/config.json,"ArgumentError: invalid JSON at byte position 0 while parsing type Any: UnexpectedEOF

"
/project/theorie/n/N.Pfaffenzeller/results_project/10b10t/10b10t15c1000e_10-dt80-int,param_682_rep_5,/project/theorie/n/N.Pfaffenzeller/results_project/10b10t/10b10t15c1000e_10-dt80-int/data/param_682_rep_5,/project/theorie/n/N.Pfaffenzeller/results_project/10b10t/10b10t15c1000e_10-dt80-int/data/param_682_rep_5/event_log.csv,/project/theorie/n/N.Pfaffenzeller/results_project/10b10t/10b10t15c1000e_10-dt80-int/data/param_682_rep_5/config.json,No task_* columns found (excluding task_id).
/project/theorie/n/N.Pfaffenzeller/results_project/10b10t/10b10t15c1000e_10-dt80-int,param_682_rep_6,/project/theorie/n/N.Pfaffenzeller/results_project/10b10t/10b10t15c1000e_10-dt80-int/data/param_682_rep_6,/project/theorie/n/N.Pfaffenzeller/results_project/10b10t/10b10t15c1000e_10-dt80-int/data/param_682_rep_6/event_log.csv,/project/theorie/n/N.Pfaffenzeller/results_project/10b10t/10b10t15c1000e_10-dt80-int/data/param_682_rep_6/config.json,"ArgumentError: invalid JSON at byte position 0 while parsing type Any: UnexpectedEOF

"
/project/theorie/n/N.Pfaffenzeller/results_project/10b10t/10b10t15c1000e_10-dt80-int,param_682_rep_7,/project/theorie/n/N.Pfaffenzeller/results_project/10b10t/10b10t15c1000e_10-dt80-int/data/param_682_rep_7,/project/theorie/n/N.Pfaffenzeller/results_project/10b10t/10b10t15c1000e_10-dt80-int/data/param_682_rep_7/event_log.csv,/project/theorie/n/N.Pfaffenzeller/results_project/10b10t/10b10t15c1000e_10-dt80-int/data/param_682_rep_7/config.json,"ArgumentError: invalid JSON at byte position 0 while parsing type Any: UnexpectedEOF

"
/project/theorie/n/N.Pfaffenzeller/results_project/10b10t/10b10t15c1000e_10-dt80-int,param_682_rep_8,/project/theorie/n/N.Pfaffenzeller/results_project/10b10t/10b10t15c1000e_10-dt80-int/data/param_682_rep_8,/project/theorie/n/N.Pfaffenzeller/results_project/10b10t/10b10t15c1000e_10-dt80-int/data/param_682_rep_8/event_log.csv,/project/theorie/n/N.Pfaffenzeller/results_project/10b10t/10b10t15c1000e_10-dt80-int/data/param_682_rep_8/config.json,"ArgumentError: invalid JSON at byte position 0 while parsing type Any: UnexpectedEOF

"
/project/theorie/n/N.Pfaffenzeller/results_project/10b10t/10b10t15c1000e_10-dt80-int,param_682_rep_9,/project/theorie/n/N.Pfaffenzeller/results_project/10b10t/10b10t15c1000e_10-dt80-int/data/param_682_rep_9,/project/theorie/n/N.Pfaffenzeller/results_project/10b10t/10b10t15c1000e_10-dt80-int/data/param_682_rep_9/event_log.csv,/project/theorie/n/N.Pfaffenzeller/results_project/10b10t/10b10t15c1000e_10-dt80-int/data/param_682_rep_9/config.json,"MethodError: Cannot `convert` an object of type Missing to an object of type Float64
The function `convert` exists, but no method is defined for this combination of argument types.

Closest candidates are:
  convert(::Type{T}, !Matched::T) where T<:Number
   @ Base number.jl:6
  convert(::Type{T}, !Matched::Number) where T<:Number
   @ Base number.jl:7
  convert(::Type{T}, !Matched::T) where T
   @ Base Base.jl:126
  ...
"
/project/theorie/n/N.Pfaffenzeller/results_project/10b10t/10b10t15c1000e_10-dt80-int,param_683_rep_1,/project/theorie/n/N.Pfaffenzeller/results_project/10b10t/10b10t15c1000e_10-dt80-int/data/param_683_rep_1,/project/theorie/n/N.Pfaffenzeller/results_project/10b10t/10b10t15c1000e_10-dt80-int/data/param_683_rep_1/event_log.csv,/project/theorie/n/N.Pfaffenzeller/results_project/10b10t/10b10t15c1000e_10-dt80-int/data/param_683_rep_1/config.json,"MethodError: Cannot `convert` an object of type Missing to an object of type Float64
The function `convert` exists, but no method is defined for this combination of argument types.

Closest candidates are:
  convert(::Type{T}, !Matched::T) where T<:Number
   @ Base number.jl:6
  convert(::Type{T}, !Matched::Number) where T<:Number
   @ Base number.jl:7
  convert(::Type{T}, !Matched::T) where T
   @ Base Base.jl:126
  ...
"
/project/theorie/n/N.Pfaffenzeller/results_project/10b10t/10b10t15c1000e_10-dt80-int,param_683_rep_10,/project/theorie/n/N.Pfaffenzeller/results_project/10b10t/10b10t15c1000e_10-dt80-int/data/param_683_rep_10,/project/theorie/n/N.Pfaffenzeller/results_project/10b10t/10b10t15c1000e_10-dt80-int/data/param_683_rep_10/event_log.csv,/project/theorie/n/N.Pfaffenzeller/results_project/10b10t/10b10t15c1000e_10-dt80-int/data/param_683_rep_10/config.json,"MethodError: Cannot `convert` an object of type Missing to an object of type Float64
The function `convert` exists, but no method is defined for this combination of argument types.

Closest candidates are:
  convert(::Type{T}, !Matched::T) where T<:Number
   @ Base number.jl:6
  convert(::Type{T}, !Matched::Number) where T<:Number
   @ Base number.jl:7
  convert(::Type{T}, !Matched::T) where T
   @ Base Base.jl:126
  ...
"
/project/theorie/n/N.Pfaffenzeller/results_project/10b10t/10b10t15c1000e_10-dt80-int,param_683_rep_2,/project/theorie/n/N.Pfaffenzeller/results_project/10b10t/10b10t15c1000e_10-dt80-int/data/param_683_rep_2,/project/theorie/n/N.Pfaffenzeller/results_project/10b10t/10b10t15c1000e_10-dt80-int/data/param_683_rep_2/event_log.csv,/project/theorie/n/N.Pfaffenzeller/results_project/10b10t/10b10t15c1000e_10-dt80-int/data/param_683_rep_2/config.json,"MethodError: Cannot `convert` an object of type Missing to an object of type Float64
The function `convert` exists, but no method is defined for this combination of argument types.

Closest candidates are:
  convert(::Type{T}, !Matched::T) where T<:Number
   @ Base number.jl:6
  convert(::Type{T}, !Matched::Number) where T<:Number
   @ Base number.jl:7
  convert(::Type{T}, !Matched::T) where T
   @ Base Base.jl:126
  ...
"
/project/theorie/n/N.Pfaffenzeller/results_project/10b10t/10b10t15c1000e_10-dt80-int,param_683_rep_3,/project/theorie/n/N.Pfaffenzeller/results_project/10b10t/10b10t15c1000e_10-dt80-int/data/param_683_rep_3,/project/theorie/n/N.Pfaffenzeller/results_project/10b10t/10b10t15c1000e_10-dt80-int/data/param_683_rep_3/event_log.csv,/project/theorie/n/N.Pfaffenzeller/results_project/10b10t/10b10t15c1000e_10-dt80-int/data/param_683_rep_3/config.json,No task_* columns found (excluding task_id).
/project/theorie/n/N.Pfaffenzeller/results_project/10b10t/10b10t15c1000e_10-dt80-int,param_683_rep_4,/project/theorie/n/N.Pfaffenzeller/results_project/10b10t/10b10t15c1000e_10-dt80-int/data/param_683_rep_4,/project/theorie/n/N.Pfaffenzeller/results_project/10b10t/10b10t15c1000e_10-dt80-int/data/param_683_rep_4/event_log.csv,/project/theorie/n/N.Pfaffenzeller/results_project/10b10t/10b10t15c1000e_10-dt80-int/data/param_683_rep_4/config.json,"MethodError: Cannot `convert` an object of type Missing to an object of type Float64
The function `convert` exists, but no method is defined for this combination of argument types.

Closest candidates are:
  convert(::Type{T}, !Matched::T) where T<:Number
   @ Base number.jl:6
  convert(::Type{T}, !Matched::Number) where T<:Number
   @ Base number.jl:7
  convert(::Type{T}, !Matched::T) where T
   @ Base Base.jl:126
  ...
"
/project/theorie/n/N.Pfaffenzeller/results_project/10b10t/10b10t15c1000e_10-dt80-int,param_683_rep_5,/project/theorie/n/N.Pfaffenzeller/results_project/10b10t/10b10t15c1000e_10-dt80-int/data/param_683_rep_5,/project/theorie/n/N.Pfaffenzeller/results_project/10b10t/10b10t15c1000e_10-dt80-int/data/param_683_rep_5/event_log.csv,/project/theorie/n/N.Pfaffenzeller/results_project/10b10t/10b10t15c1000e_10-dt80-int/data/param_683_rep_5/config.json,"MethodError: Cannot `convert` an object of type Missing to an object of type Float64
The function `convert` exists, but no method is defined for this combination of argument types.

Closest candidates are:
  convert(::Type{T}, !Matched::T) where T<:Number
   @ Base number.jl:6
  convert(::Type{T}, !Matched::Number) where T<:Number
   @ Base number.jl:7
  convert(::Type{T}, !Matched::T) where T
   @ Base Base.jl:126
  ...
"
/project/theorie/n/N.Pfaffenzeller/results_project/10b10t/10b10t15c1000e_10-dt80-int,param_683_rep_6,/project/theorie/n/N.Pfaffenzeller/results_project/10b10t/10b10t15c1000e_10-dt80-int/data/param_683_rep_6,/project/theorie/n/N.Pfaffenzeller/results_project/10b10t/10b10t15c1000e_10-dt80-int/data/param_683_rep_6/event_log.csv,/project/theorie/n/N.Pfaffenzeller/results_project/10b10t/10b10t15c1000e_10-dt80-int/data/param_683_rep_6/config.json,"ArgumentError: invalid JSON at byte position 0 while parsing type Any: UnexpectedEOF

"
/project/theorie/n/N.Pfaffenzeller/results_project/10b10t/10b10t15c1000e_10-dt80-int,param_683_rep_7,/project/theorie/n/N.Pfaffenzeller/results_project/10b10t/10b10t15c1000e_10-dt80-int/data/param_683_rep_7,/project/theorie/n/N.Pfaffenzeller/results_project/10b10t/10b10t15c1000e_10-dt80-int/data/param_683_rep_7/event_log.csv,/project/theorie/n/N.Pfaffenzeller/results_project/10b10t/10b10t15c1000e_10-dt80-int/data/param_683_rep_7/config.json,"ArgumentError: invalid JSON at byte position 0 while parsing type Any: UnexpectedEOF

"
/project/theorie/n/N.Pfaffenzeller/results_project/10b10t/10b10t15c1000e_10-dt80-int,param_683_rep_8,/project/theorie/n/N.Pfaffenzeller/results_project/10b10t/10b10t15c1000e_10-dt80-int/data/param_683_rep_8,/project/theorie/n/N.Pfaffenzeller/results_project/10b10t/10b10t15c1000e_10-dt80-int/data/param_683_rep_8/event_log.csv,/project/theorie/n/N.Pfaffenzeller/results_project/10b10t/10b10t15c1000e_10-dt80-int/data/param_683_rep_8/config.json,"MethodError: Cannot `convert` an object of type Missing to an object of type Float64
The function `convert` exists, but no method is defined for this combination of argument types.

Closest candidates are:
  convert(::Type{T}, !Matched::T) where T<:Number
   @ Base number.jl:6
  convert(::Type{T}, !Matched::Number) where T<:Number
   @ Base number.jl:7
  convert(::Type{T}, !Matched::T) where T
   @ Base Base.jl:126
  ...
"
/project/theorie/n/N.Pfaffenzeller/results_project/10b10t/10b10t15c1000e_10-dt80-int,param_683_rep_9,/project/theorie/n/N.Pfaffenzeller/results_project/10b10t/10b10t15c1000e_10-dt80-int/data/param_683_rep_9,/project/theorie/n/N.Pfaffenzeller/results_project/10b10t/10b10t15c1000e_10-dt80-int/data/param_683_rep_9/event_log.csv,/project/theorie/n/N.Pfaffenzeller/results_project/10b10t/10b10t15c1000e_10-dt80-int/data/param_683_rep_9/config.json,"ArgumentError: invalid JSON at byte position 0 while parsing type Any: UnexpectedEOF

"
/project/theorie/n/N.Pfaffenzeller/results_project/10b10t/10b10t15c1000e_10-dt80-int,param_684_rep_1,/project/theorie/n/N.Pfaffenzeller/results_project/10b10t/10b10t15c1000e_10-dt80-int/data/param_684_rep_1,/project/theorie/n/N.Pfaffenzeller/results_project/10b10t/10b10t15c1000e_10-dt80-int/data/param_684_rep_1/event_log.csv,/project/theorie/n/N.Pfaffenzeller/results_project/10b10t/10b10t15c1000e_10-dt80-int/data/param_684_rep_1/config.json,"MethodError: Cannot `convert` an object of type Missing to an object of type Float64
The function `convert` exists, but no method is defined for this combination of argument types.

Closest candidates are:
  convert(::Type{T}, !Matched::T) where T<:Number
   @ Base number.jl:6
  convert(::Type{T}, !Matched::Number) where T<:Number
   @ Base number.jl:7
  convert(::Type{T}, !Matched::T) where T
   @ Base Base.jl:126
  ...
"
/project/theorie/n/N.Pfaffenzeller/results_project/10b10t/10b10t15c1000e_10-dt80-int,param_684_rep_10,/project/theorie/n/N.Pfaffenzeller/results_project/10b10t/10b10t15c1000e_10-dt80-int/data/param_684_rep_10,/project/theorie/n/N.Pfaffenzeller/results_project/10b10t/10b10t15c1000e_10-dt80-int/data/param_684_rep_10/event_log.csv,/project/theorie/n/N.Pfaffenzeller/results_project/10b10t/10b10t15c1000e_10-dt80-int/data/param_684_rep_10/config.json,"ArgumentError: invalid JSON at byte position 0 while parsing type Any: UnexpectedEOF

"
/project/theorie/n/N.Pfaffenzeller/results_project/10b10t/10b10t15c1000e_10-dt80-int,param_684_rep_2,/project/theorie/n/N.Pfaffenzeller/results_project/10b10t/10b10t15c1000e_10-dt80-int/data/param_684_rep_2,/project/theorie/n/N.Pfaffenzeller/results_project/10b10t/10b10t15c1000e_10-dt80-int/data/param_684_rep_2/event_log.csv,/project/theorie/n/N.Pfaffenzeller/results_project/10b10t/10b10t15c1000e_10-dt80-int/data/param_684_rep_2/config.json,"MethodError: Cannot `convert` an object of type Missing to an object of type Float64
The function `convert` exists, but no method is defined for this combination of argument types.

Closest candidates are:
  convert(::Type{T}, !Matched::T) where T<:Number
   @ Base number.jl:6
  convert(::Type{T}, !Matched::Number) where T<:Number
   @ Base number.jl:7
  convert(::Type{T}, !Matched::T) where T
   @ Base Base.jl:126
  ...
"
/project/theorie/n/N.Pfaffenzeller/results_project/10b10t/10b10t15c1000e_10-dt80-int,param_684_rep_3,/project/theorie/n/N.Pfaffenzeller/results_project/10b10t/10b10t15c1000e_10-dt80-int/data/param_684_rep_3,/project/theorie/n/N.Pfaffenzeller/results_project/10b10t/10b10t15c1000e_10-dt80-int/data/param_684_rep_3/event_log.csv,/project/theorie/n/N.Pfaffenzeller/results_project/10b10t/10b10t15c1000e_10-dt80-int/data/param_684_rep_3/config.json,"ArgumentError: invalid JSON at byte position 0 while parsing type Any: UnexpectedEOF

"
/project/theorie/n/N.Pfaffenzeller/results_project/10b10t/10b10t15c1000e_10-dt80-int,param_684_rep_4,/project/theorie/n/N.Pfaffenzeller/results_project/10b10t/10b10t15c1000e_10-dt80-int/data/param_684_rep_4,/project/theorie/n/N.Pfaffenzeller/results_project/10b10t/10b10t15c1000e_10-dt80-int/data/param_684_rep_4/event_log.csv,/project/theorie/n/N.Pfaffenzeller/results_project/10b10t/10b10t15c1000e_10-dt80-int/data/param_684_rep_4/config.json,"ArgumentError: invalid JSON at byte position 0 while parsing type Any: UnexpectedEOF

"
/project/theorie/n/N.Pfaffenzeller/results_project/10b10t/10b10t15c1000e_10-dt80-int,param_684_rep_5,/project/theorie/n/N.Pfaffenzeller/results_project/10b10t/10b10t15c1000e_10-dt80-int/data/param_684_rep_5,/project/theorie/n/N.Pfaffenzeller/results_project/10b10t/10b10t15c1000e_10-dt80-int/data/param_684_rep_5/event_log.csv,/project/theorie/n/N.Pfaffenzeller/results_project/10b10t/10b10t15c1000e_10-dt80-int/data/param_684_rep_5/config.json,"MethodError: Cannot `convert` an object of type Missing to an object of type Float64
The function `convert` exists, but no method is defined for this combination of argument types.

Closest candidates are:
  convert(::Type{T}, !Matched::T) where T<:Number
   @ Base number.jl:6
  convert(::Type{T}, !Matched::Number) where T<:Number
   @ Base number.jl:7
  convert(::Type{T}, !Matched::T) where T
   @ Base Base.jl:126
  ...
"
/project/theorie/n/N.Pfaffenzeller/results_project/10b10t/10b10t15c1000e_10-dt80-int,param_684_rep_6,/project/theorie/n/N.Pfaffenzeller/results_project/10b10t/10b10t15c1000e_10-dt80-int/data/param_684_rep_6,/project/theorie/n/N.Pfaffenzeller/results_project/10b10t/10b10t15c1000e_10-dt80-int/data/param_684_rep_6/event_log.csv,/project/theorie/n/N.Pfaffenzeller/results_project/10b10t/10b10t15c1000e_10-dt80-int/data/param_684_rep_6/config.json,"MethodError: Cannot `convert` an object of type Missing to an object of type Float64
The function `convert` exists, but no method is defined for this combination of argument types.

Closest candidates are:
  convert(::Type{T}, !Matched::T) where T<:Number
   @ Base number.jl:6
  convert(::Type{T}, !Matched::Number) where T<:Number
   @ Base number.jl:7
  convert(::Type{T}, !Matched::T) where T
   @ Base Base.jl:126
  ...
"
/project/theorie/n/N.Pfaffenzeller/results_project/10b10t/10b10t15c1000e_10-dt80-int,param_684_rep_7,/project/theorie/n/N.Pfaffenzeller/results_project/10b10t/10b10t15c1000e_10-dt80-int/data/param_684_rep_7,/project/theorie/n/N.Pfaffenzeller/results_project/10b10t/10b10t15c1000e_10-dt80-int/data/param_684_rep_7/event_log.csv,/project/theorie/n/N.Pfaffenzeller/results_project/10b10t/10b10t15c1000e_10-dt80-int/data/param_684_rep_7/config.json,"ArgumentError: invalid JSON at byte position 0 while parsing type Any: UnexpectedEOF

"
/project/theorie/n/N.Pfaffenzeller/results_project/10b10t/10b10t15c1000e_10-dt80-int,param_684_rep_8,/project/theorie/n/N.Pfaffenzeller/results_project/10b10t/10b10t15c1000e_10-dt80-int/data/param_684_rep_8,/project/theorie/n/N.Pfaffenzeller/results_project/10b10t/10b10t15c1000e_10-dt80-int/data/param_684_rep_8/event_log.csv,/project/theorie/n/N.Pfaffenzeller/results_project/10b10t/10b10t15c1000e_10-dt80-int/data/param_684_rep_8/config.json,"ArgumentError: invalid JSON at byte position 0 while parsing type Any: UnexpectedEOF

"
/project/theorie/n/N.Pfaffenzeller/results_project/10b10t/10b10t15c1000e_10-dt80-int,param_684_rep_9,/project/theorie/n/N.Pfaffenzeller/results_project/10b10t/10b10t15c1000e_10-dt80-int/data/param_684_rep_9,/project/theorie/n/N.Pfaffenzeller/results_project/10b10t/10b10t15c1000e_10-dt80-int/data/param_684_rep_9/event_log.csv,/project/theorie/n/N.Pfaffenzeller/results_project/10b10t/10b10t15c1000e_10-dt80-int/data/param_684_rep_9/config.json,"ArgumentError: invalid JSON at byte position 0 while parsing type Any: UnexpectedEOF

"
/project/theorie/n/N.Pfaffenzeller/results_project/10b10t/10b10t15c1000e_10-dt80-int,param_685_rep_1,/project/theorie/n/N.Pfaffenzeller/results_project/10b10t/10b10t15c1000e_10-dt80-int/data/param_685_rep_1,/project/theorie/n/N.Pfaffenzeller/results_project/10b10t/10b10t15c1000e_10-dt80-int/data/param_685_rep_1/event_log.csv,/project/theorie/n/N.Pfaffenzeller/results_project/10b10t/10b10t15c1000e_10-dt80-int/data/param_685_rep_1/config.json,"MethodError: Cannot `convert` an object of type Missing to an object of type Float64
The function `convert` exists, but no method is defined for this combination of argument types.

Closest candidates are:
  convert(::Type{T}, !Matched::T) where T<:Number
   @ Base number.jl:6
  convert(::Type{T}, !Matched::Number) where T<:Number
   @ Base number.jl:7
  convert(::Type{T}, !Matched::T) where T
   @ Base Base.jl:126
  ...
"
/project/theorie/n/N.Pfaffenzeller/results_project/10b10t/10b10t15c1000e_10-dt80-int,param_685_rep_10,/project/theorie/n/N.Pfaffenzeller/results_project/10b10t/10b10t15c1000e_10-dt80-int/data/param_685_rep_10,/project/theorie/n/N.Pfaffenzeller/results_project/10b10t/10b10t15c1000e_10-dt80-int/data/param_685_rep_10/event_log.csv,/project/theorie/n/N.Pfaffenzeller/results_project/10b10t/10b10t15c1000e_10-dt80-int/data/param_685_rep_10/config.json,"MethodError: Cannot `convert` an object of type Missing to an object of type Float64
The function `convert` exists, but no method is defined for this combination of argument types.

Closest candidates are:
  convert(::Type{T}, !Matched::T) where T<:Number
   @ Base number.jl:6
  convert(::Type{T}, !Matched::Number) where T<:Number
   @ Base number.jl:7
  convert(::Type{T}, !Matched::T) where T
   @ Base Base.jl:126
  ...
"
/project/theorie/n/N.Pfaffenzeller/results_project/10b10t/10b10t15c1000e_10-dt80-int,param_685_rep_2,/project/theorie/n/N.Pfaffenzeller/results_project/10b10t/10b10t15c1000e_10-dt80-int/data/param_685_rep_2,/project/theorie/n/N.Pfaffenzeller/results_project/10b10t/10b10t15c1000e_10-dt80-int/data/param_685_rep_2/event_log.csv,/project/theorie/n/N.Pfaffenzeller/results_project/10b10t/10b10t15c1000e_10-dt80-int/data/param_685_rep_2/config.json,"ArgumentError: invalid JSON at byte position 0 while parsing type Any: UnexpectedEOF

"
/project/theorie/n/N.Pfaffenzeller/results_project/10b10t/10b10t15c1000e_10-dt80-int,param_685_rep_3,/project/theorie/n/N.Pfaffenzeller/results_project/10b10t/10b10t15c1000e_10-dt80-int/data/param_685_rep_3,/project/theorie/n/N.Pfaffenzeller/results_project/10b10t/10b10t15c1000e_10-dt80-int/data/param_685_rep_3/event_log.csv,/project/theorie/n/N.Pfaffenzeller/results_project/10b10t/10b10t15c1000e_10-dt80-int/data/param_685_rep_3/config.json,"ArgumentError: invalid JSON at byte position 0 while parsing type Any: UnexpectedEOF

"
/project/theorie/n/N.Pfaffenzeller/results_project/10b10t/10b10t15c1000e_10-dt80-int,param_685_rep_4,/project/theorie/n/N.Pfaffenzeller/results_project/10b10t/10b10t15c1000e_10-dt80-int/data/param_685_rep_4,/project/theorie/n/N.Pfaffenzeller/results_project/10b10t/10b10t15c1000e_10-dt80-int/data/param_685_rep_4/event_log.csv,/project/theorie/n/N.Pfaffenzeller/results_project/10b10t/10b10t15c1000e_10-dt80-int/data/param_685_rep_4/config.json,"MethodError: Cannot `convert` an object of type Missing to an object of type Float64
The function `convert` exists, but no method is defined for this combination of argument types.

Closest candidates are:
  convert(::Type{T}, !Matched::T) where T<:Number
   @ Base number.jl:6
  convert(::Type{T}, !Matched::Number) where T<:Number
   @ Base number.jl:7
  convert(::Type{T}, !Matched::T) where T
   @ Base Base.jl:126
  ...
"
/project/theorie/n/N.Pfaffenzeller/results_project/10b10t/10b10t15c1000e_10-dt80-int,param_685_rep_5,/project/theorie/n/N.Pfaffenzeller/results_project/10b10t/10b10t15c1000e_10-dt80-int/data/param_685_rep_5,/project/theorie/n/N.Pfaffenzeller/results_project/10b10t/10b10t15c1000e_10-dt80-int/data/param_685_rep_5/event_log.csv,/project/theorie/n/N.Pfaffenzeller/results_project/10b10t/10b10t15c1000e_10-dt80-int/data/param_685_rep_5/config.json,"MethodError: Cannot `convert` an object of type Missing to an object of type Float64
The function `convert` exists, but no method is defined for this combination of argument types.

Closest candidates are:
  convert(::Type{T}, !Matched::T) where T<:Number
   @ Base number.jl:6
  convert(::Type{T}, !Matched::Number) where T<:Number
   @ Base number.jl:7
  convert(::Type{T}, !Matched::T) where T
   @ Base Base.jl:126
  ...
"
/project/theorie/n/N.Pfaffenzeller/results_project/10b10t/10b10t15c1000e_10-dt80-int,param_685_rep_6,/project/theorie/n/N.Pfaffenzeller/results_project/10b10t/10b10t15c1000e_10-dt80-int/data/param_685_rep_6,/project/theorie/n/N.Pfaffenzeller/results_project/10b10t/10b10t15c1000e_10-dt80-int/data/param_685_rep_6/event_log.csv,/project/theorie/n/N.Pfaffenzeller/results_project/10b10t/10b10t15c1000e_10-dt80-int/data/param_685_rep_6/config.json,"ArgumentError: invalid JSON at byte position 0 while parsing type Any: UnexpectedEOF

"
/project/theorie/n/N.Pfaffenzeller/results_project/10b10t/10b10t15c1000e_10-dt80-int,param_685_rep_7,/project/theorie/n/N.Pfaffenzeller/results_project/10b10t/10b10t15c1000e_10-dt80-int/data/param_685_rep_7,/project/theorie/n/N.Pfaffenzeller/results_project/10b10t/10b10t15c1000e_10-dt80-int/data/param_685_rep_7/event_log.csv,/project/theorie/n/N.Pfaffenzeller/results_project/10b10t/10b10t15c1000e_10-dt80-int/data/param_685_rep_7/config.json,"MethodError: Cannot `convert` an object of type Missing to an object of type Float64
The function `convert` exists, but no method is defined for this combination of argument types.

Closest candidates are:
  convert(::Type{T}, !Matched::T) where T<:Number
   @ Base number.jl:6
  convert(::Type{T}, !Matched::Number) where T<:Number
   @ Base number.jl:7
  convert(::Type{T}, !Matched::T) where T
   @ Base Base.jl:126
  ...
"
/project/theorie/n/N.Pfaffenzeller/results_project/10b10t/10b10t15c1000e_10-dt80-int,param_685_rep_8,/project/theorie/n/N.Pfaffenzeller/results_project/10b10t/10b10t15c1000e_10-dt80-int/data/param_685_rep_8,/project/theorie/n/N.Pfaffenzeller/results_project/10b10t/10b10t15c1000e_10-dt80-int/data/param_685_rep_8/event_log.csv,/project/theorie/n/N.Pfaffenzeller/results_project/10b10t/10b10t15c1000e_10-dt80-int/data/param_685_rep_8/config.json,"ArgumentError: invalid JSON at byte position 0 while parsing type Any: UnexpectedEOF

"
/project/theorie/n/N.Pfaffenzeller/results_project/10b10t/10b10t15c1000e_10-dt80-int,param_685_rep_9,/project/theorie/n/N.Pfaffenzeller/results_project/10b10t/10b10t15c1000e_10-dt80-int/data/param_685_rep_9,/project/theorie/n/N.Pfaffenzeller/results_project/10b10t/10b10t15c1000e_10-dt80-int/data/param_685_rep_9/event_log.csv,/project/theorie/n/N.Pfaffenzeller/results_project/10b10t/10b10t15c1000e_10-dt80-int/data/param_685_rep_9/config.json,"ArgumentError: invalid JSON at byte position 0 while parsing type Any: UnexpectedEOF

"
/project/theorie/n/N.Pfaffenzeller/results_project/10b10t/10b10t15c1000e_10-dt80-int,param_686_rep_1,/project/theorie/n/N.Pfaffenzeller/results_project/10b10t/10b10t15c1000e_10-dt80-int/data/param_686_rep_1,/project/theorie/n/N.Pfaffenzeller/results_project/10b10t/10b10t15c1000e_10-dt80-int/data/param_686_rep_1/event_log.csv,/project/theorie/n/N.Pfaffenzeller/results_project/10b10t/10b10t15c1000e_10-dt80-int/data/param_686_rep_1/config.json,"ArgumentError: invalid JSON at byte position 0 while parsing type Any: UnexpectedEOF

"
/project/theorie/n/N.Pfaffenzeller/results_project/10b10t/10b10t15c1000e_10-dt80-int,param_686_rep_2,/project/theorie/n/N.Pfaffenzeller/results_project/10b10t/10b10t15c1000e_10-dt80-int/data/param_686_rep_2,/project/theorie/n/N.Pfaffenzeller/results_project/10b10t/10b10t15c1000e_10-dt80-int/data/param_686_rep_2/event_log.csv,/project/theorie/n/N.Pfaffenzeller/results_project/10b10t/10b10t15c1000e_10-dt80-int/data/param_686_rep_2/config.json,"MethodError: Cannot `convert` an object of type Missing to an object of type Float64
The function `convert` exists, but no method is defined for this combination of argument types.

Closest candidates are:
  convert(::Type{T}, !Matched::T) where T<:Number
   @ Base number.jl:6
  convert(::Type{T}, !Matched::Number) where T<:Number
   @ Base number.jl:7
  convert(::Type{T}, !Matched::T) where T
   @ Base Base.jl:126
  ...
"
/project/theorie/n/N.Pfaffenzeller/results_project/10b10t/10b10t15c1000e_10-dt80-int,param_686_rep_3,/project/theorie/n/N.Pfaffenzeller/results_project/10b10t/10b10t15c1000e_10-dt80-int/data/param_686_rep_3,/project/theorie/n/N.Pfaffenzeller/results_project/10b10t/10b10t15c1000e_10-dt80-int/data/param_686_rep_3/event_log.csv,/project/theorie/n/N.Pfaffenzeller/results_project/10b10t/10b10t15c1000e_10-dt80-int/data/param_686_rep_3/config.json,"ArgumentError: invalid JSON at byte position 0 while parsing type Any: UnexpectedEOF

"
/project/theorie/n/N.Pfaffenzeller/results_project/10b10t/10b10t15c1000e_10-dt80-int,param_686_rep_4,/project/theorie/n/N.Pfaffenzeller/results_project/10b10t/10b10t15c1000e_10-dt80-int/data/param_686_rep_4,/project/theorie/n/N.Pfaffenzeller/results_project/10b10t/10b10t15c1000e_10-dt80-int/data/param_686_rep_4/event_log.csv,/project/theorie/n/N.Pfaffenzeller/results_project/10b10t/10b10t15c1000e_10-dt80-int/data/param_686_rep_4/config.json,"ArgumentError: invalid JSON at byte position 0 while parsing type Any: UnexpectedEOF

"
/project/theorie/n/N.Pfaffenzeller/results_project/10b10t/10b10t15c1000e_10-dt80-int,param_686_rep_5,/project/theorie/n/N.Pfaffenzeller/results_project/10b10t/10b10t15c1000e_10-dt80-int/data/param_686_rep_5,/project/theorie/n/N.Pfaffenzeller/results_project/10b10t/10b10t15c1000e_10-dt80-int/data/param_686_rep_5/event_log.csv,/project/theorie/n/N.Pfaffenzeller/results_project/10b10t/10b10t15c1000e_10-dt80-int/data/param_686_rep_5/config.json,"MethodError: Cannot `convert` an object of type Missing to an object of type Float64
The function `convert` exists, but no method is defined for this combination of argument types.

Closest candidates are:
  convert(::Type{T}, !Matched::T) where T<:Number
   @ Base number.jl:6
  convert(::Type{T}, !Matched::Number) where T<:Number
   @ Base number.jl:7
  convert(::Type{T}, !Matched::T) where T
   @ Base Base.jl:126
  ...
"
/project/theorie/n/N.Pfaffenzeller/results_project/10b10t/10b10t15c1000e_10-dt80-int,param_686_rep_6,/project/theorie/n/N.Pfaffenzeller/results_project/10b10t/10b10t15c1000e_10-dt80-int/data/param_686_rep_6,/project/theorie/n/N.Pfaffenzeller/results_project/10b10t/10b10t15c1000e_10-dt80-int/data/param_686_rep_6/event_log.csv,/project/theorie/n/N.Pfaffenzeller/results_project/10b10t/10b10t15c1000e_10-dt80-int/data/param_686_rep_6/config.json,"MethodError: Cannot `convert` an object of type Missing to an object of type Float64
The function `convert` exists, but no method is defined for this combination of argument types.

Closest candidates are:
  convert(::Type{T}, !Matched::T) where T<:Number
   @ Base number.jl:6
  convert(::Type{T}, !Matched::Number) where T<:Number
   @ Base number.jl:7
  convert(::Type{T}, !Matched::T) where T
   @ Base Base.jl:126
  ...
"
/project/theorie/n/N.Pfaffenzeller/results_project/10b10t/10b10t15c1000e_10-dt80-int,param_686_rep_7,/project/theorie/n/N.Pfaffenzeller/results_project/10b10t/10b10t15c1000e_10-dt80-int/data/param_686_rep_7,/project/theorie/n/N.Pfaffenzeller/results_project/10b10t/10b10t15c1000e_10-dt80-int/data/param_686_rep_7/event_log.csv,/project/theorie/n/N.Pfaffenzeller/results_project/10b10t/10b10t15c1000e_10-dt80-int/data/param_686_rep_7/config.json,"MethodError: Cannot `convert` an object of type Missing to an object of type Float64
The function `convert` exists, but no method is defined for this combination of argument types.

Closest candidates are:
  convert(::Type{T}, !Matched::T) where T<:Number
   @ Base number.jl:6
  convert(::Type{T}, !Matched::Number) where T<:Number
   @ Base number.jl:7
  convert(::Type{T}, !Matched::T) where T
   @ Base Base.jl:126
  ...
"
/project/theorie/n/N.Pfaffenzeller/results_project/10b10t/10b10t15c1000e_10-dt80-int,param_686_rep_9,/project/theorie/n/N.Pfaffenzeller/results_project/10b10t/10b10t15c1000e_10-dt80-int/data/param_686_rep_9,/project/theorie/n/N.Pfaffenzeller/results_project/10b10t/10b10t15c1000e_10-dt80-int/data/param_686_rep_9/event_log.csv,/project/theorie/n/N.Pfaffenzeller/results_project/10b10t/10b10t15c1000e_10-dt80-int/data/param_686_rep_9/config.json,"ArgumentError: invalid JSON at byte position 0 while parsing type Any: UnexpectedEOF

"
/project/theorie/n/N.Pfaffenzeller/results_project/10b10t/10b10t15c1000e_10-dt80-int,param_687_rep_10,/project/theorie/n/N.Pfaffenzeller/results_project/10b10t/10b10t15c1000e_10-dt80-int/data/param_687_rep_10,/project/theorie/n/N.Pfaffenzeller/results_project/10b10t/10b10t15c1000e_10-dt80-int/data/param_687_rep_10/event_log.csv,/project/theorie/n/N.Pfaffenzeller/results_project/10b10t/10b10t15c1000e_10-dt80-int/data/param_687_rep_10/config.json,"MethodError: Cannot `convert` an object of type Missing to an object of type Float64
The function `convert` exists, but no method is defined for this combination of argument types.

Closest candidates are:
  convert(::Type{T}, !Matched::T) where T<:Number
   @ Base number.jl:6
  convert(::Type{T}, !Matched::Number) where T<:Number
   @ Base number.jl:7
  convert(::Type{T}, !Matched::T) where T
   @ Base Base.jl:126
  ...
"
/project/theorie/n/N.Pfaffenzeller/results_project/10b10t/10b10t15c1000e_10-dt80-int,param_687_rep_3,/project/theorie/n/N.Pfaffenzeller/results_project/10b10t/10b10t15c1000e_10-dt80-int/data/param_687_rep_3,/project/theorie/n/N.Pfaffenzeller/results_project/10b10t/10b10t15c1000e_10-dt80-int/data/param_687_rep_3/event_log.csv,/project/theorie/n/N.Pfaffenzeller/results_project/10b10t/10b10t15c1000e_10-dt80-int/data/param_687_rep_3/config.json,"MethodError: Cannot `convert` an object of type Missing to an object of type Float64
The function `convert` exists, but no method is defined for this combination of argument types.

Closest candidates are:
  convert(::Type{T}, !Matched::T) where T<:Number
   @ Base number.jl:6
  convert(::Type{T}, !Matched::Number) where T<:Number
   @ Base number.jl:7
  convert(::Type{T}, !Matched::T) where T
   @ Base Base.jl:126
  ...
"
/project/theorie/n/N.Pfaffenzeller/results_project/10b10t/10b10t15c1000e_10-dt80-int,param_687_rep_9,/project/theorie/n/N.Pfaffenzeller/results_project/10b10t/10b10t15c1000e_10-dt80-int/data/param_687_rep_9,/project/theorie/n/N.Pfaffenzeller/results_project/10b10t/10b10t15c1000e_10-dt80-int/data/param_687_rep_9/event_log.csv,/project/theorie/n/N.Pfaffenzeller/results_project/10b10t/10b10t15c1000e_10-dt80-int/data/param_687_rep_9/config.json,No task_* columns found (excluding task_id).
/project/theorie/n/N.Pfaffenzeller/results_project/10b10t/10b10t15c1000e_10-dt80-int,param_688_rep_3,/project/theorie/n/N.Pfaffenzeller/results_project/10b10t/10b10t15c1000e_10-dt80-int/data/param_688_rep_3,/project/theorie/n/N.Pfaffenzeller/results_project/10b10t/10b10t15c1000e_10-dt80-int/data/param_688_rep_3/event_log.csv,/project/theorie/n/N.Pfaffenzeller/results_project/10b10t/10b10t15c1000e_10-dt80-int/data/param_688_rep_3/config.json,"MethodError: Cannot `convert` an object of type Missing to an object of type Float64
The function `convert` exists, but no method is defined for this combination of argument types.

Closest candidates are:
  convert(::Type{T}, !Matched::T) where T<:Number
   @ Base number.jl:6
  convert(::Type{T}, !Matched::Number) where T<:Number
   @ Base number.jl:7
  convert(::Type{T}, !Matched::T) where T
   @ Base Base.jl:126
  ...
"
/project/theorie/n/N.Pfaffenzeller/results_project/10b10t/10b10t15c1000e_10-dt80-int,param_688_rep_4,/project/theorie/n/N.Pfaffenzeller/results_project/10b10t/10b10t15c1000e_10-dt80-int/data/param_688_rep_4,/project/theorie/n/N.Pfaffenzeller/results_project/10b10t/10b10t15c1000e_10-dt80-int/data/param_688_rep_4/event_log.csv,/project/theorie/n/N.Pfaffenzeller/results_project/10b10t/10b10t15c1000e_10-dt80-int/data/param_688_rep_4/config.json,"MethodError: Cannot `convert` an object of type Missing to an object of type Float64
The function `convert` exists, but no method is defined for this combination of argument types.

Closest candidates are:
  convert(::Type{T}, !Matched::T) where T<:Number
   @ Base number.jl:6
  convert(::Type{T}, !Matched::Number) where T<:Number
   @ Base number.jl:7
  convert(::Type{T}, !Matched::T) where T
   @ Base Base.jl:126
  ...
"
/project/theorie/n/N.Pfaffenzeller/results_project/10b10t/10b10t15c1000e_10-dt80-int,param_688_rep_5,/project/theorie/n/N.Pfaffenzeller/results_project/10b10t/10b10t15c1000e_10-dt80-int/data/param_688_rep_5,/project/theorie/n/N.Pfaffenzeller/results_project/10b10t/10b10t15c1000e_10-dt80-int/data/param_688_rep_5/event_log.csv,/project/theorie/n/N.Pfaffenzeller/results_project/10b10t/10b10t15c1000e_10-dt80-int/data/param_688_rep_5/config.json,No task_* columns found (excluding task_id).
/project/theorie/n/N.Pfaffenzeller/results_project/10b10t/10b10t15c1000e_10-dt80-int,param_688_rep_7,/project/theorie/n/N.Pfaffenzeller/results_project/10b10t/10b10t15c1000e_10-dt80-int/data/param_688_rep_7,/project/theorie/n/N.Pfaffenzeller/results_project/10b10t/10b10t15c1000e_10-dt80-int/data/param_688_rep_7/event_log.csv,/project/theorie/n/N.Pfaffenzeller/results_project/10b10t/10b10t15c1000e_10-dt80-int/data/param_688_rep_7/config.json,"MethodError: Cannot `convert` an object of type Missing to an object of type Float64
The function `convert` exists, but no method is defined for this combination of argument types.

Closest candidates are:
  convert(::Type{T}, !Matched::T) where T<:Number
   @ Base number.jl:6
  convert(::Type{T}, !Matched::Number) where T<:Number
   @ Base number.jl:7
  convert(::Type{T}, !Matched::T) where T
   @ Base Base.jl:126
  ...
"
/project/theorie/n/N.Pfaffenzeller/results_project/10b10t/10b10t15c1000e_10-dt80-int,param_688_rep_8,/project/theorie/n/N.Pfaffenzeller/results_project/10b10t/10b10t15c1000e_10-dt80-int/data/param_688_rep_8,/project/theorie/n/N.Pfaffenzeller/results_project/10b10t/10b10t15c1000e_10-dt80-int/data/param_688_rep_8/event_log.csv,/project/theorie/n/N.Pfaffenzeller/results_project/10b10t/10b10t15c1000e_10-dt80-int/data/param_688_rep_8/config.json,No task_* columns found (excluding task_id).
/project/theorie/n/N.Pfaffenzeller/results_project/10b10t/10b10t15c1000e_10-dt80-int,param_688_rep_9,/project/theorie/n/N.Pfaffenzeller/results_project/10b10t/10b10t15c1000e_10-dt80-int/data/param_688_rep_9,/project/theorie/n/N.Pfaffenzeller/results_project/10b10t/10b10t15c1000e_10-dt80-int/data/param_688_rep_9/event_log.csv,/project/theorie/n/N.Pfaffenzeller/results_project/10b10t/10b10t15c1000e_10-dt80-int/data/param_688_rep_9/config.json,"ArgumentError: invalid JSON at byte position 0 while parsing type Any: UnexpectedEOF

"
/project/theorie/n/N.Pfaffenzeller/results_project/10b10t/10b10t15c1000e_10-dt80-int,param_689_rep_4,/project/theorie/n/N.Pfaffenzeller/results_project/10b10t/10b10t15c1000e_10-dt80-int/data/param_689_rep_4,/project/theorie/n/N.Pfaffenzeller/results_project/10b10t/10b10t15c1000e_10-dt80-int/data/param_689_rep_4/event_log.csv,/project/theorie/n/N.Pfaffenzeller/results_project/10b10t/10b10t15c1000e_10-dt80-int/data/param_689_rep_4/config.json,"MethodError: Cannot `convert` an object of type Missing to an object of type Float64
The function `convert` exists, but no method is defined for this combination of argument types.

Closest candidates are:
  convert(::Type{T}, !Matched::T) where T<:Number
   @ Base number.jl:6
  convert(::Type{T}, !Matched::Number) where T<:Number
   @ Base number.jl:7
  convert(::Type{T}, !Matched::T) where T
   @ Base Base.jl:126
  ...
"
/project/theorie/n/N.Pfaffenzeller/results_project/10b10t/10b10t15c1000e_10-dt80-int,param_689_rep_5,/project/theorie/n/N.Pfaffenzeller/results_project/10b10t/10b10t15c1000e_10-dt80-int/data/param_689_rep_5,/project/theorie/n/N.Pfaffenzeller/results_project/10b10t/10b10t15c1000e_10-dt80-int/data/param_689_rep_5/event_log.csv,/project/theorie/n/N.Pfaffenzeller/results_project/10b10t/10b10t15c1000e_10-dt80-int/data/param_689_rep_5/config.json,"MethodError: Cannot `convert` an object of type Missing to an object of type Float64
The function `convert` exists, but no method is defined for this combination of argument types.

Closest candidates are:
  convert(::Type{T}, !Matched::T) where T<:Number
   @ Base number.jl:6
  convert(::Type{T}, !Matched::Number) where T<:Number
   @ Base number.jl:7
  convert(::Type{T}, !Matched::T) where T
   @ Base Base.jl:126
  ...
"
/project/theorie/n/N.Pfaffenzeller/results_project/10b10t/10b10t15c1000e_10-dt80-int,param_689_rep_7,/project/theorie/n/N.Pfaffenzeller/results_project/10b10t/10b10t15c1000e_10-dt80-int/data/param_689_rep_7,/project/theorie/n/N.Pfaffenzeller/results_project/10b10t/10b10t15c1000e_10-dt80-int/data/param_689_rep_7/event_log.csv,/project/theorie/n/N.Pfaffenzeller/results_project/10b10t/10b10t15c1000e_10-dt80-int/data/param_689_rep_7/config.json,"MethodError: Cannot `convert` an object of type Missing to an object of type Float64
The function `convert` exists, but no method is defined for this combination of argument types.

Closest candidates are:
  convert(::Type{T}, !Matched::T) where T<:Number
   @ Base number.jl:6
  convert(::Type{T}, !Matched::Number) where T<:Number
   @ Base number.jl:7
  convert(::Type{T}, !Matched::T) where T
   @ Base Base.jl:126
  ...
"
/project/theorie/n/N.Pfaffenzeller/results_project/10b10t/10b10t15c1000e_10-dt80-int,param_690_rep_10,/project/theorie/n/N.Pfaffenzeller/results_project/10b10t/10b10t15c1000e_10-dt80-int/data/param_690_rep_10,/project/theorie/n/N.Pfaffenzeller/results_project/10b10t/10b10t15c1000e_10-dt80-int/data/param_690_rep_10/event_log.csv,/project/theorie/n/N.Pfaffenzeller/results_project/10b10t/10b10t15c1000e_10-dt80-int/data/param_690_rep_10/config.json,"ArgumentError: invalid JSON at byte position 0 while parsing type Any: UnexpectedEOF

"
/project/theorie/n/N.Pfaffenzeller/results_project/10b10t/10b10t15c1000e_10-dt80-int,param_690_rep_4,/project/theorie/n/N.Pfaffenzeller/results_project/10b10t/10b10t15c1000e_10-dt80-int/data/param_690_rep_4,/project/theorie/n/N.Pfaffenzeller/results_project/10b10t/10b10t15c1000e_10-dt80-int/data/param_690_rep_4/event_log.csv,/project/theorie/n/N.Pfaffenzeller/results_project/10b10t/10b10t15c1000e_10-dt80-int/data/param_690_rep_4/config.json,"MethodError: Cannot `convert` an object of type Missing to an object of type Float64
The function `convert` exists, but no method is defined for this combination of argument types.

Closest candidates are:
  convert(::Type{T}, !Matched::T) where T<:Number
   @ Base number.jl:6
  convert(::Type{T}, !Matched::Number) where T<:Number
   @ Base number.jl:7
  convert(::Type{T}, !Matched::T) where T
   @ Base Base.jl:126
  ...
"
/project/theorie/n/N.Pfaffenzeller/results_project/10b10t/10b10t15c1000e_10-dt80-int,param_690_rep_5,/project/theorie/n/N.Pfaffenzeller/results_project/10b10t/10b10t15c1000e_10-dt80-int/data/param_690_rep_5,/project/theorie/n/N.Pfaffenzeller/results_project/10b10t/10b10t15c1000e_10-dt80-int/data/param_690_rep_5/event_log.csv,/project/theorie/n/N.Pfaffenzeller/results_project/10b10t/10b10t15c1000e_10-dt80-int/data/param_690_rep_5/config.json,"ArgumentError: invalid JSON at byte position 0 while parsing type Any: UnexpectedEOF

"
/project/theorie/n/N.Pfaffenzeller/results_project/10b10t/10b10t15c1000e_10-dt80-int,param_690_rep_6,/project/theorie/n/N.Pfaffenzeller/results_project/10b10t/10b10t15c1000e_10-dt80-int/data/param_690_rep_6,/project/theorie/n/N.Pfaffenzeller/results_project/10b10t/10b10t15c1000e_10-dt80-int/data/param_690_rep_6/event_log.csv,/project/theorie/n/N.Pfaffenzeller/results_project/10b10t/10b10t15c1000e_10-dt80-int/data/param_690_rep_6/config.json,"ArgumentError: invalid JSON at byte position 0 while parsing type Any: UnexpectedEOF

"
/project/theorie/n/N.Pfaffenzeller/results_project/10b10t/10b10t15c1000e_10-dt80-int,param_690_rep_7,/project/theorie/n/N.Pfaffenzeller/results_project/10b10t/10b10t15c1000e_10-dt80-int/data/param_690_rep_7,/project/theorie/n/N.Pfaffenzeller/results_project/10b10t/10b10t15c1000e_10-dt80-int/data/param_690_rep_7/event_log.csv,/project/theorie/n/N.Pfaffenzeller/results_project/10b10t/10b10t15c1000e_10-dt80-int/data/param_690_rep_7/config.json,"ArgumentError: invalid JSON at byte position 0 while parsing type Any: UnexpectedEOF

"
/project/theorie/n/N.Pfaffenzeller/results_project/10b10t/10b10t15c1000e_10-dt80-int,param_690_rep_8,/project/theorie/n/N.Pfaffenzeller/results_project/10b10t/10b10t15c1000e_10-dt80-int/data/param_690_rep_8,/project/theorie/n/N.Pfaffenzeller/results_project/10b10t/10b10t15c1000e_10-dt80-int/data/param_690_rep_8/event_log.csv,/project/theorie/n/N.Pfaffenzeller/results_project/10b10t/10b10t15c1000e_10-dt80-int/data/param_690_rep_8/config.json,"ArgumentError: invalid JSON at byte position 0 while parsing type Any: UnexpectedEOF

"
/project/theorie/n/N.Pfaffenzeller/results_project/10b10t/10b10t15c1000e_10-dt80-int,param_690_rep_9,/project/theorie/n/N.Pfaffenzeller/results_project/10b10t/10b10t15c1000e_10-dt80-int/data/param_690_rep_9,/project/theorie/n/N.Pfaffenzeller/results_project/10b10t/10b10t15c1000e_10-dt80-int/data/param_690_rep_9/event_log.csv,/project/theorie/n/N.Pfaffenzeller/results_project/10b10t/10b10t15c1000e_10-dt80-int/data/param_690_rep_9/config.json,"ArgumentError: invalid JSON at byte position 0 while parsing type Any: UnexpectedEOF

"
/project/theorie/n/N.Pfaffenzeller/results_project/10b10t/10b10t15c1000e_10-dt80-int,param_691_rep_1,/project/theorie/n/N.Pfaffenzeller/results_project/10b10t/10b10t15c1000e_10-dt80-int/data/param_691_rep_1,/project/theorie/n/N.Pfaffenzeller/results_project/10b10t/10b10t15c1000e_10-dt80-int/data/param_691_rep_1/event_log.csv,/project/theorie/n/N.Pfaffenzeller/results_project/10b10t/10b10t15c1000e_10-dt80-int/data/param_691_rep_1/config.json,"ArgumentError: invalid JSON at byte position 0 while parsing type Any: UnexpectedEOF

"
/project/theorie/n/N.Pfaffenzeller/results_project/10b10t/10b10t15c1000e_10-dt80-int,param_691_rep_10,/project/theorie/n/N.Pfaffenzeller/results_project/10b10t/10b10t15c1000e_10-dt80-int/data/param_691_rep_10,/project/theorie/n/N.Pfaffenzeller/results_project/10b10t/10b10t15c1000e_10-dt80-int/data/param_691_rep_10/event_log.csv,/project/theorie/n/N.Pfaffenzeller/results_project/10b10t/10b10t15c1000e_10-dt80-int/data/param_691_rep_10/config.json,"ArgumentError: invalid JSON at byte position 0 while parsing type Any: UnexpectedEOF

"
/project/theorie/n/N.Pfaffenzeller/results_project/10b10t/10b10t15c1000e_10-dt80-int,param_691_rep_2,/project/theorie/n/N.Pfaffenzeller/results_project/10b10t/10b10t15c1000e_10-dt80-int/data/param_691_rep_2,/project/theorie/n/N.Pfaffenzeller/results_project/10b10t/10b10t15c1000e_10-dt80-int/data/param_691_rep_2/event_log.csv,/project/theorie/n/N.Pfaffenzeller/results_project/10b10t/10b10t15c1000e_10-dt80-int/data/param_691_rep_2/config.json,"ArgumentError: invalid JSON at byte position 0 while parsing type Any: UnexpectedEOF

"
/project/theorie/n/N.Pfaffenzeller/results_project/10b10t/10b10t15c1000e_10-dt80-int,param_691_rep_3,/project/theorie/n/N.Pfaffenzeller/results_project/10b10t/10b10t15c1000e_10-dt80-int/data/param_691_rep_3,/project/theorie/n/N.Pfaffenzeller/results_project/10b10t/10b10t15c1000e_10-dt80-int/data/param_691_rep_3/event_log.csv,/project/theorie/n/N.Pfaffenzeller/results_project/10b10t/10b10t15c1000e_10-dt80-int/data/param_691_rep_3/config.json,"MethodError: Cannot `convert` an object of type Missing to an object of type Float64
The function `convert` exists, but no method is defined for this combination of argument types.

Closest candidates are:
  convert(::Type{T}, !Matched::T) where T<:Number
   @ Base number.jl:6
  convert(::Type{T}, !Matched::Number) where T<:Number
   @ Base number.jl:7
  convert(::Type{T}, !Matched::T) where T
   @ Base Base.jl:126
  ...
"
/project/theorie/n/N.Pfaffenzeller/results_project/10b10t/10b10t15c1000e_10-dt80-int,param_691_rep_4,/project/theorie/n/N.Pfaffenzeller/results_project/10b10t/10b10t15c1000e_10-dt80-int/data/param_691_rep_4,/project/theorie/n/N.Pfaffenzeller/results_project/10b10t/10b10t15c1000e_10-dt80-int/data/param_691_rep_4/event_log.csv,/project/theorie/n/N.Pfaffenzeller/results_project/10b10t/10b10t15c1000e_10-dt80-int/data/param_691_rep_4/config.json,"ArgumentError: invalid JSON at byte position 0 while parsing type Any: UnexpectedEOF

"
/project/theorie/n/N.Pfaffenzeller/results_project/10b10t/10b10t15c1000e_10-dt80-int,param_691_rep_5,/project/theorie/n/N.Pfaffenzeller/results_project/10b10t/10b10t15c1000e_10-dt80-int/data/param_691_rep_5,/project/theorie/n/N.Pfaffenzeller/results_project/10b10t/10b10t15c1000e_10-dt80-int/data/param_691_rep_5/event_log.csv,/project/theorie/n/N.Pfaffenzeller/results_project/10b10t/10b10t15c1000e_10-dt80-int/data/param_691_rep_5/config.json,"ArgumentError: invalid JSON at byte position 0 while parsing type Any: UnexpectedEOF

"
/project/theorie/n/N.Pfaffenzeller/results_project/10b10t/10b10t15c1000e_10-dt80-int,param_691_rep_6,/project/theorie/n/N.Pfaffenzeller/results_project/10b10t/10b10t15c1000e_10-dt80-int/data/param_691_rep_6,/project/theorie/n/N.Pfaffenzeller/results_project/10b10t/10b10t15c1000e_10-dt80-int/data/param_691_rep_6/event_log.csv,/project/theorie/n/N.Pfaffenzeller/results_project/10b10t/10b10t15c1000e_10-dt80-int/data/param_691_rep_6/config.json,No task_* columns found (excluding task_id).
/project/theorie/n/N.Pfaffenzeller/results_project/10b10t/10b10t15c1000e_10-dt80-int,param_691_rep_7,/project/theorie/n/N.Pfaffenzeller/results_project/10b10t/10b10t15c1000e_10-dt80-int/data/param_691_rep_7,/project/theorie/n/N.Pfaffenzeller/results_project/10b10t/10b10t15c1000e_10-dt80-int/data/param_691_rep_7/event_log.csv,/project/theorie/n/N.Pfaffenzeller/results_project/10b10t/10b10t15c1000e_10-dt80-int/data/param_691_rep_7/config.json,No task_* columns found (excluding task_id).
/project/theorie/n/N.Pfaffenzeller/results_project/10b10t/10b10t15c1000e_10-dt80-int,param_691_rep_8,/project/theorie/n/N.Pfaffenzeller/results_project/10b10t/10b10t15c1000e_10-dt80-int/data/param_691_rep_8,/project/theorie/n/N.Pfaffenzeller/results_project/10b10t/10b10t15c1000e_10-dt80-int/data/param_691_rep_8/event_log.csv,/project/theorie/n/N.Pfaffenzeller/results_project/10b10t/10b10t15c1000e_10-dt80-int/data/param_691_rep_8/config.json,"ArgumentError: invalid JSON at byte position 0 while parsing type Any: UnexpectedEOF

"
/project/theorie/n/N.Pfaffenzeller/results_project/10b10t/10b10t15c1000e_10-dt80-int,param_691_rep_9,/project/theorie/n/N.Pfaffenzeller/results_project/10b10t/10b10t15c1000e_10-dt80-int/data/param_691_rep_9,/project/theorie/n/N.Pfaffenzeller/results_project/10b10t/10b10t15c1000e_10-dt80-int/data/param_691_rep_9/event_log.csv,/project/theorie/n/N.Pfaffenzeller/results_project/10b10t/10b10t15c1000e_10-dt80-int/data/param_691_rep_9/config.json,"ArgumentError: invalid JSON at byte position 0 while parsing type Any: UnexpectedEOF

"
/project/theorie/n/N.Pfaffenzeller/results_project/10b10t/10b10t15c1000e_10-dt80-int,param_692_rep_1,/project/theorie/n/N.Pfaffenzeller/results_project/10b10t/10b10t15c1000e_10-dt80-int/data/param_692_rep_1,/project/theorie/n/N.Pfaffenzeller/results_project/10b10t/10b10t15c1000e_10-dt80-int/data/param_692_rep_1/event_log.csv,/project/theorie/n/N.Pfaffenzeller/results_project/10b10t/10b10t15c1000e_10-dt80-int/data/param_692_rep_1/config.json,"ArgumentError: invalid JSON at byte position 0 while parsing type Any: UnexpectedEOF

"
/project/theorie/n/N.Pfaffenzeller/results_project/10b10t/10b10t15c1000e_10-dt80-int,param_692_rep_10,/project/theorie/n/N.Pfaffenzeller/results_project/10b10t/10b10t15c1000e_10-dt80-int/data/param_692_rep_10,/project/theorie/n/N.Pfaffenzeller/results_project/10b10t/10b10t15c1000e_10-dt80-int/data/param_692_rep_10/event_log.csv,/project/theorie/n/N.Pfaffenzeller/results_project/10b10t/10b10t15c1000e_10-dt80-int/data/param_692_rep_10/config.json,"ArgumentError: invalid JSON at byte position 0 while parsing type Any: UnexpectedEOF

"
/project/theorie/n/N.Pfaffenzeller/results_project/10b10t/10b10t15c1000e_10-dt80-int,param_692_rep_2,/project/theorie/n/N.Pfaffenzeller/results_project/10b10t/10b10t15c1000e_10-dt80-int/data/param_692_rep_2,/project/theorie/n/N.Pfaffenzeller/results_project/10b10t/10b10t15c1000e_10-dt80-int/data/param_692_rep_2/event_log.csv,/project/theorie/n/N.Pfaffenzeller/results_project/10b10t/10b10t15c1000e_10-dt80-int/data/param_692_rep_2/config.json,"ArgumentError: invalid JSON at byte position 0 while parsing type Any: UnexpectedEOF

"
/project/theorie/n/N.Pfaffenzeller/results_project/10b10t/10b10t15c1000e_10-dt80-int,param_692_rep_3,/project/theorie/n/N.Pfaffenzeller/results_project/10b10t/10b10t15c1000e_10-dt80-int/data/param_692_rep_3,/project/theorie/n/N.Pfaffenzeller/results_project/10b10t/10b10t15c1000e_10-dt80-int/data/param_692_rep_3/event_log.csv,/project/theorie/n/N.Pfaffenzeller/results_project/10b10t/10b10t15c1000e_10-dt80-int/data/param_692_rep_3/config.json,"ArgumentError: invalid JSON at byte position 0 while parsing type Any: UnexpectedEOF

"
/project/theorie/n/N.Pfaffenzeller/results_project/10b10t/10b10t15c1000e_10-dt80-int,param_692_rep_4,/project/theorie/n/N.Pfaffenzeller/results_project/10b10t/10b10t15c1000e_10-dt80-int/data/param_692_rep_4,/project/theorie/n/N.Pfaffenzeller/results_project/10b10t/10b10t15c1000e_10-dt80-int/data/param_692_rep_4/event_log.csv,/project/theorie/n/N.Pfaffenzeller/results_project/10b10t/10b10t15c1000e_10-dt80-int/data/param_692_rep_4/config.json,"ArgumentError: invalid JSON at byte position 0 while parsing type Any: UnexpectedEOF

"
/project/theorie/n/N.Pfaffenzeller/results_project/10b10t/10b10t15c1000e_10-dt80-int,param_692_rep_5,/project/theorie/n/N.Pfaffenzeller/results_project/10b10t/10b10t15c1000e_10-dt80-int/data/param_692_rep_5,/project/theorie/n/N.Pfaffenzeller/results_project/10b10t/10b10t15c1000e_10-dt80-int/data/param_692_rep_5/event_log.csv,/project/theorie/n/N.Pfaffenzeller/results_project/10b10t/10b10t15c1000e_10-dt80-int/data/param_692_rep_5/config.json,"ArgumentError: invalid JSON at byte position 0 while parsing type Any: UnexpectedEOF

"
/project/theorie/n/N.Pfaffenzeller/results_project/10b10t/10b10t15c1000e_10-dt80-int,param_692_rep_6,/project/theorie/n/N.Pfaffenzeller/results_project/10b10t/10b10t15c1000e_10-dt80-int/data/param_692_rep_6,/project/theorie/n/N.Pfaffenzeller/results_project/10b10t/10b10t15c1000e_10-dt80-int/data/param_692_rep_6/event_log.csv,/project/theorie/n/N.Pfaffenzeller/results_project/10b10t/10b10t15c1000e_10-dt80-int/data/param_692_rep_6/config.json,No task_* columns found (excluding task_id).
/project/theorie/n/N.Pfaffenzeller/results_project/10b10t/10b10t15c1000e_10-dt80-int,param_692_rep_7,/project/theorie/n/N.Pfaffenzeller/results_project/10b10t/10b10t15c1000e_10-dt80-int/data/param_692_rep_7,/project/theorie/n/N.Pfaffenzeller/results_project/10b10t/10b10t15c1000e_10-dt80-int/data/param_692_rep_7/event_log.csv,/project/theorie/n/N.Pfaffenzeller/results_project/10b10t/10b10t15c1000e_10-dt80-int/data/param_692_rep_7/config.json,"ArgumentError: invalid JSON at byte position 0 while parsing type Any: UnexpectedEOF

"
/project/theorie/n/N.Pfaffenzeller/results_project/10b10t/10b10t15c1000e_10-dt80-int,param_692_rep_8,/project/theorie/n/N.Pfaffenzeller/results_project/10b10t/10b10t15c1000e_10-dt80-int/data/param_692_rep_8,/project/theorie/n/N.Pfaffenzeller/results_project/10b10t/10b10t15c1000e_10-dt80-int/data/param_692_rep_8/event_log.csv,/project/theorie/n/N.Pfaffenzeller/results_project/10b10t/10b10t15c1000e_10-dt80-int/data/param_692_rep_8/config.json,"ArgumentError: invalid JSON at byte position 0 while parsing type Any: UnexpectedEOF

"
/project/theorie/n/N.Pfaffenzeller/results_project/10b10t/10b10t15c1000e_10-dt80-int,param_692_rep_9,/project/theorie/n/N.Pfaffenzeller/results_project/10b10t/10b10t15c1000e_10-dt80-int/data/param_692_rep_9,/project/theorie/n/N.Pfaffenzeller/results_project/10b10t/10b10t15c1000e_10-dt80-int/data/param_692_rep_9/event_log.csv,/project/theorie/n/N.Pfaffenzeller/results_project/10b10t/10b10t15c1000e_10-dt80-int/data/param_692_rep_9/config.json,"ArgumentError: invalid JSON at byte position 0 while parsing type Any: UnexpectedEOF

"
/project/theorie/n/N.Pfaffenzeller/results_project/10b10t/10b10t15c1000e_10-dt80-int,param_693_rep_1,/project/theorie/n/N.Pfaffenzeller/results_project/10b10t/10b10t15c1000e_10-dt80-int/data/param_693_rep_1,/project/theorie/n/N.Pfaffenzeller/results_project/10b10t/10b10t15c1000e_10-dt80-int/data/param_693_rep_1/event_log.csv,/project/theorie/n/N.Pfaffenzeller/results_project/10b10t/10b10t15c1000e_10-dt80-int/data/param_693_rep_1/config.json,"ArgumentError: invalid JSON at byte position 0 while parsing type Any: UnexpectedEOF

"
/project/theorie/n/N.Pfaffenzeller/results_project/10b10t/10b10t15c1000e_10-dt80-int,param_693_rep_10,/project/theorie/n/N.Pfaffenzeller/results_project/10b10t/10b10t15c1000e_10-dt80-int/data/param_693_rep_10,/project/theorie/n/N.Pfaffenzeller/results_project/10b10t/10b10t15c1000e_10-dt80-int/data/param_693_rep_10/event_log.csv,/project/theorie/n/N.Pfaffenzeller/results_project/10b10t/10b10t15c1000e_10-dt80-int/data/param_693_rep_10/config.json,"ArgumentError: invalid JSON at byte position 0 while parsing type Any: UnexpectedEOF

"
/project/theorie/n/N.Pfaffenzeller/results_project/10b10t/10b10t15c1000e_10-dt80-int,param_693_rep_2,/project/theorie/n/N.Pfaffenzeller/results_project/10b10t/10b10t15c1000e_10-dt80-int/data/param_693_rep_2,/project/theorie/n/N.Pfaffenzeller/results_project/10b10t/10b10t15c1000e_10-dt80-int/data/param_693_rep_2/event_log.csv,/project/theorie/n/N.Pfaffenzeller/results_project/10b10t/10b10t15c1000e_10-dt80-int/data/param_693_rep_2/config.json,"ArgumentError: invalid JSON at byte position 0 while parsing type Any: UnexpectedEOF

"
/project/theorie/n/N.Pfaffenzeller/results_project/10b10t/10b10t15c1000e_10-dt80-int,param_693_rep_3,/project/theorie/n/N.Pfaffenzeller/results_project/10b10t/10b10t15c1000e_10-dt80-int/data/param_693_rep_3,/project/theorie/n/N.Pfaffenzeller/results_project/10b10t/10b10t15c1000e_10-dt80-int/data/param_693_rep_3/event_log.csv,/project/theorie/n/N.Pfaffenzeller/results_project/10b10t/10b10t15c1000e_10-dt80-int/data/param_693_rep_3/config.json,"ArgumentError: invalid JSON at byte position 0 while parsing type Any: UnexpectedEOF

"
/project/theorie/n/N.Pfaffenzeller/results_project/10b10t/10b10t15c1000e_10-dt80-int,param_693_rep_4,/project/theorie/n/N.Pfaffenzeller/results_project/10b10t/10b10t15c1000e_10-dt80-int/data/param_693_rep_4,/project/theorie/n/N.Pfaffenzeller/results_project/10b10t/10b10t15c1000e_10-dt80-int/data/param_693_rep_4/event_log.csv,/project/theorie/n/N.Pfaffenzeller/results_project/10b10t/10b10t15c1000e_10-dt80-int/data/param_693_rep_4/config.json,"ArgumentError: invalid JSON at byte position 0 while parsing type Any: UnexpectedEOF

"
/project/theorie/n/N.Pfaffenzeller/results_project/10b10t/10b10t15c1000e_10-dt80-int,param_693_rep_6,/project/theorie/n/N.Pfaffenzeller/results_project/10b10t/10b10t15c1000e_10-dt80-int/data/param_693_rep_6,/project/theorie/n/N.Pfaffenzeller/results_project/10b10t/10b10t15c1000e_10-dt80-int/data/param_693_rep_6/event_log.csv,/project/theorie/n/N.Pfaffenzeller/results_project/10b10t/10b10t15c1000e_10-dt80-int/data/param_693_rep_6/config.json,"ArgumentError: invalid JSON at byte position 0 while parsing type Any: UnexpectedEOF

"
/project/theorie/n/N.Pfaffenzeller/results_project/10b10t/10b10t15c1000e_10-dt80-int,param_693_rep_7,/project/theorie/n/N.Pfaffenzeller/results_project/10b10t/10b10t15c1000e_10-dt80-int/data/param_693_rep_7,/project/theorie/n/N.Pfaffenzeller/results_project/10b10t/10b10t15c1000e_10-dt80-int/data/param_693_rep_7/event_log.csv,/project/theorie/n/N.Pfaffenzeller/results_project/10b10t/10b10t15c1000e_10-dt80-int/data/param_693_rep_7/config.json,"ArgumentError: invalid JSON at byte position 0 while parsing type Any: UnexpectedEOF

"
/project/theorie/n/N.Pfaffenzeller/results_project/10b10t/10b10t15c1000e_10-dt80-int,param_693_rep_8,/project/theorie/n/N.Pfaffenzeller/results_project/10b10t/10b10t15c1000e_10-dt80-int/data/param_693_rep_8,/project/theorie/n/N.Pfaffenzeller/results_project/10b10t/10b10t15c1000e_10-dt80-int/data/param_693_rep_8/event_log.csv,/project/theorie/n/N.Pfaffenzeller/results_project/10b10t/10b10t15c1000e_10-dt80-int/data/param_693_rep_8/config.json,"ArgumentError: invalid JSON at byte position 0 while parsing type Any: UnexpectedEOF

"
/project/theorie/n/N.Pfaffenzeller/results_project/10b10t/10b10t15c1000e_10-dt80-int,param_693_rep_9,/project/theorie/n/N.Pfaffenzeller/results_project/10b10t/10b10t15c1000e_10-dt80-int/data/param_693_rep_9,/project/theorie/n/N.Pfaffenzeller/results_project/10b10t/10b10t15c1000e_10-dt80-int/data/param_693_rep_9/event_log.csv,/project/theorie/n/N.Pfaffenzeller/results_project/10b10t/10b10t15c1000e_10-dt80-int/data/param_693_rep_9/config.json,"ArgumentError: invalid JSON at byte position 0 while parsing type Any: UnexpectedEOF

"
/project/theorie/n/N.Pfaffenzeller/results_project/10b10t/10b10t15c1000e_10-dt80-int,param_694_rep_1,/project/theorie/n/N.Pfaffenzeller/results_project/10b10t/10b10t15c1000e_10-dt80-int/data/param_694_rep_1,/project/theorie/n/N.Pfaffenzeller/results_project/10b10t/10b10t15c1000e_10-dt80-int/data/param_694_rep_1/event_log.csv,/project/theorie/n/N.Pfaffenzeller/results_project/10b10t/10b10t15c1000e_10-dt80-int/data/param_694_rep_1/config.json,"ArgumentError: invalid JSON at byte position 0 while parsing type Any: UnexpectedEOF

"
/project/theorie/n/N.Pfaffenzeller/results_project/10b10t/10b10t15c1000e_10-dt80-int,param_694_rep_10,/project/theorie/n/N.Pfaffenzeller/results_project/10b10t/10b10t15c1000e_10-dt80-int/data/param_694_rep_10,/project/theorie/n/N.Pfaffenzeller/results_project/10b10t/10b10t15c1000e_10-dt80-int/data/param_694_rep_10/event_log.csv,/project/theorie/n/N.Pfaffenzeller/results_project/10b10t/10b10t15c1000e_10-dt80-int/data/param_694_rep_10/config.json,No task_* columns found (excluding task_id).
/project/theorie/n/N.Pfaffenzeller/results_project/10b10t/10b10t15c1000e_10-dt80-int,param_694_rep_2,/project/theorie/n/N.Pfaffenzeller/results_project/10b10t/10b10t15c1000e_10-dt80-int/data/param_694_rep_2,/project/theorie/n/N.Pfaffenzeller/results_project/10b10t/10b10t15c1000e_10-dt80-int/data/param_694_rep_2/event_log.csv,/project/theorie/n/N.Pfaffenzeller/results_project/10b10t/10b10t15c1000e_10-dt80-int/data/param_694_rep_2/config.json,"ArgumentError: invalid JSON at byte position 0 while parsing type Any: UnexpectedEOF

"
/project/theorie/n/N.Pfaffenzeller/results_project/10b10t/10b10t15c1000e_10-dt80-int,param_694_rep_3,/project/theorie/n/N.Pfaffenzeller/results_project/10b10t/10b10t15c1000e_10-dt80-int/data/param_694_rep_3,/project/theorie/n/N.Pfaffenzeller/results_project/10b10t/10b10t15c1000e_10-dt80-int/data/param_694_rep_3/event_log.csv,/project/theorie/n/N.Pfaffenzeller/results_project/10b10t/10b10t15c1000e_10-dt80-int/data/param_694_rep_3/config.json,"ArgumentError: invalid JSON at byte position 0 while parsing type Any: UnexpectedEOF

"
/project/theorie/n/N.Pfaffenzeller/results_project/10b10t/10b10t15c1000e_10-dt80-int,param_694_rep_4,/project/theorie/n/N.Pfaffenzeller/results_project/10b10t/10b10t15c1000e_10-dt80-int/data/param_694_rep_4,/project/theorie/n/N.Pfaffenzeller/results_project/10b10t/10b10t15c1000e_10-dt80-int/data/param_694_rep_4/event_log.csv,/project/theorie/n/N.Pfaffenzeller/results_project/10b10t/10b10t15c1000e_10-dt80-int/data/param_694_rep_4/config.json,No task_* columns found (excluding task_id).
/project/theorie/n/N.Pfaffenzeller/results_project/10b10t/10b10t15c1000e_10-dt80-int,param_694_rep_5,/project/theorie/n/N.Pfaffenzeller/results_project/10b10t/10b10t15c1000e_10-dt80-int/data/param_694_rep_5,/project/theorie/n/N.Pfaffenzeller/results_project/10b10t/10b10t15c1000e_10-dt80-int/data/param_694_rep_5/event_log.csv,/project/theorie/n/N.Pfaffenzeller/results_project/10b10t/10b10t15c1000e_10-dt80-int/data/param_694_rep_5/config.json,"ArgumentError: invalid JSON at byte position 0 while parsing type Any: UnexpectedEOF

"
/project/theorie/n/N.Pfaffenzeller/results_project/10b10t/10b10t15c1000e_10-dt80-int,param_694_rep_6,/project/theorie/n/N.Pfaffenzeller/results_project/10b10t/10b10t15c1000e_10-dt80-int/data/param_694_rep_6,/project/theorie/n/N.Pfaffenzeller/results_project/10b10t/10b10t15c1000e_10-dt80-int/data/param_694_rep_6/event_log.csv,/project/theorie/n/N.Pfaffenzeller/results_project/10b10t/10b10t15c1000e_10-dt80-int/data/param_694_rep_6/config.json,"ArgumentError: invalid JSON at byte position 0 while parsing type Any: UnexpectedEOF

"
/project/theorie/n/N.Pfaffenzeller/results_project/10b10t/10b10t15c1000e_10-dt80-int,param_694_rep_7,/project/theorie/n/N.Pfaffenzeller/results_project/10b10t/10b10t15c1000e_10-dt80-int/data/param_694_rep_7,/project/theorie/n/N.Pfaffenzeller/results_project/10b10t/10b10t15c1000e_10-dt80-int/data/param_694_rep_7/event_log.csv,/project/theorie/n/N.Pfaffenzeller/results_project/10b10t/10b10t15c1000e_10-dt80-int/data/param_694_rep_7/config.json,"ArgumentError: invalid JSON at byte position 0 while parsing type Any: UnexpectedEOF

"
/project/theorie/n/N.Pfaffenzeller/results_project/10b10t/10b10t15c1000e_10-dt80-int,param_694_rep_8,/project/theorie/n/N.Pfaffenzeller/results_project/10b10t/10b10t15c1000e_10-dt80-int/data/param_694_rep_8,/project/theorie/n/N.Pfaffenzeller/results_project/10b10t/10b10t15c1000e_10-dt80-int/data/param_694_rep_8/event_log.csv,/project/theorie/n/N.Pfaffenzeller/results_project/10b10t/10b10t15c1000e_10-dt80-int/data/param_694_rep_8/config.json,"ArgumentError: invalid JSON at byte position 0 while parsing type Any: UnexpectedEOF

"
/project/theorie/n/N.Pfaffenzeller/results_project/10b10t/10b10t15c1000e_10-dt80-int,param_694_rep_9,/project/theorie/n/N.Pfaffenzeller/results_project/10b10t/10b10t15c1000e_10-dt80-int/data/param_694_rep_9,/project/theorie/n/N.Pfaffenzeller/results_project/10b10t/10b10t15c1000e_10-dt80-int/data/param_694_rep_9/event_log.csv,/project/theorie/n/N.Pfaffenzeller/results_project/10b10t/10b10t15c1000e_10-dt80-int/data/param_694_rep_9/config.json,"ArgumentError: invalid JSON at byte position 0 while parsing type Any: UnexpectedEOF

"
/project/theorie/n/N.Pfaffenzeller/results_project/10b10t/10b10t15c1000e_10-dt80-int,param_695_rep_1,/project/theorie/n/N.Pfaffenzeller/results_project/10b10t/10b10t15c1000e_10-dt80-int/data/param_695_rep_1,/project/theorie/n/N.Pfaffenzeller/results_project/10b10t/10b10t15c1000e_10-dt80-int/data/param_695_rep_1/event_log.csv,/project/theorie/n/N.Pfaffenzeller/results_project/10b10t/10b10t15c1000e_10-dt80-int/data/param_695_rep_1/config.json,"ArgumentError: invalid JSON at byte position 0 while parsing type Any: UnexpectedEOF

"
/project/theorie/n/N.Pfaffenzeller/results_project/10b10t/10b10t15c1000e_10-dt80-int,param_695_rep_10,/project/theorie/n/N.Pfaffenzeller/results_project/10b10t/10b10t15c1000e_10-dt80-int/data/param_695_rep_10,/project/theorie/n/N.Pfaffenzeller/results_project/10b10t/10b10t15c1000e_10-dt80-int/data/param_695_rep_10/event_log.csv,/project/theorie/n/N.Pfaffenzeller/results_project/10b10t/10b10t15c1000e_10-dt80-int/data/param_695_rep_10/config.json,"ArgumentError: invalid JSON at byte position 0 while parsing type Any: UnexpectedEOF

"
/project/theorie/n/N.Pfaffenzeller/results_project/10b10t/10b10t15c1000e_10-dt80-int,param_695_rep_2,/project/theorie/n/N.Pfaffenzeller/results_project/10b10t/10b10t15c1000e_10-dt80-int/data/param_695_rep_2,/project/theorie/n/N.Pfaffenzeller/results_project/10b10t/10b10t15c1000e_10-dt80-int/data/param_695_rep_2/event_log.csv,/project/theorie/n/N.Pfaffenzeller/results_project/10b10t/10b10t15c1000e_10-dt80-int/data/param_695_rep_2/config.json,"ArgumentError: invalid JSON at byte position 0 while parsing type Any: UnexpectedEOF

"
/project/theorie/n/N.Pfaffenzeller/results_project/10b10t/10b10t15c1000e_10-dt80-int,param_695_rep_3,/project/theorie/n/N.Pfaffenzeller/results_project/10b10t/10b10t15c1000e_10-dt80-int/data/param_695_rep_3,/project/theorie/n/N.Pfaffenzeller/results_project/10b10t/10b10t15c1000e_10-dt80-int/data/param_695_rep_3/event_log.csv,/project/theorie/n/N.Pfaffenzeller/results_project/10b10t/10b10t15c1000e_10-dt80-int/data/param_695_rep_3/config.json,"ArgumentError: invalid JSON at byte position 0 while parsing type Any: UnexpectedEOF

"
/project/theorie/n/N.Pfaffenzeller/results_project/10b10t/10b10t15c1000e_10-dt80-int,param_695_rep_4,/project/theorie/n/N.Pfaffenzeller/results_project/10b10t/10b10t15c1000e_10-dt80-int/data/param_695_rep_4,/project/theorie/n/N.Pfaffenzeller/results_project/10b10t/10b10t15c1000e_10-dt80-int/data/param_695_rep_4/event_log.csv,/project/theorie/n/N.Pfaffenzeller/results_project/10b10t/10b10t15c1000e_10-dt80-int/data/param_695_rep_4/config.json,"ArgumentError: invalid JSON at byte position 0 while parsing type Any: UnexpectedEOF

"
/project/theorie/n/N.Pfaffenzeller/results_project/10b10t/10b10t15c1000e_10-dt80-int,param_695_rep_5,/project/theorie/n/N.Pfaffenzeller/results_project/10b10t/10b10t15c1000e_10-dt80-int/data/param_695_rep_5,/project/theorie/n/N.Pfaffenzeller/results_project/10b10t/10b10t15c1000e_10-dt80-int/data/param_695_rep_5/event_log.csv,/project/theorie/n/N.Pfaffenzeller/results_project/10b10t/10b10t15c1000e_10-dt80-int/data/param_695_rep_5/config.json,"ArgumentError: invalid JSON at byte position 0 while parsing type Any: UnexpectedEOF

"
/project/theorie/n/N.Pfaffenzeller/results_project/10b10t/10b10t15c1000e_10-dt80-int,param_695_rep_6,/project/theorie/n/N.Pfaffenzeller/results_project/10b10t/10b10t15c1000e_10-dt80-int/data/param_695_rep_6,/project/theorie/n/N.Pfaffenzeller/results_project/10b10t/10b10t15c1000e_10-dt80-int/data/param_695_rep_6/event_log.csv,/project/theorie/n/N.Pfaffenzeller/results_project/10b10t/10b10t15c1000e_10-dt80-int/data/param_695_rep_6/config.json,"ArgumentError: invalid JSON at byte position 0 while parsing type Any: UnexpectedEOF

"
/project/theorie/n/N.Pfaffenzeller/results_project/10b10t/10b10t15c1000e_10-dt80-int,param_695_rep_7,/project/theorie/n/N.Pfaffenzeller/results_project/10b10t/10b10t15c1000e_10-dt80-int/data/param_695_rep_7,/project/theorie/n/N.Pfaffenzeller/results_project/10b10t/10b10t15c1000e_10-dt80-int/data/param_695_rep_7/event_log.csv,/project/theorie/n/N.Pfaffenzeller/results_project/10b10t/10b10t15c1000e_10-dt80-int/data/param_695_rep_7/config.json,"ArgumentError: invalid JSON at byte position 0 while parsing type Any: UnexpectedEOF

"
/project/theorie/n/N.Pfaffenzeller/results_project/10b10t/10b10t15c1000e_10-dt80-int,param_695_rep_8,/project/theorie/n/N.Pfaffenzeller/results_project/10b10t/10b10t15c1000e_10-dt80-int/data/param_695_rep_8,/project/theorie/n/N.Pfaffenzeller/results_project/10b10t/10b10t15c1000e_10-dt80-int/data/param_695_rep_8/event_log.csv,/project/theorie/n/N.Pfaffenzeller/results_project/10b10t/10b10t15c1000e_10-dt80-int/data/param_695_rep_8/config.json,"ArgumentError: invalid JSON at byte position 0 while parsing type Any: UnexpectedEOF

"
/project/theorie/n/N.Pfaffenzeller/results_project/10b10t/10b10t15c1000e_10-dt80-int,param_695_rep_9,/project/theorie/n/N.Pfaffenzeller/results_project/10b10t/10b10t15c1000e_10-dt80-int/data/param_695_rep_9,/project/theorie/n/N.Pfaffenzeller/results_project/10b10t/10b10t15c1000e_10-dt80-int/data/param_695_rep_9/event_log.csv,/project/theorie/n/N.Pfaffenzeller/results_project/10b10t/10b10t15c1000e_10-dt80-int/data/param_695_rep_9/config.json,"ArgumentError: invalid JSON at byte position 0 while parsing type Any: UnexpectedEOF

"
/project/theorie/n/N.Pfaffenzeller/results_project/10b10t/10b10t15c1000e_10-dt80-int,param_696_rep_1,/project/theorie/n/N.Pfaffenzeller/results_project/10b10t/10b10t15c1000e_10-dt80-int/data/param_696_rep_1,/project/theorie/n/N.Pfaffenzeller/results_project/10b10t/10b10t15c1000e_10-dt80-int/data/param_696_rep_1/event_log.csv,/project/theorie/n/N.Pfaffenzeller/results_project/10b10t/10b10t15c1000e_10-dt80-int/data/param_696_rep_1/config.json,"ArgumentError: invalid JSON at byte position 0 while parsing type Any: UnexpectedEOF

"
/project/theorie/n/N.Pfaffenzeller/results_project/10b10t/10b10t15c1000e_10-dt80-int,param_696_rep_10,/project/theorie/n/N.Pfaffenzeller/results_project/10b10t/10b10t15c1000e_10-dt80-int/data/param_696_rep_10,/project/theorie/n/N.Pfaffenzeller/results_project/10b10t/10b10t15c1000e_10-dt80-int/data/param_696_rep_10/event_log.csv,/project/theorie/n/N.Pfaffenzeller/results_project/10b10t/10b10t15c1000e_10-dt80-int/data/param_696_rep_10/config.json,"ArgumentError: invalid JSON at byte position 0 while parsing type Any: UnexpectedEOF

"
/project/theorie/n/N.Pfaffenzeller/results_project/10b10t/10b10t15c1000e_10-dt80-int,param_696_rep_2,/project/theorie/n/N.Pfaffenzeller/results_project/10b10t/10b10t15c1000e_10-dt80-int/data/param_696_rep_2,/project/theorie/n/N.Pfaffenzeller/results_project/10b10t/10b10t15c1000e_10-dt80-int/data/param_696_rep_2/event_log.csv,/project/theorie/n/N.Pfaffenzeller/results_project/10b10t/10b10t15c1000e_10-dt80-int/data/param_696_rep_2/config.json,"ArgumentError: invalid JSON at byte position 0 while parsing type Any: UnexpectedEOF

"
/project/theorie/n/N.Pfaffenzeller/results_project/10b10t/10b10t15c1000e_10-dt80-int,param_696_rep_3,/project/theorie/n/N.Pfaffenzeller/results_project/10b10t/10b10t15c1000e_10-dt80-int/data/param_696_rep_3,/project/theorie/n/N.Pfaffenzeller/results_project/10b10t/10b10t15c1000e_10-dt80-int/data/param_696_rep_3/event_log.csv,/project/theorie/n/N.Pfaffenzeller/results_project/10b10t/10b10t15c1000e_10-dt80-int/data/param_696_rep_3/config.json,"ArgumentError: invalid JSON at byte position 0 while parsing type Any: UnexpectedEOF

"
/project/theorie/n/N.Pfaffenzeller/results_project/10b10t/10b10t15c1000e_10-dt80-int,param_696_rep_4,/project/theorie/n/N.Pfaffenzeller/results_project/10b10t/10b10t15c1000e_10-dt80-int/data/param_696_rep_4,/project/theorie/n/N.Pfaffenzeller/results_project/10b10t/10b10t15c1000e_10-dt80-int/data/param_696_rep_4/event_log.csv,/project/theorie/n/N.Pfaffenzeller/results_project/10b10t/10b10t15c1000e_10-dt80-int/data/param_696_rep_4/config.json,"ArgumentError: invalid JSON at byte position 0 while parsing type Any: UnexpectedEOF

"
/project/theorie/n/N.Pfaffenzeller/results_project/10b10t/10b10t15c1000e_10-dt80-int,param_696_rep_5,/project/theorie/n/N.Pfaffenzeller/results_project/10b10t/10b10t15c1000e_10-dt80-int/data/param_696_rep_5,/project/theorie/n/N.Pfaffenzeller/results_project/10b10t/10b10t15c1000e_10-dt80-int/data/param_696_rep_5/event_log.csv,/project/theorie/n/N.Pfaffenzeller/results_project/10b10t/10b10t15c1000e_10-dt80-int/data/param_696_rep_5/config.json,No task_* columns found (excluding task_id).
/project/theorie/n/N.Pfaffenzeller/results_project/10b10t/10b10t15c1000e_10-dt80-int,param_696_rep_6,/project/theorie/n/N.Pfaffenzeller/results_project/10b10t/10b10t15c1000e_10-dt80-int/data/param_696_rep_6,/project/theorie/n/N.Pfaffenzeller/results_project/10b10t/10b10t15c1000e_10-dt80-int/data/param_696_rep_6/event_log.csv,/project/theorie/n/N.Pfaffenzeller/results_project/10b10t/10b10t15c1000e_10-dt80-int/data/param_696_rep_6/config.json,"ArgumentError: invalid JSON at byte position 0 while parsing type Any: UnexpectedEOF

"
/project/theorie/n/N.Pfaffenzeller/results_project/10b10t/10b10t15c1000e_10-dt80-int,param_696_rep_7,/project/theorie/n/N.Pfaffenzeller/results_project/10b10t/10b10t15c1000e_10-dt80-int/data/param_696_rep_7,/project/theorie/n/N.Pfaffenzeller/results_project/10b10t/10b10t15c1000e_10-dt80-int/data/param_696_rep_7/event_log.csv,/project/theorie/n/N.Pfaffenzeller/results_project/10b10t/10b10t15c1000e_10-dt80-int/data/param_696_rep_7/config.json,"ArgumentError: invalid JSON at byte position 0 while parsing type Any: UnexpectedEOF

"
/project/theorie/n/N.Pfaffenzeller/results_project/10b10t/10b10t15c1000e_10-dt80-int,param_696_rep_8,/project/theorie/n/N.Pfaffenzeller/results_project/10b10t/10b10t15c1000e_10-dt80-int/data/param_696_rep_8,/project/theorie/n/N.Pfaffenzeller/results_project/10b10t/10b10t15c1000e_10-dt80-int/data/param_696_rep_8/event_log.csv,/project/theorie/n/N.Pfaffenzeller/results_project/10b10t/10b10t15c1000e_10-dt80-int/data/param_696_rep_8/config.json,"ArgumentError: invalid JSON at byte position 0 while parsing type Any: UnexpectedEOF

"
/project/theorie/n/N.Pfaffenzeller/results_project/10b10t/10b10t15c1000e_10-dt80-int,param_696_rep_9,/project/theorie/n/N.Pfaffenzeller/results_project/10b10t/10b10t15c1000e_10-dt80-int/data/param_696_rep_9,/project/theorie/n/N.Pfaffenzeller/results_project/10b10t/10b10t15c1000e_10-dt80-int/data/param_696_rep_9/event_log.csv,/project/theorie/n/N.Pfaffenzeller/results_project/10b10t/10b10t15c1000e_10-dt80-int/data/param_696_rep_9/config.json,"ArgumentError: invalid JSON at byte position 0 while parsing type Any: UnexpectedEOF

"
/project/theorie/n/N.Pfaffenzeller/results_project/10b10t/10b10t15c1000e_10-dt80-int,param_697_rep_1,/project/theorie/n/N.Pfaffenzeller/results_project/10b10t/10b10t15c1000e_10-dt80-int/data/param_697_rep_1,/project/theorie/n/N.Pfaffenzeller/results_project/10b10t/10b10t15c1000e_10-dt80-int/data/param_697_rep_1/event_log.csv,/project/theorie/n/N.Pfaffenzeller/results_project/10b10t/10b10t15c1000e_10-dt80-int/data/param_697_rep_1/config.json,"ArgumentError: invalid JSON at byte position 0 while parsing type Any: UnexpectedEOF

"
/project/theorie/n/N.Pfaffenzeller/results_project/10b10t/10b10t15c1000e_10-dt80-int,param_697_rep_10,/project/theorie/n/N.Pfaffenzeller/results_project/10b10t/10b10t15c1000e_10-dt80-int/data/param_697_rep_10,/project/theorie/n/N.Pfaffenzeller/results_project/10b10t/10b10t15c1000e_10-dt80-int/data/param_697_rep_10/event_log.csv,/project/theorie/n/N.Pfaffenzeller/results_project/10b10t/10b10t15c1000e_10-dt80-int/data/param_697_rep_10/config.json,"ArgumentError: invalid JSON at byte position 0 while parsing type Any: UnexpectedEOF

"
/project/theorie/n/N.Pfaffenzeller/results_project/10b10t/10b10t15c1000e_10-dt80-int,param_697_rep_2,/project/theorie/n/N.Pfaffenzeller/results_project/10b10t/10b10t15c1000e_10-dt80-int/data/param_697_rep_2,/project/theorie/n/N.Pfaffenzeller/results_project/10b10t/10b10t15c1000e_10-dt80-int/data/param_697_rep_2/event_log.csv,/project/theorie/n/N.Pfaffenzeller/results_project/10b10t/10b10t15c1000e_10-dt80-int/data/param_697_rep_2/config.json,"ArgumentError: invalid JSON at byte position 0 while parsing type Any: UnexpectedEOF

"
/project/theorie/n/N.Pfaffenzeller/results_project/10b10t/10b10t15c1000e_10-dt80-int,param_697_rep_3,/project/theorie/n/N.Pfaffenzeller/results_project/10b10t/10b10t15c1000e_10-dt80-int/data/param_697_rep_3,/project/theorie/n/N.Pfaffenzeller/results_project/10b10t/10b10t15c1000e_10-dt80-int/data/param_697_rep_3/event_log.csv,/project/theorie/n/N.Pfaffenzeller/results_project/10b10t/10b10t15c1000e_10-dt80-int/data/param_697_rep_3/config.json,"ArgumentError: invalid JSON at byte position 0 while parsing type Any: UnexpectedEOF

"
/project/theorie/n/N.Pfaffenzeller/results_project/10b10t/10b10t15c1000e_10-dt80-int,param_697_rep_4,/project/theorie/n/N.Pfaffenzeller/results_project/10b10t/10b10t15c1000e_10-dt80-int/data/param_697_rep_4,/project/theorie/n/N.Pfaffenzeller/results_project/10b10t/10b10t15c1000e_10-dt80-int/data/param_697_rep_4/event_log.csv,/project/theorie/n/N.Pfaffenzeller/results_project/10b10t/10b10t15c1000e_10-dt80-int/data/param_697_rep_4/config.json,"ArgumentError: invalid JSON at byte position 0 while parsing type Any: UnexpectedEOF

"
/project/theorie/n/N.Pfaffenzeller/results_project/10b10t/10b10t15c1000e_10-dt80-int,param_697_rep_5,/project/theorie/n/N.Pfaffenzeller/results_project/10b10t/10b10t15c1000e_10-dt80-int/data/param_697_rep_5,/project/theorie/n/N.Pfaffenzeller/results_project/10b10t/10b10t15c1000e_10-dt80-int/data/param_697_rep_5/event_log.csv,/project/theorie/n/N.Pfaffenzeller/results_project/10b10t/10b10t15c1000e_10-dt80-int/data/param_697_rep_5/config.json,No task_* columns found (excluding task_id).
/project/theorie/n/N.Pfaffenzeller/results_project/10b10t/10b10t15c1000e_10-dt80-int,param_697_rep_6,/project/theorie/n/N.Pfaffenzeller/results_project/10b10t/10b10t15c1000e_10-dt80-int/data/param_697_rep_6,/project/theorie/n/N.Pfaffenzeller/results_project/10b10t/10b10t15c1000e_10-dt80-int/data/param_697_rep_6/event_log.csv,/project/theorie/n/N.Pfaffenzeller/results_project/10b10t/10b10t15c1000e_10-dt80-int/data/param_697_rep_6/config.json,"ArgumentError: invalid JSON at byte position 0 while parsing type Any: UnexpectedEOF

"
/project/theorie/n/N.Pfaffenzeller/results_project/10b10t/10b10t15c1000e_10-dt80-int,param_697_rep_7,/project/theorie/n/N.Pfaffenzeller/results_project/10b10t/10b10t15c1000e_10-dt80-int/data/param_697_rep_7,/project/theorie/n/N.Pfaffenzeller/results_project/10b10t/10b10t15c1000e_10-dt80-int/data/param_697_rep_7/event_log.csv,/project/theorie/n/N.Pfaffenzeller/results_project/10b10t/10b10t15c1000e_10-dt80-int/data/param_697_rep_7/config.json,"ArgumentError: invalid JSON at byte position 0 while parsing type Any: UnexpectedEOF

"
/project/theorie/n/N.Pfaffenzeller/results_project/10b10t/10b10t15c1000e_10-dt80-int,param_697_rep_8,/project/theorie/n/N.Pfaffenzeller/results_project/10b10t/10b10t15c1000e_10-dt80-int/data/param_697_rep_8,/project/theorie/n/N.Pfaffenzeller/results_project/10b10t/10b10t15c1000e_10-dt80-int/data/param_697_rep_8/event_log.csv,/project/theorie/n/N.Pfaffenzeller/results_project/10b10t/10b10t15c1000e_10-dt80-int/data/param_697_rep_8/config.json,"ArgumentError: invalid JSON at byte position 0 while parsing type Any: UnexpectedEOF

"
/project/theorie/n/N.Pfaffenzeller/results_project/10b10t/10b10t15c1000e_10-dt80-int,param_697_rep_9,/project/theorie/n/N.Pfaffenzeller/results_project/10b10t/10b10t15c1000e_10-dt80-int/data/param_697_rep_9,/project/theorie/n/N.Pfaffenzeller/results_project/10b10t/10b10t15c1000e_10-dt80-int/data/param_697_rep_9/event_log.csv,/project/theorie/n/N.Pfaffenzeller/results_project/10b10t/10b10t15c1000e_10-dt80-int/data/param_697_rep_9/config.json,"ArgumentError: invalid JSON at byte position 0 while parsing type Any: UnexpectedEOF

"
/project/theorie/n/N.Pfaffenzeller/results_project/10b10t/10b10t15c1000e_10-dt80-int,param_698_rep_1,/project/theorie/n/N.Pfaffenzeller/results_project/10b10t/10b10t15c1000e_10-dt80-int/data/param_698_rep_1,/project/theorie/n/N.Pfaffenzeller/results_project/10b10t/10b10t15c1000e_10-dt80-int/data/param_698_rep_1/event_log.csv,/project/theorie/n/N.Pfaffenzeller/results_project/10b10t/10b10t15c1000e_10-dt80-int/data/param_698_rep_1/config.json,"ArgumentError: invalid JSON at byte position 0 while parsing type Any: UnexpectedEOF

"
/project/theorie/n/N.Pfaffenzeller/results_project/10b10t/10b10t15c1000e_10-dt80-int,param_698_rep_10,/project/theorie/n/N.Pfaffenzeller/results_project/10b10t/10b10t15c1000e_10-dt80-int/data/param_698_rep_10,/project/theorie/n/N.Pfaffenzeller/results_project/10b10t/10b10t15c1000e_10-dt80-int/data/param_698_rep_10/event_log.csv,/project/theorie/n/N.Pfaffenzeller/results_project/10b10t/10b10t15c1000e_10-dt80-int/data/param_698_rep_10/config.json,"ArgumentError: invalid JSON at byte position 0 while parsing type Any: UnexpectedEOF

"
/project/theorie/n/N.Pfaffenzeller/results_project/10b10t/10b10t15c1000e_10-dt80-int,param_698_rep_2,/project/theorie/n/N.Pfaffenzeller/results_project/10b10t/10b10t15c1000e_10-dt80-int/data/param_698_rep_2,/project/theorie/n/N.Pfaffenzeller/results_project/10b10t/10b10t15c1000e_10-dt80-int/data/param_698_rep_2/event_log.csv,/project/theorie/n/N.Pfaffenzeller/results_project/10b10t/10b10t15c1000e_10-dt80-int/data/param_698_rep_2/config.json,"ArgumentError: invalid JSON at byte position 0 while parsing type Any: UnexpectedEOF

"
/project/theorie/n/N.Pfaffenzeller/results_project/10b10t/10b10t15c1000e_10-dt80-int,param_698_rep_3,/project/theorie/n/N.Pfaffenzeller/results_project/10b10t/10b10t15c1000e_10-dt80-int/data/param_698_rep_3,/project/theorie/n/N.Pfaffenzeller/results_project/10b10t/10b10t15c1000e_10-dt80-int/data/param_698_rep_3/event_log.csv,/project/theorie/n/N.Pfaffenzeller/results_project/10b10t/10b10t15c1000e_10-dt80-int/data/param_698_rep_3/config.json,"ArgumentError: invalid JSON at byte position 0 while parsing type Any: UnexpectedEOF

"
/project/theorie/n/N.Pfaffenzeller/results_project/10b10t/10b10t15c1000e_10-dt80-int,param_698_rep_4,/project/theorie/n/N.Pfaffenzeller/results_project/10b10t/10b10t15c1000e_10-dt80-int/data/param_698_rep_4,/project/theorie/n/N.Pfaffenzeller/results_project/10b10t/10b10t15c1000e_10-dt80-int/data/param_698_rep_4/event_log.csv,/project/theorie/n/N.Pfaffenzeller/results_project/10b10t/10b10t15c1000e_10-dt80-int/data/param_698_rep_4/config.json,"ArgumentError: invalid JSON at byte position 0 while parsing type Any: UnexpectedEOF

"
/project/theorie/n/N.Pfaffenzeller/results_project/10b10t/10b10t15c1000e_10-dt80-int,param_698_rep_5,/project/theorie/n/N.Pfaffenzeller/results_project/10b10t/10b10t15c1000e_10-dt80-int/data/param_698_rep_5,/project/theorie/n/N.Pfaffenzeller/results_project/10b10t/10b10t15c1000e_10-dt80-int/data/param_698_rep_5/event_log.csv,/project/theorie/n/N.Pfaffenzeller/results_project/10b10t/10b10t15c1000e_10-dt80-int/data/param_698_rep_5/config.json,"ArgumentError: invalid JSON at byte position 0 while parsing type Any: UnexpectedEOF

"
/project/theorie/n/N.Pfaffenzeller/results_project/10b10t/10b10t15c1000e_10-dt80-int,param_698_rep_6,/project/theorie/n/N.Pfaffenzeller/results_project/10b10t/10b10t15c1000e_10-dt80-int/data/param_698_rep_6,/project/theorie/n/N.Pfaffenzeller/results_project/10b10t/10b10t15c1000e_10-dt80-int/data/param_698_rep_6/event_log.csv,/project/theorie/n/N.Pfaffenzeller/results_project/10b10t/10b10t15c1000e_10-dt80-int/data/param_698_rep_6/config.json,"ArgumentError: invalid JSON at byte position 0 while parsing type Any: UnexpectedEOF

"
/project/theorie/n/N.Pfaffenzeller/results_project/10b10t/10b10t15c1000e_10-dt80-int,param_698_rep_7,/project/theorie/n/N.Pfaffenzeller/results_project/10b10t/10b10t15c1000e_10-dt80-int/data/param_698_rep_7,/project/theorie/n/N.Pfaffenzeller/results_project/10b10t/10b10t15c1000e_10-dt80-int/data/param_698_rep_7/event_log.csv,/project/theorie/n/N.Pfaffenzeller/results_project/10b10t/10b10t15c1000e_10-dt80-int/data/param_698_rep_7/config.json,"ArgumentError: invalid JSON at byte position 0 while parsing type Any: UnexpectedEOF

"
/project/theorie/n/N.Pfaffenzeller/results_project/10b10t/10b10t15c1000e_10-dt80-int,param_698_rep_8,/project/theorie/n/N.Pfaffenzeller/results_project/10b10t/10b10t15c1000e_10-dt80-int/data/param_698_rep_8,/project/theorie/n/N.Pfaffenzeller/results_project/10b10t/10b10t15c1000e_10-dt80-int/data/param_698_rep_8/event_log.csv,/project/theorie/n/N.Pfaffenzeller/results_project/10b10t/10b10t15c1000e_10-dt80-int/data/param_698_rep_8/config.json,"ArgumentError: invalid JSON at byte position 0 while parsing type Any: UnexpectedEOF

"
/project/theorie/n/N.Pfaffenzeller/results_project/10b10t/10b10t15c1000e_10-dt80-int,param_698_rep_9,/project/theorie/n/N.Pfaffenzeller/results_project/10b10t/10b10t15c1000e_10-dt80-int/data/param_698_rep_9,/project/theorie/n/N.Pfaffenzeller/results_project/10b10t/10b10t15c1000e_10-dt80-int/data/param_698_rep_9/event_log.csv,/project/theorie/n/N.Pfaffenzeller/results_project/10b10t/10b10t15c1000e_10-dt80-int/data/param_698_rep_9/config.json,"ArgumentError: invalid JSON at byte position 0 while parsing type Any: UnexpectedEOF

"
/project/theorie/n/N.Pfaffenzeller/results_project/10b10t/10b10t15c1000e_10-dt80-int,param_699_rep_1,/project/theorie/n/N.Pfaffenzeller/results_project/10b10t/10b10t15c1000e_10-dt80-int/data/param_699_rep_1,/project/theorie/n/N.Pfaffenzeller/results_project/10b10t/10b10t15c1000e_10-dt80-int/data/param_699_rep_1/event_log.csv,/project/theorie/n/N.Pfaffenzeller/results_project/10b10t/10b10t15c1000e_10-dt80-int/data/param_699_rep_1/config.json,"ArgumentError: invalid JSON at byte position 0 while parsing type Any: UnexpectedEOF

"
/project/theorie/n/N.Pfaffenzeller/results_project/10b10t/10b10t15c1000e_10-dt80-int,param_699_rep_10,/project/theorie/n/N.Pfaffenzeller/results_project/10b10t/10b10t15c1000e_10-dt80-int/data/param_699_rep_10,/project/theorie/n/N.Pfaffenzeller/results_project/10b10t/10b10t15c1000e_10-dt80-int/data/param_699_rep_10/event_log.csv,/project/theorie/n/N.Pfaffenzeller/results_project/10b10t/10b10t15c1000e_10-dt80-int/data/param_699_rep_10/config.json,"ArgumentError: invalid JSON at byte position 0 while parsing type Any: UnexpectedEOF

"
/project/theorie/n/N.Pfaffenzeller/results_project/10b10t/10b10t15c1000e_10-dt80-int,param_699_rep_2,/project/theorie/n/N.Pfaffenzeller/results_project/10b10t/10b10t15c1000e_10-dt80-int/data/param_699_rep_2,/project/theorie/n/N.Pfaffenzeller/results_project/10b10t/10b10t15c1000e_10-dt80-int/data/param_699_rep_2/event_log.csv,/project/theorie/n/N.Pfaffenzeller/results_project/10b10t/10b10t15c1000e_10-dt80-int/data/param_699_rep_2/config.json,"ArgumentError: invalid JSON at byte position 0 while parsing type Any: UnexpectedEOF

"
/project/theorie/n/N.Pfaffenzeller/results_project/10b10t/10b10t15c1000e_10-dt80-int,param_699_rep_3,/project/theorie/n/N.Pfaffenzeller/results_project/10b10t/10b10t15c1000e_10-dt80-int/data/param_699_rep_3,/project/theorie/n/N.Pfaffenzeller/results_project/10b10t/10b10t15c1000e_10-dt80-int/data/param_699_rep_3/event_log.csv,/project/theorie/n/N.Pfaffenzeller/results_project/10b10t/10b10t15c1000e_10-dt80-int/data/param_699_rep_3/config.json,"ArgumentError: invalid JSON at byte position 0 while parsing type Any: UnexpectedEOF

"
/project/theorie/n/N.Pfaffenzeller/results_project/10b10t/10b10t15c1000e_10-dt80-int,param_699_rep_4,/project/theorie/n/N.Pfaffenzeller/results_project/10b10t/10b10t15c1000e_10-dt80-int/data/param_699_rep_4,/project/theorie/n/N.Pfaffenzeller/results_project/10b10t/10b10t15c1000e_10-dt80-int/data/param_699_rep_4/event_log.csv,/project/theorie/n/N.Pfaffenzeller/results_project/10b10t/10b10t15c1000e_10-dt80-int/data/param_699_rep_4/config.json,"ArgumentError: invalid JSON at byte position 0 while parsing type Any: UnexpectedEOF

"
/project/theorie/n/N.Pfaffenzeller/results_project/10b10t/10b10t15c1000e_10-dt80-int,param_699_rep_5,/project/theorie/n/N.Pfaffenzeller/results_project/10b10t/10b10t15c1000e_10-dt80-int/data/param_699_rep_5,/project/theorie/n/N.Pfaffenzeller/results_project/10b10t/10b10t15c1000e_10-dt80-int/data/param_699_rep_5/event_log.csv,/project/theorie/n/N.Pfaffenzeller/results_project/10b10t/10b10t15c1000e_10-dt80-int/data/param_699_rep_5/config.json,"ArgumentError: invalid JSON at byte position 0 while parsing type Any: UnexpectedEOF

"
/project/theorie/n/N.Pfaffenzeller/results_project/10b10t/10b10t15c1000e_10-dt80-int,param_699_rep_6,/project/theorie/n/N.Pfaffenzeller/results_project/10b10t/10b10t15c1000e_10-dt80-int/data/param_699_rep_6,/project/theorie/n/N.Pfaffenzeller/results_project/10b10t/10b10t15c1000e_10-dt80-int/data/param_699_rep_6/event_log.csv,/project/theorie/n/N.Pfaffenzeller/results_project/10b10t/10b10t15c1000e_10-dt80-int/data/param_699_rep_6/config.json,"ArgumentError: invalid JSON at byte position 0 while parsing type Any: UnexpectedEOF

"
/project/theorie/n/N.Pfaffenzeller/results_project/10b10t/10b10t15c1000e_10-dt80-int,param_699_rep_7,/project/theorie/n/N.Pfaffenzeller/results_project/10b10t/10b10t15c1000e_10-dt80-int/data/param_699_rep_7,/project/theorie/n/N.Pfaffenzeller/results_project/10b10t/10b10t15c1000e_10-dt80-int/data/param_699_rep_7/event_log.csv,/project/theorie/n/N.Pfaffenzeller/results_project/10b10t/10b10t15c1000e_10-dt80-int/data/param_699_rep_7/config.json,"ArgumentError: invalid JSON at byte position 0 while parsing type Any: UnexpectedEOF

"
/project/theorie/n/N.Pfaffenzeller/results_project/10b10t/10b10t15c1000e_10-dt80-int,param_699_rep_8,/project/theorie/n/N.Pfaffenzeller/results_project/10b10t/10b10t15c1000e_10-dt80-int/data/param_699_rep_8,/project/theorie/n/N.Pfaffenzeller/results_project/10b10t/10b10t15c1000e_10-dt80-int/data/param_699_rep_8/event_log.csv,/project/theorie/n/N.Pfaffenzeller/results_project/10b10t/10b10t15c1000e_10-dt80-int/data/param_699_rep_8/config.json,"ArgumentError: invalid JSON at byte position 0 while parsing type Any: UnexpectedEOF

"
/project/theorie/n/N.Pfaffenzeller/results_project/10b10t/10b10t15c1000e_10-dt80-int,param_699_rep_9,/project/theorie/n/N.Pfaffenzeller/results_project/10b10t/10b10t15c1000e_10-dt80-int/data/param_699_rep_9,/project/theorie/n/N.Pfaffenzeller/results_project/10b10t/10b10t15c1000e_10-dt80-int/data/param_699_rep_9/event_log.csv,/project/theorie/n/N.Pfaffenzeller/results_project/10b10t/10b10t15c1000e_10-dt80-int/data/param_699_rep_9/config.json,"ArgumentError: invalid JSON at byte position 0 while parsing type Any: UnexpectedEOF

"
/project/theorie/n/N.Pfaffenzeller/results_project/10b10t/10b10t15c1000e_10-dt80-int,param_700_rep_1,/project/theorie/n/N.Pfaffenzeller/results_project/10b10t/10b10t15c1000e_10-dt80-int/data/param_700_rep_1,/project/theorie/n/N.Pfaffenzeller/results_project/10b10t/10b10t15c1000e_10-dt80-int/data/param_700_rep_1/event_log.csv,/project/theorie/n/N.Pfaffenzeller/results_project/10b10t/10b10t15c1000e_10-dt80-int/data/param_700_rep_1/config.json,"ArgumentError: invalid JSON at byte position 0 while parsing type Any: UnexpectedEOF

"
/project/theorie/n/N.Pfaffenzeller/results_project/10b10t/10b10t15c1000e_10-dt80-int,param_700_rep_10,/project/theorie/n/N.Pfaffenzeller/results_project/10b10t/10b10t15c1000e_10-dt80-int/data/param_700_rep_10,/project/theorie/n/N.Pfaffenzeller/results_project/10b10t/10b10t15c1000e_10-dt80-int/data/param_700_rep_10/event_log.csv,/project/theorie/n/N.Pfaffenzeller/results_project/10b10t/10b10t15c1000e_10-dt80-int/data/param_700_rep_10/config.json,"ArgumentError: invalid JSON at byte position 0 while parsing type Any: UnexpectedEOF

"
/project/theorie/n/N.Pfaffenzeller/results_project/10b10t/10b10t15c1000e_10-dt80-int,param_700_rep_2,/project/theorie/n/N.Pfaffenzeller/results_project/10b10t/10b10t15c1000e_10-dt80-int/data/param_700_rep_2,/project/theorie/n/N.Pfaffenzeller/results_project/10b10t/10b10t15c1000e_10-dt80-int/data/param_700_rep_2/event_log.csv,/project/theorie/n/N.Pfaffenzeller/results_project/10b10t/10b10t15c1000e_10-dt80-int/data/param_700_rep_2/config.json,"ArgumentError: invalid JSON at byte position 0 while parsing type Any: UnexpectedEOF

"
/project/theorie/n/N.Pfaffenzeller/results_project/10b10t/10b10t15c1000e_10-dt80-int,param_700_rep_3,/project/theorie/n/N.Pfaffenzeller/results_project/10b10t/10b10t15c1000e_10-dt80-int/data/param_700_rep_3,/project/theorie/n/N.Pfaffenzeller/results_project/10b10t/10b10t15c1000e_10-dt80-int/data/param_700_rep_3/event_log.csv,/project/theorie/n/N.Pfaffenzeller/results_project/10b10t/10b10t15c1000e_10-dt80-int/data/param_700_rep_3/config.json,"ArgumentError: invalid JSON at byte position 0 while parsing type Any: UnexpectedEOF

"
/project/theorie/n/N.Pfaffenzeller/results_project/10b10t/10b10t15c1000e_10-dt80-int,param_700_rep_4,/project/theorie/n/N.Pfaffenzeller/results_project/10b10t/10b10t15c1000e_10-dt80-int/data/param_700_rep_4,/project/theorie/n/N.Pfaffenzeller/results_project/10b10t/10b10t15c1000e_10-dt80-int/data/param_700_rep_4/event_log.csv,/project/theorie/n/N.Pfaffenzeller/results_project/10b10t/10b10t15c1000e_10-dt80-int/data/param_700_rep_4/config.json,"ArgumentError: invalid JSON at byte position 0 while parsing type Any: UnexpectedEOF

"
/project/theorie/n/N.Pfaffenzeller/results_project/10b10t/10b10t15c1000e_10-dt80-int,param_700_rep_5,/project/theorie/n/N.Pfaffenzeller/results_project/10b10t/10b10t15c1000e_10-dt80-int/data/param_700_rep_5,/project/theorie/n/N.Pfaffenzeller/results_project/10b10t/10b10t15c1000e_10-dt80-int/data/param_700_rep_5/event_log.csv,/project/theorie/n/N.Pfaffenzeller/results_project/10b10t/10b10t15c1000e_10-dt80-int/data/param_700_rep_5/config.json,"ArgumentError: invalid JSON at byte position 0 while parsing type Any: UnexpectedEOF

"
/project/theorie/n/N.Pfaffenzeller/results_project/10b10t/10b10t15c1000e_10-dt80-int,param_700_rep_6,/project/theorie/n/N.Pfaffenzeller/results_project/10b10t/10b10t15c1000e_10-dt80-int/data/param_700_rep_6,/project/theorie/n/N.Pfaffenzeller/results_project/10b10t/10b10t15c1000e_10-dt80-int/data/param_700_rep_6/event_log.csv,/project/theorie/n/N.Pfaffenzeller/results_project/10b10t/10b10t15c1000e_10-dt80-int/data/param_700_rep_6/config.json,"ArgumentError: invalid JSON at byte position 0 while parsing type Any: UnexpectedEOF

"
/project/theorie/n/N.Pfaffenzeller/results_project/10b10t/10b10t15c1000e_10-dt80-int,param_700_rep_7,/project/theorie/n/N.Pfaffenzeller/results_project/10b10t/10b10t15c1000e_10-dt80-int/data/param_700_rep_7,/project/theorie/n/N.Pfaffenzeller/results_project/10b10t/10b10t15c1000e_10-dt80-int/data/param_700_rep_7/event_log.csv,/project/theorie/n/N.Pfaffenzeller/results_project/10b10t/10b10t15c1000e_10-dt80-int/data/param_700_rep_7/config.json,"ArgumentError: invalid JSON at byte position 0 while parsing type Any: UnexpectedEOF

"
/project/theorie/n/N.Pfaffenzeller/results_project/10b10t/10b10t15c1000e_10-dt80-int,param_700_rep_8,/project/theorie/n/N.Pfaffenzeller/results_project/10b10t/10b10t15c1000e_10-dt80-int/data/param_700_rep_8,/project/theorie/n/N.Pfaffenzeller/results_project/10b10t/10b10t15c1000e_10-dt80-int/data/param_700_rep_8/event_log.csv,/project/theorie/n/N.Pfaffenzeller/results_project/10b10t/10b10t15c1000e_10-dt80-int/data/param_700_rep_8/config.json,"ArgumentError: invalid JSON at byte position 0 while parsing type Any: UnexpectedEOF

"
/project/theorie/n/N.Pfaffenzeller/results_project/10b10t/10b10t15c1000e_10-dt80-int,param_700_rep_9,/project/theorie/n/N.Pfaffenzeller/results_project/10b10t/10b10t15c1000e_10-dt80-int/data/param_700_rep_9,/project/theorie/n/N.Pfaffenzeller/results_project/10b10t/10b10t15c1000e_10-dt80-int/data/param_700_rep_9/event_log.csv,/project/theorie/n/N.Pfaffenzeller/results_project/10b10t/10b10t15c1000e_10-dt80-int/data/param_700_rep_9/config.json,"ArgumentError: invalid JSON at byte position 0 while parsing type Any: UnexpectedEOF

"
/project/theorie/n/N.Pfaffenzeller/results_project/10b10t/10b10t15c1000e_10-dt80-int,param_701_rep_1,/project/theorie/n/N.Pfaffenzeller/results_project/10b10t/10b10t15c1000e_10-dt80-int/data/param_701_rep_1,/project/theorie/n/N.Pfaffenzeller/results_project/10b10t/10b10t15c1000e_10-dt80-int/data/param_701_rep_1/event_log.csv,/project/theorie/n/N.Pfaffenzeller/results_project/10b10t/10b10t15c1000e_10-dt80-int/data/param_701_rep_1/config.json,"ArgumentError: invalid JSON at byte position 0 while parsing type Any: UnexpectedEOF

"
/project/theorie/n/N.Pfaffenzeller/results_project/10b10t/10b10t15c1000e_10-dt80-int,param_701_rep_10,/project/theorie/n/N.Pfaffenzeller/results_project/10b10t/10b10t15c1000e_10-dt80-int/data/param_701_rep_10,/project/theorie/n/N.Pfaffenzeller/results_project/10b10t/10b10t15c1000e_10-dt80-int/data/param_701_rep_10/event_log.csv,/project/theorie/n/N.Pfaffenzeller/results_project/10b10t/10b10t15c1000e_10-dt80-int/data/param_701_rep_10/config.json,"ArgumentError: invalid JSON at byte position 0 while parsing type Any: UnexpectedEOF

"
/project/theorie/n/N.Pfaffenzeller/results_project/10b10t/10b10t15c1000e_10-dt80-int,param_701_rep_2,/project/theorie/n/N.Pfaffenzeller/results_project/10b10t/10b10t15c1000e_10-dt80-int/data/param_701_rep_2,/project/theorie/n/N.Pfaffenzeller/results_project/10b10t/10b10t15c1000e_10-dt80-int/data/param_701_rep_2/event_log.csv,/project/theorie/n/N.Pfaffenzeller/results_project/10b10t/10b10t15c1000e_10-dt80-int/data/param_701_rep_2/config.json,"ArgumentError: invalid JSON at byte position 0 while parsing type Any: UnexpectedEOF

"
/project/theorie/n/N.Pfaffenzeller/results_project/10b10t/10b10t15c1000e_10-dt80-int,param_701_rep_3,/project/theorie/n/N.Pfaffenzeller/results_project/10b10t/10b10t15c1000e_10-dt80-int/data/param_701_rep_3,/project/theorie/n/N.Pfaffenzeller/results_project/10b10t/10b10t15c1000e_10-dt80-int/data/param_701_rep_3/event_log.csv,/project/theorie/n/N.Pfaffenzeller/results_project/10b10t/10b10t15c1000e_10-dt80-int/data/param_701_rep_3/config.json,"ArgumentError: invalid JSON at byte position 0 while parsing type Any: UnexpectedEOF

"
/project/theorie/n/N.Pfaffenzeller/results_project/10b10t/10b10t15c1000e_10-dt80-int,param_701_rep_4,/project/theorie/n/N.Pfaffenzeller/results_project/10b10t/10b10t15c1000e_10-dt80-int/data/param_701_rep_4,/project/theorie/n/N.Pfaffenzeller/results_project/10b10t/10b10t15c1000e_10-dt80-int/data/param_701_rep_4/event_log.csv,/project/theorie/n/N.Pfaffenzeller/results_project/10b10t/10b10t15c1000e_10-dt80-int/data/param_701_rep_4/config.json,"ArgumentError: invalid JSON at byte position 0 while parsing type Any: UnexpectedEOF

"
/project/theorie/n/N.Pfaffenzeller/results_project/10b10t/10b10t15c1000e_10-dt80-int,param_701_rep_5,/project/theorie/n/N.Pfaffenzeller/results_project/10b10t/10b10t15c1000e_10-dt80-int/data/param_701_rep_5,/project/theorie/n/N.Pfaffenzeller/results_project/10b10t/10b10t15c1000e_10-dt80-int/data/param_701_rep_5/event_log.csv,/project/theorie/n/N.Pfaffenzeller/results_project/10b10t/10b10t15c1000e_10-dt80-int/data/param_701_rep_5/config.json,"ArgumentError: invalid JSON at byte position 0 while parsing type Any: UnexpectedEOF

"
/project/theorie/n/N.Pfaffenzeller/results_project/10b10t/10b10t15c1000e_10-dt80-int,param_701_rep_6,/project/theorie/n/N.Pfaffenzeller/results_project/10b10t/10b10t15c1000e_10-dt80-int/data/param_701_rep_6,/project/theorie/n/N.Pfaffenzeller/results_project/10b10t/10b10t15c1000e_10-dt80-int/data/param_701_rep_6/event_log.csv,/project/theorie/n/N.Pfaffenzeller/results_project/10b10t/10b10t15c1000e_10-dt80-int/data/param_701_rep_6/config.json,"ArgumentError: invalid JSON at byte position 0 while parsing type Any: UnexpectedEOF

"
/project/theorie/n/N.Pfaffenzeller/results_project/10b10t/10b10t15c1000e_10-dt80-int,param_701_rep_7,/project/theorie/n/N.Pfaffenzeller/results_project/10b10t/10b10t15c1000e_10-dt80-int/data/param_701_rep_7,/project/theorie/n/N.Pfaffenzeller/results_project/10b10t/10b10t15c1000e_10-dt80-int/data/param_701_rep_7/event_log.csv,/project/theorie/n/N.Pfaffenzeller/results_project/10b10t/10b10t15c1000e_10-dt80-int/data/param_701_rep_7/config.json,"ArgumentError: invalid JSON at byte position 0 while parsing type Any: UnexpectedEOF

"
/project/theorie/n/N.Pfaffenzeller/results_project/10b10t/10b10t15c1000e_10-dt80-int,param_701_rep_8,/project/theorie/n/N.Pfaffenzeller/results_project/10b10t/10b10t15c1000e_10-dt80-int/data/param_701_rep_8,/project/theorie/n/N.Pfaffenzeller/results_project/10b10t/10b10t15c1000e_10-dt80-int/data/param_701_rep_8/event_log.csv,/project/theorie/n/N.Pfaffenzeller/results_project/10b10t/10b10t15c1000e_10-dt80-int/data/param_701_rep_8/config.json,"ArgumentError: invalid JSON at byte position 0 while parsing type Any: UnexpectedEOF

"
/project/theorie/n/N.Pfaffenzeller/results_project/10b10t/10b10t15c1000e_10-dt80-int,param_701_rep_9,/project/theorie/n/N.Pfaffenzeller/results_project/10b10t/10b10t15c1000e_10-dt80-int/data/param_701_rep_9,/project/theorie/n/N.Pfaffenzeller/results_project/10b10t/10b10t15c1000e_10-dt80-int/data/param_701_rep_9/event_log.csv,/project/theorie/n/N.Pfaffenzeller/results_project/10b10t/10b10t15c1000e_10-dt80-int/data/param_701_rep_9/config.json,"ArgumentError: invalid JSON at byte position 0 while parsing type Any: UnexpectedEOF

"
/project/theorie/n/N.Pfaffenzeller/results_project/10b10t/10b10t15c1000e_10-dt80-int,param_702_rep_1,/project/theorie/n/N.Pfaffenzeller/results_project/10b10t/10b10t15c1000e_10-dt80-int/data/param_702_rep_1,/project/theorie/n/N.Pfaffenzeller/results_project/10b10t/10b10t15c1000e_10-dt80-int/data/param_702_rep_1/event_log.csv,/project/theorie/n/N.Pfaffenzeller/results_project/10b10t/10b10t15c1000e_10-dt80-int/data/param_702_rep_1/config.json,"ArgumentError: invalid JSON at byte position 0 while parsing type Any: UnexpectedEOF

"
/project/theorie/n/N.Pfaffenzeller/results_project/10b10t/10b10t15c1000e_10-dt80-int,param_702_rep_10,/project/theorie/n/N.Pfaffenzeller/results_project/10b10t/10b10t15c1000e_10-dt80-int/data/param_702_rep_10,/project/theorie/n/N.Pfaffenzeller/results_project/10b10t/10b10t15c1000e_10-dt80-int/data/param_702_rep_10/event_log.csv,/project/theorie/n/N.Pfaffenzeller/results_project/10b10t/10b10t15c1000e_10-dt80-int/data/param_702_rep_10/config.json,"ArgumentError: invalid JSON at byte position 0 while parsing type Any: UnexpectedEOF

"
/project/theorie/n/N.Pfaffenzeller/results_project/10b10t/10b10t15c1000e_10-dt80-int,param_702_rep_2,/project/theorie/n/N.Pfaffenzeller/results_project/10b10t/10b10t15c1000e_10-dt80-int/data/param_702_rep_2,/project/theorie/n/N.Pfaffenzeller/results_project/10b10t/10b10t15c1000e_10-dt80-int/data/param_702_rep_2/event_log.csv,/project/theorie/n/N.Pfaffenzeller/results_project/10b10t/10b10t15c1000e_10-dt80-int/data/param_702_rep_2/config.json,"ArgumentError: invalid JSON at byte position 0 while parsing type Any: UnexpectedEOF

"
/project/theorie/n/N.Pfaffenzeller/results_project/10b10t/10b10t15c1000e_10-dt80-int,param_702_rep_3,/project/theorie/n/N.Pfaffenzeller/results_project/10b10t/10b10t15c1000e_10-dt80-int/data/param_702_rep_3,/project/theorie/n/N.Pfaffenzeller/results_project/10b10t/10b10t15c1000e_10-dt80-int/data/param_702_rep_3/event_log.csv,/project/theorie/n/N.Pfaffenzeller/results_project/10b10t/10b10t15c1000e_10-dt80-int/data/param_702_rep_3/config.json,"ArgumentError: invalid JSON at byte position 0 while parsing type Any: UnexpectedEOF

"
/project/theorie/n/N.Pfaffenzeller/results_project/10b10t/10b10t15c1000e_10-dt80-int,param_702_rep_4,/project/theorie/n/N.Pfaffenzeller/results_project/10b10t/10b10t15c1000e_10-dt80-int/data/param_702_rep_4,/project/theorie/n/N.Pfaffenzeller/results_project/10b10t/10b10t15c1000e_10-dt80-int/data/param_702_rep_4/event_log.csv,/project/theorie/n/N.Pfaffenzeller/results_project/10b10t/10b10t15c1000e_10-dt80-int/data/param_702_rep_4/config.json,"ArgumentError: invalid JSON at byte position 0 while parsing type Any: UnexpectedEOF

"
/project/theorie/n/N.Pfaffenzeller/results_project/10b10t/10b10t15c1000e_10-dt80-int,param_702_rep_5,/project/theorie/n/N.Pfaffenzeller/results_project/10b10t/10b10t15c1000e_10-dt80-int/data/param_702_rep_5,/project/theorie/n/N.Pfaffenzeller/results_project/10b10t/10b10t15c1000e_10-dt80-int/data/param_702_rep_5/event_log.csv,/project/theorie/n/N.Pfaffenzeller/results_project/10b10t/10b10t15c1000e_10-dt80-int/data/param_702_rep_5/config.json,"ArgumentError: invalid JSON at byte position 0 while parsing type Any: UnexpectedEOF

"
/project/theorie/n/N.Pfaffenzeller/results_project/10b10t/10b10t15c1000e_10-dt80-int,param_702_rep_6,/project/theorie/n/N.Pfaffenzeller/results_project/10b10t/10b10t15c1000e_10-dt80-int/data/param_702_rep_6,/project/theorie/n/N.Pfaffenzeller/results_project/10b10t/10b10t15c1000e_10-dt80-int/data/param_702_rep_6/event_log.csv,/project/theorie/n/N.Pfaffenzeller/results_project/10b10t/10b10t15c1000e_10-dt80-int/data/param_702_rep_6/config.json,"ArgumentError: invalid JSON at byte position 0 while parsing type Any: UnexpectedEOF

"
/project/theorie/n/N.Pfaffenzeller/results_project/10b10t/10b10t15c1000e_10-dt80-int,param_702_rep_7,/project/theorie/n/N.Pfaffenzeller/results_project/10b10t/10b10t15c1000e_10-dt80-int/data/param_702_rep_7,/project/theorie/n/N.Pfaffenzeller/results_project/10b10t/10b10t15c1000e_10-dt80-int/data/param_702_rep_7/event_log.csv,/project/theorie/n/N.Pfaffenzeller/results_project/10b10t/10b10t15c1000e_10-dt80-int/data/param_702_rep_7/config.json,"ArgumentError: invalid JSON at byte position 0 while parsing type Any: UnexpectedEOF

"
/project/theorie/n/N.Pfaffenzeller/results_project/10b10t/10b10t15c1000e_10-dt80-int,param_702_rep_8,/project/theorie/n/N.Pfaffenzeller/results_project/10b10t/10b10t15c1000e_10-dt80-int/data/param_702_rep_8,/project/theorie/n/N.Pfaffenzeller/results_project/10b10t/10b10t15c1000e_10-dt80-int/data/param_702_rep_8/event_log.csv,/project/theorie/n/N.Pfaffenzeller/results_project/10b10t/10b10t15c1000e_10-dt80-int/data/param_702_rep_8/config.json,"ArgumentError: invalid JSON at byte position 0 while parsing type Any: UnexpectedEOF

"
/project/theorie/n/N.Pfaffenzeller/results_project/10b10t/10b10t15c1000e_10-dt80-int,param_702_rep_9,/project/theorie/n/N.Pfaffenzeller/results_project/10b10t/10b10t15c1000e_10-dt80-int/data/param_702_rep_9,/project/theorie/n/N.Pfaffenzeller/results_project/10b10t/10b10t15c1000e_10-dt80-int/data/param_702_rep_9/event_log.csv,/project/theorie/n/N.Pfaffenzeller/results_project/10b10t/10b10t15c1000e_10-dt80-int/data/param_702_rep_9/config.json,"ArgumentError: invalid JSON at byte position 0 while parsing type Any: UnexpectedEOF

"
/project/theorie/n/N.Pfaffenzeller/results_project/10b10t/10b10t15c1000e_10-dt80-int,param_703_rep_1,/project/theorie/n/N.Pfaffenzeller/results_project/10b10t/10b10t15c1000e_10-dt80-int/data/param_703_rep_1,/project/theorie/n/N.Pfaffenzeller/results_project/10b10t/10b10t15c1000e_10-dt80-int/data/param_703_rep_1/event_log.csv,/project/theorie/n/N.Pfaffenzeller/results_project/10b10t/10b10t15c1000e_10-dt80-int/data/param_703_rep_1/config.json,"ArgumentError: invalid JSON at byte position 0 while parsing type Any: UnexpectedEOF

"
/project/theorie/n/N.Pfaffenzeller/results_project/10b10t/10b10t15c1000e_10-dt80-int,param_703_rep_10,/project/theorie/n/N.Pfaffenzeller/results_project/10b10t/10b10t15c1000e_10-dt80-int/data/param_703_rep_10,/project/theorie/n/N.Pfaffenzeller/results_project/10b10t/10b10t15c1000e_10-dt80-int/data/param_703_rep_10/event_log.csv,/project/theorie/n/N.Pfaffenzeller/results_project/10b10t/10b10t15c1000e_10-dt80-int/data/param_703_rep_10/config.json,"ArgumentError: invalid JSON at byte position 0 while parsing type Any: UnexpectedEOF

"
/project/theorie/n/N.Pfaffenzeller/results_project/10b10t/10b10t15c1000e_10-dt80-int,param_703_rep_2,/project/theorie/n/N.Pfaffenzeller/results_project/10b10t/10b10t15c1000e_10-dt80-int/data/param_703_rep_2,/project/theorie/n/N.Pfaffenzeller/results_project/10b10t/10b10t15c1000e_10-dt80-int/data/param_703_rep_2/event_log.csv,/project/theorie/n/N.Pfaffenzeller/results_project/10b10t/10b10t15c1000e_10-dt80-int/data/param_703_rep_2/config.json,"ArgumentError: invalid JSON at byte position 0 while parsing type Any: UnexpectedEOF

"
/project/theorie/n/N.Pfaffenzeller/results_project/10b10t/10b10t15c1000e_10-dt80-int,param_703_rep_3,/project/theorie/n/N.Pfaffenzeller/results_project/10b10t/10b10t15c1000e_10-dt80-int/data/param_703_rep_3,/project/theorie/n/N.Pfaffenzeller/results_project/10b10t/10b10t15c1000e_10-dt80-int/data/param_703_rep_3/event_log.csv,/project/theorie/n/N.Pfaffenzeller/results_project/10b10t/10b10t15c1000e_10-dt80-int/data/param_703_rep_3/config.json,"ArgumentError: invalid JSON at byte position 0 while parsing type Any: UnexpectedEOF

"
/project/theorie/n/N.Pfaffenzeller/results_project/10b10t/10b10t15c1000e_10-dt80-int,param_703_rep_4,/project/theorie/n/N.Pfaffenzeller/results_project/10b10t/10b10t15c1000e_10-dt80-int/data/param_703_rep_4,/project/theorie/n/N.Pfaffenzeller/results_project/10b10t/10b10t15c1000e_10-dt80-int/data/param_703_rep_4/event_log.csv,/project/theorie/n/N.Pfaffenzeller/results_project/10b10t/10b10t15c1000e_10-dt80-int/data/param_703_rep_4/config.json,No task_* columns found (excluding task_id).
/project/theorie/n/N.Pfaffenzeller/results_project/10b10t/10b10t15c1000e_10-dt80-int,param_703_rep_5,/project/theorie/n/N.Pfaffenzeller/results_project/10b10t/10b10t15c1000e_10-dt80-int/data/param_703_rep_5,/project/theorie/n/N.Pfaffenzeller/results_project/10b10t/10b10t15c1000e_10-dt80-int/data/param_703_rep_5/event_log.csv,/project/theorie/n/N.Pfaffenzeller/results_project/10b10t/10b10t15c1000e_10-dt80-int/data/param_703_rep_5/config.json,"ArgumentError: invalid JSON at byte position 0 while parsing type Any: UnexpectedEOF

"
/project/theorie/n/N.Pfaffenzeller/results_project/10b10t/10b10t15c1000e_10-dt80-int,param_703_rep_6,/project/theorie/n/N.Pfaffenzeller/results_project/10b10t/10b10t15c1000e_10-dt80-int/data/param_703_rep_6,/project/theorie/n/N.Pfaffenzeller/results_project/10b10t/10b10t15c1000e_10-dt80-int/data/param_703_rep_6/event_log.csv,/project/theorie/n/N.Pfaffenzeller/results_project/10b10t/10b10t15c1000e_10-dt80-int/data/param_703_rep_6/config.json,"ArgumentError: invalid JSON at byte position 0 while parsing type Any: UnexpectedEOF

"
/project/theorie/n/N.Pfaffenzeller/results_project/10b10t/10b10t15c1000e_10-dt80-int,param_703_rep_7,/project/theorie/n/N.Pfaffenzeller/results_project/10b10t/10b10t15c1000e_10-dt80-int/data/param_703_rep_7,/project/theorie/n/N.Pfaffenzeller/results_project/10b10t/10b10t15c1000e_10-dt80-int/data/param_703_rep_7/event_log.csv,/project/theorie/n/N.Pfaffenzeller/results_project/10b10t/10b10t15c1000e_10-dt80-int/data/param_703_rep_7/config.json,"ArgumentError: invalid JSON at byte position 0 while parsing type Any: UnexpectedEOF

"
/project/theorie/n/N.Pfaffenzeller/results_project/10b10t/10b10t15c1000e_10-dt80-int,param_703_rep_8,/project/theorie/n/N.Pfaffenzeller/results_project/10b10t/10b10t15c1000e_10-dt80-int/data/param_703_rep_8,/project/theorie/n/N.Pfaffenzeller/results_project/10b10t/10b10t15c1000e_10-dt80-int/data/param_703_rep_8/event_log.csv,/project/theorie/n/N.Pfaffenzeller/results_project/10b10t/10b10t15c1000e_10-dt80-int/data/param_703_rep_8/config.json,"ArgumentError: invalid JSON at byte position 0 while parsing type Any: UnexpectedEOF

"
/project/theorie/n/N.Pfaffenzeller/results_project/10b10t/10b10t15c1000e_10-dt80-int,param_703_rep_9,/project/theorie/n/N.Pfaffenzeller/results_project/10b10t/10b10t15c1000e_10-dt80-int/data/param_703_rep_9,/project/theorie/n/N.Pfaffenzeller/results_project/10b10t/10b10t15c1000e_10-dt80-int/data/param_703_rep_9/event_log.csv,/project/theorie/n/N.Pfaffenzeller/results_project/10b10t/10b10t15c1000e_10-dt80-int/data/param_703_rep_9/config.json,"ArgumentError: invalid JSON at byte position 0 while parsing type Any: UnexpectedEOF

"
/project/theorie/n/N.Pfaffenzeller/results_project/10b10t/10b10t15c1000e_10-dt80-int,param_704_rep_1,/project/theorie/n/N.Pfaffenzeller/results_project/10b10t/10b10t15c1000e_10-dt80-int/data/param_704_rep_1,/project/theorie/n/N.Pfaffenzeller/results_project/10b10t/10b10t15c1000e_10-dt80-int/data/param_704_rep_1/event_log.csv,/project/theorie/n/N.Pfaffenzeller/results_project/10b10t/10b10t15c1000e_10-dt80-int/data/param_704_rep_1/config.json,No task_* columns found (excluding task_id).
/project/theorie/n/N.Pfaffenzeller/results_project/10b10t/10b10t15c1000e_10-dt80-int,param_704_rep_10,/project/theorie/n/N.Pfaffenzeller/results_project/10b10t/10b10t15c1000e_10-dt80-int/data/param_704_rep_10,/project/theorie/n/N.Pfaffenzeller/results_project/10b10t/10b10t15c1000e_10-dt80-int/data/param_704_rep_10/event_log.csv,/project/theorie/n/N.Pfaffenzeller/results_project/10b10t/10b10t15c1000e_10-dt80-int/data/param_704_rep_10/config.json,"ArgumentError: invalid JSON at byte position 0 while parsing type Any: UnexpectedEOF

"
/project/theorie/n/N.Pfaffenzeller/results_project/10b10t/10b10t15c1000e_10-dt80-int,param_704_rep_2,/project/theorie/n/N.Pfaffenzeller/results_project/10b10t/10b10t15c1000e_10-dt80-int/data/param_704_rep_2,/project/theorie/n/N.Pfaffenzeller/results_project/10b10t/10b10t15c1000e_10-dt80-int/data/param_704_rep_2/event_log.csv,/project/theorie/n/N.Pfaffenzeller/results_project/10b10t/10b10t15c1000e_10-dt80-int/data/param_704_rep_2/config.json,"ArgumentError: invalid JSON at byte position 0 while parsing type Any: UnexpectedEOF

"
/project/theorie/n/N.Pfaffenzeller/results_project/10b10t/10b10t15c1000e_10-dt80-int,param_704_rep_3,/project/theorie/n/N.Pfaffenzeller/results_project/10b10t/10b10t15c1000e_10-dt80-int/data/param_704_rep_3,/project/theorie/n/N.Pfaffenzeller/results_project/10b10t/10b10t15c1000e_10-dt80-int/data/param_704_rep_3/event_log.csv,/project/theorie/n/N.Pfaffenzeller/results_project/10b10t/10b10t15c1000e_10-dt80-int/data/param_704_rep_3/config.json,"ArgumentError: invalid JSON at byte position 0 while parsing type Any: UnexpectedEOF

"
/project/theorie/n/N.Pfaffenzeller/results_project/10b10t/10b10t15c1000e_10-dt80-int,param_704_rep_4,/project/theorie/n/N.Pfaffenzeller/results_project/10b10t/10b10t15c1000e_10-dt80-int/data/param_704_rep_4,/project/theorie/n/N.Pfaffenzeller/results_project/10b10t/10b10t15c1000e_10-dt80-int/data/param_704_rep_4/event_log.csv,/project/theorie/n/N.Pfaffenzeller/results_project/10b10t/10b10t15c1000e_10-dt80-int/data/param_704_rep_4/config.json,"ArgumentError: invalid JSON at byte position 0 while parsing type Any: UnexpectedEOF

"
/project/theorie/n/N.Pfaffenzeller/results_project/10b10t/10b10t15c1000e_10-dt80-int,param_704_rep_5,/project/theorie/n/N.Pfaffenzeller/results_project/10b10t/10b10t15c1000e_10-dt80-int/data/param_704_rep_5,/project/theorie/n/N.Pfaffenzeller/results_project/10b10t/10b10t15c1000e_10-dt80-int/data/param_704_rep_5/event_log.csv,/project/theorie/n/N.Pfaffenzeller/results_project/10b10t/10b10t15c1000e_10-dt80-int/data/param_704_rep_5/config.json,"ArgumentError: invalid JSON at byte position 0 while parsing type Any: UnexpectedEOF

"
/project/theorie/n/N.Pfaffenzeller/results_project/10b10t/10b10t15c1000e_10-dt80-int,param_704_rep_6,/project/theorie/n/N.Pfaffenzeller/results_project/10b10t/10b10t15c1000e_10-dt80-int/data/param_704_rep_6,/project/theorie/n/N.Pfaffenzeller/results_project/10b10t/10b10t15c1000e_10-dt80-int/data/param_704_rep_6/event_log.csv,/project/theorie/n/N.Pfaffenzeller/results_project/10b10t/10b10t15c1000e_10-dt80-int/data/param_704_rep_6/config.json,"ArgumentError: invalid JSON at byte position 0 while parsing type Any: UnexpectedEOF

"
/project/theorie/n/N.Pfaffenzeller/results_project/10b10t/10b10t15c1000e_10-dt80-int,param_704_rep_7,/project/theorie/n/N.Pfaffenzeller/results_project/10b10t/10b10t15c1000e_10-dt80-int/data/param_704_rep_7,/project/theorie/n/N.Pfaffenzeller/results_project/10b10t/10b10t15c1000e_10-dt80-int/data/param_704_rep_7/event_log.csv,/project/theorie/n/N.Pfaffenzeller/results_project/10b10t/10b10t15c1000e_10-dt80-int/data/param_704_rep_7/config.json,"ArgumentError: invalid JSON at byte position 0 while parsing type Any: UnexpectedEOF

"
/project/theorie/n/N.Pfaffenzeller/results_project/10b10t/10b10t15c1000e_10-dt80-int,param_704_rep_8,/project/theorie/n/N.Pfaffenzeller/results_project/10b10t/10b10t15c1000e_10-dt80-int/data/param_704_rep_8,/project/theorie/n/N.Pfaffenzeller/results_project/10b10t/10b10t15c1000e_10-dt80-int/data/param_704_rep_8/event_log.csv,/project/theorie/n/N.Pfaffenzeller/results_project/10b10t/10b10t15c1000e_10-dt80-int/data/param_704_rep_8/config.json,"ArgumentError: invalid JSON at byte position 0 while parsing type Any: UnexpectedEOF

"
/project/theorie/n/N.Pfaffenzeller/results_project/10b10t/10b10t15c1000e_10-dt80-int,param_704_rep_9,/project/theorie/n/N.Pfaffenzeller/results_project/10b10t/10b10t15c1000e_10-dt80-int/data/param_704_rep_9,/project/theorie/n/N.Pfaffenzeller/results_project/10b10t/10b10t15c1000e_10-dt80-int/data/param_704_rep_9/event_log.csv,/project/theorie/n/N.Pfaffenzeller/results_project/10b10t/10b10t15c1000e_10-dt80-int/data/param_704_rep_9/config.json,"ArgumentError: invalid JSON at byte position 0 while parsing type Any: UnexpectedEOF

"
/project/theorie/n/N.Pfaffenzeller/results_project/10b10t/10b10t15c1000e_10-dt80-int,param_705_rep_1,/project/theorie/n/N.Pfaffenzeller/results_project/10b10t/10b10t15c1000e_10-dt80-int/data/param_705_rep_1,/project/theorie/n/N.Pfaffenzeller/results_project/10b10t/10b10t15c1000e_10-dt80-int/data/param_705_rep_1/event_log.csv,/project/theorie/n/N.Pfaffenzeller/results_project/10b10t/10b10t15c1000e_10-dt80-int/data/param_705_rep_1/config.json,"ArgumentError: invalid JSON at byte position 0 while parsing type Any: UnexpectedEOF

"
/project/theorie/n/N.Pfaffenzeller/results_project/10b10t/10b10t15c1000e_10-dt80-int,param_705_rep_10,/project/theorie/n/N.Pfaffenzeller/results_project/10b10t/10b10t15c1000e_10-dt80-int/data/param_705_rep_10,/project/theorie/n/N.Pfaffenzeller/results_project/10b10t/10b10t15c1000e_10-dt80-int/data/param_705_rep_10/event_log.csv,/project/theorie/n/N.Pfaffenzeller/results_project/10b10t/10b10t15c1000e_10-dt80-int/data/param_705_rep_10/config.json,"ArgumentError: invalid JSON at byte position 0 while parsing type Any: UnexpectedEOF

"
/project/theorie/n/N.Pfaffenzeller/results_project/10b10t/10b10t15c1000e_10-dt80-int,param_705_rep_2,/project/theorie/n/N.Pfaffenzeller/results_project/10b10t/10b10t15c1000e_10-dt80-int/data/param_705_rep_2,/project/theorie/n/N.Pfaffenzeller/results_project/10b10t/10b10t15c1000e_10-dt80-int/data/param_705_rep_2/event_log.csv,/project/theorie/n/N.Pfaffenzeller/results_project/10b10t/10b10t15c1000e_10-dt80-int/data/param_705_rep_2/config.json,"ArgumentError: invalid JSON at byte position 0 while parsing type Any: UnexpectedEOF

"
/project/theorie/n/N.Pfaffenzeller/results_project/10b10t/10b10t15c1000e_10-dt80-int,param_705_rep_3,/project/theorie/n/N.Pfaffenzeller/results_project/10b10t/10b10t15c1000e_10-dt80-int/data/param_705_rep_3,/project/theorie/n/N.Pfaffenzeller/results_project/10b10t/10b10t15c1000e_10-dt80-int/data/param_705_rep_3/event_log.csv,/project/theorie/n/N.Pfaffenzeller/results_project/10b10t/10b10t15c1000e_10-dt80-int/data/param_705_rep_3/config.json,"ArgumentError: invalid JSON at byte position 0 while parsing type Any: UnexpectedEOF

"
/project/theorie/n/N.Pfaffenzeller/results_project/10b10t/10b10t15c1000e_10-dt80-int,param_705_rep_4,/project/theorie/n/N.Pfaffenzeller/results_project/10b10t/10b10t15c1000e_10-dt80-int/data/param_705_rep_4,/project/theorie/n/N.Pfaffenzeller/results_project/10b10t/10b10t15c1000e_10-dt80-int/data/param_705_rep_4/event_log.csv,/project/theorie/n/N.Pfaffenzeller/results_project/10b10t/10b10t15c1000e_10-dt80-int/data/param_705_rep_4/config.json,"ArgumentError: invalid JSON at byte position 0 while parsing type Any: UnexpectedEOF

"
/project/theorie/n/N.Pfaffenzeller/results_project/10b10t/10b10t15c1000e_10-dt80-int,param_705_rep_5,/project/theorie/n/N.Pfaffenzeller/results_project/10b10t/10b10t15c1000e_10-dt80-int/data/param_705_rep_5,/project/theorie/n/N.Pfaffenzeller/results_project/10b10t/10b10t15c1000e_10-dt80-int/data/param_705_rep_5/event_log.csv,/project/theorie/n/N.Pfaffenzeller/results_project/10b10t/10b10t15c1000e_10-dt80-int/data/param_705_rep_5/config.json,"ArgumentError: invalid JSON at byte position 0 while parsing type Any: UnexpectedEOF

"
/project/theorie/n/N.Pfaffenzeller/results_project/10b10t/10b10t15c1000e_10-dt80-int,param_705_rep_6,/project/theorie/n/N.Pfaffenzeller/results_project/10b10t/10b10t15c1000e_10-dt80-int/data/param_705_rep_6,/project/theorie/n/N.Pfaffenzeller/results_project/10b10t/10b10t15c1000e_10-dt80-int/data/param_705_rep_6/event_log.csv,/project/theorie/n/N.Pfaffenzeller/results_project/10b10t/10b10t15c1000e_10-dt80-int/data/param_705_rep_6/config.json,"ArgumentError: invalid JSON at byte position 0 while parsing type Any: UnexpectedEOF

"
/project/theorie/n/N.Pfaffenzeller/results_project/10b10t/10b10t15c1000e_10-dt80-int,param_705_rep_7,/project/theorie/n/N.Pfaffenzeller/results_project/10b10t/10b10t15c1000e_10-dt80-int/data/param_705_rep_7,/project/theorie/n/N.Pfaffenzeller/results_project/10b10t/10b10t15c1000e_10-dt80-int/data/param_705_rep_7/event_log.csv,/project/theorie/n/N.Pfaffenzeller/results_project/10b10t/10b10t15c1000e_10-dt80-int/data/param_705_rep_7/config.json,"ArgumentError: invalid JSON at byte position 0 while parsing type Any: UnexpectedEOF

"
/project/theorie/n/N.Pfaffenzeller/results_project/10b10t/10b10t15c1000e_10-dt80-int,param_705_rep_8,/project/theorie/n/N.Pfaffenzeller/results_project/10b10t/10b10t15c1000e_10-dt80-int/data/param_705_rep_8,/project/theorie/n/N.Pfaffenzeller/results_project/10b10t/10b10t15c1000e_10-dt80-int/data/param_705_rep_8/event_log.csv,/project/theorie/n/N.Pfaffenzeller/results_project/10b10t/10b10t15c1000e_10-dt80-int/data/param_705_rep_8/config.json,"ArgumentError: invalid JSON at byte position 0 while parsing type Any: UnexpectedEOF

"
/project/theorie/n/N.Pfaffenzeller/results_project/10b10t/10b10t15c1000e_10-dt80-int,param_705_rep_9,/project/theorie/n/N.Pfaffenzeller/results_project/10b10t/10b10t15c1000e_10-dt80-int/data/param_705_rep_9,/project/theorie/n/N.Pfaffenzeller/results_project/10b10t/10b10t15c1000e_10-dt80-int/data/param_705_rep_9/event_log.csv,/project/theorie/n/N.Pfaffenzeller/results_project/10b10t/10b10t15c1000e_10-dt80-int/data/param_705_rep_9/config.json,"ArgumentError: invalid JSON at byte position 0 while parsing type Any: UnexpectedEOF

"
/project/theorie/n/N.Pfaffenzeller/results_project/10b10t/10b10t15c1000e_10-dt80-int,param_706_rep_1,/project/theorie/n/N.Pfaffenzeller/results_project/10b10t/10b10t15c1000e_10-dt80-int/data/param_706_rep_1,/project/theorie/n/N.Pfaffenzeller/results_project/10b10t/10b10t15c1000e_10-dt80-int/data/param_706_rep_1/event_log.csv,/project/theorie/n/N.Pfaffenzeller/results_project/10b10t/10b10t15c1000e_10-dt80-int/data/param_706_rep_1/config.json,"ArgumentError: invalid JSON at byte position 0 while parsing type Any: UnexpectedEOF

"
/project/theorie/n/N.Pfaffenzeller/results_project/10b10t/10b10t15c1000e_10-dt80-int,param_706_rep_10,/project/theorie/n/N.Pfaffenzeller/results_project/10b10t/10b10t15c1000e_10-dt80-int/data/param_706_rep_10,/project/theorie/n/N.Pfaffenzeller/results_project/10b10t/10b10t15c1000e_10-dt80-int/data/param_706_rep_10/event_log.csv,/project/theorie/n/N.Pfaffenzeller/results_project/10b10t/10b10t15c1000e_10-dt80-int/data/param_706_rep_10/config.json,"ArgumentError: invalid JSON at byte position 0 while parsing type Any: UnexpectedEOF

"
/project/theorie/n/N.Pfaffenzeller/results_project/10b10t/10b10t15c1000e_10-dt80-int,param_706_rep_2,/project/theorie/n/N.Pfaffenzeller/results_project/10b10t/10b10t15c1000e_10-dt80-int/data/param_706_rep_2,/project/theorie/n/N.Pfaffenzeller/results_project/10b10t/10b10t15c1000e_10-dt80-int/data/param_706_rep_2/event_log.csv,/project/theorie/n/N.Pfaffenzeller/results_project/10b10t/10b10t15c1000e_10-dt80-int/data/param_706_rep_2/config.json,"ArgumentError: invalid JSON at byte position 0 while parsing type Any: UnexpectedEOF

"
/project/theorie/n/N.Pfaffenzeller/results_project/10b10t/10b10t15c1000e_10-dt80-int,param_706_rep_3,/project/theorie/n/N.Pfaffenzeller/results_project/10b10t/10b10t15c1000e_10-dt80-int/data/param_706_rep_3,/project/theorie/n/N.Pfaffenzeller/results_project/10b10t/10b10t15c1000e_10-dt80-int/data/param_706_rep_3/event_log.csv,/project/theorie/n/N.Pfaffenzeller/results_project/10b10t/10b10t15c1000e_10-dt80-int/data/param_706_rep_3/config.json,"ArgumentError: invalid JSON at byte position 0 while parsing type Any: UnexpectedEOF

"
/project/theorie/n/N.Pfaffenzeller/results_project/10b10t/10b10t15c1000e_10-dt80-int,param_706_rep_4,/project/theorie/n/N.Pfaffenzeller/results_project/10b10t/10b10t15c1000e_10-dt80-int/data/param_706_rep_4,/project/theorie/n/N.Pfaffenzeller/results_project/10b10t/10b10t15c1000e_10-dt80-int/data/param_706_rep_4/event_log.csv,/project/theorie/n/N.Pfaffenzeller/results_project/10b10t/10b10t15c1000e_10-dt80-int/data/param_706_rep_4/config.json,"ArgumentError: invalid JSON at byte position 0 while parsing type Any: UnexpectedEOF

"
/project/theorie/n/N.Pfaffenzeller/results_project/10b10t/10b10t15c1000e_10-dt80-int,param_706_rep_5,/project/theorie/n/N.Pfaffenzeller/results_project/10b10t/10b10t15c1000e_10-dt80-int/data/param_706_rep_5,/project/theorie/n/N.Pfaffenzeller/results_project/10b10t/10b10t15c1000e_10-dt80-int/data/param_706_rep_5/event_log.csv,/project/theorie/n/N.Pfaffenzeller/results_project/10b10t/10b10t15c1000e_10-dt80-int/data/param_706_rep_5/config.json,"ArgumentError: invalid JSON at byte position 0 while parsing type Any: UnexpectedEOF

"
/project/theorie/n/N.Pfaffenzeller/results_project/10b10t/10b10t15c1000e_10-dt80-int,param_706_rep_6,/project/theorie/n/N.Pfaffenzeller/results_project/10b10t/10b10t15c1000e_10-dt80-int/data/param_706_rep_6,/project/theorie/n/N.Pfaffenzeller/results_project/10b10t/10b10t15c1000e_10-dt80-int/data/param_706_rep_6/event_log.csv,/project/theorie/n/N.Pfaffenzeller/results_project/10b10t/10b10t15c1000e_10-dt80-int/data/param_706_rep_6/config.json,"ArgumentError: invalid JSON at byte position 0 while parsing type Any: UnexpectedEOF

"
/project/theorie/n/N.Pfaffenzeller/results_project/10b10t/10b10t15c1000e_10-dt80-int,param_706_rep_7,/project/theorie/n/N.Pfaffenzeller/results_project/10b10t/10b10t15c1000e_10-dt80-int/data/param_706_rep_7,/project/theorie/n/N.Pfaffenzeller/results_project/10b10t/10b10t15c1000e_10-dt80-int/data/param_706_rep_7/event_log.csv,/project/theorie/n/N.Pfaffenzeller/results_project/10b10t/10b10t15c1000e_10-dt80-int/data/param_706_rep_7/config.json,"ArgumentError: invalid JSON at byte position 0 while parsing type Any: UnexpectedEOF

"
/project/theorie/n/N.Pfaffenzeller/results_project/10b10t/10b10t15c1000e_10-dt80-int,param_706_rep_8,/project/theorie/n/N.Pfaffenzeller/results_project/10b10t/10b10t15c1000e_10-dt80-int/data/param_706_rep_8,/project/theorie/n/N.Pfaffenzeller/results_project/10b10t/10b10t15c1000e_10-dt80-int/data/param_706_rep_8/event_log.csv,/project/theorie/n/N.Pfaffenzeller/results_project/10b10t/10b10t15c1000e_10-dt80-int/data/param_706_rep_8/config.json,"ArgumentError: invalid JSON at byte position 0 while parsing type Any: UnexpectedEOF

"
/project/theorie/n/N.Pfaffenzeller/results_project/10b10t/10b10t15c1000e_10-dt80-int,param_706_rep_9,/project/theorie/n/N.Pfaffenzeller/results_project/10b10t/10b10t15c1000e_10-dt80-int/data/param_706_rep_9,/project/theorie/n/N.Pfaffenzeller/results_project/10b10t/10b10t15c1000e_10-dt80-int/data/param_706_rep_9/event_log.csv,/project/theorie/n/N.Pfaffenzeller/results_project/10b10t/10b10t15c1000e_10-dt80-int/data/param_706_rep_9/config.json,"ArgumentError: invalid JSON at byte position 0 while parsing type Any: UnexpectedEOF

"
/project/theorie/n/N.Pfaffenzeller/results_project/10b10t/10b10t15c1000e_10-dt80-int,param_707_rep_1,/project/theorie/n/N.Pfaffenzeller/results_project/10b10t/10b10t15c1000e_10-dt80-int/data/param_707_rep_1,/project/theorie/n/N.Pfaffenzeller/results_project/10b10t/10b10t15c1000e_10-dt80-int/data/param_707_rep_1/event_log.csv,/project/theorie/n/N.Pfaffenzeller/results_project/10b10t/10b10t15c1000e_10-dt80-int/data/param_707_rep_1/config.json,"ArgumentError: invalid JSON at byte position 0 while parsing type Any: UnexpectedEOF

"
/project/theorie/n/N.Pfaffenzeller/results_project/10b10t/10b10t15c1000e_10-dt80-int,param_707_rep_10,/project/theorie/n/N.Pfaffenzeller/results_project/10b10t/10b10t15c1000e_10-dt80-int/data/param_707_rep_10,/project/theorie/n/N.Pfaffenzeller/results_project/10b10t/10b10t15c1000e_10-dt80-int/data/param_707_rep_10/event_log.csv,/project/theorie/n/N.Pfaffenzeller/results_project/10b10t/10b10t15c1000e_10-dt80-int/data/param_707_rep_10/config.json,"ArgumentError: invalid JSON at byte position 0 while parsing type Any: UnexpectedEOF

"
/project/theorie/n/N.Pfaffenzeller/results_project/10b10t/10b10t15c1000e_10-dt80-int,param_707_rep_2,/project/theorie/n/N.Pfaffenzeller/results_project/10b10t/10b10t15c1000e_10-dt80-int/data/param_707_rep_2,/project/theorie/n/N.Pfaffenzeller/results_project/10b10t/10b10t15c1000e_10-dt80-int/data/param_707_rep_2/event_log.csv,/project/theorie/n/N.Pfaffenzeller/results_project/10b10t/10b10t15c1000e_10-dt80-int/data/param_707_rep_2/config.json,"ArgumentError: invalid JSON at byte position 0 while parsing type Any: UnexpectedEOF

"
/project/theorie/n/N.Pfaffenzeller/results_project/10b10t/10b10t15c1000e_10-dt80-int,param_707_rep_3,/project/theorie/n/N.Pfaffenzeller/results_project/10b10t/10b10t15c1000e_10-dt80-int/data/param_707_rep_3,/project/theorie/n/N.Pfaffenzeller/results_project/10b10t/10b10t15c1000e_10-dt80-int/data/param_707_rep_3/event_log.csv,/project/theorie/n/N.Pfaffenzeller/results_project/10b10t/10b10t15c1000e_10-dt80-int/data/param_707_rep_3/config.json,"ArgumentError: invalid JSON at byte position 0 while parsing type Any: UnexpectedEOF

"
/project/theorie/n/N.Pfaffenzeller/results_project/10b10t/10b10t15c1000e_10-dt80-int,param_707_rep_4,/project/theorie/n/N.Pfaffenzeller/results_project/10b10t/10b10t15c1000e_10-dt80-int/data/param_707_rep_4,/project/theorie/n/N.Pfaffenzeller/results_project/10b10t/10b10t15c1000e_10-dt80-int/data/param_707_rep_4/event_log.csv,/project/theorie/n/N.Pfaffenzeller/results_project/10b10t/10b10t15c1000e_10-dt80-int/data/param_707_rep_4/config.json,"ArgumentError: invalid JSON at byte position 0 while parsing type Any: UnexpectedEOF

"
/project/theorie/n/N.Pfaffenzeller/results_project/10b10t/10b10t15c1000e_10-dt80-int,param_707_rep_5,/project/theorie/n/N.Pfaffenzeller/results_project/10b10t/10b10t15c1000e_10-dt80-int/data/param_707_rep_5,/project/theorie/n/N.Pfaffenzeller/results_project/10b10t/10b10t15c1000e_10-dt80-int/data/param_707_rep_5/event_log.csv,/project/theorie/n/N.Pfaffenzeller/results_project/10b10t/10b10t15c1000e_10-dt80-int/data/param_707_rep_5/config.json,"ArgumentError: invalid JSON at byte position 0 while parsing type Any: UnexpectedEOF

"
/project/theorie/n/N.Pfaffenzeller/results_project/10b10t/10b10t15c1000e_10-dt80-int,param_707_rep_6,/project/theorie/n/N.Pfaffenzeller/results_project/10b10t/10b10t15c1000e_10-dt80-int/data/param_707_rep_6,/project/theorie/n/N.Pfaffenzeller/results_project/10b10t/10b10t15c1000e_10-dt80-int/data/param_707_rep_6/event_log.csv,/project/theorie/n/N.Pfaffenzeller/results_project/10b10t/10b10t15c1000e_10-dt80-int/data/param_707_rep_6/config.json,"ArgumentError: invalid JSON at byte position 0 while parsing type Any: UnexpectedEOF

"
/project/theorie/n/N.Pfaffenzeller/results_project/10b10t/10b10t15c1000e_10-dt80-int,param_707_rep_7,/project/theorie/n/N.Pfaffenzeller/results_project/10b10t/10b10t15c1000e_10-dt80-int/data/param_707_rep_7,/project/theorie/n/N.Pfaffenzeller/results_project/10b10t/10b10t15c1000e_10-dt80-int/data/param_707_rep_7/event_log.csv,/project/theorie/n/N.Pfaffenzeller/results_project/10b10t/10b10t15c1000e_10-dt80-int/data/param_707_rep_7/config.json,"ArgumentError: invalid JSON at byte position 0 while parsing type Any: UnexpectedEOF

"
/project/theorie/n/N.Pfaffenzeller/results_project/10b10t/10b10t15c1000e_10-dt80-int,param_707_rep_8,/project/theorie/n/N.Pfaffenzeller/results_project/10b10t/10b10t15c1000e_10-dt80-int/data/param_707_rep_8,/project/theorie/n/N.Pfaffenzeller/results_project/10b10t/10b10t15c1000e_10-dt80-int/data/param_707_rep_8/event_log.csv,/project/theorie/n/N.Pfaffenzeller/results_project/10b10t/10b10t15c1000e_10-dt80-int/data/param_707_rep_8/config.json,"ArgumentError: invalid JSON at byte position 0 while parsing type Any: UnexpectedEOF

"
/project/theorie/n/N.Pfaffenzeller/results_project/10b10t/10b10t15c1000e_10-dt80-int,param_707_rep_9,/project/theorie/n/N.Pfaffenzeller/results_project/10b10t/10b10t15c1000e_10-dt80-int/data/param_707_rep_9,/project/theorie/n/N.Pfaffenzeller/results_project/10b10t/10b10t15c1000e_10-dt80-int/data/param_707_rep_9/event_log.csv,/project/theorie/n/N.Pfaffenzeller/results_project/10b10t/10b10t15c1000e_10-dt80-int/data/param_707_rep_9/config.json,"ArgumentError: invalid JSON at byte position 0 while parsing type Any: UnexpectedEOF

"
/project/theorie/n/N.Pfaffenzeller/results_project/10b10t/10b10t15c1000e_10-dt80-int,param_708_rep_1,/project/theorie/n/N.Pfaffenzeller/results_project/10b10t/10b10t15c1000e_10-dt80-int/data/param_708_rep_1,/project/theorie/n/N.Pfaffenzeller/results_project/10b10t/10b10t15c1000e_10-dt80-int/data/param_708_rep_1/event_log.csv,/project/theorie/n/N.Pfaffenzeller/results_project/10b10t/10b10t15c1000e_10-dt80-int/data/param_708_rep_1/config.json,"ArgumentError: invalid JSON at byte position 0 while parsing type Any: UnexpectedEOF

"
/project/theorie/n/N.Pfaffenzeller/results_project/10b10t/10b10t15c1000e_10-dt80-int,param_708_rep_10,/project/theorie/n/N.Pfaffenzeller/results_project/10b10t/10b10t15c1000e_10-dt80-int/data/param_708_rep_10,/project/theorie/n/N.Pfaffenzeller/results_project/10b10t/10b10t15c1000e_10-dt80-int/data/param_708_rep_10/event_log.csv,/project/theorie/n/N.Pfaffenzeller/results_project/10b10t/10b10t15c1000e_10-dt80-int/data/param_708_rep_10/config.json,"ArgumentError: invalid JSON at byte position 0 while parsing type Any: UnexpectedEOF

"
/project/theorie/n/N.Pfaffenzeller/results_project/10b10t/10b10t15c1000e_10-dt80-int,param_708_rep_2,/project/theorie/n/N.Pfaffenzeller/results_project/10b10t/10b10t15c1000e_10-dt80-int/data/param_708_rep_2,/project/theorie/n/N.Pfaffenzeller/results_project/10b10t/10b10t15c1000e_10-dt80-int/data/param_708_rep_2/event_log.csv,/project/theorie/n/N.Pfaffenzeller/results_project/10b10t/10b10t15c1000e_10-dt80-int/data/param_708_rep_2/config.json,"ArgumentError: invalid JSON at byte position 0 while parsing type Any: UnexpectedEOF

"
/project/theorie/n/N.Pfaffenzeller/results_project/10b10t/10b10t15c1000e_10-dt80-int,param_708_rep_3,/project/theorie/n/N.Pfaffenzeller/results_project/10b10t/10b10t15c1000e_10-dt80-int/data/param_708_rep_3,/project/theorie/n/N.Pfaffenzeller/results_project/10b10t/10b10t15c1000e_10-dt80-int/data/param_708_rep_3/event_log.csv,/project/theorie/n/N.Pfaffenzeller/results_project/10b10t/10b10t15c1000e_10-dt80-int/data/param_708_rep_3/config.json,"ArgumentError: invalid JSON at byte position 0 while parsing type Any: UnexpectedEOF

"
/project/theorie/n/N.Pfaffenzeller/results_project/10b10t/10b10t15c1000e_10-dt80-int,param_708_rep_4,/project/theorie/n/N.Pfaffenzeller/results_project/10b10t/10b10t15c1000e_10-dt80-int/data/param_708_rep_4,/project/theorie/n/N.Pfaffenzeller/results_project/10b10t/10b10t15c1000e_10-dt80-int/data/param_708_rep_4/event_log.csv,/project/theorie/n/N.Pfaffenzeller/results_project/10b10t/10b10t15c1000e_10-dt80-int/data/param_708_rep_4/config.json,"ArgumentError: invalid JSON at byte position 0 while parsing type Any: UnexpectedEOF

"
/project/theorie/n/N.Pfaffenzeller/results_project/10b10t/10b10t15c1000e_10-dt80-int,param_708_rep_5,/project/theorie/n/N.Pfaffenzeller/results_project/10b10t/10b10t15c1000e_10-dt80-int/data/param_708_rep_5,/project/theorie/n/N.Pfaffenzeller/results_project/10b10t/10b10t15c1000e_10-dt80-int/data/param_708_rep_5/event_log.csv,/project/theorie/n/N.Pfaffenzeller/results_project/10b10t/10b10t15c1000e_10-dt80-int/data/param_708_rep_5/config.json,"ArgumentError: invalid JSON at byte position 0 while parsing type Any: UnexpectedEOF

"
/project/theorie/n/N.Pfaffenzeller/results_project/10b10t/10b10t15c1000e_10-dt80-int,param_708_rep_6,/project/theorie/n/N.Pfaffenzeller/results_project/10b10t/10b10t15c1000e_10-dt80-int/data/param_708_rep_6,/project/theorie/n/N.Pfaffenzeller/results_project/10b10t/10b10t15c1000e_10-dt80-int/data/param_708_rep_6/event_log.csv,/project/theorie/n/N.Pfaffenzeller/results_project/10b10t/10b10t15c1000e_10-dt80-int/data/param_708_rep_6/config.json,"ArgumentError: invalid JSON at byte position 0 while parsing type Any: UnexpectedEOF

"
/project/theorie/n/N.Pfaffenzeller/results_project/10b10t/10b10t15c1000e_10-dt80-int,param_708_rep_7,/project/theorie/n/N.Pfaffenzeller/results_project/10b10t/10b10t15c1000e_10-dt80-int/data/param_708_rep_7,/project/theorie/n/N.Pfaffenzeller/results_project/10b10t/10b10t15c1000e_10-dt80-int/data/param_708_rep_7/event_log.csv,/project/theorie/n/N.Pfaffenzeller/results_project/10b10t/10b10t15c1000e_10-dt80-int/data/param_708_rep_7/config.json,"ArgumentError: invalid JSON at byte position 0 while parsing type Any: UnexpectedEOF

"
/project/theorie/n/N.Pfaffenzeller/results_project/10b10t/10b10t15c1000e_10-dt80-int,param_708_rep_8,/project/theorie/n/N.Pfaffenzeller/results_project/10b10t/10b10t15c1000e_10-dt80-int/data/param_708_rep_8,/project/theorie/n/N.Pfaffenzeller/results_project/10b10t/10b10t15c1000e_10-dt80-int/data/param_708_rep_8/event_log.csv,/project/theorie/n/N.Pfaffenzeller/results_project/10b10t/10b10t15c1000e_10-dt80-int/data/param_708_rep_8/config.json,"ArgumentError: invalid JSON at byte position 0 while parsing type Any: UnexpectedEOF

"
/project/theorie/n/N.Pfaffenzeller/results_project/10b10t/10b10t15c1000e_10-dt80-int,param_708_rep_9,/project/theorie/n/N.Pfaffenzeller/results_project/10b10t/10b10t15c1000e_10-dt80-int/data/param_708_rep_9,/project/theorie/n/N.Pfaffenzeller/results_project/10b10t/10b10t15c1000e_10-dt80-int/data/param_708_rep_9/event_log.csv,/project/theorie/n/N.Pfaffenzeller/results_project/10b10t/10b10t15c1000e_10-dt80-int/data/param_708_rep_9/config.json,"ArgumentError: invalid JSON at byte position 0 while parsing type Any: UnexpectedEOF

"
/project/theorie/n/N.Pfaffenzeller/results_project/10b10t/10b10t15c1000e_10-dt80-int,param_709_rep_1,/project/theorie/n/N.Pfaffenzeller/results_project/10b10t/10b10t15c1000e_10-dt80-int/data/param_709_rep_1,/project/theorie/n/N.Pfaffenzeller/results_project/10b10t/10b10t15c1000e_10-dt80-int/data/param_709_rep_1/event_log.csv,/project/theorie/n/N.Pfaffenzeller/results_project/10b10t/10b10t15c1000e_10-dt80-int/data/param_709_rep_1/config.json,"ArgumentError: invalid JSON at byte position 0 while parsing type Any: UnexpectedEOF

"
/project/theorie/n/N.Pfaffenzeller/results_project/10b10t/10b10t15c1000e_10-dt80-int,param_709_rep_10,/project/theorie/n/N.Pfaffenzeller/results_project/10b10t/10b10t15c1000e_10-dt80-int/data/param_709_rep_10,/project/theorie/n/N.Pfaffenzeller/results_project/10b10t/10b10t15c1000e_10-dt80-int/data/param_709_rep_10/event_log.csv,/project/theorie/n/N.Pfaffenzeller/results_project/10b10t/10b10t15c1000e_10-dt80-int/data/param_709_rep_10/config.json,"ArgumentError: invalid JSON at byte position 0 while parsing type Any: UnexpectedEOF

"
/project/theorie/n/N.Pfaffenzeller/results_project/10b10t/10b10t15c1000e_10-dt80-int,param_709_rep_2,/project/theorie/n/N.Pfaffenzeller/results_project/10b10t/10b10t15c1000e_10-dt80-int/data/param_709_rep_2,/project/theorie/n/N.Pfaffenzeller/results_project/10b10t/10b10t15c1000e_10-dt80-int/data/param_709_rep_2/event_log.csv,/project/theorie/n/N.Pfaffenzeller/results_project/10b10t/10b10t15c1000e_10-dt80-int/data/param_709_rep_2/config.json,"ArgumentError: invalid JSON at byte position 0 while parsing type Any: UnexpectedEOF

"
/project/theorie/n/N.Pfaffenzeller/results_project/10b10t/10b10t15c1000e_10-dt80-int,param_709_rep_3,/project/theorie/n/N.Pfaffenzeller/results_project/10b10t/10b10t15c1000e_10-dt80-int/data/param_709_rep_3,/project/theorie/n/N.Pfaffenzeller/results_project/10b10t/10b10t15c1000e_10-dt80-int/data/param_709_rep_3/event_log.csv,/project/theorie/n/N.Pfaffenzeller/results_project/10b10t/10b10t15c1000e_10-dt80-int/data/param_709_rep_3/config.json,"ArgumentError: invalid JSON at byte position 0 while parsing type Any: UnexpectedEOF

"
/project/theorie/n/N.Pfaffenzeller/results_project/10b10t/10b10t15c1000e_10-dt80-int,param_709_rep_4,/project/theorie/n/N.Pfaffenzeller/results_project/10b10t/10b10t15c1000e_10-dt80-int/data/param_709_rep_4,/project/theorie/n/N.Pfaffenzeller/results_project/10b10t/10b10t15c1000e_10-dt80-int/data/param_709_rep_4/event_log.csv,/project/theorie/n/N.Pfaffenzeller/results_project/10b10t/10b10t15c1000e_10-dt80-int/data/param_709_rep_4/config.json,"ArgumentError: invalid JSON at byte position 0 while parsing type Any: UnexpectedEOF

"
/project/theorie/n/N.Pfaffenzeller/results_project/10b10t/10b10t15c1000e_10-dt80-int,param_709_rep_5,/project/theorie/n/N.Pfaffenzeller/results_project/10b10t/10b10t15c1000e_10-dt80-int/data/param_709_rep_5,/project/theorie/n/N.Pfaffenzeller/results_project/10b10t/10b10t15c1000e_10-dt80-int/data/param_709_rep_5/event_log.csv,/project/theorie/n/N.Pfaffenzeller/results_project/10b10t/10b10t15c1000e_10-dt80-int/data/param_709_rep_5/config.json,"ArgumentError: invalid JSON at byte position 0 while parsing type Any: UnexpectedEOF

"
/project/theorie/n/N.Pfaffenzeller/results_project/10b10t/10b10t15c1000e_10-dt80-int,param_709_rep_6,/project/theorie/n/N.Pfaffenzeller/results_project/10b10t/10b10t15c1000e_10-dt80-int/data/param_709_rep_6,/project/theorie/n/N.Pfaffenzeller/results_project/10b10t/10b10t15c1000e_10-dt80-int/data/param_709_rep_6/event_log.csv,/project/theorie/n/N.Pfaffenzeller/results_project/10b10t/10b10t15c1000e_10-dt80-int/data/param_709_rep_6/config.json,No task_* columns found (excluding task_id).
/project/theorie/n/N.Pfaffenzeller/results_project/10b10t/10b10t15c1000e_10-dt80-int,param_709_rep_7,/project/theorie/n/N.Pfaffenzeller/results_project/10b10t/10b10t15c1000e_10-dt80-int/data/param_709_rep_7,/project/theorie/n/N.Pfaffenzeller/results_project/10b10t/10b10t15c1000e_10-dt80-int/data/param_709_rep_7/event_log.csv,/project/theorie/n/N.Pfaffenzeller/results_project/10b10t/10b10t15c1000e_10-dt80-int/data/param_709_rep_7/config.json,"ArgumentError: invalid JSON at byte position 0 while parsing type Any: UnexpectedEOF

"
/project/theorie/n/N.Pfaffenzeller/results_project/10b10t/10b10t15c1000e_10-dt80-int,param_709_rep_8,/project/theorie/n/N.Pfaffenzeller/results_project/10b10t/10b10t15c1000e_10-dt80-int/data/param_709_rep_8,/project/theorie/n/N.Pfaffenzeller/results_project/10b10t/10b10t15c1000e_10-dt80-int/data/param_709_rep_8/event_log.csv,/project/theorie/n/N.Pfaffenzeller/results_project/10b10t/10b10t15c1000e_10-dt80-int/data/param_709_rep_8/config.json,"ArgumentError: invalid JSON at byte position 0 while parsing type Any: UnexpectedEOF

"
/project/theorie/n/N.Pfaffenzeller/results_project/10b10t/10b10t15c1000e_10-dt80-int,param_709_rep_9,/project/theorie/n/N.Pfaffenzeller/results_project/10b10t/10b10t15c1000e_10-dt80-int/data/param_709_rep_9,/project/theorie/n/N.Pfaffenzeller/results_project/10b10t/10b10t15c1000e_10-dt80-int/data/param_709_rep_9/event_log.csv,/project/theorie/n/N.Pfaffenzeller/results_project/10b10t/10b10t15c1000e_10-dt80-int/data/param_709_rep_9/config.json,"ArgumentError: invalid JSON at byte position 0 while parsing type Any: UnexpectedEOF

"
/project/theorie/n/N.Pfaffenzeller/results_project/10b10t/10b10t15c1000e_10-dt80-int,param_710_rep_1,/project/theorie/n/N.Pfaffenzeller/results_project/10b10t/10b10t15c1000e_10-dt80-int/data/param_710_rep_1,/project/theorie/n/N.Pfaffenzeller/results_project/10b10t/10b10t15c1000e_10-dt80-int/data/param_710_rep_1/event_log.csv,/project/theorie/n/N.Pfaffenzeller/results_project/10b10t/10b10t15c1000e_10-dt80-int/data/param_710_rep_1/config.json,"ArgumentError: invalid JSON at byte position 0 while parsing type Any: UnexpectedEOF

"
/project/theorie/n/N.Pfaffenzeller/results_project/10b10t/10b10t15c1000e_10-dt80-int,param_710_rep_10,/project/theorie/n/N.Pfaffenzeller/results_project/10b10t/10b10t15c1000e_10-dt80-int/data/param_710_rep_10,/project/theorie/n/N.Pfaffenzeller/results_project/10b10t/10b10t15c1000e_10-dt80-int/data/param_710_rep_10/event_log.csv,/project/theorie/n/N.Pfaffenzeller/results_project/10b10t/10b10t15c1000e_10-dt80-int/data/param_710_rep_10/config.json,"ArgumentError: invalid JSON at byte position 0 while parsing type Any: UnexpectedEOF

"
/project/theorie/n/N.Pfaffenzeller/results_project/10b10t/10b10t15c1000e_10-dt80-int,param_710_rep_2,/project/theorie/n/N.Pfaffenzeller/results_project/10b10t/10b10t15c1000e_10-dt80-int/data/param_710_rep_2,/project/theorie/n/N.Pfaffenzeller/results_project/10b10t/10b10t15c1000e_10-dt80-int/data/param_710_rep_2/event_log.csv,/project/theorie/n/N.Pfaffenzeller/results_project/10b10t/10b10t15c1000e_10-dt80-int/data/param_710_rep_2/config.json,"ArgumentError: invalid JSON at byte position 0 while parsing type Any: UnexpectedEOF

"
/project/theorie/n/N.Pfaffenzeller/results_project/10b10t/10b10t15c1000e_10-dt80-int,param_710_rep_3,/project/theorie/n/N.Pfaffenzeller/results_project/10b10t/10b10t15c1000e_10-dt80-int/data/param_710_rep_3,/project/theorie/n/N.Pfaffenzeller/results_project/10b10t/10b10t15c1000e_10-dt80-int/data/param_710_rep_3/event_log.csv,/project/theorie/n/N.Pfaffenzeller/results_project/10b10t/10b10t15c1000e_10-dt80-int/data/param_710_rep_3/config.json,"ArgumentError: invalid JSON at byte position 0 while parsing type Any: UnexpectedEOF

"
/project/theorie/n/N.Pfaffenzeller/results_project/10b10t/10b10t15c1000e_10-dt80-int,param_710_rep_4,/project/theorie/n/N.Pfaffenzeller/results_project/10b10t/10b10t15c1000e_10-dt80-int/data/param_710_rep_4,/project/theorie/n/N.Pfaffenzeller/results_project/10b10t/10b10t15c1000e_10-dt80-int/data/param_710_rep_4/event_log.csv,/project/theorie/n/N.Pfaffenzeller/results_project/10b10t/10b10t15c1000e_10-dt80-int/data/param_710_rep_4/config.json,"ArgumentError: invalid JSON at byte position 0 while parsing type Any: UnexpectedEOF

"
/project/theorie/n/N.Pfaffenzeller/results_project/10b10t/10b10t15c1000e_10-dt80-int,param_710_rep_5,/project/theorie/n/N.Pfaffenzeller/results_project/10b10t/10b10t15c1000e_10-dt80-int/data/param_710_rep_5,/project/theorie/n/N.Pfaffenzeller/results_project/10b10t/10b10t15c1000e_10-dt80-int/data/param_710_rep_5/event_log.csv,/project/theorie/n/N.Pfaffenzeller/results_project/10b10t/10b10t15c1000e_10-dt80-int/data/param_710_rep_5/config.json,No task_* columns found (excluding task_id).
/project/theorie/n/N.Pfaffenzeller/results_project/10b10t/10b10t15c1000e_10-dt80-int,param_710_rep_6,/project/theorie/n/N.Pfaffenzeller/results_project/10b10t/10b10t15c1000e_10-dt80-int/data/param_710_rep_6,/project/theorie/n/N.Pfaffenzeller/results_project/10b10t/10b10t15c1000e_10-dt80-int/data/param_710_rep_6/event_log.csv,/project/theorie/n/N.Pfaffenzeller/results_project/10b10t/10b10t15c1000e_10-dt80-int/data/param_710_rep_6/config.json,"ArgumentError: invalid JSON at byte position 0 while parsing type Any: UnexpectedEOF

"
/project/theorie/n/N.Pfaffenzeller/results_project/10b10t/10b10t15c1000e_10-dt80-int,param_710_rep_7,/project/theorie/n/N.Pfaffenzeller/results_project/10b10t/10b10t15c1000e_10-dt80-int/data/param_710_rep_7,/project/theorie/n/N.Pfaffenzeller/results_project/10b10t/10b10t15c1000e_10-dt80-int/data/param_710_rep_7/event_log.csv,/project/theorie/n/N.Pfaffenzeller/results_project/10b10t/10b10t15c1000e_10-dt80-int/data/param_710_rep_7/config.json,"ArgumentError: invalid JSON at byte position 0 while parsing type Any: UnexpectedEOF

"
/project/theorie/n/N.Pfaffenzeller/results_project/10b10t/10b10t15c1000e_10-dt80-int,param_710_rep_8,/project/theorie/n/N.Pfaffenzeller/results_project/10b10t/10b10t15c1000e_10-dt80-int/data/param_710_rep_8,/project/theorie/n/N.Pfaffenzeller/results_project/10b10t/10b10t15c1000e_10-dt80-int/data/param_710_rep_8/event_log.csv,/project/theorie/n/N.Pfaffenzeller/results_project/10b10t/10b10t15c1000e_10-dt80-int/data/param_710_rep_8/config.json,"ArgumentError: invalid JSON at byte position 0 while parsing type Any: UnexpectedEOF

"
/project/theorie/n/N.Pfaffenzeller/results_project/10b10t/10b10t15c1000e_10-dt80-int,param_710_rep_9,/project/theorie/n/N.Pfaffenzeller/results_project/10b10t/10b10t15c1000e_10-dt80-int/data/param_710_rep_9,/project/theorie/n/N.Pfaffenzeller/results_project/10b10t/10b10t15c1000e_10-dt80-int/data/param_710_rep_9/event_log.csv,/project/theorie/n/N.Pfaffenzeller/results_project/10b10t/10b10t15c1000e_10-dt80-int/data/param_710_rep_9/config.json,"ArgumentError: invalid JSON at byte position 0 while parsing type Any: UnexpectedEOF

"
/project/theorie/n/N.Pfaffenzeller/results_project/10b10t/10b10t15c1000e_10-dt80-int,param_711_rep_1,/project/theorie/n/N.Pfaffenzeller/results_project/10b10t/10b10t15c1000e_10-dt80-int/data/param_711_rep_1,/project/theorie/n/N.Pfaffenzeller/results_project/10b10t/10b10t15c1000e_10-dt80-int/data/param_711_rep_1/event_log.csv,/project/theorie/n/N.Pfaffenzeller/results_project/10b10t/10b10t15c1000e_10-dt80-int/data/param_711_rep_1/config.json,"ArgumentError: invalid JSON at byte position 0 while parsing type Any: UnexpectedEOF

"
/project/theorie/n/N.Pfaffenzeller/results_project/10b10t/10b10t15c1000e_10-dt80-int,param_711_rep_10,/project/theorie/n/N.Pfaffenzeller/results_project/10b10t/10b10t15c1000e_10-dt80-int/data/param_711_rep_10,/project/theorie/n/N.Pfaffenzeller/results_project/10b10t/10b10t15c1000e_10-dt80-int/data/param_711_rep_10/event_log.csv,/project/theorie/n/N.Pfaffenzeller/results_project/10b10t/10b10t15c1000e_10-dt80-int/data/param_711_rep_10/config.json,"ArgumentError: invalid JSON at byte position 0 while parsing type Any: UnexpectedEOF

"
/project/theorie/n/N.Pfaffenzeller/results_project/10b10t/10b10t15c1000e_10-dt80-int,param_711_rep_2,/project/theorie/n/N.Pfaffenzeller/results_project/10b10t/10b10t15c1000e_10-dt80-int/data/param_711_rep_2,/project/theorie/n/N.Pfaffenzeller/results_project/10b10t/10b10t15c1000e_10-dt80-int/data/param_711_rep_2/event_log.csv,/project/theorie/n/N.Pfaffenzeller/results_project/10b10t/10b10t15c1000e_10-dt80-int/data/param_711_rep_2/config.json,"ArgumentError: invalid JSON at byte position 0 while parsing type Any: UnexpectedEOF

"
/project/theorie/n/N.Pfaffenzeller/results_project/10b10t/10b10t15c1000e_10-dt80-int,param_711_rep_3,/project/theorie/n/N.Pfaffenzeller/results_project/10b10t/10b10t15c1000e_10-dt80-int/data/param_711_rep_3,/project/theorie/n/N.Pfaffenzeller/results_project/10b10t/10b10t15c1000e_10-dt80-int/data/param_711_rep_3/event_log.csv,/project/theorie/n/N.Pfaffenzeller/results_project/10b10t/10b10t15c1000e_10-dt80-int/data/param_711_rep_3/config.json,"ArgumentError: invalid JSON at byte position 0 while parsing type Any: UnexpectedEOF

"
/project/theorie/n/N.Pfaffenzeller/results_project/10b10t/10b10t15c1000e_10-dt80-int,param_711_rep_4,/project/theorie/n/N.Pfaffenzeller/results_project/10b10t/10b10t15c1000e_10-dt80-int/data/param_711_rep_4,/project/theorie/n/N.Pfaffenzeller/results_project/10b10t/10b10t15c1000e_10-dt80-int/data/param_711_rep_4/event_log.csv,/project/theorie/n/N.Pfaffenzeller/results_project/10b10t/10b10t15c1000e_10-dt80-int/data/param_711_rep_4/config.json,"ArgumentError: invalid JSON at byte position 0 while parsing type Any: UnexpectedEOF

"
/project/theorie/n/N.Pfaffenzeller/results_project/10b10t/10b10t15c1000e_10-dt80-int,param_711_rep_5,/project/theorie/n/N.Pfaffenzeller/results_project/10b10t/10b10t15c1000e_10-dt80-int/data/param_711_rep_5,/project/theorie/n/N.Pfaffenzeller/results_project/10b10t/10b10t15c1000e_10-dt80-int/data/param_711_rep_5/event_log.csv,/project/theorie/n/N.Pfaffenzeller/results_project/10b10t/10b10t15c1000e_10-dt80-int/data/param_711_rep_5/config.json,"ArgumentError: invalid JSON at byte position 0 while parsing type Any: UnexpectedEOF

"
/project/theorie/n/N.Pfaffenzeller/results_project/10b10t/10b10t15c1000e_10-dt80-int,param_711_rep_6,/project/theorie/n/N.Pfaffenzeller/results_project/10b10t/10b10t15c1000e_10-dt80-int/data/param_711_rep_6,/project/theorie/n/N.Pfaffenzeller/results_project/10b10t/10b10t15c1000e_10-dt80-int/data/param_711_rep_6/event_log.csv,/project/theorie/n/N.Pfaffenzeller/results_project/10b10t/10b10t15c1000e_10-dt80-int/data/param_711_rep_6/config.json,No task_* columns found (excluding task_id).
/project/theorie/n/N.Pfaffenzeller/results_project/10b10t/10b10t15c1000e_10-dt80-int,param_711_rep_7,/project/theorie/n/N.Pfaffenzeller/results_project/10b10t/10b10t15c1000e_10-dt80-int/data/param_711_rep_7,/project/theorie/n/N.Pfaffenzeller/results_project/10b10t/10b10t15c1000e_10-dt80-int/data/param_711_rep_7/event_log.csv,/project/theorie/n/N.Pfaffenzeller/results_project/10b10t/10b10t15c1000e_10-dt80-int/data/param_711_rep_7/config.json,"ArgumentError: invalid JSON at byte position 0 while parsing type Any: UnexpectedEOF

"
/project/theorie/n/N.Pfaffenzeller/results_project/10b10t/10b10t15c1000e_10-dt80-int,param_711_rep_8,/project/theorie/n/N.Pfaffenzeller/results_project/10b10t/10b10t15c1000e_10-dt80-int/data/param_711_rep_8,/project/theorie/n/N.Pfaffenzeller/results_project/10b10t/10b10t15c1000e_10-dt80-int/data/param_711_rep_8/event_log.csv,/project/theorie/n/N.Pfaffenzeller/results_project/10b10t/10b10t15c1000e_10-dt80-int/data/param_711_rep_8/config.json,"ArgumentError: invalid JSON at byte position 0 while parsing type Any: UnexpectedEOF

"
/project/theorie/n/N.Pfaffenzeller/results_project/10b10t/10b10t15c1000e_10-dt80-int,param_711_rep_9,/project/theorie/n/N.Pfaffenzeller/results_project/10b10t/10b10t15c1000e_10-dt80-int/data/param_711_rep_9,/project/theorie/n/N.Pfaffenzeller/results_project/10b10t/10b10t15c1000e_10-dt80-int/data/param_711_rep_9/event_log.csv,/project/theorie/n/N.Pfaffenzeller/results_project/10b10t/10b10t15c1000e_10-dt80-int/data/param_711_rep_9/config.json,"ArgumentError: invalid JSON at byte position 0 while parsing type Any: UnexpectedEOF

"
/project/theorie/n/N.Pfaffenzeller/results_project/10b10t/10b10t15c1000e_10-dt80-int,param_712_rep_1,/project/theorie/n/N.Pfaffenzeller/results_project/10b10t/10b10t15c1000e_10-dt80-int/data/param_712_rep_1,/project/theorie/n/N.Pfaffenzeller/results_project/10b10t/10b10t15c1000e_10-dt80-int/data/param_712_rep_1/event_log.csv,/project/theorie/n/N.Pfaffenzeller/results_project/10b10t/10b10t15c1000e_10-dt80-int/data/param_712_rep_1/config.json,"ArgumentError: invalid JSON at byte position 0 while parsing type Any: UnexpectedEOF

"
/project/theorie/n/N.Pfaffenzeller/results_project/10b10t/10b10t15c1000e_10-dt80-int,param_712_rep_10,/project/theorie/n/N.Pfaffenzeller/results_project/10b10t/10b10t15c1000e_10-dt80-int/data/param_712_rep_10,/project/theorie/n/N.Pfaffenzeller/results_project/10b10t/10b10t15c1000e_10-dt80-int/data/param_712_rep_10/event_log.csv,/project/theorie/n/N.Pfaffenzeller/results_project/10b10t/10b10t15c1000e_10-dt80-int/data/param_712_rep_10/config.json,"ArgumentError: invalid JSON at byte position 0 while parsing type Any: UnexpectedEOF

"
/project/theorie/n/N.Pfaffenzeller/results_project/10b10t/10b10t15c1000e_10-dt80-int,param_712_rep_2,/project/theorie/n/N.Pfaffenzeller/results_project/10b10t/10b10t15c1000e_10-dt80-int/data/param_712_rep_2,/project/theorie/n/N.Pfaffenzeller/results_project/10b10t/10b10t15c1000e_10-dt80-int/data/param_712_rep_2/event_log.csv,/project/theorie/n/N.Pfaffenzeller/results_project/10b10t/10b10t15c1000e_10-dt80-int/data/param_712_rep_2/config.json,"MethodError: Cannot `convert` an object of type Missing to an object of type Float64
The function `convert` exists, but no method is defined for this combination of argument types.

Closest candidates are:
  convert(::Type{T}, !Matched::T) where T<:Number
   @ Base number.jl:6
  convert(::Type{T}, !Matched::Number) where T<:Number
   @ Base number.jl:7
  convert(::Type{T}, !Matched::T) where T
   @ Base Base.jl:126
  ...
"
/project/theorie/n/N.Pfaffenzeller/results_project/10b10t/10b10t15c1000e_10-dt80-int,param_712_rep_3,/project/theorie/n/N.Pfaffenzeller/results_project/10b10t/10b10t15c1000e_10-dt80-int/data/param_712_rep_3,/project/theorie/n/N.Pfaffenzeller/results_project/10b10t/10b10t15c1000e_10-dt80-int/data/param_712_rep_3/event_log.csv,/project/theorie/n/N.Pfaffenzeller/results_project/10b10t/10b10t15c1000e_10-dt80-int/data/param_712_rep_3/config.json,"ArgumentError: invalid JSON at byte position 0 while parsing type Any: UnexpectedEOF

"
/project/theorie/n/N.Pfaffenzeller/results_project/10b10t/10b10t15c1000e_10-dt80-int,param_712_rep_4,/project/theorie/n/N.Pfaffenzeller/results_project/10b10t/10b10t15c1000e_10-dt80-int/data/param_712_rep_4,/project/theorie/n/N.Pfaffenzeller/results_project/10b10t/10b10t15c1000e_10-dt80-int/data/param_712_rep_4/event_log.csv,/project/theorie/n/N.Pfaffenzeller/results_project/10b10t/10b10t15c1000e_10-dt80-int/data/param_712_rep_4/config.json,"ArgumentError: invalid JSON at byte position 0 while parsing type Any: UnexpectedEOF

"
/project/theorie/n/N.Pfaffenzeller/results_project/10b10t/10b10t15c1000e_10-dt80-int,param_712_rep_5,/project/theorie/n/N.Pfaffenzeller/results_project/10b10t/10b10t15c1000e_10-dt80-int/data/param_712_rep_5,/project/theorie/n/N.Pfaffenzeller/results_project/10b10t/10b10t15c1000e_10-dt80-int/data/param_712_rep_5/event_log.csv,/project/theorie/n/N.Pfaffenzeller/results_project/10b10t/10b10t15c1000e_10-dt80-int/data/param_712_rep_5/config.json,"ArgumentError: invalid JSON at byte position 0 while parsing type Any: UnexpectedEOF

"
/project/theorie/n/N.Pfaffenzeller/results_project/10b10t/10b10t15c1000e_10-dt80-int,param_712_rep_6,/project/theorie/n/N.Pfaffenzeller/results_project/10b10t/10b10t15c1000e_10-dt80-int/data/param_712_rep_6,/project/theorie/n/N.Pfaffenzeller/results_project/10b10t/10b10t15c1000e_10-dt80-int/data/param_712_rep_6/event_log.csv,/project/theorie/n/N.Pfaffenzeller/results_project/10b10t/10b10t15c1000e_10-dt80-int/data/param_712_rep_6/config.json,"ArgumentError: invalid JSON at byte position 0 while parsing type Any: UnexpectedEOF

"
/project/theorie/n/N.Pfaffenzeller/results_project/10b10t/10b10t15c1000e_10-dt80-int,param_712_rep_7,/project/theorie/n/N.Pfaffenzeller/results_project/10b10t/10b10t15c1000e_10-dt80-int/data/param_712_rep_7,/project/theorie/n/N.Pfaffenzeller/results_project/10b10t/10b10t15c1000e_10-dt80-int/data/param_712_rep_7/event_log.csv,/project/theorie/n/N.Pfaffenzeller/results_project/10b10t/10b10t15c1000e_10-dt80-int/data/param_712_rep_7/config.json,"ArgumentError: invalid JSON at byte position 0 while parsing type Any: UnexpectedEOF

"
/project/theorie/n/N.Pfaffenzeller/results_project/10b10t/10b10t15c1000e_10-dt80-int,param_712_rep_8,/project/theorie/n/N.Pfaffenzeller/results_project/10b10t/10b10t15c1000e_10-dt80-int/data/param_712_rep_8,/project/theorie/n/N.Pfaffenzeller/results_project/10b10t/10b10t15c1000e_10-dt80-int/data/param_712_rep_8/event_log.csv,/project/theorie/n/N.Pfaffenzeller/results_project/10b10t/10b10t15c1000e_10-dt80-int/data/param_712_rep_8/config.json,"ArgumentError: invalid JSON at byte position 0 while parsing type Any: UnexpectedEOF

"
/project/theorie/n/N.Pfaffenzeller/results_project/10b10t/10b10t15c1000e_10-dt80-int,param_712_rep_9,/project/theorie/n/N.Pfaffenzeller/results_project/10b10t/10b10t15c1000e_10-dt80-int/data/param_712_rep_9,/project/theorie/n/N.Pfaffenzeller/results_project/10b10t/10b10t15c1000e_10-dt80-int/data/param_712_rep_9/event_log.csv,/project/theorie/n/N.Pfaffenzeller/results_project/10b10t/10b10t15c1000e_10-dt80-int/data/param_712_rep_9/config.json,No task_* columns found (excluding task_id).
/project/theorie/n/N.Pfaffenzeller/results_project/10b10t/10b10t15c1000e_10-dt80-int,param_713_rep_1,/project/theorie/n/N.Pfaffenzeller/results_project/10b10t/10b10t15c1000e_10-dt80-int/data/param_713_rep_1,/project/theorie/n/N.Pfaffenzeller/results_project/10b10t/10b10t15c1000e_10-dt80-int/data/param_713_rep_1/event_log.csv,/project/theorie/n/N.Pfaffenzeller/results_project/10b10t/10b10t15c1000e_10-dt80-int/data/param_713_rep_1/config.json,"ArgumentError: invalid JSON at byte position 0 while parsing type Any: UnexpectedEOF

"
/project/theorie/n/N.Pfaffenzeller/results_project/10b10t/10b10t15c1000e_10-dt80-int,param_713_rep_10,/project/theorie/n/N.Pfaffenzeller/results_project/10b10t/10b10t15c1000e_10-dt80-int/data/param_713_rep_10,/project/theorie/n/N.Pfaffenzeller/results_project/10b10t/10b10t15c1000e_10-dt80-int/data/param_713_rep_10/event_log.csv,/project/theorie/n/N.Pfaffenzeller/results_project/10b10t/10b10t15c1000e_10-dt80-int/data/param_713_rep_10/config.json,"ArgumentError: invalid JSON at byte position 0 while parsing type Any: UnexpectedEOF

"
/project/theorie/n/N.Pfaffenzeller/results_project/10b10t/10b10t15c1000e_10-dt80-int,param_713_rep_2,/project/theorie/n/N.Pfaffenzeller/results_project/10b10t/10b10t15c1000e_10-dt80-int/data/param_713_rep_2,/project/theorie/n/N.Pfaffenzeller/results_project/10b10t/10b10t15c1000e_10-dt80-int/data/param_713_rep_2/event_log.csv,/project/theorie/n/N.Pfaffenzeller/results_project/10b10t/10b10t15c1000e_10-dt80-int/data/param_713_rep_2/config.json,"ArgumentError: invalid JSON at byte position 0 while parsing type Any: UnexpectedEOF

"
/project/theorie/n/N.Pfaffenzeller/results_project/10b10t/10b10t15c1000e_10-dt80-int,param_713_rep_3,/project/theorie/n/N.Pfaffenzeller/results_project/10b10t/10b10t15c1000e_10-dt80-int/data/param_713_rep_3,/project/theorie/n/N.Pfaffenzeller/results_project/10b10t/10b10t15c1000e_10-dt80-int/data/param_713_rep_3/event_log.csv,/project/theorie/n/N.Pfaffenzeller/results_project/10b10t/10b10t15c1000e_10-dt80-int/data/param_713_rep_3/config.json,"ArgumentError: invalid JSON at byte position 0 while parsing type Any: UnexpectedEOF

"
/project/theorie/n/N.Pfaffenzeller/results_project/10b10t/10b10t15c1000e_10-dt80-int,param_713_rep_4,/project/theorie/n/N.Pfaffenzeller/results_project/10b10t/10b10t15c1000e_10-dt80-int/data/param_713_rep_4,/project/theorie/n/N.Pfaffenzeller/results_project/10b10t/10b10t15c1000e_10-dt80-int/data/param_713_rep_4/event_log.csv,/project/theorie/n/N.Pfaffenzeller/results_project/10b10t/10b10t15c1000e_10-dt80-int/data/param_713_rep_4/config.json,"ArgumentError: invalid JSON at byte position 0 while parsing type Any: UnexpectedEOF

"
/project/theorie/n/N.Pfaffenzeller/results_project/10b10t/10b10t15c1000e_10-dt80-int,param_713_rep_5,/project/theorie/n/N.Pfaffenzeller/results_project/10b10t/10b10t15c1000e_10-dt80-int/data/param_713_rep_5,/project/theorie/n/N.Pfaffenzeller/results_project/10b10t/10b10t15c1000e_10-dt80-int/data/param_713_rep_5/event_log.csv,/project/theorie/n/N.Pfaffenzeller/results_project/10b10t/10b10t15c1000e_10-dt80-int/data/param_713_rep_5/config.json,"ArgumentError: invalid JSON at byte position 0 while parsing type Any: UnexpectedEOF

"
/project/theorie/n/N.Pfaffenzeller/results_project/10b10t/10b10t15c1000e_10-dt80-int,param_713_rep_6,/project/theorie/n/N.Pfaffenzeller/results_project/10b10t/10b10t15c1000e_10-dt80-int/data/param_713_rep_6,/project/theorie/n/N.Pfaffenzeller/results_project/10b10t/10b10t15c1000e_10-dt80-int/data/param_713_rep_6/event_log.csv,/project/theorie/n/N.Pfaffenzeller/results_project/10b10t/10b10t15c1000e_10-dt80-int/data/param_713_rep_6/config.json,"ArgumentError: invalid JSON at byte position 0 while parsing type Any: UnexpectedEOF

"
/project/theorie/n/N.Pfaffenzeller/results_project/10b10t/10b10t15c1000e_10-dt80-int,param_713_rep_7,/project/theorie/n/N.Pfaffenzeller/results_project/10b10t/10b10t15c1000e_10-dt80-int/data/param_713_rep_7,/project/theorie/n/N.Pfaffenzeller/results_project/10b10t/10b10t15c1000e_10-dt80-int/data/param_713_rep_7/event_log.csv,/project/theorie/n/N.Pfaffenzeller/results_project/10b10t/10b10t15c1000e_10-dt80-int/data/param_713_rep_7/config.json,No task_* columns found (excluding task_id).
/project/theorie/n/N.Pfaffenzeller/results_project/10b10t/10b10t15c1000e_10-dt80-int,param_713_rep_8,/project/theorie/n/N.Pfaffenzeller/results_project/10b10t/10b10t15c1000e_10-dt80-int/data/param_713_rep_8,/project/theorie/n/N.Pfaffenzeller/results_project/10b10t/10b10t15c1000e_10-dt80-int/data/param_713_rep_8/event_log.csv,/project/theorie/n/N.Pfaffenzeller/results_project/10b10t/10b10t15c1000e_10-dt80-int/data/param_713_rep_8/config.json,"ArgumentError: invalid JSON at byte position 0 while parsing type Any: UnexpectedEOF

"
/project/theorie/n/N.Pfaffenzeller/results_project/10b10t/10b10t15c1000e_10-dt80-int,param_713_rep_9,/project/theorie/n/N.Pfaffenzeller/results_project/10b10t/10b10t15c1000e_10-dt80-int/data/param_713_rep_9,/project/theorie/n/N.Pfaffenzeller/results_project/10b10t/10b10t15c1000e_10-dt80-int/data/param_713_rep_9/event_log.csv,/project/theorie/n/N.Pfaffenzeller/results_project/10b10t/10b10t15c1000e_10-dt80-int/data/param_713_rep_9/config.json,"ArgumentError: invalid JSON at byte position 0 while parsing type Any: UnexpectedEOF

"
/project/theorie/n/N.Pfaffenzeller/results_project/10b10t/10b10t15c1000e_10-dt80-int,param_714_rep_1,/project/theorie/n/N.Pfaffenzeller/results_project/10b10t/10b10t15c1000e_10-dt80-int/data/param_714_rep_1,/project/theorie/n/N.Pfaffenzeller/results_project/10b10t/10b10t15c1000e_10-dt80-int/data/param_714_rep_1/event_log.csv,/project/theorie/n/N.Pfaffenzeller/results_project/10b10t/10b10t15c1000e_10-dt80-int/data/param_714_rep_1/config.json,"ArgumentError: invalid JSON at byte position 0 while parsing type Any: UnexpectedEOF

"
/project/theorie/n/N.Pfaffenzeller/results_project/10b10t/10b10t15c1000e_10-dt80-int,param_714_rep_10,/project/theorie/n/N.Pfaffenzeller/results_project/10b10t/10b10t15c1000e_10-dt80-int/data/param_714_rep_10,/project/theorie/n/N.Pfaffenzeller/results_project/10b10t/10b10t15c1000e_10-dt80-int/data/param_714_rep_10/event_log.csv,/project/theorie/n/N.Pfaffenzeller/results_project/10b10t/10b10t15c1000e_10-dt80-int/data/param_714_rep_10/config.json,"ArgumentError: invalid JSON at byte position 0 while parsing type Any: UnexpectedEOF

"
/project/theorie/n/N.Pfaffenzeller/results_project/10b10t/10b10t15c1000e_10-dt80-int,param_714_rep_2,/project/theorie/n/N.Pfaffenzeller/results_project/10b10t/10b10t15c1000e_10-dt80-int/data/param_714_rep_2,/project/theorie/n/N.Pfaffenzeller/results_project/10b10t/10b10t15c1000e_10-dt80-int/data/param_714_rep_2/event_log.csv,/project/theorie/n/N.Pfaffenzeller/results_project/10b10t/10b10t15c1000e_10-dt80-int/data/param_714_rep_2/config.json,"ArgumentError: invalid JSON at byte position 0 while parsing type Any: UnexpectedEOF

"
/project/theorie/n/N.Pfaffenzeller/results_project/10b10t/10b10t15c1000e_10-dt80-int,param_714_rep_3,/project/theorie/n/N.Pfaffenzeller/results_project/10b10t/10b10t15c1000e_10-dt80-int/data/param_714_rep_3,/project/theorie/n/N.Pfaffenzeller/results_project/10b10t/10b10t15c1000e_10-dt80-int/data/param_714_rep_3/event_log.csv,/project/theorie/n/N.Pfaffenzeller/results_project/10b10t/10b10t15c1000e_10-dt80-int/data/param_714_rep_3/config.json,"ArgumentError: invalid JSON at byte position 0 while parsing type Any: UnexpectedEOF

"
/project/theorie/n/N.Pfaffenzeller/results_project/10b10t/10b10t15c1000e_10-dt80-int,param_714_rep_4,/project/theorie/n/N.Pfaffenzeller/results_project/10b10t/10b10t15c1000e_10-dt80-int/data/param_714_rep_4,/project/theorie/n/N.Pfaffenzeller/results_project/10b10t/10b10t15c1000e_10-dt80-int/data/param_714_rep_4/event_log.csv,/project/theorie/n/N.Pfaffenzeller/results_project/10b10t/10b10t15c1000e_10-dt80-int/data/param_714_rep_4/config.json,"ArgumentError: invalid JSON at byte position 0 while parsing type Any: UnexpectedEOF

"
/project/theorie/n/N.Pfaffenzeller/results_project/10b10t/10b10t15c1000e_10-dt80-int,param_714_rep_5,/project/theorie/n/N.Pfaffenzeller/results_project/10b10t/10b10t15c1000e_10-dt80-int/data/param_714_rep_5,/project/theorie/n/N.Pfaffenzeller/results_project/10b10t/10b10t15c1000e_10-dt80-int/data/param_714_rep_5/event_log.csv,/project/theorie/n/N.Pfaffenzeller/results_project/10b10t/10b10t15c1000e_10-dt80-int/data/param_714_rep_5/config.json,"ArgumentError: invalid JSON at byte position 0 while parsing type Any: UnexpectedEOF

"
/project/theorie/n/N.Pfaffenzeller/results_project/10b10t/10b10t15c1000e_10-dt80-int,param_714_rep_6,/project/theorie/n/N.Pfaffenzeller/results_project/10b10t/10b10t15c1000e_10-dt80-int/data/param_714_rep_6,/project/theorie/n/N.Pfaffenzeller/results_project/10b10t/10b10t15c1000e_10-dt80-int/data/param_714_rep_6/event_log.csv,/project/theorie/n/N.Pfaffenzeller/results_project/10b10t/10b10t15c1000e_10-dt80-int/data/param_714_rep_6/config.json,"ArgumentError: invalid JSON at byte position 0 while parsing type Any: UnexpectedEOF

"
/project/theorie/n/N.Pfaffenzeller/results_project/10b10t/10b10t15c1000e_10-dt80-int,param_714_rep_7,/project/theorie/n/N.Pfaffenzeller/results_project/10b10t/10b10t15c1000e_10-dt80-int/data/param_714_rep_7,/project/theorie/n/N.Pfaffenzeller/results_project/10b10t/10b10t15c1000e_10-dt80-int/data/param_714_rep_7/event_log.csv,/project/theorie/n/N.Pfaffenzeller/results_project/10b10t/10b10t15c1000e_10-dt80-int/data/param_714_rep_7/config.json,"ArgumentError: invalid JSON at byte position 0 while parsing type Any: UnexpectedEOF

"
/project/theorie/n/N.Pfaffenzeller/results_project/10b10t/10b10t15c1000e_10-dt80-int,param_714_rep_8,/project/theorie/n/N.Pfaffenzeller/results_project/10b10t/10b10t15c1000e_10-dt80-int/data/param_714_rep_8,/project/theorie/n/N.Pfaffenzeller/results_project/10b10t/10b10t15c1000e_10-dt80-int/data/param_714_rep_8/event_log.csv,/project/theorie/n/N.Pfaffenzeller/results_project/10b10t/10b10t15c1000e_10-dt80-int/data/param_714_rep_8/config.json,"ArgumentError: invalid JSON at byte position 0 while parsing type Any: UnexpectedEOF

"
/project/theorie/n/N.Pfaffenzeller/results_project/10b10t/10b10t15c1000e_10-dt80-int,param_714_rep_9,/project/theorie/n/N.Pfaffenzeller/results_project/10b10t/10b10t15c1000e_10-dt80-int/data/param_714_rep_9,/project/theorie/n/N.Pfaffenzeller/results_project/10b10t/10b10t15c1000e_10-dt80-int/data/param_714_rep_9/event_log.csv,/project/theorie/n/N.Pfaffenzeller/results_project/10b10t/10b10t15c1000e_10-dt80-int/data/param_714_rep_9/config.json,"ArgumentError: invalid JSON at byte position 0 while parsing type Any: UnexpectedEOF

"
/project/theorie/n/N.Pfaffenzeller/results_project/10b10t/10b10t15c1000e_10-dt80-int,param_715_rep_1,/project/theorie/n/N.Pfaffenzeller/results_project/10b10t/10b10t15c1000e_10-dt80-int/data/param_715_rep_1,/project/theorie/n/N.Pfaffenzeller/results_project/10b10t/10b10t15c1000e_10-dt80-int/data/param_715_rep_1/event_log.csv,/project/theorie/n/N.Pfaffenzeller/results_project/10b10t/10b10t15c1000e_10-dt80-int/data/param_715_rep_1/config.json,"ArgumentError: invalid JSON at byte position 0 while parsing type Any: UnexpectedEOF

"
/project/theorie/n/N.Pfaffenzeller/results_project/10b10t/10b10t15c1000e_10-dt80-int,param_715_rep_10,/project/theorie/n/N.Pfaffenzeller/results_project/10b10t/10b10t15c1000e_10-dt80-int/data/param_715_rep_10,/project/theorie/n/N.Pfaffenzeller/results_project/10b10t/10b10t15c1000e_10-dt80-int/data/param_715_rep_10/event_log.csv,/project/theorie/n/N.Pfaffenzeller/results_project/10b10t/10b10t15c1000e_10-dt80-int/data/param_715_rep_10/config.json,No task_* columns found (excluding task_id).
/project/theorie/n/N.Pfaffenzeller/results_project/10b10t/10b10t15c1000e_10-dt80-int,param_715_rep_2,/project/theorie/n/N.Pfaffenzeller/results_project/10b10t/10b10t15c1000e_10-dt80-int/data/param_715_rep_2,/project/theorie/n/N.Pfaffenzeller/results_project/10b10t/10b10t15c1000e_10-dt80-int/data/param_715_rep_2/event_log.csv,/project/theorie/n/N.Pfaffenzeller/results_project/10b10t/10b10t15c1000e_10-dt80-int/data/param_715_rep_2/config.json,"ArgumentError: invalid JSON at byte position 0 while parsing type Any: UnexpectedEOF

"
/project/theorie/n/N.Pfaffenzeller/results_project/10b10t/10b10t15c1000e_10-dt80-int,param_715_rep_3,/project/theorie/n/N.Pfaffenzeller/results_project/10b10t/10b10t15c1000e_10-dt80-int/data/param_715_rep_3,/project/theorie/n/N.Pfaffenzeller/results_project/10b10t/10b10t15c1000e_10-dt80-int/data/param_715_rep_3/event_log.csv,/project/theorie/n/N.Pfaffenzeller/results_project/10b10t/10b10t15c1000e_10-dt80-int/data/param_715_rep_3/config.json,"ArgumentError: invalid JSON at byte position 0 while parsing type Any: UnexpectedEOF

"
/project/theorie/n/N.Pfaffenzeller/results_project/10b10t/10b10t15c1000e_10-dt80-int,param_715_rep_4,/project/theorie/n/N.Pfaffenzeller/results_project/10b10t/10b10t15c1000e_10-dt80-int/data/param_715_rep_4,/project/theorie/n/N.Pfaffenzeller/results_project/10b10t/10b10t15c1000e_10-dt80-int/data/param_715_rep_4/event_log.csv,/project/theorie/n/N.Pfaffenzeller/results_project/10b10t/10b10t15c1000e_10-dt80-int/data/param_715_rep_4/config.json,"ArgumentError: invalid JSON at byte position 0 while parsing type Any: UnexpectedEOF

"
/project/theorie/n/N.Pfaffenzeller/results_project/10b10t/10b10t15c1000e_10-dt80-int,param_715_rep_5,/project/theorie/n/N.Pfaffenzeller/results_project/10b10t/10b10t15c1000e_10-dt80-int/data/param_715_rep_5,/project/theorie/n/N.Pfaffenzeller/results_project/10b10t/10b10t15c1000e_10-dt80-int/data/param_715_rep_5/event_log.csv,/project/theorie/n/N.Pfaffenzeller/results_project/10b10t/10b10t15c1000e_10-dt80-int/data/param_715_rep_5/config.json,"ArgumentError: invalid JSON at byte position 0 while parsing type Any: UnexpectedEOF

"
/project/theorie/n/N.Pfaffenzeller/results_project/10b10t/10b10t15c1000e_10-dt80-int,param_715_rep_6,/project/theorie/n/N.Pfaffenzeller/results_project/10b10t/10b10t15c1000e_10-dt80-int/data/param_715_rep_6,/project/theorie/n/N.Pfaffenzeller/results_project/10b10t/10b10t15c1000e_10-dt80-int/data/param_715_rep_6/event_log.csv,/project/theorie/n/N.Pfaffenzeller/results_project/10b10t/10b10t15c1000e_10-dt80-int/data/param_715_rep_6/config.json,"ArgumentError: invalid JSON at byte position 0 while parsing type Any: UnexpectedEOF

"
/project/theorie/n/N.Pfaffenzeller/results_project/10b10t/10b10t15c1000e_10-dt80-int,param_715_rep_7,/project/theorie/n/N.Pfaffenzeller/results_project/10b10t/10b10t15c1000e_10-dt80-int/data/param_715_rep_7,/project/theorie/n/N.Pfaffenzeller/results_project/10b10t/10b10t15c1000e_10-dt80-int/data/param_715_rep_7/event_log.csv,/project/theorie/n/N.Pfaffenzeller/results_project/10b10t/10b10t15c1000e_10-dt80-int/data/param_715_rep_7/config.json,"ArgumentError: invalid JSON at byte position 0 while parsing type Any: UnexpectedEOF

"
/project/theorie/n/N.Pfaffenzeller/results_project/10b10t/10b10t15c1000e_10-dt80-int,param_715_rep_8,/project/theorie/n/N.Pfaffenzeller/results_project/10b10t/10b10t15c1000e_10-dt80-int/data/param_715_rep_8,/project/theorie/n/N.Pfaffenzeller/results_project/10b10t/10b10t15c1000e_10-dt80-int/data/param_715_rep_8/event_log.csv,/project/theorie/n/N.Pfaffenzeller/results_project/10b10t/10b10t15c1000e_10-dt80-int/data/param_715_rep_8/config.json,"ArgumentError: invalid JSON at byte position 0 while parsing type Any: UnexpectedEOF

"
/project/theorie/n/N.Pfaffenzeller/results_project/10b10t/10b10t15c1000e_10-dt80-int,param_715_rep_9,/project/theorie/n/N.Pfaffenzeller/results_project/10b10t/10b10t15c1000e_10-dt80-int/data/param_715_rep_9,/project/theorie/n/N.Pfaffenzeller/results_project/10b10t/10b10t15c1000e_10-dt80-int/data/param_715_rep_9/event_log.csv,/project/theorie/n/N.Pfaffenzeller/results_project/10b10t/10b10t15c1000e_10-dt80-int/data/param_715_rep_9/config.json,"ArgumentError: invalid JSON at byte position 0 while parsing type Any: UnexpectedEOF

"
/project/theorie/n/N.Pfaffenzeller/results_project/10b10t/10b10t15c1000e_10-dt80-int,param_716_rep_1,/project/theorie/n/N.Pfaffenzeller/results_project/10b10t/10b10t15c1000e_10-dt80-int/data/param_716_rep_1,/project/theorie/n/N.Pfaffenzeller/results_project/10b10t/10b10t15c1000e_10-dt80-int/data/param_716_rep_1/event_log.csv,/project/theorie/n/N.Pfaffenzeller/results_project/10b10t/10b10t15c1000e_10-dt80-int/data/param_716_rep_1/config.json,"ArgumentError: invalid JSON at byte position 0 while parsing type Any: UnexpectedEOF

"
/project/theorie/n/N.Pfaffenzeller/results_project/10b10t/10b10t15c1000e_10-dt80-int,param_716_rep_10,/project/theorie/n/N.Pfaffenzeller/results_project/10b10t/10b10t15c1000e_10-dt80-int/data/param_716_rep_10,/project/theorie/n/N.Pfaffenzeller/results_project/10b10t/10b10t15c1000e_10-dt80-int/data/param_716_rep_10/event_log.csv,/project/theorie/n/N.Pfaffenzeller/results_project/10b10t/10b10t15c1000e_10-dt80-int/data/param_716_rep_10/config.json,"ArgumentError: invalid JSON at byte position 0 while parsing type Any: UnexpectedEOF

"
/project/theorie/n/N.Pfaffenzeller/results_project/10b10t/10b10t15c1000e_10-dt80-int,param_716_rep_2,/project/theorie/n/N.Pfaffenzeller/results_project/10b10t/10b10t15c1000e_10-dt80-int/data/param_716_rep_2,/project/theorie/n/N.Pfaffenzeller/results_project/10b10t/10b10t15c1000e_10-dt80-int/data/param_716_rep_2/event_log.csv,/project/theorie/n/N.Pfaffenzeller/results_project/10b10t/10b10t15c1000e_10-dt80-int/data/param_716_rep_2/config.json,"ArgumentError: invalid JSON at byte position 0 while parsing type Any: UnexpectedEOF

"
/project/theorie/n/N.Pfaffenzeller/results_project/10b10t/10b10t15c1000e_10-dt80-int,param_716_rep_3,/project/theorie/n/N.Pfaffenzeller/results_project/10b10t/10b10t15c1000e_10-dt80-int/data/param_716_rep_3,/project/theorie/n/N.Pfaffenzeller/results_project/10b10t/10b10t15c1000e_10-dt80-int/data/param_716_rep_3/event_log.csv,/project/theorie/n/N.Pfaffenzeller/results_project/10b10t/10b10t15c1000e_10-dt80-int/data/param_716_rep_3/config.json,"ArgumentError: invalid JSON at byte position 0 while parsing type Any: UnexpectedEOF

"
/project/theorie/n/N.Pfaffenzeller/results_project/10b10t/10b10t15c1000e_10-dt80-int,param_716_rep_4,/project/theorie/n/N.Pfaffenzeller/results_project/10b10t/10b10t15c1000e_10-dt80-int/data/param_716_rep_4,/project/theorie/n/N.Pfaffenzeller/results_project/10b10t/10b10t15c1000e_10-dt80-int/data/param_716_rep_4/event_log.csv,/project/theorie/n/N.Pfaffenzeller/results_project/10b10t/10b10t15c1000e_10-dt80-int/data/param_716_rep_4/config.json,"ArgumentError: invalid JSON at byte position 0 while parsing type Any: UnexpectedEOF

"
/project/theorie/n/N.Pfaffenzeller/results_project/10b10t/10b10t15c1000e_10-dt80-int,param_716_rep_5,/project/theorie/n/N.Pfaffenzeller/results_project/10b10t/10b10t15c1000e_10-dt80-int/data/param_716_rep_5,/project/theorie/n/N.Pfaffenzeller/results_project/10b10t/10b10t15c1000e_10-dt80-int/data/param_716_rep_5/event_log.csv,/project/theorie/n/N.Pfaffenzeller/results_project/10b10t/10b10t15c1000e_10-dt80-int/data/param_716_rep_5/config.json,"ArgumentError: invalid JSON at byte position 0 while parsing type Any: UnexpectedEOF

"
/project/theorie/n/N.Pfaffenzeller/results_project/10b10t/10b10t15c1000e_10-dt80-int,param_716_rep_6,/project/theorie/n/N.Pfaffenzeller/results_project/10b10t/10b10t15c1000e_10-dt80-int/data/param_716_rep_6,/project/theorie/n/N.Pfaffenzeller/results_project/10b10t/10b10t15c1000e_10-dt80-int/data/param_716_rep_6/event_log.csv,/project/theorie/n/N.Pfaffenzeller/results_project/10b10t/10b10t15c1000e_10-dt80-int/data/param_716_rep_6/config.json,"ArgumentError: invalid JSON at byte position 0 while parsing type Any: UnexpectedEOF

"
/project/theorie/n/N.Pfaffenzeller/results_project/10b10t/10b10t15c1000e_10-dt80-int,param_716_rep_7,/project/theorie/n/N.Pfaffenzeller/results_project/10b10t/10b10t15c1000e_10-dt80-int/data/param_716_rep_7,/project/theorie/n/N.Pfaffenzeller/results_project/10b10t/10b10t15c1000e_10-dt80-int/data/param_716_rep_7/event_log.csv,/project/theorie/n/N.Pfaffenzeller/results_project/10b10t/10b10t15c1000e_10-dt80-int/data/param_716_rep_7/config.json,"ArgumentError: invalid JSON at byte position 0 while parsing type Any: UnexpectedEOF

"
/project/theorie/n/N.Pfaffenzeller/results_project/10b10t/10b10t15c1000e_10-dt80-int,param_716_rep_8,/project/theorie/n/N.Pfaffenzeller/results_project/10b10t/10b10t15c1000e_10-dt80-int/data/param_716_rep_8,/project/theorie/n/N.Pfaffenzeller/results_project/10b10t/10b10t15c1000e_10-dt80-int/data/param_716_rep_8/event_log.csv,/project/theorie/n/N.Pfaffenzeller/results_project/10b10t/10b10t15c1000e_10-dt80-int/data/param_716_rep_8/config.json,"ArgumentError: invalid JSON at byte position 0 while parsing type Any: UnexpectedEOF

"
/project/theorie/n/N.Pfaffenzeller/results_project/10b10t/10b10t15c1000e_10-dt80-int,param_716_rep_9,/project/theorie/n/N.Pfaffenzeller/results_project/10b10t/10b10t15c1000e_10-dt80-int/data/param_716_rep_9,/project/theorie/n/N.Pfaffenzeller/results_project/10b10t/10b10t15c1000e_10-dt80-int/data/param_716_rep_9/event_log.csv,/project/theorie/n/N.Pfaffenzeller/results_project/10b10t/10b10t15c1000e_10-dt80-int/data/param_716_rep_9/config.json,"ArgumentError: invalid JSON at byte position 0 while parsing type Any: UnexpectedEOF

"
/project/theorie/n/N.Pfaffenzeller/results_project/10b10t/10b10t15c1000e_10-dt80-int,param_717_rep_1,/project/theorie/n/N.Pfaffenzeller/results_project/10b10t/10b10t15c1000e_10-dt80-int/data/param_717_rep_1,/project/theorie/n/N.Pfaffenzeller/results_project/10b10t/10b10t15c1000e_10-dt80-int/data/param_717_rep_1/event_log.csv,/project/theorie/n/N.Pfaffenzeller/results_project/10b10t/10b10t15c1000e_10-dt80-int/data/param_717_rep_1/config.json,"ArgumentError: invalid JSON at byte position 0 while parsing type Any: UnexpectedEOF

"
/project/theorie/n/N.Pfaffenzeller/results_project/10b10t/10b10t15c1000e_10-dt80-int,param_717_rep_10,/project/theorie/n/N.Pfaffenzeller/results_project/10b10t/10b10t15c1000e_10-dt80-int/data/param_717_rep_10,/project/theorie/n/N.Pfaffenzeller/results_project/10b10t/10b10t15c1000e_10-dt80-int/data/param_717_rep_10/event_log.csv,/project/theorie/n/N.Pfaffenzeller/results_project/10b10t/10b10t15c1000e_10-dt80-int/data/param_717_rep_10/config.json,"ArgumentError: invalid JSON at byte position 0 while parsing type Any: UnexpectedEOF

"
/project/theorie/n/N.Pfaffenzeller/results_project/10b10t/10b10t15c1000e_10-dt80-int,param_717_rep_2,/project/theorie/n/N.Pfaffenzeller/results_project/10b10t/10b10t15c1000e_10-dt80-int/data/param_717_rep_2,/project/theorie/n/N.Pfaffenzeller/results_project/10b10t/10b10t15c1000e_10-dt80-int/data/param_717_rep_2/event_log.csv,/project/theorie/n/N.Pfaffenzeller/results_project/10b10t/10b10t15c1000e_10-dt80-int/data/param_717_rep_2/config.json,"ArgumentError: invalid JSON at byte position 0 while parsing type Any: UnexpectedEOF

"
/project/theorie/n/N.Pfaffenzeller/results_project/10b10t/10b10t15c1000e_10-dt80-int,param_717_rep_3,/project/theorie/n/N.Pfaffenzeller/results_project/10b10t/10b10t15c1000e_10-dt80-int/data/param_717_rep_3,/project/theorie/n/N.Pfaffenzeller/results_project/10b10t/10b10t15c1000e_10-dt80-int/data/param_717_rep_3/event_log.csv,/project/theorie/n/N.Pfaffenzeller/results_project/10b10t/10b10t15c1000e_10-dt80-int/data/param_717_rep_3/config.json,"ArgumentError: invalid JSON at byte position 0 while parsing type Any: UnexpectedEOF

"
/project/theorie/n/N.Pfaffenzeller/results_project/10b10t/10b10t15c1000e_10-dt80-int,param_717_rep_4,/project/theorie/n/N.Pfaffenzeller/results_project/10b10t/10b10t15c1000e_10-dt80-int/data/param_717_rep_4,/project/theorie/n/N.Pfaffenzeller/results_project/10b10t/10b10t15c1000e_10-dt80-int/data/param_717_rep_4/event_log.csv,/project/theorie/n/N.Pfaffenzeller/results_project/10b10t/10b10t15c1000e_10-dt80-int/data/param_717_rep_4/config.json,"ArgumentError: invalid JSON at byte position 0 while parsing type Any: UnexpectedEOF

"
/project/theorie/n/N.Pfaffenzeller/results_project/10b10t/10b10t15c1000e_10-dt80-int,param_717_rep_5,/project/theorie/n/N.Pfaffenzeller/results_project/10b10t/10b10t15c1000e_10-dt80-int/data/param_717_rep_5,/project/theorie/n/N.Pfaffenzeller/results_project/10b10t/10b10t15c1000e_10-dt80-int/data/param_717_rep_5/event_log.csv,/project/theorie/n/N.Pfaffenzeller/results_project/10b10t/10b10t15c1000e_10-dt80-int/data/param_717_rep_5/config.json,"ArgumentError: invalid JSON at byte position 0 while parsing type Any: UnexpectedEOF

"
/project/theorie/n/N.Pfaffenzeller/results_project/10b10t/10b10t15c1000e_10-dt80-int,param_717_rep_6,/project/theorie/n/N.Pfaffenzeller/results_project/10b10t/10b10t15c1000e_10-dt80-int/data/param_717_rep_6,/project/theorie/n/N.Pfaffenzeller/results_project/10b10t/10b10t15c1000e_10-dt80-int/data/param_717_rep_6/event_log.csv,/project/theorie/n/N.Pfaffenzeller/results_project/10b10t/10b10t15c1000e_10-dt80-int/data/param_717_rep_6/config.json,"ArgumentError: invalid JSON at byte position 0 while parsing type Any: UnexpectedEOF

"
/project/theorie/n/N.Pfaffenzeller/results_project/10b10t/10b10t15c1000e_10-dt80-int,param_717_rep_7,/project/theorie/n/N.Pfaffenzeller/results_project/10b10t/10b10t15c1000e_10-dt80-int/data/param_717_rep_7,/project/theorie/n/N.Pfaffenzeller/results_project/10b10t/10b10t15c1000e_10-dt80-int/data/param_717_rep_7/event_log.csv,/project/theorie/n/N.Pfaffenzeller/results_project/10b10t/10b10t15c1000e_10-dt80-int/data/param_717_rep_7/config.json,"ArgumentError: invalid JSON at byte position 0 while parsing type Any: UnexpectedEOF

"
/project/theorie/n/N.Pfaffenzeller/results_project/10b10t/10b10t15c1000e_10-dt80-int,param_717_rep_8,/project/theorie/n/N.Pfaffenzeller/results_project/10b10t/10b10t15c1000e_10-dt80-int/data/param_717_rep_8,/project/theorie/n/N.Pfaffenzeller/results_project/10b10t/10b10t15c1000e_10-dt80-int/data/param_717_rep_8/event_log.csv,/project/theorie/n/N.Pfaffenzeller/results_project/10b10t/10b10t15c1000e_10-dt80-int/data/param_717_rep_8/config.json,"ArgumentError: invalid JSON at byte position 0 while parsing type Any: UnexpectedEOF

"
/project/theorie/n/N.Pfaffenzeller/results_project/10b10t/10b10t15c1000e_10-dt80-int,param_717_rep_9,/project/theorie/n/N.Pfaffenzeller/results_project/10b10t/10b10t15c1000e_10-dt80-int/data/param_717_rep_9,/project/theorie/n/N.Pfaffenzeller/results_project/10b10t/10b10t15c1000e_10-dt80-int/data/param_717_rep_9/event_log.csv,/project/theorie/n/N.Pfaffenzeller/results_project/10b10t/10b10t15c1000e_10-dt80-int/data/param_717_rep_9/config.json,"ArgumentError: invalid JSON at byte position 0 while parsing type Any: UnexpectedEOF

"
/project/theorie/n/N.Pfaffenzeller/results_project/10b10t/10b10t15c1000e_10-dt80-int,param_718_rep_1,/project/theorie/n/N.Pfaffenzeller/results_project/10b10t/10b10t15c1000e_10-dt80-int/data/param_718_rep_1,/project/theorie/n/N.Pfaffenzeller/results_project/10b10t/10b10t15c1000e_10-dt80-int/data/param_718_rep_1/event_log.csv,/project/theorie/n/N.Pfaffenzeller/results_project/10b10t/10b10t15c1000e_10-dt80-int/data/param_718_rep_1/config.json,"ArgumentError: invalid JSON at byte position 0 while parsing type Any: UnexpectedEOF

"
/project/theorie/n/N.Pfaffenzeller/results_project/10b10t/10b10t15c1000e_10-dt80-int,param_718_rep_10,/project/theorie/n/N.Pfaffenzeller/results_project/10b10t/10b10t15c1000e_10-dt80-int/data/param_718_rep_10,/project/theorie/n/N.Pfaffenzeller/results_project/10b10t/10b10t15c1000e_10-dt80-int/data/param_718_rep_10/event_log.csv,/project/theorie/n/N.Pfaffenzeller/results_project/10b10t/10b10t15c1000e_10-dt80-int/data/param_718_rep_10/config.json,"ArgumentError: invalid JSON at byte position 0 while parsing type Any: UnexpectedEOF

"
/project/theorie/n/N.Pfaffenzeller/results_project/10b10t/10b10t15c1000e_10-dt80-int,param_718_rep_2,/project/theorie/n/N.Pfaffenzeller/results_project/10b10t/10b10t15c1000e_10-dt80-int/data/param_718_rep_2,/project/theorie/n/N.Pfaffenzeller/results_project/10b10t/10b10t15c1000e_10-dt80-int/data/param_718_rep_2/event_log.csv,/project/theorie/n/N.Pfaffenzeller/results_project/10b10t/10b10t15c1000e_10-dt80-int/data/param_718_rep_2/config.json,"ArgumentError: invalid JSON at byte position 0 while parsing type Any: UnexpectedEOF

"
/project/theorie/n/N.Pfaffenzeller/results_project/10b10t/10b10t15c1000e_10-dt80-int,param_718_rep_3,/project/theorie/n/N.Pfaffenzeller/results_project/10b10t/10b10t15c1000e_10-dt80-int/data/param_718_rep_3,/project/theorie/n/N.Pfaffenzeller/results_project/10b10t/10b10t15c1000e_10-dt80-int/data/param_718_rep_3/event_log.csv,/project/theorie/n/N.Pfaffenzeller/results_project/10b10t/10b10t15c1000e_10-dt80-int/data/param_718_rep_3/config.json,"ArgumentError: invalid JSON at byte position 0 while parsing type Any: UnexpectedEOF

"
/project/theorie/n/N.Pfaffenzeller/results_project/10b10t/10b10t15c1000e_10-dt80-int,param_718_rep_4,/project/theorie/n/N.Pfaffenzeller/results_project/10b10t/10b10t15c1000e_10-dt80-int/data/param_718_rep_4,/project/theorie/n/N.Pfaffenzeller/results_project/10b10t/10b10t15c1000e_10-dt80-int/data/param_718_rep_4/event_log.csv,/project/theorie/n/N.Pfaffenzeller/results_project/10b10t/10b10t15c1000e_10-dt80-int/data/param_718_rep_4/config.json,"ArgumentError: invalid JSON at byte position 0 while parsing type Any: UnexpectedEOF

"
/project/theorie/n/N.Pfaffenzeller/results_project/10b10t/10b10t15c1000e_10-dt80-int,param_718_rep_5,/project/theorie/n/N.Pfaffenzeller/results_project/10b10t/10b10t15c1000e_10-dt80-int/data/param_718_rep_5,/project/theorie/n/N.Pfaffenzeller/results_project/10b10t/10b10t15c1000e_10-dt80-int/data/param_718_rep_5/event_log.csv,/project/theorie/n/N.Pfaffenzeller/results_project/10b10t/10b10t15c1000e_10-dt80-int/data/param_718_rep_5/config.json,"ArgumentError: invalid JSON at byte position 0 while parsing type Any: UnexpectedEOF

"
/project/theorie/n/N.Pfaffenzeller/results_project/10b10t/10b10t15c1000e_10-dt80-int,param_718_rep_6,/project/theorie/n/N.Pfaffenzeller/results_project/10b10t/10b10t15c1000e_10-dt80-int/data/param_718_rep_6,/project/theorie/n/N.Pfaffenzeller/results_project/10b10t/10b10t15c1000e_10-dt80-int/data/param_718_rep_6/event_log.csv,/project/theorie/n/N.Pfaffenzeller/results_project/10b10t/10b10t15c1000e_10-dt80-int/data/param_718_rep_6/config.json,"ArgumentError: invalid JSON at byte position 0 while parsing type Any: UnexpectedEOF

"
/project/theorie/n/N.Pfaffenzeller/results_project/10b10t/10b10t15c1000e_10-dt80-int,param_718_rep_7,/project/theorie/n/N.Pfaffenzeller/results_project/10b10t/10b10t15c1000e_10-dt80-int/data/param_718_rep_7,/project/theorie/n/N.Pfaffenzeller/results_project/10b10t/10b10t15c1000e_10-dt80-int/data/param_718_rep_7/event_log.csv,/project/theorie/n/N.Pfaffenzeller/results_project/10b10t/10b10t15c1000e_10-dt80-int/data/param_718_rep_7/config.json,"ArgumentError: invalid JSON at byte position 0 while parsing type Any: UnexpectedEOF

"
/project/theorie/n/N.Pfaffenzeller/results_project/10b10t/10b10t15c1000e_10-dt80-int,param_718_rep_8,/project/theorie/n/N.Pfaffenzeller/results_project/10b10t/10b10t15c1000e_10-dt80-int/data/param_718_rep_8,/project/theorie/n/N.Pfaffenzeller/results_project/10b10t/10b10t15c1000e_10-dt80-int/data/param_718_rep_8/event_log.csv,/project/theorie/n/N.Pfaffenzeller/results_project/10b10t/10b10t15c1000e_10-dt80-int/data/param_718_rep_8/config.json,"ArgumentError: invalid JSON at byte position 0 while parsing type Any: UnexpectedEOF

"
/project/theorie/n/N.Pfaffenzeller/results_project/10b10t/10b10t15c1000e_10-dt80-int,param_718_rep_9,/project/theorie/n/N.Pfaffenzeller/results_project/10b10t/10b10t15c1000e_10-dt80-int/data/param_718_rep_9,/project/theorie/n/N.Pfaffenzeller/results_project/10b10t/10b10t15c1000e_10-dt80-int/data/param_718_rep_9/event_log.csv,/project/theorie/n/N.Pfaffenzeller/results_project/10b10t/10b10t15c1000e_10-dt80-int/data/param_718_rep_9/config.json,"ArgumentError: invalid JSON at byte position 0 while parsing type Any: UnexpectedEOF

"
/project/theorie/n/N.Pfaffenzeller/results_project/10b10t/10b10t15c1000e_10-dt80-int,param_719_rep_1,/project/theorie/n/N.Pfaffenzeller/results_project/10b10t/10b10t15c1000e_10-dt80-int/data/param_719_rep_1,/project/theorie/n/N.Pfaffenzeller/results_project/10b10t/10b10t15c1000e_10-dt80-int/data/param_719_rep_1/event_log.csv,/project/theorie/n/N.Pfaffenzeller/results_project/10b10t/10b10t15c1000e_10-dt80-int/data/param_719_rep_1/config.json,"ArgumentError: invalid JSON at byte position 0 while parsing type Any: UnexpectedEOF

"
/project/theorie/n/N.Pfaffenzeller/results_project/10b10t/10b10t15c1000e_10-dt80-int,param_719_rep_10,/project/theorie/n/N.Pfaffenzeller/results_project/10b10t/10b10t15c1000e_10-dt80-int/data/param_719_rep_10,/project/theorie/n/N.Pfaffenzeller/results_project/10b10t/10b10t15c1000e_10-dt80-int/data/param_719_rep_10/event_log.csv,/project/theorie/n/N.Pfaffenzeller/results_project/10b10t/10b10t15c1000e_10-dt80-int/data/param_719_rep_10/config.json,"ArgumentError: invalid JSON at byte position 0 while parsing type Any: UnexpectedEOF

"
/project/theorie/n/N.Pfaffenzeller/results_project/10b10t/10b10t15c1000e_10-dt80-int,param_719_rep_2,/project/theorie/n/N.Pfaffenzeller/results_project/10b10t/10b10t15c1000e_10-dt80-int/data/param_719_rep_2,/project/theorie/n/N.Pfaffenzeller/results_project/10b10t/10b10t15c1000e_10-dt80-int/data/param_719_rep_2/event_log.csv,/project/theorie/n/N.Pfaffenzeller/results_project/10b10t/10b10t15c1000e_10-dt80-int/data/param_719_rep_2/config.json,"ArgumentError: invalid JSON at byte position 0 while parsing type Any: UnexpectedEOF

"
/project/theorie/n/N.Pfaffenzeller/results_project/10b10t/10b10t15c1000e_10-dt80-int,param_719_rep_3,/project/theorie/n/N.Pfaffenzeller/results_project/10b10t/10b10t15c1000e_10-dt80-int/data/param_719_rep_3,/project/theorie/n/N.Pfaffenzeller/results_project/10b10t/10b10t15c1000e_10-dt80-int/data/param_719_rep_3/event_log.csv,/project/theorie/n/N.Pfaffenzeller/results_project/10b10t/10b10t15c1000e_10-dt80-int/data/param_719_rep_3/config.json,No task_* columns found (excluding task_id).
/project/theorie/n/N.Pfaffenzeller/results_project/10b10t/10b10t15c1000e_10-dt80-int,param_719_rep_4,/project/theorie/n/N.Pfaffenzeller/results_project/10b10t/10b10t15c1000e_10-dt80-int/data/param_719_rep_4,/project/theorie/n/N.Pfaffenzeller/results_project/10b10t/10b10t15c1000e_10-dt80-int/data/param_719_rep_4/event_log.csv,/project/theorie/n/N.Pfaffenzeller/results_project/10b10t/10b10t15c1000e_10-dt80-int/data/param_719_rep_4/config.json,No task_* columns found (excluding task_id).
/project/theorie/n/N.Pfaffenzeller/results_project/10b10t/10b10t15c1000e_10-dt80-int,param_719_rep_5,/project/theorie/n/N.Pfaffenzeller/results_project/10b10t/10b10t15c1000e_10-dt80-int/data/param_719_rep_5,/project/theorie/n/N.Pfaffenzeller/results_project/10b10t/10b10t15c1000e_10-dt80-int/data/param_719_rep_5/event_log.csv,/project/theorie/n/N.Pfaffenzeller/results_project/10b10t/10b10t15c1000e_10-dt80-int/data/param_719_rep_5/config.json,"ArgumentError: invalid JSON at byte position 0 while parsing type Any: UnexpectedEOF

"
/project/theorie/n/N.Pfaffenzeller/results_project/10b10t/10b10t15c1000e_10-dt80-int,param_719_rep_6,/project/theorie/n/N.Pfaffenzeller/results_project/10b10t/10b10t15c1000e_10-dt80-int/data/param_719_rep_6,/project/theorie/n/N.Pfaffenzeller/results_project/10b10t/10b10t15c1000e_10-dt80-int/data/param_719_rep_6/event_log.csv,/project/theorie/n/N.Pfaffenzeller/results_project/10b10t/10b10t15c1000e_10-dt80-int/data/param_719_rep_6/config.json,"ArgumentError: invalid JSON at byte position 0 while parsing type Any: UnexpectedEOF

"
/project/theorie/n/N.Pfaffenzeller/results_project/10b10t/10b10t15c1000e_10-dt80-int,param_719_rep_7,/project/theorie/n/N.Pfaffenzeller/results_project/10b10t/10b10t15c1000e_10-dt80-int/data/param_719_rep_7,/project/theorie/n/N.Pfaffenzeller/results_project/10b10t/10b10t15c1000e_10-dt80-int/data/param_719_rep_7/event_log.csv,/project/theorie/n/N.Pfaffenzeller/results_project/10b10t/10b10t15c1000e_10-dt80-int/data/param_719_rep_7/config.json,"ArgumentError: invalid JSON at byte position 0 while parsing type Any: UnexpectedEOF

"
/project/theorie/n/N.Pfaffenzeller/results_project/10b10t/10b10t15c1000e_10-dt80-int,param_719_rep_8,/project/theorie/n/N.Pfaffenzeller/results_project/10b10t/10b10t15c1000e_10-dt80-int/data/param_719_rep_8,/project/theorie/n/N.Pfaffenzeller/results_project/10b10t/10b10t15c1000e_10-dt80-int/data/param_719_rep_8/event_log.csv,/project/theorie/n/N.Pfaffenzeller/results_project/10b10t/10b10t15c1000e_10-dt80-int/data/param_719_rep_8/config.json,"ArgumentError: invalid JSON at byte position 0 while parsing type Any: UnexpectedEOF

"
/project/theorie/n/N.Pfaffenzeller/results_project/10b10t/10b10t15c1000e_10-dt80-int,param_719_rep_9,/project/theorie/n/N.Pfaffenzeller/results_project/10b10t/10b10t15c1000e_10-dt80-int/data/param_719_rep_9,/project/theorie/n/N.Pfaffenzeller/results_project/10b10t/10b10t15c1000e_10-dt80-int/data/param_719_rep_9/event_log.csv,/project/theorie/n/N.Pfaffenzeller/results_project/10b10t/10b10t15c1000e_10-dt80-int/data/param_719_rep_9/config.json,"ArgumentError: invalid JSON at byte position 0 while parsing type Any: UnexpectedEOF

"
/project/theorie/n/N.Pfaffenzeller/results_project/10b10t/10b10t15c1000e_10-dt80-int,param_720_rep_1,/project/theorie/n/N.Pfaffenzeller/results_project/10b10t/10b10t15c1000e_10-dt80-int/data/param_720_rep_1,/project/theorie/n/N.Pfaffenzeller/results_project/10b10t/10b10t15c1000e_10-dt80-int/data/param_720_rep_1/event_log.csv,/project/theorie/n/N.Pfaffenzeller/results_project/10b10t/10b10t15c1000e_10-dt80-int/data/param_720_rep_1/config.json,"ArgumentError: invalid JSON at byte position 0 while parsing type Any: UnexpectedEOF

"
/project/theorie/n/N.Pfaffenzeller/results_project/10b10t/10b10t15c1000e_10-dt80-int,param_720_rep_10,/project/theorie/n/N.Pfaffenzeller/results_project/10b10t/10b10t15c1000e_10-dt80-int/data/param_720_rep_10,/project/theorie/n/N.Pfaffenzeller/results_project/10b10t/10b10t15c1000e_10-dt80-int/data/param_720_rep_10/event_log.csv,/project/theorie/n/N.Pfaffenzeller/results_project/10b10t/10b10t15c1000e_10-dt80-int/data/param_720_rep_10/config.json,"ArgumentError: invalid JSON at byte position 0 while parsing type Any: UnexpectedEOF

"
/project/theorie/n/N.Pfaffenzeller/results_project/10b10t/10b10t15c1000e_10-dt80-int,param_720_rep_2,/project/theorie/n/N.Pfaffenzeller/results_project/10b10t/10b10t15c1000e_10-dt80-int/data/param_720_rep_2,/project/theorie/n/N.Pfaffenzeller/results_project/10b10t/10b10t15c1000e_10-dt80-int/data/param_720_rep_2/event_log.csv,/project/theorie/n/N.Pfaffenzeller/results_project/10b10t/10b10t15c1000e_10-dt80-int/data/param_720_rep_2/config.json,"ArgumentError: invalid JSON at byte position 0 while parsing type Any: UnexpectedEOF

"
/project/theorie/n/N.Pfaffenzeller/results_project/10b10t/10b10t15c1000e_10-dt80-int,param_720_rep_3,/project/theorie/n/N.Pfaffenzeller/results_project/10b10t/10b10t15c1000e_10-dt80-int/data/param_720_rep_3,/project/theorie/n/N.Pfaffenzeller/results_project/10b10t/10b10t15c1000e_10-dt80-int/data/param_720_rep_3/event_log.csv,/project/theorie/n/N.Pfaffenzeller/results_project/10b10t/10b10t15c1000e_10-dt80-int/data/param_720_rep_3/config.json,"ArgumentError: invalid JSON at byte position 0 while parsing type Any: UnexpectedEOF

"
/project/theorie/n/N.Pfaffenzeller/results_project/10b10t/10b10t15c1000e_10-dt80-int,param_720_rep_4,/project/theorie/n/N.Pfaffenzeller/results_project/10b10t/10b10t15c1000e_10-dt80-int/data/param_720_rep_4,/project/theorie/n/N.Pfaffenzeller/results_project/10b10t/10b10t15c1000e_10-dt80-int/data/param_720_rep_4/event_log.csv,/project/theorie/n/N.Pfaffenzeller/results_project/10b10t/10b10t15c1000e_10-dt80-int/data/param_720_rep_4/config.json,"ArgumentError: invalid JSON at byte position 0 while parsing type Any: UnexpectedEOF

"
/project/theorie/n/N.Pfaffenzeller/results_project/10b10t/10b10t15c1000e_10-dt80-int,param_720_rep_5,/project/theorie/n/N.Pfaffenzeller/results_project/10b10t/10b10t15c1000e_10-dt80-int/data/param_720_rep_5,/project/theorie/n/N.Pfaffenzeller/results_project/10b10t/10b10t15c1000e_10-dt80-int/data/param_720_rep_5/event_log.csv,/project/theorie/n/N.Pfaffenzeller/results_project/10b10t/10b10t15c1000e_10-dt80-int/data/param_720_rep_5/config.json,"ArgumentError: invalid JSON at byte position 0 while parsing type Any: UnexpectedEOF

"
/project/theorie/n/N.Pfaffenzeller/results_project/10b10t/10b10t15c1000e_10-dt80-int,param_720_rep_6,/project/theorie/n/N.Pfaffenzeller/results_project/10b10t/10b10t15c1000e_10-dt80-int/data/param_720_rep_6,/project/theorie/n/N.Pfaffenzeller/results_project/10b10t/10b10t15c1000e_10-dt80-int/data/param_720_rep_6/event_log.csv,/project/theorie/n/N.Pfaffenzeller/results_project/10b10t/10b10t15c1000e_10-dt80-int/data/param_720_rep_6/config.json,"ArgumentError: invalid JSON at byte position 0 while parsing type Any: UnexpectedEOF

"
/project/theorie/n/N.Pfaffenzeller/results_project/10b10t/10b10t15c1000e_10-dt80-int,param_720_rep_7,/project/theorie/n/N.Pfaffenzeller/results_project/10b10t/10b10t15c1000e_10-dt80-int/data/param_720_rep_7,/project/theorie/n/N.Pfaffenzeller/results_project/10b10t/10b10t15c1000e_10-dt80-int/data/param_720_rep_7/event_log.csv,/project/theorie/n/N.Pfaffenzeller/results_project/10b10t/10b10t15c1000e_10-dt80-int/data/param_720_rep_7/config.json,"ArgumentError: invalid JSON at byte position 0 while parsing type Any: UnexpectedEOF

"
/project/theorie/n/N.Pfaffenzeller/results_project/10b10t/10b10t15c1000e_10-dt80-int,param_720_rep_8,/project/theorie/n/N.Pfaffenzeller/results_project/10b10t/10b10t15c1000e_10-dt80-int/data/param_720_rep_8,/project/theorie/n/N.Pfaffenzeller/results_project/10b10t/10b10t15c1000e_10-dt80-int/data/param_720_rep_8/event_log.csv,/project/theorie/n/N.Pfaffenzeller/results_project/10b10t/10b10t15c1000e_10-dt80-int/data/param_720_rep_8/config.json,"ArgumentError: invalid JSON at byte position 0 while parsing type Any: UnexpectedEOF

"
/project/theorie/n/N.Pfaffenzeller/results_project/10b10t/10b10t15c1000e_10-dt80-int,param_720_rep_9,/project/theorie/n/N.Pfaffenzeller/results_project/10b10t/10b10t15c1000e_10-dt80-int/data/param_720_rep_9,/project/theorie/n/N.Pfaffenzeller/results_project/10b10t/10b10t15c1000e_10-dt80-int/data/param_720_rep_9/event_log.csv,/project/theorie/n/N.Pfaffenzeller/results_project/10b10t/10b10t15c1000e_10-dt80-int/data/param_720_rep_9/config.json,"ArgumentError: invalid JSON at byte position 0 while parsing type Any: UnexpectedEOF

"
/project/theorie/n/N.Pfaffenzeller/results_project/10b10t/10b10t15c1000e_10-dt80-int,param_721_rep_1,/project/theorie/n/N.Pfaffenzeller/results_project/10b10t/10b10t15c1000e_10-dt80-int/data/param_721_rep_1,/project/theorie/n/N.Pfaffenzeller/results_project/10b10t/10b10t15c1000e_10-dt80-int/data/param_721_rep_1/event_log.csv,/project/theorie/n/N.Pfaffenzeller/results_project/10b10t/10b10t15c1000e_10-dt80-int/data/param_721_rep_1/config.json,"ArgumentError: invalid JSON at byte position 0 while parsing type Any: UnexpectedEOF

"
/project/theorie/n/N.Pfaffenzeller/results_project/10b10t/10b10t15c1000e_10-dt80-int,param_721_rep_10,/project/theorie/n/N.Pfaffenzeller/results_project/10b10t/10b10t15c1000e_10-dt80-int/data/param_721_rep_10,/project/theorie/n/N.Pfaffenzeller/results_project/10b10t/10b10t15c1000e_10-dt80-int/data/param_721_rep_10/event_log.csv,/project/theorie/n/N.Pfaffenzeller/results_project/10b10t/10b10t15c1000e_10-dt80-int/data/param_721_rep_10/config.json,"ArgumentError: invalid JSON at byte position 0 while parsing type Any: UnexpectedEOF

"
/project/theorie/n/N.Pfaffenzeller/results_project/10b10t/10b10t15c1000e_10-dt80-int,param_721_rep_2,/project/theorie/n/N.Pfaffenzeller/results_project/10b10t/10b10t15c1000e_10-dt80-int/data/param_721_rep_2,/project/theorie/n/N.Pfaffenzeller/results_project/10b10t/10b10t15c1000e_10-dt80-int/data/param_721_rep_2/event_log.csv,/project/theorie/n/N.Pfaffenzeller/results_project/10b10t/10b10t15c1000e_10-dt80-int/data/param_721_rep_2/config.json,"ArgumentError: invalid JSON at byte position 0 while parsing type Any: UnexpectedEOF

"
/project/theorie/n/N.Pfaffenzeller/results_project/10b10t/10b10t15c1000e_10-dt80-int,param_721_rep_3,/project/theorie/n/N.Pfaffenzeller/results_project/10b10t/10b10t15c1000e_10-dt80-int/data/param_721_rep_3,/project/theorie/n/N.Pfaffenzeller/results_project/10b10t/10b10t15c1000e_10-dt80-int/data/param_721_rep_3/event_log.csv,/project/theorie/n/N.Pfaffenzeller/results_project/10b10t/10b10t15c1000e_10-dt80-int/data/param_721_rep_3/config.json,"ArgumentError: invalid JSON at byte position 0 while parsing type Any: UnexpectedEOF

"
/project/theorie/n/N.Pfaffenzeller/results_project/10b10t/10b10t15c1000e_10-dt80-int,param_721_rep_4,/project/theorie/n/N.Pfaffenzeller/results_project/10b10t/10b10t15c1000e_10-dt80-int/data/param_721_rep_4,/project/theorie/n/N.Pfaffenzeller/results_project/10b10t/10b10t15c1000e_10-dt80-int/data/param_721_rep_4/event_log.csv,/project/theorie/n/N.Pfaffenzeller/results_project/10b10t/10b10t15c1000e_10-dt80-int/data/param_721_rep_4/config.json,"ArgumentError: invalid JSON at byte position 0 while parsing type Any: UnexpectedEOF

"
/project/theorie/n/N.Pfaffenzeller/results_project/10b10t/10b10t15c1000e_10-dt80-int,param_721_rep_5,/project/theorie/n/N.Pfaffenzeller/results_project/10b10t/10b10t15c1000e_10-dt80-int/data/param_721_rep_5,/project/theorie/n/N.Pfaffenzeller/results_project/10b10t/10b10t15c1000e_10-dt80-int/data/param_721_rep_5/event_log.csv,/project/theorie/n/N.Pfaffenzeller/results_project/10b10t/10b10t15c1000e_10-dt80-int/data/param_721_rep_5/config.json,"ArgumentError: invalid JSON at byte position 0 while parsing type Any: UnexpectedEOF

"
/project/theorie/n/N.Pfaffenzeller/results_project/10b10t/10b10t15c1000e_10-dt80-int,param_721_rep_6,/project/theorie/n/N.Pfaffenzeller/results_project/10b10t/10b10t15c1000e_10-dt80-int/data/param_721_rep_6,/project/theorie/n/N.Pfaffenzeller/results_project/10b10t/10b10t15c1000e_10-dt80-int/data/param_721_rep_6/event_log.csv,/project/theorie/n/N.Pfaffenzeller/results_project/10b10t/10b10t15c1000e_10-dt80-int/data/param_721_rep_6/config.json,"ArgumentError: invalid JSON at byte position 0 while parsing type Any: UnexpectedEOF

"
/project/theorie/n/N.Pfaffenzeller/results_project/10b10t/10b10t15c1000e_10-dt80-int,param_721_rep_7,/project/theorie/n/N.Pfaffenzeller/results_project/10b10t/10b10t15c1000e_10-dt80-int/data/param_721_rep_7,/project/theorie/n/N.Pfaffenzeller/results_project/10b10t/10b10t15c1000e_10-dt80-int/data/param_721_rep_7/event_log.csv,/project/theorie/n/N.Pfaffenzeller/results_project/10b10t/10b10t15c1000e_10-dt80-int/data/param_721_rep_7/config.json,"ArgumentError: invalid JSON at byte position 0 while parsing type Any: UnexpectedEOF

"
/project/theorie/n/N.Pfaffenzeller/results_project/10b10t/10b10t15c1000e_10-dt80-int,param_721_rep_8,/project/theorie/n/N.Pfaffenzeller/results_project/10b10t/10b10t15c1000e_10-dt80-int/data/param_721_rep_8,/project/theorie/n/N.Pfaffenzeller/results_project/10b10t/10b10t15c1000e_10-dt80-int/data/param_721_rep_8/event_log.csv,/project/theorie/n/N.Pfaffenzeller/results_project/10b10t/10b10t15c1000e_10-dt80-int/data/param_721_rep_8/config.json,"ArgumentError: invalid JSON at byte position 0 while parsing type Any: UnexpectedEOF

"
/project/theorie/n/N.Pfaffenzeller/results_project/10b10t/10b10t15c1000e_10-dt80-int,param_721_rep_9,/project/theorie/n/N.Pfaffenzeller/results_project/10b10t/10b10t15c1000e_10-dt80-int/data/param_721_rep_9,/project/theorie/n/N.Pfaffenzeller/results_project/10b10t/10b10t15c1000e_10-dt80-int/data/param_721_rep_9/event_log.csv,/project/theorie/n/N.Pfaffenzeller/results_project/10b10t/10b10t15c1000e_10-dt80-int/data/param_721_rep_9/config.json,"ArgumentError: invalid JSON at byte position 0 while parsing type Any: UnexpectedEOF

"
/project/theorie/n/N.Pfaffenzeller/results_project/10b10t/10b10t15c1000e_10-dt80-int,param_722_rep_1,/project/theorie/n/N.Pfaffenzeller/results_project/10b10t/10b10t15c1000e_10-dt80-int/data/param_722_rep_1,/project/theorie/n/N.Pfaffenzeller/results_project/10b10t/10b10t15c1000e_10-dt80-int/data/param_722_rep_1/event_log.csv,/project/theorie/n/N.Pfaffenzeller/results_project/10b10t/10b10t15c1000e_10-dt80-int/data/param_722_rep_1/config.json,"ArgumentError: invalid JSON at byte position 0 while parsing type Any: UnexpectedEOF

"
/project/theorie/n/N.Pfaffenzeller/results_project/10b10t/10b10t15c1000e_10-dt80-int,param_722_rep_10,/project/theorie/n/N.Pfaffenzeller/results_project/10b10t/10b10t15c1000e_10-dt80-int/data/param_722_rep_10,/project/theorie/n/N.Pfaffenzeller/results_project/10b10t/10b10t15c1000e_10-dt80-int/data/param_722_rep_10/event_log.csv,/project/theorie/n/N.Pfaffenzeller/results_project/10b10t/10b10t15c1000e_10-dt80-int/data/param_722_rep_10/config.json,"ArgumentError: invalid JSON at byte position 0 while parsing type Any: UnexpectedEOF

"
/project/theorie/n/N.Pfaffenzeller/results_project/10b10t/10b10t15c1000e_10-dt80-int,param_722_rep_2,/project/theorie/n/N.Pfaffenzeller/results_project/10b10t/10b10t15c1000e_10-dt80-int/data/param_722_rep_2,/project/theorie/n/N.Pfaffenzeller/results_project/10b10t/10b10t15c1000e_10-dt80-int/data/param_722_rep_2/event_log.csv,/project/theorie/n/N.Pfaffenzeller/results_project/10b10t/10b10t15c1000e_10-dt80-int/data/param_722_rep_2/config.json,No task_* columns found (excluding task_id).
/project/theorie/n/N.Pfaffenzeller/results_project/10b10t/10b10t15c1000e_10-dt80-int,param_722_rep_3,/project/theorie/n/N.Pfaffenzeller/results_project/10b10t/10b10t15c1000e_10-dt80-int/data/param_722_rep_3,/project/theorie/n/N.Pfaffenzeller/results_project/10b10t/10b10t15c1000e_10-dt80-int/data/param_722_rep_3/event_log.csv,/project/theorie/n/N.Pfaffenzeller/results_project/10b10t/10b10t15c1000e_10-dt80-int/data/param_722_rep_3/config.json,"ArgumentError: invalid JSON at byte position 0 while parsing type Any: UnexpectedEOF

"
/project/theorie/n/N.Pfaffenzeller/results_project/10b10t/10b10t15c1000e_10-dt80-int,param_722_rep_4,/project/theorie/n/N.Pfaffenzeller/results_project/10b10t/10b10t15c1000e_10-dt80-int/data/param_722_rep_4,/project/theorie/n/N.Pfaffenzeller/results_project/10b10t/10b10t15c1000e_10-dt80-int/data/param_722_rep_4/event_log.csv,/project/theorie/n/N.Pfaffenzeller/results_project/10b10t/10b10t15c1000e_10-dt80-int/data/param_722_rep_4/config.json,"ArgumentError: invalid JSON at byte position 0 while parsing type Any: UnexpectedEOF

"
/project/theorie/n/N.Pfaffenzeller/results_project/10b10t/10b10t15c1000e_10-dt80-int,param_722_rep_5,/project/theorie/n/N.Pfaffenzeller/results_project/10b10t/10b10t15c1000e_10-dt80-int/data/param_722_rep_5,/project/theorie/n/N.Pfaffenzeller/results_project/10b10t/10b10t15c1000e_10-dt80-int/data/param_722_rep_5/event_log.csv,/project/theorie/n/N.Pfaffenzeller/results_project/10b10t/10b10t15c1000e_10-dt80-int/data/param_722_rep_5/config.json,"ArgumentError: invalid JSON at byte position 0 while parsing type Any: UnexpectedEOF

"
/project/theorie/n/N.Pfaffenzeller/results_project/10b10t/10b10t15c1000e_10-dt80-int,param_722_rep_6,/project/theorie/n/N.Pfaffenzeller/results_project/10b10t/10b10t15c1000e_10-dt80-int/data/param_722_rep_6,/project/theorie/n/N.Pfaffenzeller/results_project/10b10t/10b10t15c1000e_10-dt80-int/data/param_722_rep_6/event_log.csv,/project/theorie/n/N.Pfaffenzeller/results_project/10b10t/10b10t15c1000e_10-dt80-int/data/param_722_rep_6/config.json,"ArgumentError: invalid JSON at byte position 0 while parsing type Any: UnexpectedEOF

"
/project/theorie/n/N.Pfaffenzeller/results_project/10b10t/10b10t15c1000e_10-dt80-int,param_722_rep_7,/project/theorie/n/N.Pfaffenzeller/results_project/10b10t/10b10t15c1000e_10-dt80-int/data/param_722_rep_7,/project/theorie/n/N.Pfaffenzeller/results_project/10b10t/10b10t15c1000e_10-dt80-int/data/param_722_rep_7/event_log.csv,/project/theorie/n/N.Pfaffenzeller/results_project/10b10t/10b10t15c1000e_10-dt80-int/data/param_722_rep_7/config.json,"ArgumentError: invalid JSON at byte position 0 while parsing type Any: UnexpectedEOF

"
/project/theorie/n/N.Pfaffenzeller/results_project/10b10t/10b10t15c1000e_10-dt80-int,param_722_rep_8,/project/theorie/n/N.Pfaffenzeller/results_project/10b10t/10b10t15c1000e_10-dt80-int/data/param_722_rep_8,/project/theorie/n/N.Pfaffenzeller/results_project/10b10t/10b10t15c1000e_10-dt80-int/data/param_722_rep_8/event_log.csv,/project/theorie/n/N.Pfaffenzeller/results_project/10b10t/10b10t15c1000e_10-dt80-int/data/param_722_rep_8/config.json,"ArgumentError: invalid JSON at byte position 0 while parsing type Any: UnexpectedEOF

"
/project/theorie/n/N.Pfaffenzeller/results_project/10b10t/10b10t15c1000e_10-dt80-int,param_722_rep_9,/project/theorie/n/N.Pfaffenzeller/results_project/10b10t/10b10t15c1000e_10-dt80-int/data/param_722_rep_9,/project/theorie/n/N.Pfaffenzeller/results_project/10b10t/10b10t15c1000e_10-dt80-int/data/param_722_rep_9/event_log.csv,/project/theorie/n/N.Pfaffenzeller/results_project/10b10t/10b10t15c1000e_10-dt80-int/data/param_722_rep_9/config.json,"ArgumentError: invalid JSON at byte position 0 while parsing type Any: UnexpectedEOF

"
/project/theorie/n/N.Pfaffenzeller/results_project/10b10t/10b10t15c1000e_10-dt80-int,param_723_rep_1,/project/theorie/n/N.Pfaffenzeller/results_project/10b10t/10b10t15c1000e_10-dt80-int/data/param_723_rep_1,/project/theorie/n/N.Pfaffenzeller/results_project/10b10t/10b10t15c1000e_10-dt80-int/data/param_723_rep_1/event_log.csv,/project/theorie/n/N.Pfaffenzeller/results_project/10b10t/10b10t15c1000e_10-dt80-int/data/param_723_rep_1/config.json,"ArgumentError: invalid JSON at byte position 0 while parsing type Any: UnexpectedEOF

"
/project/theorie/n/N.Pfaffenzeller/results_project/10b10t/10b10t15c1000e_10-dt80-int,param_723_rep_10,/project/theorie/n/N.Pfaffenzeller/results_project/10b10t/10b10t15c1000e_10-dt80-int/data/param_723_rep_10,/project/theorie/n/N.Pfaffenzeller/results_project/10b10t/10b10t15c1000e_10-dt80-int/data/param_723_rep_10/event_log.csv,/project/theorie/n/N.Pfaffenzeller/results_project/10b10t/10b10t15c1000e_10-dt80-int/data/param_723_rep_10/config.json,"ArgumentError: invalid JSON at byte position 0 while parsing type Any: UnexpectedEOF

"
/project/theorie/n/N.Pfaffenzeller/results_project/10b10t/10b10t15c1000e_10-dt80-int,param_723_rep_2,/project/theorie/n/N.Pfaffenzeller/results_project/10b10t/10b10t15c1000e_10-dt80-int/data/param_723_rep_2,/project/theorie/n/N.Pfaffenzeller/results_project/10b10t/10b10t15c1000e_10-dt80-int/data/param_723_rep_2/event_log.csv,/project/theorie/n/N.Pfaffenzeller/results_project/10b10t/10b10t15c1000e_10-dt80-int/data/param_723_rep_2/config.json,"ArgumentError: invalid JSON at byte position 0 while parsing type Any: UnexpectedEOF

"
/project/theorie/n/N.Pfaffenzeller/results_project/10b10t/10b10t15c1000e_10-dt80-int,param_723_rep_3,/project/theorie/n/N.Pfaffenzeller/results_project/10b10t/10b10t15c1000e_10-dt80-int/data/param_723_rep_3,/project/theorie/n/N.Pfaffenzeller/results_project/10b10t/10b10t15c1000e_10-dt80-int/data/param_723_rep_3/event_log.csv,/project/theorie/n/N.Pfaffenzeller/results_project/10b10t/10b10t15c1000e_10-dt80-int/data/param_723_rep_3/config.json,"ArgumentError: invalid JSON at byte position 0 while parsing type Any: UnexpectedEOF

"
/project/theorie/n/N.Pfaffenzeller/results_project/10b10t/10b10t15c1000e_10-dt80-int,param_723_rep_4,/project/theorie/n/N.Pfaffenzeller/results_project/10b10t/10b10t15c1000e_10-dt80-int/data/param_723_rep_4,/project/theorie/n/N.Pfaffenzeller/results_project/10b10t/10b10t15c1000e_10-dt80-int/data/param_723_rep_4/event_log.csv,/project/theorie/n/N.Pfaffenzeller/results_project/10b10t/10b10t15c1000e_10-dt80-int/data/param_723_rep_4/config.json,No task_* columns found (excluding task_id).
/project/theorie/n/N.Pfaffenzeller/results_project/10b10t/10b10t15c1000e_10-dt80-int,param_723_rep_5,/project/theorie/n/N.Pfaffenzeller/results_project/10b10t/10b10t15c1000e_10-dt80-int/data/param_723_rep_5,/project/theorie/n/N.Pfaffenzeller/results_project/10b10t/10b10t15c1000e_10-dt80-int/data/param_723_rep_5/event_log.csv,/project/theorie/n/N.Pfaffenzeller/results_project/10b10t/10b10t15c1000e_10-dt80-int/data/param_723_rep_5/config.json,"ArgumentError: invalid JSON at byte position 0 while parsing type Any: UnexpectedEOF

"
/project/theorie/n/N.Pfaffenzeller/results_project/10b10t/10b10t15c1000e_10-dt80-int,param_723_rep_6,/project/theorie/n/N.Pfaffenzeller/results_project/10b10t/10b10t15c1000e_10-dt80-int/data/param_723_rep_6,/project/theorie/n/N.Pfaffenzeller/results_project/10b10t/10b10t15c1000e_10-dt80-int/data/param_723_rep_6/event_log.csv,/project/theorie/n/N.Pfaffenzeller/results_project/10b10t/10b10t15c1000e_10-dt80-int/data/param_723_rep_6/config.json,"ArgumentError: invalid JSON at byte position 0 while parsing type Any: UnexpectedEOF

"
/project/theorie/n/N.Pfaffenzeller/results_project/10b10t/10b10t15c1000e_10-dt80-int,param_723_rep_7,/project/theorie/n/N.Pfaffenzeller/results_project/10b10t/10b10t15c1000e_10-dt80-int/data/param_723_rep_7,/project/theorie/n/N.Pfaffenzeller/results_project/10b10t/10b10t15c1000e_10-dt80-int/data/param_723_rep_7/event_log.csv,/project/theorie/n/N.Pfaffenzeller/results_project/10b10t/10b10t15c1000e_10-dt80-int/data/param_723_rep_7/config.json,"ArgumentError: invalid JSON at byte position 0 while parsing type Any: UnexpectedEOF

"
/project/theorie/n/N.Pfaffenzeller/results_project/10b10t/10b10t15c1000e_10-dt80-int,param_723_rep_8,/project/theorie/n/N.Pfaffenzeller/results_project/10b10t/10b10t15c1000e_10-dt80-int/data/param_723_rep_8,/project/theorie/n/N.Pfaffenzeller/results_project/10b10t/10b10t15c1000e_10-dt80-int/data/param_723_rep_8/event_log.csv,/project/theorie/n/N.Pfaffenzeller/results_project/10b10t/10b10t15c1000e_10-dt80-int/data/param_723_rep_8/config.json,"ArgumentError: invalid JSON at byte position 0 while parsing type Any: UnexpectedEOF

"
/project/theorie/n/N.Pfaffenzeller/results_project/10b10t/10b10t15c1000e_10-dt80-int,param_723_rep_9,/project/theorie/n/N.Pfaffenzeller/results_project/10b10t/10b10t15c1000e_10-dt80-int/data/param_723_rep_9,/project/theorie/n/N.Pfaffenzeller/results_project/10b10t/10b10t15c1000e_10-dt80-int/data/param_723_rep_9/event_log.csv,/project/theorie/n/N.Pfaffenzeller/results_project/10b10t/10b10t15c1000e_10-dt80-int/data/param_723_rep_9/config.json,"ArgumentError: invalid JSON at byte position 0 while parsing type Any: UnexpectedEOF

"
/project/theorie/n/N.Pfaffenzeller/results_project/10b10t/10b10t15c1000e_10-dt80-int,param_724_rep_1,/project/theorie/n/N.Pfaffenzeller/results_project/10b10t/10b10t15c1000e_10-dt80-int/data/param_724_rep_1,/project/theorie/n/N.Pfaffenzeller/results_project/10b10t/10b10t15c1000e_10-dt80-int/data/param_724_rep_1/event_log.csv,/project/theorie/n/N.Pfaffenzeller/results_project/10b10t/10b10t15c1000e_10-dt80-int/data/param_724_rep_1/config.json,"ArgumentError: invalid JSON at byte position 0 while parsing type Any: UnexpectedEOF

"
/project/theorie/n/N.Pfaffenzeller/results_project/10b10t/10b10t15c1000e_10-dt80-int,param_724_rep_10,/project/theorie/n/N.Pfaffenzeller/results_project/10b10t/10b10t15c1000e_10-dt80-int/data/param_724_rep_10,/project/theorie/n/N.Pfaffenzeller/results_project/10b10t/10b10t15c1000e_10-dt80-int/data/param_724_rep_10/event_log.csv,/project/theorie/n/N.Pfaffenzeller/results_project/10b10t/10b10t15c1000e_10-dt80-int/data/param_724_rep_10/config.json,"ArgumentError: invalid JSON at byte position 0 while parsing type Any: UnexpectedEOF

"
/project/theorie/n/N.Pfaffenzeller/results_project/10b10t/10b10t15c1000e_10-dt80-int,param_724_rep_2,/project/theorie/n/N.Pfaffenzeller/results_project/10b10t/10b10t15c1000e_10-dt80-int/data/param_724_rep_2,/project/theorie/n/N.Pfaffenzeller/results_project/10b10t/10b10t15c1000e_10-dt80-int/data/param_724_rep_2/event_log.csv,/project/theorie/n/N.Pfaffenzeller/results_project/10b10t/10b10t15c1000e_10-dt80-int/data/param_724_rep_2/config.json,"ArgumentError: invalid JSON at byte position 0 while parsing type Any: UnexpectedEOF

"
/project/theorie/n/N.Pfaffenzeller/results_project/10b10t/10b10t15c1000e_10-dt80-int,param_724_rep_3,/project/theorie/n/N.Pfaffenzeller/results_project/10b10t/10b10t15c1000e_10-dt80-int/data/param_724_rep_3,/project/theorie/n/N.Pfaffenzeller/results_project/10b10t/10b10t15c1000e_10-dt80-int/data/param_724_rep_3/event_log.csv,/project/theorie/n/N.Pfaffenzeller/results_project/10b10t/10b10t15c1000e_10-dt80-int/data/param_724_rep_3/config.json,No task_* columns found (excluding task_id).
/project/theorie/n/N.Pfaffenzeller/results_project/10b10t/10b10t15c1000e_10-dt80-int,param_724_rep_4,/project/theorie/n/N.Pfaffenzeller/results_project/10b10t/10b10t15c1000e_10-dt80-int/data/param_724_rep_4,/project/theorie/n/N.Pfaffenzeller/results_project/10b10t/10b10t15c1000e_10-dt80-int/data/param_724_rep_4/event_log.csv,/project/theorie/n/N.Pfaffenzeller/results_project/10b10t/10b10t15c1000e_10-dt80-int/data/param_724_rep_4/config.json,"ArgumentError: invalid JSON at byte position 0 while parsing type Any: UnexpectedEOF

"
/project/theorie/n/N.Pfaffenzeller/results_project/10b10t/10b10t15c1000e_10-dt80-int,param_724_rep_5,/project/theorie/n/N.Pfaffenzeller/results_project/10b10t/10b10t15c1000e_10-dt80-int/data/param_724_rep_5,/project/theorie/n/N.Pfaffenzeller/results_project/10b10t/10b10t15c1000e_10-dt80-int/data/param_724_rep_5/event_log.csv,/project/theorie/n/N.Pfaffenzeller/results_project/10b10t/10b10t15c1000e_10-dt80-int/data/param_724_rep_5/config.json,"ArgumentError: invalid JSON at byte position 0 while parsing type Any: UnexpectedEOF

"
/project/theorie/n/N.Pfaffenzeller/results_project/10b10t/10b10t15c1000e_10-dt80-int,param_724_rep_6,/project/theorie/n/N.Pfaffenzeller/results_project/10b10t/10b10t15c1000e_10-dt80-int/data/param_724_rep_6,/project/theorie/n/N.Pfaffenzeller/results_project/10b10t/10b10t15c1000e_10-dt80-int/data/param_724_rep_6/event_log.csv,/project/theorie/n/N.Pfaffenzeller/results_project/10b10t/10b10t15c1000e_10-dt80-int/data/param_724_rep_6/config.json,"ArgumentError: invalid JSON at byte position 0 while parsing type Any: UnexpectedEOF

"
/project/theorie/n/N.Pfaffenzeller/results_project/10b10t/10b10t15c1000e_10-dt80-int,param_724_rep_7,/project/theorie/n/N.Pfaffenzeller/results_project/10b10t/10b10t15c1000e_10-dt80-int/data/param_724_rep_7,/project/theorie/n/N.Pfaffenzeller/results_project/10b10t/10b10t15c1000e_10-dt80-int/data/param_724_rep_7/event_log.csv,/project/theorie/n/N.Pfaffenzeller/results_project/10b10t/10b10t15c1000e_10-dt80-int/data/param_724_rep_7/config.json,"ArgumentError: invalid JSON at byte position 0 while parsing type Any: UnexpectedEOF

"
/project/theorie/n/N.Pfaffenzeller/results_project/10b10t/10b10t15c1000e_10-dt80-int,param_724_rep_8,/project/theorie/n/N.Pfaffenzeller/results_project/10b10t/10b10t15c1000e_10-dt80-int/data/param_724_rep_8,/project/theorie/n/N.Pfaffenzeller/results_project/10b10t/10b10t15c1000e_10-dt80-int/data/param_724_rep_8/event_log.csv,/project/theorie/n/N.Pfaffenzeller/results_project/10b10t/10b10t15c1000e_10-dt80-int/data/param_724_rep_8/config.json,"ArgumentError: invalid JSON at byte position 0 while parsing type Any: UnexpectedEOF

"
/project/theorie/n/N.Pfaffenzeller/results_project/10b10t/10b10t15c1000e_10-dt80-int,param_724_rep_9,/project/theorie/n/N.Pfaffenzeller/results_project/10b10t/10b10t15c1000e_10-dt80-int/data/param_724_rep_9,/project/theorie/n/N.Pfaffenzeller/results_project/10b10t/10b10t15c1000e_10-dt80-int/data/param_724_rep_9/event_log.csv,/project/theorie/n/N.Pfaffenzeller/results_project/10b10t/10b10t15c1000e_10-dt80-int/data/param_724_rep_9/config.json,"ArgumentError: invalid JSON at byte position 0 while parsing type Any: UnexpectedEOF

"
/project/theorie/n/N.Pfaffenzeller/results_project/10b10t/10b10t15c1000e_10-dt80-int,param_725_rep_1,/project/theorie/n/N.Pfaffenzeller/results_project/10b10t/10b10t15c1000e_10-dt80-int/data/param_725_rep_1,/project/theorie/n/N.Pfaffenzeller/results_project/10b10t/10b10t15c1000e_10-dt80-int/data/param_725_rep_1/event_log.csv,/project/theorie/n/N.Pfaffenzeller/results_project/10b10t/10b10t15c1000e_10-dt80-int/data/param_725_rep_1/config.json,"ArgumentError: invalid JSON at byte position 0 while parsing type Any: UnexpectedEOF

"
/project/theorie/n/N.Pfaffenzeller/results_project/10b10t/10b10t15c1000e_10-dt80-int,param_725_rep_10,/project/theorie/n/N.Pfaffenzeller/results_project/10b10t/10b10t15c1000e_10-dt80-int/data/param_725_rep_10,/project/theorie/n/N.Pfaffenzeller/results_project/10b10t/10b10t15c1000e_10-dt80-int/data/param_725_rep_10/event_log.csv,/project/theorie/n/N.Pfaffenzeller/results_project/10b10t/10b10t15c1000e_10-dt80-int/data/param_725_rep_10/config.json,"ArgumentError: invalid JSON at byte position 0 while parsing type Any: UnexpectedEOF

"
/project/theorie/n/N.Pfaffenzeller/results_project/10b10t/10b10t15c1000e_10-dt80-int,param_725_rep_2,/project/theorie/n/N.Pfaffenzeller/results_project/10b10t/10b10t15c1000e_10-dt80-int/data/param_725_rep_2,/project/theorie/n/N.Pfaffenzeller/results_project/10b10t/10b10t15c1000e_10-dt80-int/data/param_725_rep_2/event_log.csv,/project/theorie/n/N.Pfaffenzeller/results_project/10b10t/10b10t15c1000e_10-dt80-int/data/param_725_rep_2/config.json,"ArgumentError: invalid JSON at byte position 0 while parsing type Any: UnexpectedEOF

"
/project/theorie/n/N.Pfaffenzeller/results_project/10b10t/10b10t15c1000e_10-dt80-int,param_725_rep_3,/project/theorie/n/N.Pfaffenzeller/results_project/10b10t/10b10t15c1000e_10-dt80-int/data/param_725_rep_3,/project/theorie/n/N.Pfaffenzeller/results_project/10b10t/10b10t15c1000e_10-dt80-int/data/param_725_rep_3/event_log.csv,/project/theorie/n/N.Pfaffenzeller/results_project/10b10t/10b10t15c1000e_10-dt80-int/data/param_725_rep_3/config.json,"ArgumentError: invalid JSON at byte position 0 while parsing type Any: UnexpectedEOF

"
/project/theorie/n/N.Pfaffenzeller/results_project/10b10t/10b10t15c1000e_10-dt80-int,param_725_rep_4,/project/theorie/n/N.Pfaffenzeller/results_project/10b10t/10b10t15c1000e_10-dt80-int/data/param_725_rep_4,/project/theorie/n/N.Pfaffenzeller/results_project/10b10t/10b10t15c1000e_10-dt80-int/data/param_725_rep_4/event_log.csv,/project/theorie/n/N.Pfaffenzeller/results_project/10b10t/10b10t15c1000e_10-dt80-int/data/param_725_rep_4/config.json,"ArgumentError: invalid JSON at byte position 0 while parsing type Any: UnexpectedEOF

"
/project/theorie/n/N.Pfaffenzeller/results_project/10b10t/10b10t15c1000e_10-dt80-int,param_725_rep_5,/project/theorie/n/N.Pfaffenzeller/results_project/10b10t/10b10t15c1000e_10-dt80-int/data/param_725_rep_5,/project/theorie/n/N.Pfaffenzeller/results_project/10b10t/10b10t15c1000e_10-dt80-int/data/param_725_rep_5/event_log.csv,/project/theorie/n/N.Pfaffenzeller/results_project/10b10t/10b10t15c1000e_10-dt80-int/data/param_725_rep_5/config.json,"ArgumentError: invalid JSON at byte position 0 while parsing type Any: UnexpectedEOF

"
/project/theorie/n/N.Pfaffenzeller/results_project/10b10t/10b10t15c1000e_10-dt80-int,param_725_rep_6,/project/theorie/n/N.Pfaffenzeller/results_project/10b10t/10b10t15c1000e_10-dt80-int/data/param_725_rep_6,/project/theorie/n/N.Pfaffenzeller/results_project/10b10t/10b10t15c1000e_10-dt80-int/data/param_725_rep_6/event_log.csv,/project/theorie/n/N.Pfaffenzeller/results_project/10b10t/10b10t15c1000e_10-dt80-int/data/param_725_rep_6/config.json,"ArgumentError: invalid JSON at byte position 0 while parsing type Any: UnexpectedEOF

"
/project/theorie/n/N.Pfaffenzeller/results_project/10b10t/10b10t15c1000e_10-dt80-int,param_725_rep_7,/project/theorie/n/N.Pfaffenzeller/results_project/10b10t/10b10t15c1000e_10-dt80-int/data/param_725_rep_7,/project/theorie/n/N.Pfaffenzeller/results_project/10b10t/10b10t15c1000e_10-dt80-int/data/param_725_rep_7/event_log.csv,/project/theorie/n/N.Pfaffenzeller/results_project/10b10t/10b10t15c1000e_10-dt80-int/data/param_725_rep_7/config.json,"ArgumentError: invalid JSON at byte position 0 while parsing type Any: UnexpectedEOF

"
/project/theorie/n/N.Pfaffenzeller/results_project/10b10t/10b10t15c1000e_10-dt80-int,param_725_rep_8,/project/theorie/n/N.Pfaffenzeller/results_project/10b10t/10b10t15c1000e_10-dt80-int/data/param_725_rep_8,/project/theorie/n/N.Pfaffenzeller/results_project/10b10t/10b10t15c1000e_10-dt80-int/data/param_725_rep_8/event_log.csv,/project/theorie/n/N.Pfaffenzeller/results_project/10b10t/10b10t15c1000e_10-dt80-int/data/param_725_rep_8/config.json,"ArgumentError: invalid JSON at byte position 0 while parsing type Any: UnexpectedEOF

"
/project/theorie/n/N.Pfaffenzeller/results_project/10b10t/10b10t15c1000e_10-dt80-int,param_725_rep_9,/project/theorie/n/N.Pfaffenzeller/results_project/10b10t/10b10t15c1000e_10-dt80-int/data/param_725_rep_9,/project/theorie/n/N.Pfaffenzeller/results_project/10b10t/10b10t15c1000e_10-dt80-int/data/param_725_rep_9/event_log.csv,/project/theorie/n/N.Pfaffenzeller/results_project/10b10t/10b10t15c1000e_10-dt80-int/data/param_725_rep_9/config.json,"ArgumentError: invalid JSON at byte position 0 while parsing type Any: UnexpectedEOF

"
/project/theorie/n/N.Pfaffenzeller/results_project/10b10t/10b10t15c1000e_10-dt80-int,param_726_rep_1,/project/theorie/n/N.Pfaffenzeller/results_project/10b10t/10b10t15c1000e_10-dt80-int/data/param_726_rep_1,/project/theorie/n/N.Pfaffenzeller/results_project/10b10t/10b10t15c1000e_10-dt80-int/data/param_726_rep_1/event_log.csv,/project/theorie/n/N.Pfaffenzeller/results_project/10b10t/10b10t15c1000e_10-dt80-int/data/param_726_rep_1/config.json,"ArgumentError: invalid JSON at byte position 0 while parsing type Any: UnexpectedEOF

"
/project/theorie/n/N.Pfaffenzeller/results_project/10b10t/10b10t15c1000e_10-dt80-int,param_726_rep_10,/project/theorie/n/N.Pfaffenzeller/results_project/10b10t/10b10t15c1000e_10-dt80-int/data/param_726_rep_10,/project/theorie/n/N.Pfaffenzeller/results_project/10b10t/10b10t15c1000e_10-dt80-int/data/param_726_rep_10/event_log.csv,/project/theorie/n/N.Pfaffenzeller/results_project/10b10t/10b10t15c1000e_10-dt80-int/data/param_726_rep_10/config.json,"ArgumentError: invalid JSON at byte position 0 while parsing type Any: UnexpectedEOF

"
/project/theorie/n/N.Pfaffenzeller/results_project/10b10t/10b10t15c1000e_10-dt80-int,param_726_rep_2,/project/theorie/n/N.Pfaffenzeller/results_project/10b10t/10b10t15c1000e_10-dt80-int/data/param_726_rep_2,/project/theorie/n/N.Pfaffenzeller/results_project/10b10t/10b10t15c1000e_10-dt80-int/data/param_726_rep_2/event_log.csv,/project/theorie/n/N.Pfaffenzeller/results_project/10b10t/10b10t15c1000e_10-dt80-int/data/param_726_rep_2/config.json,"ArgumentError: invalid JSON at byte position 0 while parsing type Any: UnexpectedEOF

"
/project/theorie/n/N.Pfaffenzeller/results_project/10b10t/10b10t15c1000e_10-dt80-int,param_726_rep_3,/project/theorie/n/N.Pfaffenzeller/results_project/10b10t/10b10t15c1000e_10-dt80-int/data/param_726_rep_3,/project/theorie/n/N.Pfaffenzeller/results_project/10b10t/10b10t15c1000e_10-dt80-int/data/param_726_rep_3/event_log.csv,/project/theorie/n/N.Pfaffenzeller/results_project/10b10t/10b10t15c1000e_10-dt80-int/data/param_726_rep_3/config.json,"ArgumentError: invalid JSON at byte position 0 while parsing type Any: UnexpectedEOF

"
/project/theorie/n/N.Pfaffenzeller/results_project/10b10t/10b10t15c1000e_10-dt80-int,param_726_rep_4,/project/theorie/n/N.Pfaffenzeller/results_project/10b10t/10b10t15c1000e_10-dt80-int/data/param_726_rep_4,/project/theorie/n/N.Pfaffenzeller/results_project/10b10t/10b10t15c1000e_10-dt80-int/data/param_726_rep_4/event_log.csv,/project/theorie/n/N.Pfaffenzeller/results_project/10b10t/10b10t15c1000e_10-dt80-int/data/param_726_rep_4/config.json,"ArgumentError: invalid JSON at byte position 0 while parsing type Any: UnexpectedEOF

"
/project/theorie/n/N.Pfaffenzeller/results_project/10b10t/10b10t15c1000e_10-dt80-int,param_726_rep_5,/project/theorie/n/N.Pfaffenzeller/results_project/10b10t/10b10t15c1000e_10-dt80-int/data/param_726_rep_5,/project/theorie/n/N.Pfaffenzeller/results_project/10b10t/10b10t15c1000e_10-dt80-int/data/param_726_rep_5/event_log.csv,/project/theorie/n/N.Pfaffenzeller/results_project/10b10t/10b10t15c1000e_10-dt80-int/data/param_726_rep_5/config.json,"ArgumentError: invalid JSON at byte position 0 while parsing type Any: UnexpectedEOF

"
/project/theorie/n/N.Pfaffenzeller/results_project/10b10t/10b10t15c1000e_10-dt80-int,param_726_rep_6,/project/theorie/n/N.Pfaffenzeller/results_project/10b10t/10b10t15c1000e_10-dt80-int/data/param_726_rep_6,/project/theorie/n/N.Pfaffenzeller/results_project/10b10t/10b10t15c1000e_10-dt80-int/data/param_726_rep_6/event_log.csv,/project/theorie/n/N.Pfaffenzeller/results_project/10b10t/10b10t15c1000e_10-dt80-int/data/param_726_rep_6/config.json,"ArgumentError: invalid JSON at byte position 0 while parsing type Any: UnexpectedEOF

"
/project/theorie/n/N.Pfaffenzeller/results_project/10b10t/10b10t15c1000e_10-dt80-int,param_726_rep_7,/project/theorie/n/N.Pfaffenzeller/results_project/10b10t/10b10t15c1000e_10-dt80-int/data/param_726_rep_7,/project/theorie/n/N.Pfaffenzeller/results_project/10b10t/10b10t15c1000e_10-dt80-int/data/param_726_rep_7/event_log.csv,/project/theorie/n/N.Pfaffenzeller/results_project/10b10t/10b10t15c1000e_10-dt80-int/data/param_726_rep_7/config.json,"ArgumentError: invalid JSON at byte position 0 while parsing type Any: UnexpectedEOF

"
/project/theorie/n/N.Pfaffenzeller/results_project/10b10t/10b10t15c1000e_10-dt80-int,param_726_rep_8,/project/theorie/n/N.Pfaffenzeller/results_project/10b10t/10b10t15c1000e_10-dt80-int/data/param_726_rep_8,/project/theorie/n/N.Pfaffenzeller/results_project/10b10t/10b10t15c1000e_10-dt80-int/data/param_726_rep_8/event_log.csv,/project/theorie/n/N.Pfaffenzeller/results_project/10b10t/10b10t15c1000e_10-dt80-int/data/param_726_rep_8/config.json,"ArgumentError: invalid JSON at byte position 0 while parsing type Any: UnexpectedEOF

"
/project/theorie/n/N.Pfaffenzeller/results_project/10b10t/10b10t15c1000e_10-dt80-int,param_726_rep_9,/project/theorie/n/N.Pfaffenzeller/results_project/10b10t/10b10t15c1000e_10-dt80-int/data/param_726_rep_9,/project/theorie/n/N.Pfaffenzeller/results_project/10b10t/10b10t15c1000e_10-dt80-int/data/param_726_rep_9/event_log.csv,/project/theorie/n/N.Pfaffenzeller/results_project/10b10t/10b10t15c1000e_10-dt80-int/data/param_726_rep_9/config.json,"ArgumentError: invalid JSON at byte position 0 while parsing type Any: UnexpectedEOF

"
/project/theorie/n/N.Pfaffenzeller/results_project/10b10t/10b10t15c1000e_10-dt80-int,param_727_rep_1,/project/theorie/n/N.Pfaffenzeller/results_project/10b10t/10b10t15c1000e_10-dt80-int/data/param_727_rep_1,/project/theorie/n/N.Pfaffenzeller/results_project/10b10t/10b10t15c1000e_10-dt80-int/data/param_727_rep_1/event_log.csv,/project/theorie/n/N.Pfaffenzeller/results_project/10b10t/10b10t15c1000e_10-dt80-int/data/param_727_rep_1/config.json,"ArgumentError: invalid JSON at byte position 0 while parsing type Any: UnexpectedEOF

"
/project/theorie/n/N.Pfaffenzeller/results_project/10b10t/10b10t15c1000e_10-dt80-int,param_727_rep_10,/project/theorie/n/N.Pfaffenzeller/results_project/10b10t/10b10t15c1000e_10-dt80-int/data/param_727_rep_10,/project/theorie/n/N.Pfaffenzeller/results_project/10b10t/10b10t15c1000e_10-dt80-int/data/param_727_rep_10/event_log.csv,/project/theorie/n/N.Pfaffenzeller/results_project/10b10t/10b10t15c1000e_10-dt80-int/data/param_727_rep_10/config.json,"ArgumentError: invalid JSON at byte position 0 while parsing type Any: UnexpectedEOF

"
/project/theorie/n/N.Pfaffenzeller/results_project/10b10t/10b10t15c1000e_10-dt80-int,param_727_rep_2,/project/theorie/n/N.Pfaffenzeller/results_project/10b10t/10b10t15c1000e_10-dt80-int/data/param_727_rep_2,/project/theorie/n/N.Pfaffenzeller/results_project/10b10t/10b10t15c1000e_10-dt80-int/data/param_727_rep_2/event_log.csv,/project/theorie/n/N.Pfaffenzeller/results_project/10b10t/10b10t15c1000e_10-dt80-int/data/param_727_rep_2/config.json,"ArgumentError: invalid JSON at byte position 0 while parsing type Any: UnexpectedEOF

"
/project/theorie/n/N.Pfaffenzeller/results_project/10b10t/10b10t15c1000e_10-dt80-int,param_727_rep_3,/project/theorie/n/N.Pfaffenzeller/results_project/10b10t/10b10t15c1000e_10-dt80-int/data/param_727_rep_3,/project/theorie/n/N.Pfaffenzeller/results_project/10b10t/10b10t15c1000e_10-dt80-int/data/param_727_rep_3/event_log.csv,/project/theorie/n/N.Pfaffenzeller/results_project/10b10t/10b10t15c1000e_10-dt80-int/data/param_727_rep_3/config.json,"ArgumentError: invalid JSON at byte position 0 while parsing type Any: UnexpectedEOF

"
/project/theorie/n/N.Pfaffenzeller/results_project/10b10t/10b10t15c1000e_10-dt80-int,param_727_rep_4,/project/theorie/n/N.Pfaffenzeller/results_project/10b10t/10b10t15c1000e_10-dt80-int/data/param_727_rep_4,/project/theorie/n/N.Pfaffenzeller/results_project/10b10t/10b10t15c1000e_10-dt80-int/data/param_727_rep_4/event_log.csv,/project/theorie/n/N.Pfaffenzeller/results_project/10b10t/10b10t15c1000e_10-dt80-int/data/param_727_rep_4/config.json,"ArgumentError: invalid JSON at byte position 0 while parsing type Any: UnexpectedEOF

"
/project/theorie/n/N.Pfaffenzeller/results_project/10b10t/10b10t15c1000e_10-dt80-int,param_727_rep_5,/project/theorie/n/N.Pfaffenzeller/results_project/10b10t/10b10t15c1000e_10-dt80-int/data/param_727_rep_5,/project/theorie/n/N.Pfaffenzeller/results_project/10b10t/10b10t15c1000e_10-dt80-int/data/param_727_rep_5/event_log.csv,/project/theorie/n/N.Pfaffenzeller/results_project/10b10t/10b10t15c1000e_10-dt80-int/data/param_727_rep_5/config.json,"ArgumentError: invalid JSON at byte position 0 while parsing type Any: UnexpectedEOF

"
/project/theorie/n/N.Pfaffenzeller/results_project/10b10t/10b10t15c1000e_10-dt80-int,param_727_rep_6,/project/theorie/n/N.Pfaffenzeller/results_project/10b10t/10b10t15c1000e_10-dt80-int/data/param_727_rep_6,/project/theorie/n/N.Pfaffenzeller/results_project/10b10t/10b10t15c1000e_10-dt80-int/data/param_727_rep_6/event_log.csv,/project/theorie/n/N.Pfaffenzeller/results_project/10b10t/10b10t15c1000e_10-dt80-int/data/param_727_rep_6/config.json,"ArgumentError: invalid JSON at byte position 0 while parsing type Any: UnexpectedEOF

"
/project/theorie/n/N.Pfaffenzeller/results_project/10b10t/10b10t15c1000e_10-dt80-int,param_727_rep_7,/project/theorie/n/N.Pfaffenzeller/results_project/10b10t/10b10t15c1000e_10-dt80-int/data/param_727_rep_7,/project/theorie/n/N.Pfaffenzeller/results_project/10b10t/10b10t15c1000e_10-dt80-int/data/param_727_rep_7/event_log.csv,/project/theorie/n/N.Pfaffenzeller/results_project/10b10t/10b10t15c1000e_10-dt80-int/data/param_727_rep_7/config.json,"ArgumentError: invalid JSON at byte position 0 while parsing type Any: UnexpectedEOF

"
/project/theorie/n/N.Pfaffenzeller/results_project/10b10t/10b10t15c1000e_10-dt80-int,param_727_rep_8,/project/theorie/n/N.Pfaffenzeller/results_project/10b10t/10b10t15c1000e_10-dt80-int/data/param_727_rep_8,/project/theorie/n/N.Pfaffenzeller/results_project/10b10t/10b10t15c1000e_10-dt80-int/data/param_727_rep_8/event_log.csv,/project/theorie/n/N.Pfaffenzeller/results_project/10b10t/10b10t15c1000e_10-dt80-int/data/param_727_rep_8/config.json,"ArgumentError: invalid JSON at byte position 0 while parsing type Any: UnexpectedEOF

"
/project/theorie/n/N.Pfaffenzeller/results_project/10b10t/10b10t15c1000e_10-dt80-int,param_727_rep_9,/project/theorie/n/N.Pfaffenzeller/results_project/10b10t/10b10t15c1000e_10-dt80-int/data/param_727_rep_9,/project/theorie/n/N.Pfaffenzeller/results_project/10b10t/10b10t15c1000e_10-dt80-int/data/param_727_rep_9/event_log.csv,/project/theorie/n/N.Pfaffenzeller/results_project/10b10t/10b10t15c1000e_10-dt80-int/data/param_727_rep_9/config.json,"ArgumentError: invalid JSON at byte position 0 while parsing type Any: UnexpectedEOF

"
/project/theorie/n/N.Pfaffenzeller/results_project/10b10t/10b10t15c1000e_10-dt80-int,param_728_rep_1,/project/theorie/n/N.Pfaffenzeller/results_project/10b10t/10b10t15c1000e_10-dt80-int/data/param_728_rep_1,/project/theorie/n/N.Pfaffenzeller/results_project/10b10t/10b10t15c1000e_10-dt80-int/data/param_728_rep_1/event_log.csv,/project/theorie/n/N.Pfaffenzeller/results_project/10b10t/10b10t15c1000e_10-dt80-int/data/param_728_rep_1/config.json,"ArgumentError: invalid JSON at byte position 0 while parsing type Any: UnexpectedEOF

"
/project/theorie/n/N.Pfaffenzeller/results_project/10b10t/10b10t15c1000e_10-dt80-int,param_728_rep_10,/project/theorie/n/N.Pfaffenzeller/results_project/10b10t/10b10t15c1000e_10-dt80-int/data/param_728_rep_10,/project/theorie/n/N.Pfaffenzeller/results_project/10b10t/10b10t15c1000e_10-dt80-int/data/param_728_rep_10/event_log.csv,/project/theorie/n/N.Pfaffenzeller/results_project/10b10t/10b10t15c1000e_10-dt80-int/data/param_728_rep_10/config.json,"ArgumentError: invalid JSON at byte position 0 while parsing type Any: UnexpectedEOF

"
/project/theorie/n/N.Pfaffenzeller/results_project/10b10t/10b10t15c1000e_10-dt80-int,param_728_rep_2,/project/theorie/n/N.Pfaffenzeller/results_project/10b10t/10b10t15c1000e_10-dt80-int/data/param_728_rep_2,/project/theorie/n/N.Pfaffenzeller/results_project/10b10t/10b10t15c1000e_10-dt80-int/data/param_728_rep_2/event_log.csv,/project/theorie/n/N.Pfaffenzeller/results_project/10b10t/10b10t15c1000e_10-dt80-int/data/param_728_rep_2/config.json,"ArgumentError: invalid JSON at byte position 0 while parsing type Any: UnexpectedEOF

"
/project/theorie/n/N.Pfaffenzeller/results_project/10b10t/10b10t15c1000e_10-dt80-int,param_728_rep_3,/project/theorie/n/N.Pfaffenzeller/results_project/10b10t/10b10t15c1000e_10-dt80-int/data/param_728_rep_3,/project/theorie/n/N.Pfaffenzeller/results_project/10b10t/10b10t15c1000e_10-dt80-int/data/param_728_rep_3/event_log.csv,/project/theorie/n/N.Pfaffenzeller/results_project/10b10t/10b10t15c1000e_10-dt80-int/data/param_728_rep_3/config.json,"ArgumentError: invalid JSON at byte position 0 while parsing type Any: UnexpectedEOF

"
/project/theorie/n/N.Pfaffenzeller/results_project/10b10t/10b10t15c1000e_10-dt80-int,param_728_rep_4,/project/theorie/n/N.Pfaffenzeller/results_project/10b10t/10b10t15c1000e_10-dt80-int/data/param_728_rep_4,/project/theorie/n/N.Pfaffenzeller/results_project/10b10t/10b10t15c1000e_10-dt80-int/data/param_728_rep_4/event_log.csv,/project/theorie/n/N.Pfaffenzeller/results_project/10b10t/10b10t15c1000e_10-dt80-int/data/param_728_rep_4/config.json,"ArgumentError: invalid JSON at byte position 0 while parsing type Any: UnexpectedEOF

"
/project/theorie/n/N.Pfaffenzeller/results_project/10b10t/10b10t15c1000e_10-dt80-int,param_728_rep_5,/project/theorie/n/N.Pfaffenzeller/results_project/10b10t/10b10t15c1000e_10-dt80-int/data/param_728_rep_5,/project/theorie/n/N.Pfaffenzeller/results_project/10b10t/10b10t15c1000e_10-dt80-int/data/param_728_rep_5/event_log.csv,/project/theorie/n/N.Pfaffenzeller/results_project/10b10t/10b10t15c1000e_10-dt80-int/data/param_728_rep_5/config.json,"ArgumentError: invalid JSON at byte position 0 while parsing type Any: UnexpectedEOF

"
/project/theorie/n/N.Pfaffenzeller/results_project/10b10t/10b10t15c1000e_10-dt80-int,param_728_rep_6,/project/theorie/n/N.Pfaffenzeller/results_project/10b10t/10b10t15c1000e_10-dt80-int/data/param_728_rep_6,/project/theorie/n/N.Pfaffenzeller/results_project/10b10t/10b10t15c1000e_10-dt80-int/data/param_728_rep_6/event_log.csv,/project/theorie/n/N.Pfaffenzeller/results_project/10b10t/10b10t15c1000e_10-dt80-int/data/param_728_rep_6/config.json,"ArgumentError: invalid JSON at byte position 0 while parsing type Any: UnexpectedEOF

"
/project/theorie/n/N.Pfaffenzeller/results_project/10b10t/10b10t15c1000e_10-dt80-int,param_728_rep_7,/project/theorie/n/N.Pfaffenzeller/results_project/10b10t/10b10t15c1000e_10-dt80-int/data/param_728_rep_7,/project/theorie/n/N.Pfaffenzeller/results_project/10b10t/10b10t15c1000e_10-dt80-int/data/param_728_rep_7/event_log.csv,/project/theorie/n/N.Pfaffenzeller/results_project/10b10t/10b10t15c1000e_10-dt80-int/data/param_728_rep_7/config.json,"ArgumentError: invalid JSON at byte position 0 while parsing type Any: UnexpectedEOF

"
/project/theorie/n/N.Pfaffenzeller/results_project/10b10t/10b10t15c1000e_10-dt80-int,param_728_rep_8,/project/theorie/n/N.Pfaffenzeller/results_project/10b10t/10b10t15c1000e_10-dt80-int/data/param_728_rep_8,/project/theorie/n/N.Pfaffenzeller/results_project/10b10t/10b10t15c1000e_10-dt80-int/data/param_728_rep_8/event_log.csv,/project/theorie/n/N.Pfaffenzeller/results_project/10b10t/10b10t15c1000e_10-dt80-int/data/param_728_rep_8/config.json,"ArgumentError: invalid JSON at byte position 0 while parsing type Any: UnexpectedEOF

"
/project/theorie/n/N.Pfaffenzeller/results_project/10b10t/10b10t15c1000e_10-dt80-int,param_728_rep_9,/project/theorie/n/N.Pfaffenzeller/results_project/10b10t/10b10t15c1000e_10-dt80-int/data/param_728_rep_9,/project/theorie/n/N.Pfaffenzeller/results_project/10b10t/10b10t15c1000e_10-dt80-int/data/param_728_rep_9/event_log.csv,/project/theorie/n/N.Pfaffenzeller/results_project/10b10t/10b10t15c1000e_10-dt80-int/data/param_728_rep_9/config.json,"ArgumentError: invalid JSON at byte position 0 while parsing type Any: UnexpectedEOF

"
/project/theorie/n/N.Pfaffenzeller/results_project/10b10t/10b10t15c1000e_10-dt80-int,param_729_rep_1,/project/theorie/n/N.Pfaffenzeller/results_project/10b10t/10b10t15c1000e_10-dt80-int/data/param_729_rep_1,/project/theorie/n/N.Pfaffenzeller/results_project/10b10t/10b10t15c1000e_10-dt80-int/data/param_729_rep_1/event_log.csv,/project/theorie/n/N.Pfaffenzeller/results_project/10b10t/10b10t15c1000e_10-dt80-int/data/param_729_rep_1/config.json,"ArgumentError: invalid JSON at byte position 0 while parsing type Any: UnexpectedEOF

"
/project/theorie/n/N.Pfaffenzeller/results_project/10b10t/10b10t15c1000e_10-dt80-int,param_729_rep_10,/project/theorie/n/N.Pfaffenzeller/results_project/10b10t/10b10t15c1000e_10-dt80-int/data/param_729_rep_10,/project/theorie/n/N.Pfaffenzeller/results_project/10b10t/10b10t15c1000e_10-dt80-int/data/param_729_rep_10/event_log.csv,/project/theorie/n/N.Pfaffenzeller/results_project/10b10t/10b10t15c1000e_10-dt80-int/data/param_729_rep_10/config.json,"ArgumentError: invalid JSON at byte position 0 while parsing type Any: UnexpectedEOF

"
/project/theorie/n/N.Pfaffenzeller/results_project/10b10t/10b10t15c1000e_10-dt80-int,param_729_rep_2,/project/theorie/n/N.Pfaffenzeller/results_project/10b10t/10b10t15c1000e_10-dt80-int/data/param_729_rep_2,/project/theorie/n/N.Pfaffenzeller/results_project/10b10t/10b10t15c1000e_10-dt80-int/data/param_729_rep_2/event_log.csv,/project/theorie/n/N.Pfaffenzeller/results_project/10b10t/10b10t15c1000e_10-dt80-int/data/param_729_rep_2/config.json,"ArgumentError: invalid JSON at byte position 0 while parsing type Any: UnexpectedEOF

"
/project/theorie/n/N.Pfaffenzeller/results_project/10b10t/10b10t15c1000e_10-dt80-int,param_729_rep_3,/project/theorie/n/N.Pfaffenzeller/results_project/10b10t/10b10t15c1000e_10-dt80-int/data/param_729_rep_3,/project/theorie/n/N.Pfaffenzeller/results_project/10b10t/10b10t15c1000e_10-dt80-int/data/param_729_rep_3/event_log.csv,/project/theorie/n/N.Pfaffenzeller/results_project/10b10t/10b10t15c1000e_10-dt80-int/data/param_729_rep_3/config.json,"ArgumentError: invalid JSON at byte position 0 while parsing type Any: UnexpectedEOF

"
/project/theorie/n/N.Pfaffenzeller/results_project/10b10t/10b10t15c1000e_10-dt80-int,param_729_rep_4,/project/theorie/n/N.Pfaffenzeller/results_project/10b10t/10b10t15c1000e_10-dt80-int/data/param_729_rep_4,/project/theorie/n/N.Pfaffenzeller/results_project/10b10t/10b10t15c1000e_10-dt80-int/data/param_729_rep_4/event_log.csv,/project/theorie/n/N.Pfaffenzeller/results_project/10b10t/10b10t15c1000e_10-dt80-int/data/param_729_rep_4/config.json,"ArgumentError: invalid JSON at byte position 0 while parsing type Any: UnexpectedEOF

"
/project/theorie/n/N.Pfaffenzeller/results_project/10b10t/10b10t15c1000e_10-dt80-int,param_729_rep_5,/project/theorie/n/N.Pfaffenzeller/results_project/10b10t/10b10t15c1000e_10-dt80-int/data/param_729_rep_5,/project/theorie/n/N.Pfaffenzeller/results_project/10b10t/10b10t15c1000e_10-dt80-int/data/param_729_rep_5/event_log.csv,/project/theorie/n/N.Pfaffenzeller/results_project/10b10t/10b10t15c1000e_10-dt80-int/data/param_729_rep_5/config.json,"ArgumentError: invalid JSON at byte position 0 while parsing type Any: UnexpectedEOF

"
/project/theorie/n/N.Pfaffenzeller/results_project/10b10t/10b10t15c1000e_10-dt80-int,param_729_rep_6,/project/theorie/n/N.Pfaffenzeller/results_project/10b10t/10b10t15c1000e_10-dt80-int/data/param_729_rep_6,/project/theorie/n/N.Pfaffenzeller/results_project/10b10t/10b10t15c1000e_10-dt80-int/data/param_729_rep_6/event_log.csv,/project/theorie/n/N.Pfaffenzeller/results_project/10b10t/10b10t15c1000e_10-dt80-int/data/param_729_rep_6/config.json,No task_* columns found (excluding task_id).
/project/theorie/n/N.Pfaffenzeller/results_project/10b10t/10b10t15c1000e_10-dt80-int,param_729_rep_7,/project/theorie/n/N.Pfaffenzeller/results_project/10b10t/10b10t15c1000e_10-dt80-int/data/param_729_rep_7,/project/theorie/n/N.Pfaffenzeller/results_project/10b10t/10b10t15c1000e_10-dt80-int/data/param_729_rep_7/event_log.csv,/project/theorie/n/N.Pfaffenzeller/results_project/10b10t/10b10t15c1000e_10-dt80-int/data/param_729_rep_7/config.json,"ArgumentError: invalid JSON at byte position 0 while parsing type Any: UnexpectedEOF

"
/project/theorie/n/N.Pfaffenzeller/results_project/10b10t/10b10t15c1000e_10-dt80-int,param_729_rep_8,/project/theorie/n/N.Pfaffenzeller/results_project/10b10t/10b10t15c1000e_10-dt80-int/data/param_729_rep_8,/project/theorie/n/N.Pfaffenzeller/results_project/10b10t/10b10t15c1000e_10-dt80-int/data/param_729_rep_8/event_log.csv,/project/theorie/n/N.Pfaffenzeller/results_project/10b10t/10b10t15c1000e_10-dt80-int/data/param_729_rep_8/config.json,"ArgumentError: invalid JSON at byte position 0 while parsing type Any: UnexpectedEOF

"
/project/theorie/n/N.Pfaffenzeller/results_project/10b10t/10b10t15c1000e_10-dt80-int,param_729_rep_9,/project/theorie/n/N.Pfaffenzeller/results_project/10b10t/10b10t15c1000e_10-dt80-int/data/param_729_rep_9,/project/theorie/n/N.Pfaffenzeller/results_project/10b10t/10b10t15c1000e_10-dt80-int/data/param_729_rep_9/event_log.csv,/project/theorie/n/N.Pfaffenzeller/results_project/10b10t/10b10t15c1000e_10-dt80-int/data/param_729_rep_9/config.json,"ArgumentError: invalid JSON at byte position 0 while parsing type Any: UnexpectedEOF

"
/project/theorie/n/N.Pfaffenzeller/results_project/10b10t/10b10t15c1000e_10-dt80-int,param_730_rep_1,/project/theorie/n/N.Pfaffenzeller/results_project/10b10t/10b10t15c1000e_10-dt80-int/data/param_730_rep_1,/project/theorie/n/N.Pfaffenzeller/results_project/10b10t/10b10t15c1000e_10-dt80-int/data/param_730_rep_1/event_log.csv,/project/theorie/n/N.Pfaffenzeller/results_project/10b10t/10b10t15c1000e_10-dt80-int/data/param_730_rep_1/config.json,"ArgumentError: invalid JSON at byte position 0 while parsing type Any: UnexpectedEOF

"
/project/theorie/n/N.Pfaffenzeller/results_project/10b10t/10b10t15c1000e_10-dt80-int,param_730_rep_10,/project/theorie/n/N.Pfaffenzeller/results_project/10b10t/10b10t15c1000e_10-dt80-int/data/param_730_rep_10,/project/theorie/n/N.Pfaffenzeller/results_project/10b10t/10b10t15c1000e_10-dt80-int/data/param_730_rep_10/event_log.csv,/project/theorie/n/N.Pfaffenzeller/results_project/10b10t/10b10t15c1000e_10-dt80-int/data/param_730_rep_10/config.json,"ArgumentError: invalid JSON at byte position 0 while parsing type Any: UnexpectedEOF

"
/project/theorie/n/N.Pfaffenzeller/results_project/10b10t/10b10t15c1000e_10-dt80-int,param_730_rep_2,/project/theorie/n/N.Pfaffenzeller/results_project/10b10t/10b10t15c1000e_10-dt80-int/data/param_730_rep_2,/project/theorie/n/N.Pfaffenzeller/results_project/10b10t/10b10t15c1000e_10-dt80-int/data/param_730_rep_2/event_log.csv,/project/theorie/n/N.Pfaffenzeller/results_project/10b10t/10b10t15c1000e_10-dt80-int/data/param_730_rep_2/config.json,"ArgumentError: invalid JSON at byte position 0 while parsing type Any: UnexpectedEOF

"
/project/theorie/n/N.Pfaffenzeller/results_project/10b10t/10b10t15c1000e_10-dt80-int,param_730_rep_3,/project/theorie/n/N.Pfaffenzeller/results_project/10b10t/10b10t15c1000e_10-dt80-int/data/param_730_rep_3,/project/theorie/n/N.Pfaffenzeller/results_project/10b10t/10b10t15c1000e_10-dt80-int/data/param_730_rep_3/event_log.csv,/project/theorie/n/N.Pfaffenzeller/results_project/10b10t/10b10t15c1000e_10-dt80-int/data/param_730_rep_3/config.json,"ArgumentError: invalid JSON at byte position 0 while parsing type Any: UnexpectedEOF

"
/project/theorie/n/N.Pfaffenzeller/results_project/10b10t/10b10t15c1000e_10-dt80-int,param_730_rep_4,/project/theorie/n/N.Pfaffenzeller/results_project/10b10t/10b10t15c1000e_10-dt80-int/data/param_730_rep_4,/project/theorie/n/N.Pfaffenzeller/results_project/10b10t/10b10t15c1000e_10-dt80-int/data/param_730_rep_4/event_log.csv,/project/theorie/n/N.Pfaffenzeller/results_project/10b10t/10b10t15c1000e_10-dt80-int/data/param_730_rep_4/config.json,"ArgumentError: invalid JSON at byte position 0 while parsing type Any: UnexpectedEOF

"
/project/theorie/n/N.Pfaffenzeller/results_project/10b10t/10b10t15c1000e_10-dt80-int,param_730_rep_5,/project/theorie/n/N.Pfaffenzeller/results_project/10b10t/10b10t15c1000e_10-dt80-int/data/param_730_rep_5,/project/theorie/n/N.Pfaffenzeller/results_project/10b10t/10b10t15c1000e_10-dt80-int/data/param_730_rep_5/event_log.csv,/project/theorie/n/N.Pfaffenzeller/results_project/10b10t/10b10t15c1000e_10-dt80-int/data/param_730_rep_5/config.json,No task_* columns found (excluding task_id).
/project/theorie/n/N.Pfaffenzeller/results_project/10b10t/10b10t15c1000e_10-dt80-int,param_730_rep_6,/project/theorie/n/N.Pfaffenzeller/results_project/10b10t/10b10t15c1000e_10-dt80-int/data/param_730_rep_6,/project/theorie/n/N.Pfaffenzeller/results_project/10b10t/10b10t15c1000e_10-dt80-int/data/param_730_rep_6/event_log.csv,/project/theorie/n/N.Pfaffenzeller/results_project/10b10t/10b10t15c1000e_10-dt80-int/data/param_730_rep_6/config.json,"ArgumentError: invalid JSON at byte position 0 while parsing type Any: UnexpectedEOF

"
/project/theorie/n/N.Pfaffenzeller/results_project/10b10t/10b10t15c1000e_10-dt80-int,param_730_rep_7,/project/theorie/n/N.Pfaffenzeller/results_project/10b10t/10b10t15c1000e_10-dt80-int/data/param_730_rep_7,/project/theorie/n/N.Pfaffenzeller/results_project/10b10t/10b10t15c1000e_10-dt80-int/data/param_730_rep_7/event_log.csv,/project/theorie/n/N.Pfaffenzeller/results_project/10b10t/10b10t15c1000e_10-dt80-int/data/param_730_rep_7/config.json,"ArgumentError: invalid JSON at byte position 0 while parsing type Any: UnexpectedEOF

"
/project/theorie/n/N.Pfaffenzeller/results_project/10b10t/10b10t15c1000e_10-dt80-int,param_730_rep_8,/project/theorie/n/N.Pfaffenzeller/results_project/10b10t/10b10t15c1000e_10-dt80-int/data/param_730_rep_8,/project/theorie/n/N.Pfaffenzeller/results_project/10b10t/10b10t15c1000e_10-dt80-int/data/param_730_rep_8/event_log.csv,/project/theorie/n/N.Pfaffenzeller/results_project/10b10t/10b10t15c1000e_10-dt80-int/data/param_730_rep_8/config.json,"ArgumentError: invalid JSON at byte position 0 while parsing type Any: UnexpectedEOF

"
/project/theorie/n/N.Pfaffenzeller/results_project/10b10t/10b10t15c1000e_10-dt80-int,param_730_rep_9,/project/theorie/n/N.Pfaffenzeller/results_project/10b10t/10b10t15c1000e_10-dt80-int/data/param_730_rep_9,/project/theorie/n/N.Pfaffenzeller/results_project/10b10t/10b10t15c1000e_10-dt80-int/data/param_730_rep_9/event_log.csv,/project/theorie/n/N.Pfaffenzeller/results_project/10b10t/10b10t15c1000e_10-dt80-int/data/param_730_rep_9/config.json,No task_* columns found (excluding task_id).
/project/theorie/n/N.Pfaffenzeller/results_project/10b10t/10b10t15c1000e_10-dt80-int,param_731_rep_1,/project/theorie/n/N.Pfaffenzeller/results_project/10b10t/10b10t15c1000e_10-dt80-int/data/param_731_rep_1,/project/theorie/n/N.Pfaffenzeller/results_project/10b10t/10b10t15c1000e_10-dt80-int/data/param_731_rep_1/event_log.csv,/project/theorie/n/N.Pfaffenzeller/results_project/10b10t/10b10t15c1000e_10-dt80-int/data/param_731_rep_1/config.json,"ArgumentError: invalid JSON at byte position 0 while parsing type Any: UnexpectedEOF

"
/project/theorie/n/N.Pfaffenzeller/results_project/10b10t/10b10t15c1000e_10-dt80-int,param_731_rep_10,/project/theorie/n/N.Pfaffenzeller/results_project/10b10t/10b10t15c1000e_10-dt80-int/data/param_731_rep_10,/project/theorie/n/N.Pfaffenzeller/results_project/10b10t/10b10t15c1000e_10-dt80-int/data/param_731_rep_10/event_log.csv,/project/theorie/n/N.Pfaffenzeller/results_project/10b10t/10b10t15c1000e_10-dt80-int/data/param_731_rep_10/config.json,"ArgumentError: invalid JSON at byte position 0 while parsing type Any: UnexpectedEOF

"
/project/theorie/n/N.Pfaffenzeller/results_project/10b10t/10b10t15c1000e_10-dt80-int,param_731_rep_2,/project/theorie/n/N.Pfaffenzeller/results_project/10b10t/10b10t15c1000e_10-dt80-int/data/param_731_rep_2,/project/theorie/n/N.Pfaffenzeller/results_project/10b10t/10b10t15c1000e_10-dt80-int/data/param_731_rep_2/event_log.csv,/project/theorie/n/N.Pfaffenzeller/results_project/10b10t/10b10t15c1000e_10-dt80-int/data/param_731_rep_2/config.json,"ArgumentError: invalid JSON at byte position 0 while parsing type Any: UnexpectedEOF

"
/project/theorie/n/N.Pfaffenzeller/results_project/10b10t/10b10t15c1000e_10-dt80-int,param_731_rep_3,/project/theorie/n/N.Pfaffenzeller/results_project/10b10t/10b10t15c1000e_10-dt80-int/data/param_731_rep_3,/project/theorie/n/N.Pfaffenzeller/results_project/10b10t/10b10t15c1000e_10-dt80-int/data/param_731_rep_3/event_log.csv,/project/theorie/n/N.Pfaffenzeller/results_project/10b10t/10b10t15c1000e_10-dt80-int/data/param_731_rep_3/config.json,"ArgumentError: invalid JSON at byte position 0 while parsing type Any: UnexpectedEOF

"
/project/theorie/n/N.Pfaffenzeller/results_project/10b10t/10b10t15c1000e_10-dt80-int,param_731_rep_4,/project/theorie/n/N.Pfaffenzeller/results_project/10b10t/10b10t15c1000e_10-dt80-int/data/param_731_rep_4,/project/theorie/n/N.Pfaffenzeller/results_project/10b10t/10b10t15c1000e_10-dt80-int/data/param_731_rep_4/event_log.csv,/project/theorie/n/N.Pfaffenzeller/results_project/10b10t/10b10t15c1000e_10-dt80-int/data/param_731_rep_4/config.json,"ArgumentError: invalid JSON at byte position 0 while parsing type Any: UnexpectedEOF

"
/project/theorie/n/N.Pfaffenzeller/results_project/10b10t/10b10t15c1000e_10-dt80-int,param_731_rep_5,/project/theorie/n/N.Pfaffenzeller/results_project/10b10t/10b10t15c1000e_10-dt80-int/data/param_731_rep_5,/project/theorie/n/N.Pfaffenzeller/results_project/10b10t/10b10t15c1000e_10-dt80-int/data/param_731_rep_5/event_log.csv,/project/theorie/n/N.Pfaffenzeller/results_project/10b10t/10b10t15c1000e_10-dt80-int/data/param_731_rep_5/config.json,"ArgumentError: invalid JSON at byte position 0 while parsing type Any: UnexpectedEOF

"
/project/theorie/n/N.Pfaffenzeller/results_project/10b10t/10b10t15c1000e_10-dt80-int,param_731_rep_6,/project/theorie/n/N.Pfaffenzeller/results_project/10b10t/10b10t15c1000e_10-dt80-int/data/param_731_rep_6,/project/theorie/n/N.Pfaffenzeller/results_project/10b10t/10b10t15c1000e_10-dt80-int/data/param_731_rep_6/event_log.csv,/project/theorie/n/N.Pfaffenzeller/results_project/10b10t/10b10t15c1000e_10-dt80-int/data/param_731_rep_6/config.json,"ArgumentError: invalid JSON at byte position 0 while parsing type Any: UnexpectedEOF

"
/project/theorie/n/N.Pfaffenzeller/results_project/10b10t/10b10t15c1000e_10-dt80-int,param_731_rep_7,/project/theorie/n/N.Pfaffenzeller/results_project/10b10t/10b10t15c1000e_10-dt80-int/data/param_731_rep_7,/project/theorie/n/N.Pfaffenzeller/results_project/10b10t/10b10t15c1000e_10-dt80-int/data/param_731_rep_7/event_log.csv,/project/theorie/n/N.Pfaffenzeller/results_project/10b10t/10b10t15c1000e_10-dt80-int/data/param_731_rep_7/config.json,"ArgumentError: invalid JSON at byte position 0 while parsing type Any: UnexpectedEOF

"
/project/theorie/n/N.Pfaffenzeller/results_project/10b10t/10b10t15c1000e_10-dt80-int,param_731_rep_8,/project/theorie/n/N.Pfaffenzeller/results_project/10b10t/10b10t15c1000e_10-dt80-int/data/param_731_rep_8,/project/theorie/n/N.Pfaffenzeller/results_project/10b10t/10b10t15c1000e_10-dt80-int/data/param_731_rep_8/event_log.csv,/project/theorie/n/N.Pfaffenzeller/results_project/10b10t/10b10t15c1000e_10-dt80-int/data/param_731_rep_8/config.json,"ArgumentError: invalid JSON at byte position 0 while parsing type Any: UnexpectedEOF

"
/project/theorie/n/N.Pfaffenzeller/results_project/10b10t/10b10t15c1000e_10-dt80-int,param_731_rep_9,/project/theorie/n/N.Pfaffenzeller/results_project/10b10t/10b10t15c1000e_10-dt80-int/data/param_731_rep_9,/project/theorie/n/N.Pfaffenzeller/results_project/10b10t/10b10t15c1000e_10-dt80-int/data/param_731_rep_9/event_log.csv,/project/theorie/n/N.Pfaffenzeller/results_project/10b10t/10b10t15c1000e_10-dt80-int/data/param_731_rep_9/config.json,"ArgumentError: invalid JSON at byte position 0 while parsing type Any: UnexpectedEOF

"
/project/theorie/n/N.Pfaffenzeller/results_project/10b10t/10b10t15c1000e_10-dt80-int,param_732_rep_1,/project/theorie/n/N.Pfaffenzeller/results_project/10b10t/10b10t15c1000e_10-dt80-int/data/param_732_rep_1,/project/theorie/n/N.Pfaffenzeller/results_project/10b10t/10b10t15c1000e_10-dt80-int/data/param_732_rep_1/event_log.csv,/project/theorie/n/N.Pfaffenzeller/results_project/10b10t/10b10t15c1000e_10-dt80-int/data/param_732_rep_1/config.json,"ArgumentError: invalid JSON at byte position 0 while parsing type Any: UnexpectedEOF

"
/project/theorie/n/N.Pfaffenzeller/results_project/10b10t/10b10t15c1000e_10-dt80-int,param_732_rep_10,/project/theorie/n/N.Pfaffenzeller/results_project/10b10t/10b10t15c1000e_10-dt80-int/data/param_732_rep_10,/project/theorie/n/N.Pfaffenzeller/results_project/10b10t/10b10t15c1000e_10-dt80-int/data/param_732_rep_10/event_log.csv,/project/theorie/n/N.Pfaffenzeller/results_project/10b10t/10b10t15c1000e_10-dt80-int/data/param_732_rep_10/config.json,"ArgumentError: invalid JSON at byte position 0 while parsing type Any: UnexpectedEOF

"
/project/theorie/n/N.Pfaffenzeller/results_project/10b10t/10b10t15c1000e_10-dt80-int,param_732_rep_2,/project/theorie/n/N.Pfaffenzeller/results_project/10b10t/10b10t15c1000e_10-dt80-int/data/param_732_rep_2,/project/theorie/n/N.Pfaffenzeller/results_project/10b10t/10b10t15c1000e_10-dt80-int/data/param_732_rep_2/event_log.csv,/project/theorie/n/N.Pfaffenzeller/results_project/10b10t/10b10t15c1000e_10-dt80-int/data/param_732_rep_2/config.json,"ArgumentError: invalid JSON at byte position 0 while parsing type Any: UnexpectedEOF

"
/project/theorie/n/N.Pfaffenzeller/results_project/10b10t/10b10t15c1000e_10-dt80-int,param_732_rep_3,/project/theorie/n/N.Pfaffenzeller/results_project/10b10t/10b10t15c1000e_10-dt80-int/data/param_732_rep_3,/project/theorie/n/N.Pfaffenzeller/results_project/10b10t/10b10t15c1000e_10-dt80-int/data/param_732_rep_3/event_log.csv,/project/theorie/n/N.Pfaffenzeller/results_project/10b10t/10b10t15c1000e_10-dt80-int/data/param_732_rep_3/config.json,"ArgumentError: invalid JSON at byte position 0 while parsing type Any: UnexpectedEOF

"
/project/theorie/n/N.Pfaffenzeller/results_project/10b10t/10b10t15c1000e_10-dt80-int,param_732_rep_4,/project/theorie/n/N.Pfaffenzeller/results_project/10b10t/10b10t15c1000e_10-dt80-int/data/param_732_rep_4,/project/theorie/n/N.Pfaffenzeller/results_project/10b10t/10b10t15c1000e_10-dt80-int/data/param_732_rep_4/event_log.csv,/project/theorie/n/N.Pfaffenzeller/results_project/10b10t/10b10t15c1000e_10-dt80-int/data/param_732_rep_4/config.json,"ArgumentError: invalid JSON at byte position 0 while parsing type Any: UnexpectedEOF

"
/project/theorie/n/N.Pfaffenzeller/results_project/10b10t/10b10t15c1000e_10-dt80-int,param_732_rep_5,/project/theorie/n/N.Pfaffenzeller/results_project/10b10t/10b10t15c1000e_10-dt80-int/data/param_732_rep_5,/project/theorie/n/N.Pfaffenzeller/results_project/10b10t/10b10t15c1000e_10-dt80-int/data/param_732_rep_5/event_log.csv,/project/theorie/n/N.Pfaffenzeller/results_project/10b10t/10b10t15c1000e_10-dt80-int/data/param_732_rep_5/config.json,"ArgumentError: invalid JSON at byte position 0 while parsing type Any: UnexpectedEOF

"
/project/theorie/n/N.Pfaffenzeller/results_project/10b10t/10b10t15c1000e_10-dt80-int,param_732_rep_6,/project/theorie/n/N.Pfaffenzeller/results_project/10b10t/10b10t15c1000e_10-dt80-int/data/param_732_rep_6,/project/theorie/n/N.Pfaffenzeller/results_project/10b10t/10b10t15c1000e_10-dt80-int/data/param_732_rep_6/event_log.csv,/project/theorie/n/N.Pfaffenzeller/results_project/10b10t/10b10t15c1000e_10-dt80-int/data/param_732_rep_6/config.json,"ArgumentError: invalid JSON at byte position 0 while parsing type Any: UnexpectedEOF

"
/project/theorie/n/N.Pfaffenzeller/results_project/10b10t/10b10t15c1000e_10-dt80-int,param_732_rep_7,/project/theorie/n/N.Pfaffenzeller/results_project/10b10t/10b10t15c1000e_10-dt80-int/data/param_732_rep_7,/project/theorie/n/N.Pfaffenzeller/results_project/10b10t/10b10t15c1000e_10-dt80-int/data/param_732_rep_7/event_log.csv,/project/theorie/n/N.Pfaffenzeller/results_project/10b10t/10b10t15c1000e_10-dt80-int/data/param_732_rep_7/config.json,"ArgumentError: invalid JSON at byte position 0 while parsing type Any: UnexpectedEOF

"
/project/theorie/n/N.Pfaffenzeller/results_project/10b10t/10b10t15c1000e_10-dt80-int,param_732_rep_8,/project/theorie/n/N.Pfaffenzeller/results_project/10b10t/10b10t15c1000e_10-dt80-int/data/param_732_rep_8,/project/theorie/n/N.Pfaffenzeller/results_project/10b10t/10b10t15c1000e_10-dt80-int/data/param_732_rep_8/event_log.csv,/project/theorie/n/N.Pfaffenzeller/results_project/10b10t/10b10t15c1000e_10-dt80-int/data/param_732_rep_8/config.json,"ArgumentError: invalid JSON at byte position 0 while parsing type Any: UnexpectedEOF

"
/project/theorie/n/N.Pfaffenzeller/results_project/10b10t/10b10t15c1000e_10-dt80-int,param_732_rep_9,/project/theorie/n/N.Pfaffenzeller/results_project/10b10t/10b10t15c1000e_10-dt80-int/data/param_732_rep_9,/project/theorie/n/N.Pfaffenzeller/results_project/10b10t/10b10t15c1000e_10-dt80-int/data/param_732_rep_9/event_log.csv,/project/theorie/n/N.Pfaffenzeller/results_project/10b10t/10b10t15c1000e_10-dt80-int/data/param_732_rep_9/config.json,"ArgumentError: invalid JSON at byte position 0 while parsing type Any: UnexpectedEOF

"
/project/theorie/n/N.Pfaffenzeller/results_project/10b10t/10b10t15c1000e_10-dt80-int,param_733_rep_1,/project/theorie/n/N.Pfaffenzeller/results_project/10b10t/10b10t15c1000e_10-dt80-int/data/param_733_rep_1,/project/theorie/n/N.Pfaffenzeller/results_project/10b10t/10b10t15c1000e_10-dt80-int/data/param_733_rep_1/event_log.csv,/project/theorie/n/N.Pfaffenzeller/results_project/10b10t/10b10t15c1000e_10-dt80-int/data/param_733_rep_1/config.json,"ArgumentError: invalid JSON at byte position 0 while parsing type Any: UnexpectedEOF

"
/project/theorie/n/N.Pfaffenzeller/results_project/10b10t/10b10t15c1000e_10-dt80-int,param_733_rep_10,/project/theorie/n/N.Pfaffenzeller/results_project/10b10t/10b10t15c1000e_10-dt80-int/data/param_733_rep_10,/project/theorie/n/N.Pfaffenzeller/results_project/10b10t/10b10t15c1000e_10-dt80-int/data/param_733_rep_10/event_log.csv,/project/theorie/n/N.Pfaffenzeller/results_project/10b10t/10b10t15c1000e_10-dt80-int/data/param_733_rep_10/config.json,"ArgumentError: invalid JSON at byte position 0 while parsing type Any: UnexpectedEOF

"
/project/theorie/n/N.Pfaffenzeller/results_project/10b10t/10b10t15c1000e_10-dt80-int,param_733_rep_2,/project/theorie/n/N.Pfaffenzeller/results_project/10b10t/10b10t15c1000e_10-dt80-int/data/param_733_rep_2,/project/theorie/n/N.Pfaffenzeller/results_project/10b10t/10b10t15c1000e_10-dt80-int/data/param_733_rep_2/event_log.csv,/project/theorie/n/N.Pfaffenzeller/results_project/10b10t/10b10t15c1000e_10-dt80-int/data/param_733_rep_2/config.json,"ArgumentError: invalid JSON at byte position 0 while parsing type Any: UnexpectedEOF

"
/project/theorie/n/N.Pfaffenzeller/results_project/10b10t/10b10t15c1000e_10-dt80-int,param_733_rep_3,/project/theorie/n/N.Pfaffenzeller/results_project/10b10t/10b10t15c1000e_10-dt80-int/data/param_733_rep_3,/project/theorie/n/N.Pfaffenzeller/results_project/10b10t/10b10t15c1000e_10-dt80-int/data/param_733_rep_3/event_log.csv,/project/theorie/n/N.Pfaffenzeller/results_project/10b10t/10b10t15c1000e_10-dt80-int/data/param_733_rep_3/config.json,"ArgumentError: invalid JSON at byte position 0 while parsing type Any: UnexpectedEOF

"
/project/theorie/n/N.Pfaffenzeller/results_project/10b10t/10b10t15c1000e_10-dt80-int,param_733_rep_4,/project/theorie/n/N.Pfaffenzeller/results_project/10b10t/10b10t15c1000e_10-dt80-int/data/param_733_rep_4,/project/theorie/n/N.Pfaffenzeller/results_project/10b10t/10b10t15c1000e_10-dt80-int/data/param_733_rep_4/event_log.csv,/project/theorie/n/N.Pfaffenzeller/results_project/10b10t/10b10t15c1000e_10-dt80-int/data/param_733_rep_4/config.json,"ArgumentError: invalid JSON at byte position 0 while parsing type Any: UnexpectedEOF

"
/project/theorie/n/N.Pfaffenzeller/results_project/10b10t/10b10t15c1000e_10-dt80-int,param_733_rep_5,/project/theorie/n/N.Pfaffenzeller/results_project/10b10t/10b10t15c1000e_10-dt80-int/data/param_733_rep_5,/project/theorie/n/N.Pfaffenzeller/results_project/10b10t/10b10t15c1000e_10-dt80-int/data/param_733_rep_5/event_log.csv,/project/theorie/n/N.Pfaffenzeller/results_project/10b10t/10b10t15c1000e_10-dt80-int/data/param_733_rep_5/config.json,"ArgumentError: invalid JSON at byte position 0 while parsing type Any: UnexpectedEOF

"
/project/theorie/n/N.Pfaffenzeller/results_project/10b10t/10b10t15c1000e_10-dt80-int,param_733_rep_6,/project/theorie/n/N.Pfaffenzeller/results_project/10b10t/10b10t15c1000e_10-dt80-int/data/param_733_rep_6,/project/theorie/n/N.Pfaffenzeller/results_project/10b10t/10b10t15c1000e_10-dt80-int/data/param_733_rep_6/event_log.csv,/project/theorie/n/N.Pfaffenzeller/results_project/10b10t/10b10t15c1000e_10-dt80-int/data/param_733_rep_6/config.json,"ArgumentError: invalid JSON at byte position 0 while parsing type Any: UnexpectedEOF

"
/project/theorie/n/N.Pfaffenzeller/results_project/10b10t/10b10t15c1000e_10-dt80-int,param_733_rep_7,/project/theorie/n/N.Pfaffenzeller/results_project/10b10t/10b10t15c1000e_10-dt80-int/data/param_733_rep_7,/project/theorie/n/N.Pfaffenzeller/results_project/10b10t/10b10t15c1000e_10-dt80-int/data/param_733_rep_7/event_log.csv,/project/theorie/n/N.Pfaffenzeller/results_project/10b10t/10b10t15c1000e_10-dt80-int/data/param_733_rep_7/config.json,"ArgumentError: invalid JSON at byte position 0 while parsing type Any: UnexpectedEOF

"
/project/theorie/n/N.Pfaffenzeller/results_project/10b10t/10b10t15c1000e_10-dt80-int,param_733_rep_8,/project/theorie/n/N.Pfaffenzeller/results_project/10b10t/10b10t15c1000e_10-dt80-int/data/param_733_rep_8,/project/theorie/n/N.Pfaffenzeller/results_project/10b10t/10b10t15c1000e_10-dt80-int/data/param_733_rep_8/event_log.csv,/project/theorie/n/N.Pfaffenzeller/results_project/10b10t/10b10t15c1000e_10-dt80-int/data/param_733_rep_8/config.json,"ArgumentError: invalid JSON at byte position 0 while parsing type Any: UnexpectedEOF

"
/project/theorie/n/N.Pfaffenzeller/results_project/10b10t/10b10t15c1000e_10-dt80-int,param_733_rep_9,/project/theorie/n/N.Pfaffenzeller/results_project/10b10t/10b10t15c1000e_10-dt80-int/data/param_733_rep_9,/project/theorie/n/N.Pfaffenzeller/results_project/10b10t/10b10t15c1000e_10-dt80-int/data/param_733_rep_9/event_log.csv,/project/theorie/n/N.Pfaffenzeller/results_project/10b10t/10b10t15c1000e_10-dt80-int/data/param_733_rep_9/config.json,"ArgumentError: invalid JSON at byte position 0 while parsing type Any: UnexpectedEOF

"
/project/theorie/n/N.Pfaffenzeller/results_project/10b10t/10b10t15c1000e_10-dt80-int,param_734_rep_1,/project/theorie/n/N.Pfaffenzeller/results_project/10b10t/10b10t15c1000e_10-dt80-int/data/param_734_rep_1,/project/theorie/n/N.Pfaffenzeller/results_project/10b10t/10b10t15c1000e_10-dt80-int/data/param_734_rep_1/event_log.csv,/project/theorie/n/N.Pfaffenzeller/results_project/10b10t/10b10t15c1000e_10-dt80-int/data/param_734_rep_1/config.json,No task_* columns found (excluding task_id).
/project/theorie/n/N.Pfaffenzeller/results_project/10b10t/10b10t15c1000e_10-dt80-int,param_734_rep_10,/project/theorie/n/N.Pfaffenzeller/results_project/10b10t/10b10t15c1000e_10-dt80-int/data/param_734_rep_10,/project/theorie/n/N.Pfaffenzeller/results_project/10b10t/10b10t15c1000e_10-dt80-int/data/param_734_rep_10/event_log.csv,/project/theorie/n/N.Pfaffenzeller/results_project/10b10t/10b10t15c1000e_10-dt80-int/data/param_734_rep_10/config.json,"ArgumentError: invalid JSON at byte position 0 while parsing type Any: UnexpectedEOF

"
/project/theorie/n/N.Pfaffenzeller/results_project/10b10t/10b10t15c1000e_10-dt80-int,param_734_rep_2,/project/theorie/n/N.Pfaffenzeller/results_project/10b10t/10b10t15c1000e_10-dt80-int/data/param_734_rep_2,/project/theorie/n/N.Pfaffenzeller/results_project/10b10t/10b10t15c1000e_10-dt80-int/data/param_734_rep_2/event_log.csv,/project/theorie/n/N.Pfaffenzeller/results_project/10b10t/10b10t15c1000e_10-dt80-int/data/param_734_rep_2/config.json,"ArgumentError: invalid JSON at byte position 0 while parsing type Any: UnexpectedEOF

"
/project/theorie/n/N.Pfaffenzeller/results_project/10b10t/10b10t15c1000e_10-dt80-int,param_734_rep_3,/project/theorie/n/N.Pfaffenzeller/results_project/10b10t/10b10t15c1000e_10-dt80-int/data/param_734_rep_3,/project/theorie/n/N.Pfaffenzeller/results_project/10b10t/10b10t15c1000e_10-dt80-int/data/param_734_rep_3/event_log.csv,/project/theorie/n/N.Pfaffenzeller/results_project/10b10t/10b10t15c1000e_10-dt80-int/data/param_734_rep_3/config.json,"ArgumentError: invalid JSON at byte position 0 while parsing type Any: UnexpectedEOF

"
/project/theorie/n/N.Pfaffenzeller/results_project/10b10t/10b10t15c1000e_10-dt80-int,param_734_rep_4,/project/theorie/n/N.Pfaffenzeller/results_project/10b10t/10b10t15c1000e_10-dt80-int/data/param_734_rep_4,/project/theorie/n/N.Pfaffenzeller/results_project/10b10t/10b10t15c1000e_10-dt80-int/data/param_734_rep_4/event_log.csv,/project/theorie/n/N.Pfaffenzeller/results_project/10b10t/10b10t15c1000e_10-dt80-int/data/param_734_rep_4/config.json,"ArgumentError: invalid JSON at byte position 0 while parsing type Any: UnexpectedEOF

"
/project/theorie/n/N.Pfaffenzeller/results_project/10b10t/10b10t15c1000e_10-dt80-int,param_734_rep_5,/project/theorie/n/N.Pfaffenzeller/results_project/10b10t/10b10t15c1000e_10-dt80-int/data/param_734_rep_5,/project/theorie/n/N.Pfaffenzeller/results_project/10b10t/10b10t15c1000e_10-dt80-int/data/param_734_rep_5/event_log.csv,/project/theorie/n/N.Pfaffenzeller/results_project/10b10t/10b10t15c1000e_10-dt80-int/data/param_734_rep_5/config.json,"ArgumentError: invalid JSON at byte position 0 while parsing type Any: UnexpectedEOF

"
/project/theorie/n/N.Pfaffenzeller/results_project/10b10t/10b10t15c1000e_10-dt80-int,param_734_rep_6,/project/theorie/n/N.Pfaffenzeller/results_project/10b10t/10b10t15c1000e_10-dt80-int/data/param_734_rep_6,/project/theorie/n/N.Pfaffenzeller/results_project/10b10t/10b10t15c1000e_10-dt80-int/data/param_734_rep_6/event_log.csv,/project/theorie/n/N.Pfaffenzeller/results_project/10b10t/10b10t15c1000e_10-dt80-int/data/param_734_rep_6/config.json,"ArgumentError: invalid JSON at byte position 0 while parsing type Any: UnexpectedEOF

"
/project/theorie/n/N.Pfaffenzeller/results_project/10b10t/10b10t15c1000e_10-dt80-int,param_734_rep_7,/project/theorie/n/N.Pfaffenzeller/results_project/10b10t/10b10t15c1000e_10-dt80-int/data/param_734_rep_7,/project/theorie/n/N.Pfaffenzeller/results_project/10b10t/10b10t15c1000e_10-dt80-int/data/param_734_rep_7/event_log.csv,/project/theorie/n/N.Pfaffenzeller/results_project/10b10t/10b10t15c1000e_10-dt80-int/data/param_734_rep_7/config.json,"ArgumentError: invalid JSON at byte position 0 while parsing type Any: UnexpectedEOF

"
/project/theorie/n/N.Pfaffenzeller/results_project/10b10t/10b10t15c1000e_10-dt80-int,param_734_rep_8,/project/theorie/n/N.Pfaffenzeller/results_project/10b10t/10b10t15c1000e_10-dt80-int/data/param_734_rep_8,/project/theorie/n/N.Pfaffenzeller/results_project/10b10t/10b10t15c1000e_10-dt80-int/data/param_734_rep_8/event_log.csv,/project/theorie/n/N.Pfaffenzeller/results_project/10b10t/10b10t15c1000e_10-dt80-int/data/param_734_rep_8/config.json,"ArgumentError: invalid JSON at byte position 0 while parsing type Any: UnexpectedEOF

"
/project/theorie/n/N.Pfaffenzeller/results_project/10b10t/10b10t15c1000e_10-dt80-int,param_734_rep_9,/project/theorie/n/N.Pfaffenzeller/results_project/10b10t/10b10t15c1000e_10-dt80-int/data/param_734_rep_9,/project/theorie/n/N.Pfaffenzeller/results_project/10b10t/10b10t15c1000e_10-dt80-int/data/param_734_rep_9/event_log.csv,/project/theorie/n/N.Pfaffenzeller/results_project/10b10t/10b10t15c1000e_10-dt80-int/data/param_734_rep_9/config.json,"ArgumentError: invalid JSON at byte position 0 while parsing type Any: UnexpectedEOF

"
/project/theorie/n/N.Pfaffenzeller/results_project/10b10t/10b10t15c1000e_10-dt80-int,param_735_rep_1,/project/theorie/n/N.Pfaffenzeller/results_project/10b10t/10b10t15c1000e_10-dt80-int/data/param_735_rep_1,/project/theorie/n/N.Pfaffenzeller/results_project/10b10t/10b10t15c1000e_10-dt80-int/data/param_735_rep_1/event_log.csv,/project/theorie/n/N.Pfaffenzeller/results_project/10b10t/10b10t15c1000e_10-dt80-int/data/param_735_rep_1/config.json,"ArgumentError: invalid JSON at byte position 0 while parsing type Any: UnexpectedEOF

"
/project/theorie/n/N.Pfaffenzeller/results_project/10b10t/10b10t15c1000e_10-dt80-int,param_735_rep_10,/project/theorie/n/N.Pfaffenzeller/results_project/10b10t/10b10t15c1000e_10-dt80-int/data/param_735_rep_10,/project/theorie/n/N.Pfaffenzeller/results_project/10b10t/10b10t15c1000e_10-dt80-int/data/param_735_rep_10/event_log.csv,/project/theorie/n/N.Pfaffenzeller/results_project/10b10t/10b10t15c1000e_10-dt80-int/data/param_735_rep_10/config.json,"ArgumentError: invalid JSON at byte position 0 while parsing type Any: UnexpectedEOF

"
/project/theorie/n/N.Pfaffenzeller/results_project/10b10t/10b10t15c1000e_10-dt80-int,param_735_rep_2,/project/theorie/n/N.Pfaffenzeller/results_project/10b10t/10b10t15c1000e_10-dt80-int/data/param_735_rep_2,/project/theorie/n/N.Pfaffenzeller/results_project/10b10t/10b10t15c1000e_10-dt80-int/data/param_735_rep_2/event_log.csv,/project/theorie/n/N.Pfaffenzeller/results_project/10b10t/10b10t15c1000e_10-dt80-int/data/param_735_rep_2/config.json,"ArgumentError: invalid JSON at byte position 0 while parsing type Any: UnexpectedEOF

"
/project/theorie/n/N.Pfaffenzeller/results_project/10b10t/10b10t15c1000e_10-dt80-int,param_735_rep_3,/project/theorie/n/N.Pfaffenzeller/results_project/10b10t/10b10t15c1000e_10-dt80-int/data/param_735_rep_3,/project/theorie/n/N.Pfaffenzeller/results_project/10b10t/10b10t15c1000e_10-dt80-int/data/param_735_rep_3/event_log.csv,/project/theorie/n/N.Pfaffenzeller/results_project/10b10t/10b10t15c1000e_10-dt80-int/data/param_735_rep_3/config.json,"ArgumentError: invalid JSON at byte position 0 while parsing type Any: UnexpectedEOF

"
/project/theorie/n/N.Pfaffenzeller/results_project/10b10t/10b10t15c1000e_10-dt80-int,param_735_rep_4,/project/theorie/n/N.Pfaffenzeller/results_project/10b10t/10b10t15c1000e_10-dt80-int/data/param_735_rep_4,/project/theorie/n/N.Pfaffenzeller/results_project/10b10t/10b10t15c1000e_10-dt80-int/data/param_735_rep_4/event_log.csv,/project/theorie/n/N.Pfaffenzeller/results_project/10b10t/10b10t15c1000e_10-dt80-int/data/param_735_rep_4/config.json,"ArgumentError: invalid JSON at byte position 0 while parsing type Any: UnexpectedEOF

"
/project/theorie/n/N.Pfaffenzeller/results_project/10b10t/10b10t15c1000e_10-dt80-int,param_735_rep_5,/project/theorie/n/N.Pfaffenzeller/results_project/10b10t/10b10t15c1000e_10-dt80-int/data/param_735_rep_5,/project/theorie/n/N.Pfaffenzeller/results_project/10b10t/10b10t15c1000e_10-dt80-int/data/param_735_rep_5/event_log.csv,/project/theorie/n/N.Pfaffenzeller/results_project/10b10t/10b10t15c1000e_10-dt80-int/data/param_735_rep_5/config.json,"ArgumentError: invalid JSON at byte position 0 while parsing type Any: UnexpectedEOF

"
/project/theorie/n/N.Pfaffenzeller/results_project/10b10t/10b10t15c1000e_10-dt80-int,param_735_rep_6,/project/theorie/n/N.Pfaffenzeller/results_project/10b10t/10b10t15c1000e_10-dt80-int/data/param_735_rep_6,/project/theorie/n/N.Pfaffenzeller/results_project/10b10t/10b10t15c1000e_10-dt80-int/data/param_735_rep_6/event_log.csv,/project/theorie/n/N.Pfaffenzeller/results_project/10b10t/10b10t15c1000e_10-dt80-int/data/param_735_rep_6/config.json,"ArgumentError: invalid JSON at byte position 0 while parsing type Any: UnexpectedEOF

"
/project/theorie/n/N.Pfaffenzeller/results_project/10b10t/10b10t15c1000e_10-dt80-int,param_735_rep_7,/project/theorie/n/N.Pfaffenzeller/results_project/10b10t/10b10t15c1000e_10-dt80-int/data/param_735_rep_7,/project/theorie/n/N.Pfaffenzeller/results_project/10b10t/10b10t15c1000e_10-dt80-int/data/param_735_rep_7/event_log.csv,/project/theorie/n/N.Pfaffenzeller/results_project/10b10t/10b10t15c1000e_10-dt80-int/data/param_735_rep_7/config.json,"ArgumentError: invalid JSON at byte position 0 while parsing type Any: UnexpectedEOF

"
/project/theorie/n/N.Pfaffenzeller/results_project/10b10t/10b10t15c1000e_10-dt80-int,param_735_rep_8,/project/theorie/n/N.Pfaffenzeller/results_project/10b10t/10b10t15c1000e_10-dt80-int/data/param_735_rep_8,/project/theorie/n/N.Pfaffenzeller/results_project/10b10t/10b10t15c1000e_10-dt80-int/data/param_735_rep_8/event_log.csv,/project/theorie/n/N.Pfaffenzeller/results_project/10b10t/10b10t15c1000e_10-dt80-int/data/param_735_rep_8/config.json,"ArgumentError: invalid JSON at byte position 0 while parsing type Any: UnexpectedEOF

"
/project/theorie/n/N.Pfaffenzeller/results_project/10b10t/10b10t15c1000e_10-dt80-int,param_735_rep_9,/project/theorie/n/N.Pfaffenzeller/results_project/10b10t/10b10t15c1000e_10-dt80-int/data/param_735_rep_9,/project/theorie/n/N.Pfaffenzeller/results_project/10b10t/10b10t15c1000e_10-dt80-int/data/param_735_rep_9/event_log.csv,/project/theorie/n/N.Pfaffenzeller/results_project/10b10t/10b10t15c1000e_10-dt80-int/data/param_735_rep_9/config.json,"ArgumentError: invalid JSON at byte position 0 while parsing type Any: UnexpectedEOF

"
/project/theorie/n/N.Pfaffenzeller/results_project/10b10t/10b10t15c1000e_10-dt80-int,param_736_rep_1,/project/theorie/n/N.Pfaffenzeller/results_project/10b10t/10b10t15c1000e_10-dt80-int/data/param_736_rep_1,/project/theorie/n/N.Pfaffenzeller/results_project/10b10t/10b10t15c1000e_10-dt80-int/data/param_736_rep_1/event_log.csv,/project/theorie/n/N.Pfaffenzeller/results_project/10b10t/10b10t15c1000e_10-dt80-int/data/param_736_rep_1/config.json,"ArgumentError: invalid JSON at byte position 0 while parsing type Any: UnexpectedEOF

"
/project/theorie/n/N.Pfaffenzeller/results_project/10b10t/10b10t15c1000e_10-dt80-int,param_736_rep_10,/project/theorie/n/N.Pfaffenzeller/results_project/10b10t/10b10t15c1000e_10-dt80-int/data/param_736_rep_10,/project/theorie/n/N.Pfaffenzeller/results_project/10b10t/10b10t15c1000e_10-dt80-int/data/param_736_rep_10/event_log.csv,/project/theorie/n/N.Pfaffenzeller/results_project/10b10t/10b10t15c1000e_10-dt80-int/data/param_736_rep_10/config.json,"ArgumentError: invalid JSON at byte position 0 while parsing type Any: UnexpectedEOF

"
/project/theorie/n/N.Pfaffenzeller/results_project/10b10t/10b10t15c1000e_10-dt80-int,param_736_rep_2,/project/theorie/n/N.Pfaffenzeller/results_project/10b10t/10b10t15c1000e_10-dt80-int/data/param_736_rep_2,/project/theorie/n/N.Pfaffenzeller/results_project/10b10t/10b10t15c1000e_10-dt80-int/data/param_736_rep_2/event_log.csv,/project/theorie/n/N.Pfaffenzeller/results_project/10b10t/10b10t15c1000e_10-dt80-int/data/param_736_rep_2/config.json,"ArgumentError: invalid JSON at byte position 0 while parsing type Any: UnexpectedEOF

"
/project/theorie/n/N.Pfaffenzeller/results_project/10b10t/10b10t15c1000e_10-dt80-int,param_736_rep_3,/project/theorie/n/N.Pfaffenzeller/results_project/10b10t/10b10t15c1000e_10-dt80-int/data/param_736_rep_3,/project/theorie/n/N.Pfaffenzeller/results_project/10b10t/10b10t15c1000e_10-dt80-int/data/param_736_rep_3/event_log.csv,/project/theorie/n/N.Pfaffenzeller/results_project/10b10t/10b10t15c1000e_10-dt80-int/data/param_736_rep_3/config.json,"ArgumentError: invalid JSON at byte position 0 while parsing type Any: UnexpectedEOF

"
/project/theorie/n/N.Pfaffenzeller/results_project/10b10t/10b10t15c1000e_10-dt80-int,param_736_rep_4,/project/theorie/n/N.Pfaffenzeller/results_project/10b10t/10b10t15c1000e_10-dt80-int/data/param_736_rep_4,/project/theorie/n/N.Pfaffenzeller/results_project/10b10t/10b10t15c1000e_10-dt80-int/data/param_736_rep_4/event_log.csv,/project/theorie/n/N.Pfaffenzeller/results_project/10b10t/10b10t15c1000e_10-dt80-int/data/param_736_rep_4/config.json,"ArgumentError: invalid JSON at byte position 0 while parsing type Any: UnexpectedEOF

"
/project/theorie/n/N.Pfaffenzeller/results_project/10b10t/10b10t15c1000e_10-dt80-int,param_736_rep_5,/project/theorie/n/N.Pfaffenzeller/results_project/10b10t/10b10t15c1000e_10-dt80-int/data/param_736_rep_5,/project/theorie/n/N.Pfaffenzeller/results_project/10b10t/10b10t15c1000e_10-dt80-int/data/param_736_rep_5/event_log.csv,/project/theorie/n/N.Pfaffenzeller/results_project/10b10t/10b10t15c1000e_10-dt80-int/data/param_736_rep_5/config.json,"ArgumentError: invalid JSON at byte position 0 while parsing type Any: UnexpectedEOF

"
/project/theorie/n/N.Pfaffenzeller/results_project/10b10t/10b10t15c1000e_10-dt80-int,param_736_rep_6,/project/theorie/n/N.Pfaffenzeller/results_project/10b10t/10b10t15c1000e_10-dt80-int/data/param_736_rep_6,/project/theorie/n/N.Pfaffenzeller/results_project/10b10t/10b10t15c1000e_10-dt80-int/data/param_736_rep_6/event_log.csv,/project/theorie/n/N.Pfaffenzeller/results_project/10b10t/10b10t15c1000e_10-dt80-int/data/param_736_rep_6/config.json,"ArgumentError: invalid JSON at byte position 0 while parsing type Any: UnexpectedEOF

"
/project/theorie/n/N.Pfaffenzeller/results_project/10b10t/10b10t15c1000e_10-dt80-int,param_736_rep_7,/project/theorie/n/N.Pfaffenzeller/results_project/10b10t/10b10t15c1000e_10-dt80-int/data/param_736_rep_7,/project/theorie/n/N.Pfaffenzeller/results_project/10b10t/10b10t15c1000e_10-dt80-int/data/param_736_rep_7/event_log.csv,/project/theorie/n/N.Pfaffenzeller/results_project/10b10t/10b10t15c1000e_10-dt80-int/data/param_736_rep_7/config.json,No task_* columns found (excluding task_id).
/project/theorie/n/N.Pfaffenzeller/results_project/10b10t/10b10t15c1000e_10-dt80-int,param_736_rep_8,/project/theorie/n/N.Pfaffenzeller/results_project/10b10t/10b10t15c1000e_10-dt80-int/data/param_736_rep_8,/project/theorie/n/N.Pfaffenzeller/results_project/10b10t/10b10t15c1000e_10-dt80-int/data/param_736_rep_8/event_log.csv,/project/theorie/n/N.Pfaffenzeller/results_project/10b10t/10b10t15c1000e_10-dt80-int/data/param_736_rep_8/config.json,"ArgumentError: invalid JSON at byte position 0 while parsing type Any: UnexpectedEOF

"
/project/theorie/n/N.Pfaffenzeller/results_project/10b10t/10b10t15c1000e_10-dt80-int,param_736_rep_9,/project/theorie/n/N.Pfaffenzeller/results_project/10b10t/10b10t15c1000e_10-dt80-int/data/param_736_rep_9,/project/theorie/n/N.Pfaffenzeller/results_project/10b10t/10b10t15c1000e_10-dt80-int/data/param_736_rep_9/event_log.csv,/project/theorie/n/N.Pfaffenzeller/results_project/10b10t/10b10t15c1000e_10-dt80-int/data/param_736_rep_9/config.json,"ArgumentError: invalid JSON at byte position 0 while parsing type Any: UnexpectedEOF

"
/project/theorie/n/N.Pfaffenzeller/results_project/10b10t/10b10t15c1000e_10-dt80-int,param_737_rep_1,/project/theorie/n/N.Pfaffenzeller/results_project/10b10t/10b10t15c1000e_10-dt80-int/data/param_737_rep_1,/project/theorie/n/N.Pfaffenzeller/results_project/10b10t/10b10t15c1000e_10-dt80-int/data/param_737_rep_1/event_log.csv,/project/theorie/n/N.Pfaffenzeller/results_project/10b10t/10b10t15c1000e_10-dt80-int/data/param_737_rep_1/config.json,"ArgumentError: invalid JSON at byte position 0 while parsing type Any: UnexpectedEOF

"
/project/theorie/n/N.Pfaffenzeller/results_project/10b10t/10b10t15c1000e_10-dt80-int,param_737_rep_10,/project/theorie/n/N.Pfaffenzeller/results_project/10b10t/10b10t15c1000e_10-dt80-int/data/param_737_rep_10,/project/theorie/n/N.Pfaffenzeller/results_project/10b10t/10b10t15c1000e_10-dt80-int/data/param_737_rep_10/event_log.csv,/project/theorie/n/N.Pfaffenzeller/results_project/10b10t/10b10t15c1000e_10-dt80-int/data/param_737_rep_10/config.json,"ArgumentError: invalid JSON at byte position 0 while parsing type Any: UnexpectedEOF

"
/project/theorie/n/N.Pfaffenzeller/results_project/10b10t/10b10t15c1000e_10-dt80-int,param_737_rep_2,/project/theorie/n/N.Pfaffenzeller/results_project/10b10t/10b10t15c1000e_10-dt80-int/data/param_737_rep_2,/project/theorie/n/N.Pfaffenzeller/results_project/10b10t/10b10t15c1000e_10-dt80-int/data/param_737_rep_2/event_log.csv,/project/theorie/n/N.Pfaffenzeller/results_project/10b10t/10b10t15c1000e_10-dt80-int/data/param_737_rep_2/config.json,"ArgumentError: invalid JSON at byte position 0 while parsing type Any: UnexpectedEOF

"
/project/theorie/n/N.Pfaffenzeller/results_project/10b10t/10b10t15c1000e_10-dt80-int,param_737_rep_3,/project/theorie/n/N.Pfaffenzeller/results_project/10b10t/10b10t15c1000e_10-dt80-int/data/param_737_rep_3,/project/theorie/n/N.Pfaffenzeller/results_project/10b10t/10b10t15c1000e_10-dt80-int/data/param_737_rep_3/event_log.csv,/project/theorie/n/N.Pfaffenzeller/results_project/10b10t/10b10t15c1000e_10-dt80-int/data/param_737_rep_3/config.json,"ArgumentError: invalid JSON at byte position 0 while parsing type Any: UnexpectedEOF

"
/project/theorie/n/N.Pfaffenzeller/results_project/10b10t/10b10t15c1000e_10-dt80-int,param_737_rep_4,/project/theorie/n/N.Pfaffenzeller/results_project/10b10t/10b10t15c1000e_10-dt80-int/data/param_737_rep_4,/project/theorie/n/N.Pfaffenzeller/results_project/10b10t/10b10t15c1000e_10-dt80-int/data/param_737_rep_4/event_log.csv,/project/theorie/n/N.Pfaffenzeller/results_project/10b10t/10b10t15c1000e_10-dt80-int/data/param_737_rep_4/config.json,"ArgumentError: invalid JSON at byte position 0 while parsing type Any: UnexpectedEOF

"
/project/theorie/n/N.Pfaffenzeller/results_project/10b10t/10b10t15c1000e_10-dt80-int,param_737_rep_5,/project/theorie/n/N.Pfaffenzeller/results_project/10b10t/10b10t15c1000e_10-dt80-int/data/param_737_rep_5,/project/theorie/n/N.Pfaffenzeller/results_project/10b10t/10b10t15c1000e_10-dt80-int/data/param_737_rep_5/event_log.csv,/project/theorie/n/N.Pfaffenzeller/results_project/10b10t/10b10t15c1000e_10-dt80-int/data/param_737_rep_5/config.json,"ArgumentError: invalid JSON at byte position 0 while parsing type Any: UnexpectedEOF

"
/project/theorie/n/N.Pfaffenzeller/results_project/10b10t/10b10t15c1000e_10-dt80-int,param_737_rep_6,/project/theorie/n/N.Pfaffenzeller/results_project/10b10t/10b10t15c1000e_10-dt80-int/data/param_737_rep_6,/project/theorie/n/N.Pfaffenzeller/results_project/10b10t/10b10t15c1000e_10-dt80-int/data/param_737_rep_6/event_log.csv,/project/theorie/n/N.Pfaffenzeller/results_project/10b10t/10b10t15c1000e_10-dt80-int/data/param_737_rep_6/config.json,"ArgumentError: invalid JSON at byte position 0 while parsing type Any: UnexpectedEOF

"
/project/theorie/n/N.Pfaffenzeller/results_project/10b10t/10b10t15c1000e_10-dt80-int,param_737_rep_7,/project/theorie/n/N.Pfaffenzeller/results_project/10b10t/10b10t15c1000e_10-dt80-int/data/param_737_rep_7,/project/theorie/n/N.Pfaffenzeller/results_project/10b10t/10b10t15c1000e_10-dt80-int/data/param_737_rep_7/event_log.csv,/project/theorie/n/N.Pfaffenzeller/results_project/10b10t/10b10t15c1000e_10-dt80-int/data/param_737_rep_7/config.json,"ArgumentError: invalid JSON at byte position 0 while parsing type Any: UnexpectedEOF

"
/project/theorie/n/N.Pfaffenzeller/results_project/10b10t/10b10t15c1000e_10-dt80-int,param_737_rep_8,/project/theorie/n/N.Pfaffenzeller/results_project/10b10t/10b10t15c1000e_10-dt80-int/data/param_737_rep_8,/project/theorie/n/N.Pfaffenzeller/results_project/10b10t/10b10t15c1000e_10-dt80-int/data/param_737_rep_8/event_log.csv,/project/theorie/n/N.Pfaffenzeller/results_project/10b10t/10b10t15c1000e_10-dt80-int/data/param_737_rep_8/config.json,"ArgumentError: invalid JSON at byte position 0 while parsing type Any: UnexpectedEOF

"
/project/theorie/n/N.Pfaffenzeller/results_project/10b10t/10b10t15c1000e_10-dt80-int,param_737_rep_9,/project/theorie/n/N.Pfaffenzeller/results_project/10b10t/10b10t15c1000e_10-dt80-int/data/param_737_rep_9,/project/theorie/n/N.Pfaffenzeller/results_project/10b10t/10b10t15c1000e_10-dt80-int/data/param_737_rep_9/event_log.csv,/project/theorie/n/N.Pfaffenzeller/results_project/10b10t/10b10t15c1000e_10-dt80-int/data/param_737_rep_9/config.json,"ArgumentError: invalid JSON at byte position 0 while parsing type Any: UnexpectedEOF

"
/project/theorie/n/N.Pfaffenzeller/results_project/10b10t/10b10t15c1000e_10-dt80-int,param_738_rep_1,/project/theorie/n/N.Pfaffenzeller/results_project/10b10t/10b10t15c1000e_10-dt80-int/data/param_738_rep_1,/project/theorie/n/N.Pfaffenzeller/results_project/10b10t/10b10t15c1000e_10-dt80-int/data/param_738_rep_1/event_log.csv,/project/theorie/n/N.Pfaffenzeller/results_project/10b10t/10b10t15c1000e_10-dt80-int/data/param_738_rep_1/config.json,"ArgumentError: invalid JSON at byte position 0 while parsing type Any: UnexpectedEOF

"
/project/theorie/n/N.Pfaffenzeller/results_project/10b10t/10b10t15c1000e_10-dt80-int,param_738_rep_10,/project/theorie/n/N.Pfaffenzeller/results_project/10b10t/10b10t15c1000e_10-dt80-int/data/param_738_rep_10,/project/theorie/n/N.Pfaffenzeller/results_project/10b10t/10b10t15c1000e_10-dt80-int/data/param_738_rep_10/event_log.csv,/project/theorie/n/N.Pfaffenzeller/results_project/10b10t/10b10t15c1000e_10-dt80-int/data/param_738_rep_10/config.json,"ArgumentError: invalid JSON at byte position 0 while parsing type Any: UnexpectedEOF

"
/project/theorie/n/N.Pfaffenzeller/results_project/10b10t/10b10t15c1000e_10-dt80-int,param_738_rep_2,/project/theorie/n/N.Pfaffenzeller/results_project/10b10t/10b10t15c1000e_10-dt80-int/data/param_738_rep_2,/project/theorie/n/N.Pfaffenzeller/results_project/10b10t/10b10t15c1000e_10-dt80-int/data/param_738_rep_2/event_log.csv,/project/theorie/n/N.Pfaffenzeller/results_project/10b10t/10b10t15c1000e_10-dt80-int/data/param_738_rep_2/config.json,"ArgumentError: invalid JSON at byte position 0 while parsing type Any: UnexpectedEOF

"
/project/theorie/n/N.Pfaffenzeller/results_project/10b10t/10b10t15c1000e_10-dt80-int,param_738_rep_3,/project/theorie/n/N.Pfaffenzeller/results_project/10b10t/10b10t15c1000e_10-dt80-int/data/param_738_rep_3,/project/theorie/n/N.Pfaffenzeller/results_project/10b10t/10b10t15c1000e_10-dt80-int/data/param_738_rep_3/event_log.csv,/project/theorie/n/N.Pfaffenzeller/results_project/10b10t/10b10t15c1000e_10-dt80-int/data/param_738_rep_3/config.json,"ArgumentError: invalid JSON at byte position 0 while parsing type Any: UnexpectedEOF

"
/project/theorie/n/N.Pfaffenzeller/results_project/10b10t/10b10t15c1000e_10-dt80-int,param_738_rep_4,/project/theorie/n/N.Pfaffenzeller/results_project/10b10t/10b10t15c1000e_10-dt80-int/data/param_738_rep_4,/project/theorie/n/N.Pfaffenzeller/results_project/10b10t/10b10t15c1000e_10-dt80-int/data/param_738_rep_4/event_log.csv,/project/theorie/n/N.Pfaffenzeller/results_project/10b10t/10b10t15c1000e_10-dt80-int/data/param_738_rep_4/config.json,"ArgumentError: invalid JSON at byte position 0 while parsing type Any: UnexpectedEOF

"
/project/theorie/n/N.Pfaffenzeller/results_project/10b10t/10b10t15c1000e_10-dt80-int,param_738_rep_5,/project/theorie/n/N.Pfaffenzeller/results_project/10b10t/10b10t15c1000e_10-dt80-int/data/param_738_rep_5,/project/theorie/n/N.Pfaffenzeller/results_project/10b10t/10b10t15c1000e_10-dt80-int/data/param_738_rep_5/event_log.csv,/project/theorie/n/N.Pfaffenzeller/results_project/10b10t/10b10t15c1000e_10-dt80-int/data/param_738_rep_5/config.json,"ArgumentError: invalid JSON at byte position 0 while parsing type Any: UnexpectedEOF

"
/project/theorie/n/N.Pfaffenzeller/results_project/10b10t/10b10t15c1000e_10-dt80-int,param_738_rep_6,/project/theorie/n/N.Pfaffenzeller/results_project/10b10t/10b10t15c1000e_10-dt80-int/data/param_738_rep_6,/project/theorie/n/N.Pfaffenzeller/results_project/10b10t/10b10t15c1000e_10-dt80-int/data/param_738_rep_6/event_log.csv,/project/theorie/n/N.Pfaffenzeller/results_project/10b10t/10b10t15c1000e_10-dt80-int/data/param_738_rep_6/config.json,"ArgumentError: invalid JSON at byte position 0 while parsing type Any: UnexpectedEOF

"
/project/theorie/n/N.Pfaffenzeller/results_project/10b10t/10b10t15c1000e_10-dt80-int,param_738_rep_7,/project/theorie/n/N.Pfaffenzeller/results_project/10b10t/10b10t15c1000e_10-dt80-int/data/param_738_rep_7,/project/theorie/n/N.Pfaffenzeller/results_project/10b10t/10b10t15c1000e_10-dt80-int/data/param_738_rep_7/event_log.csv,/project/theorie/n/N.Pfaffenzeller/results_project/10b10t/10b10t15c1000e_10-dt80-int/data/param_738_rep_7/config.json,"ArgumentError: invalid JSON at byte position 0 while parsing type Any: UnexpectedEOF

"
/project/theorie/n/N.Pfaffenzeller/results_project/10b10t/10b10t15c1000e_10-dt80-int,param_738_rep_8,/project/theorie/n/N.Pfaffenzeller/results_project/10b10t/10b10t15c1000e_10-dt80-int/data/param_738_rep_8,/project/theorie/n/N.Pfaffenzeller/results_project/10b10t/10b10t15c1000e_10-dt80-int/data/param_738_rep_8/event_log.csv,/project/theorie/n/N.Pfaffenzeller/results_project/10b10t/10b10t15c1000e_10-dt80-int/data/param_738_rep_8/config.json,"ArgumentError: invalid JSON at byte position 0 while parsing type Any: UnexpectedEOF

"
/project/theorie/n/N.Pfaffenzeller/results_project/10b10t/10b10t15c1000e_10-dt80-int,param_738_rep_9,/project/theorie/n/N.Pfaffenzeller/results_project/10b10t/10b10t15c1000e_10-dt80-int/data/param_738_rep_9,/project/theorie/n/N.Pfaffenzeller/results_project/10b10t/10b10t15c1000e_10-dt80-int/data/param_738_rep_9/event_log.csv,/project/theorie/n/N.Pfaffenzeller/results_project/10b10t/10b10t15c1000e_10-dt80-int/data/param_738_rep_9/config.json,No task_* columns found (excluding task_id).
/project/theorie/n/N.Pfaffenzeller/results_project/10b10t/10b10t15c1000e_10-dt80-int,param_739_rep_1,/project/theorie/n/N.Pfaffenzeller/results_project/10b10t/10b10t15c1000e_10-dt80-int/data/param_739_rep_1,/project/theorie/n/N.Pfaffenzeller/results_project/10b10t/10b10t15c1000e_10-dt80-int/data/param_739_rep_1/event_log.csv,/project/theorie/n/N.Pfaffenzeller/results_project/10b10t/10b10t15c1000e_10-dt80-int/data/param_739_rep_1/config.json,No task_* columns found (excluding task_id).
/project/theorie/n/N.Pfaffenzeller/results_project/10b10t/10b10t15c1000e_10-dt80-int,param_739_rep_10,/project/theorie/n/N.Pfaffenzeller/results_project/10b10t/10b10t15c1000e_10-dt80-int/data/param_739_rep_10,/project/theorie/n/N.Pfaffenzeller/results_project/10b10t/10b10t15c1000e_10-dt80-int/data/param_739_rep_10/event_log.csv,/project/theorie/n/N.Pfaffenzeller/results_project/10b10t/10b10t15c1000e_10-dt80-int/data/param_739_rep_10/config.json,"ArgumentError: invalid JSON at byte position 0 while parsing type Any: UnexpectedEOF

"
/project/theorie/n/N.Pfaffenzeller/results_project/10b10t/10b10t15c1000e_10-dt80-int,param_739_rep_2,/project/theorie/n/N.Pfaffenzeller/results_project/10b10t/10b10t15c1000e_10-dt80-int/data/param_739_rep_2,/project/theorie/n/N.Pfaffenzeller/results_project/10b10t/10b10t15c1000e_10-dt80-int/data/param_739_rep_2/event_log.csv,/project/theorie/n/N.Pfaffenzeller/results_project/10b10t/10b10t15c1000e_10-dt80-int/data/param_739_rep_2/config.json,"ArgumentError: invalid JSON at byte position 0 while parsing type Any: UnexpectedEOF

"
/project/theorie/n/N.Pfaffenzeller/results_project/10b10t/10b10t15c1000e_10-dt80-int,param_739_rep_3,/project/theorie/n/N.Pfaffenzeller/results_project/10b10t/10b10t15c1000e_10-dt80-int/data/param_739_rep_3,/project/theorie/n/N.Pfaffenzeller/results_project/10b10t/10b10t15c1000e_10-dt80-int/data/param_739_rep_3/event_log.csv,/project/theorie/n/N.Pfaffenzeller/results_project/10b10t/10b10t15c1000e_10-dt80-int/data/param_739_rep_3/config.json,"ArgumentError: invalid JSON at byte position 0 while parsing type Any: UnexpectedEOF

"
/project/theorie/n/N.Pfaffenzeller/results_project/10b10t/10b10t15c1000e_10-dt80-int,param_739_rep_4,/project/theorie/n/N.Pfaffenzeller/results_project/10b10t/10b10t15c1000e_10-dt80-int/data/param_739_rep_4,/project/theorie/n/N.Pfaffenzeller/results_project/10b10t/10b10t15c1000e_10-dt80-int/data/param_739_rep_4/event_log.csv,/project/theorie/n/N.Pfaffenzeller/results_project/10b10t/10b10t15c1000e_10-dt80-int/data/param_739_rep_4/config.json,"ArgumentError: invalid JSON at byte position 0 while parsing type Any: UnexpectedEOF

"
/project/theorie/n/N.Pfaffenzeller/results_project/10b10t/10b10t15c1000e_10-dt80-int,param_739_rep_5,/project/theorie/n/N.Pfaffenzeller/results_project/10b10t/10b10t15c1000e_10-dt80-int/data/param_739_rep_5,/project/theorie/n/N.Pfaffenzeller/results_project/10b10t/10b10t15c1000e_10-dt80-int/data/param_739_rep_5/event_log.csv,/project/theorie/n/N.Pfaffenzeller/results_project/10b10t/10b10t15c1000e_10-dt80-int/data/param_739_rep_5/config.json,"ArgumentError: invalid JSON at byte position 0 while parsing type Any: UnexpectedEOF

"
/project/theorie/n/N.Pfaffenzeller/results_project/10b10t/10b10t15c1000e_10-dt80-int,param_739_rep_6,/project/theorie/n/N.Pfaffenzeller/results_project/10b10t/10b10t15c1000e_10-dt80-int/data/param_739_rep_6,/project/theorie/n/N.Pfaffenzeller/results_project/10b10t/10b10t15c1000e_10-dt80-int/data/param_739_rep_6/event_log.csv,/project/theorie/n/N.Pfaffenzeller/results_project/10b10t/10b10t15c1000e_10-dt80-int/data/param_739_rep_6/config.json,"ArgumentError: invalid JSON at byte position 0 while parsing type Any: UnexpectedEOF

"
/project/theorie/n/N.Pfaffenzeller/results_project/10b10t/10b10t15c1000e_10-dt80-int,param_739_rep_7,/project/theorie/n/N.Pfaffenzeller/results_project/10b10t/10b10t15c1000e_10-dt80-int/data/param_739_rep_7,/project/theorie/n/N.Pfaffenzeller/results_project/10b10t/10b10t15c1000e_10-dt80-int/data/param_739_rep_7/event_log.csv,/project/theorie/n/N.Pfaffenzeller/results_project/10b10t/10b10t15c1000e_10-dt80-int/data/param_739_rep_7/config.json,"ArgumentError: invalid JSON at byte position 0 while parsing type Any: UnexpectedEOF

"
/project/theorie/n/N.Pfaffenzeller/results_project/10b10t/10b10t15c1000e_10-dt80-int,param_739_rep_8,/project/theorie/n/N.Pfaffenzeller/results_project/10b10t/10b10t15c1000e_10-dt80-int/data/param_739_rep_8,/project/theorie/n/N.Pfaffenzeller/results_project/10b10t/10b10t15c1000e_10-dt80-int/data/param_739_rep_8/event_log.csv,/project/theorie/n/N.Pfaffenzeller/results_project/10b10t/10b10t15c1000e_10-dt80-int/data/param_739_rep_8/config.json,"ArgumentError: invalid JSON at byte position 0 while parsing type Any: UnexpectedEOF

"
/project/theorie/n/N.Pfaffenzeller/results_project/10b10t/10b10t15c1000e_10-dt80-int,param_739_rep_9,/project/theorie/n/N.Pfaffenzeller/results_project/10b10t/10b10t15c1000e_10-dt80-int/data/param_739_rep_9,/project/theorie/n/N.Pfaffenzeller/results_project/10b10t/10b10t15c1000e_10-dt80-int/data/param_739_rep_9/event_log.csv,/project/theorie/n/N.Pfaffenzeller/results_project/10b10t/10b10t15c1000e_10-dt80-int/data/param_739_rep_9/config.json,"ArgumentError: invalid JSON at byte position 0 while parsing type Any: UnexpectedEOF

"
/project/theorie/n/N.Pfaffenzeller/results_project/10b10t/10b10t15c1000e_10-dt80-int,param_740_rep_1,/project/theorie/n/N.Pfaffenzeller/results_project/10b10t/10b10t15c1000e_10-dt80-int/data/param_740_rep_1,/project/theorie/n/N.Pfaffenzeller/results_project/10b10t/10b10t15c1000e_10-dt80-int/data/param_740_rep_1/event_log.csv,/project/theorie/n/N.Pfaffenzeller/results_project/10b10t/10b10t15c1000e_10-dt80-int/data/param_740_rep_1/config.json,"ArgumentError: invalid JSON at byte position 0 while parsing type Any: UnexpectedEOF

"
/project/theorie/n/N.Pfaffenzeller/results_project/10b10t/10b10t15c1000e_10-dt80-int,param_740_rep_10,/project/theorie/n/N.Pfaffenzeller/results_project/10b10t/10b10t15c1000e_10-dt80-int/data/param_740_rep_10,/project/theorie/n/N.Pfaffenzeller/results_project/10b10t/10b10t15c1000e_10-dt80-int/data/param_740_rep_10/event_log.csv,/project/theorie/n/N.Pfaffenzeller/results_project/10b10t/10b10t15c1000e_10-dt80-int/data/param_740_rep_10/config.json,"ArgumentError: invalid JSON at byte position 0 while parsing type Any: UnexpectedEOF

"
/project/theorie/n/N.Pfaffenzeller/results_project/10b10t/10b10t15c1000e_10-dt80-int,param_740_rep_2,/project/theorie/n/N.Pfaffenzeller/results_project/10b10t/10b10t15c1000e_10-dt80-int/data/param_740_rep_2,/project/theorie/n/N.Pfaffenzeller/results_project/10b10t/10b10t15c1000e_10-dt80-int/data/param_740_rep_2/event_log.csv,/project/theorie/n/N.Pfaffenzeller/results_project/10b10t/10b10t15c1000e_10-dt80-int/data/param_740_rep_2/config.json,"ArgumentError: invalid JSON at byte position 0 while parsing type Any: UnexpectedEOF

"
/project/theorie/n/N.Pfaffenzeller/results_project/10b10t/10b10t15c1000e_10-dt80-int,param_740_rep_3,/project/theorie/n/N.Pfaffenzeller/results_project/10b10t/10b10t15c1000e_10-dt80-int/data/param_740_rep_3,/project/theorie/n/N.Pfaffenzeller/results_project/10b10t/10b10t15c1000e_10-dt80-int/data/param_740_rep_3/event_log.csv,/project/theorie/n/N.Pfaffenzeller/results_project/10b10t/10b10t15c1000e_10-dt80-int/data/param_740_rep_3/config.json,"ArgumentError: invalid JSON at byte position 0 while parsing type Any: UnexpectedEOF

"
/project/theorie/n/N.Pfaffenzeller/results_project/10b10t/10b10t15c1000e_10-dt80-int,param_740_rep_4,/project/theorie/n/N.Pfaffenzeller/results_project/10b10t/10b10t15c1000e_10-dt80-int/data/param_740_rep_4,/project/theorie/n/N.Pfaffenzeller/results_project/10b10t/10b10t15c1000e_10-dt80-int/data/param_740_rep_4/event_log.csv,/project/theorie/n/N.Pfaffenzeller/results_project/10b10t/10b10t15c1000e_10-dt80-int/data/param_740_rep_4/config.json,"ArgumentError: invalid JSON at byte position 0 while parsing type Any: UnexpectedEOF

"
/project/theorie/n/N.Pfaffenzeller/results_project/10b10t/10b10t15c1000e_10-dt80-int,param_740_rep_5,/project/theorie/n/N.Pfaffenzeller/results_project/10b10t/10b10t15c1000e_10-dt80-int/data/param_740_rep_5,/project/theorie/n/N.Pfaffenzeller/results_project/10b10t/10b10t15c1000e_10-dt80-int/data/param_740_rep_5/event_log.csv,/project/theorie/n/N.Pfaffenzeller/results_project/10b10t/10b10t15c1000e_10-dt80-int/data/param_740_rep_5/config.json,"ArgumentError: invalid JSON at byte position 0 while parsing type Any: UnexpectedEOF

"
/project/theorie/n/N.Pfaffenzeller/results_project/10b10t/10b10t15c1000e_10-dt80-int,param_740_rep_6,/project/theorie/n/N.Pfaffenzeller/results_project/10b10t/10b10t15c1000e_10-dt80-int/data/param_740_rep_6,/project/theorie/n/N.Pfaffenzeller/results_project/10b10t/10b10t15c1000e_10-dt80-int/data/param_740_rep_6/event_log.csv,/project/theorie/n/N.Pfaffenzeller/results_project/10b10t/10b10t15c1000e_10-dt80-int/data/param_740_rep_6/config.json,"ArgumentError: invalid JSON at byte position 0 while parsing type Any: UnexpectedEOF

"
/project/theorie/n/N.Pfaffenzeller/results_project/10b10t/10b10t15c1000e_10-dt80-int,param_740_rep_7,/project/theorie/n/N.Pfaffenzeller/results_project/10b10t/10b10t15c1000e_10-dt80-int/data/param_740_rep_7,/project/theorie/n/N.Pfaffenzeller/results_project/10b10t/10b10t15c1000e_10-dt80-int/data/param_740_rep_7/event_log.csv,/project/theorie/n/N.Pfaffenzeller/results_project/10b10t/10b10t15c1000e_10-dt80-int/data/param_740_rep_7/config.json,"ArgumentError: invalid JSON at byte position 0 while parsing type Any: UnexpectedEOF

"
/project/theorie/n/N.Pfaffenzeller/results_project/10b10t/10b10t15c1000e_10-dt80-int,param_740_rep_8,/project/theorie/n/N.Pfaffenzeller/results_project/10b10t/10b10t15c1000e_10-dt80-int/data/param_740_rep_8,/project/theorie/n/N.Pfaffenzeller/results_project/10b10t/10b10t15c1000e_10-dt80-int/data/param_740_rep_8/event_log.csv,/project/theorie/n/N.Pfaffenzeller/results_project/10b10t/10b10t15c1000e_10-dt80-int/data/param_740_rep_8/config.json,"ArgumentError: invalid JSON at byte position 0 while parsing type Any: UnexpectedEOF

"
/project/theorie/n/N.Pfaffenzeller/results_project/10b10t/10b10t15c1000e_10-dt80-int,param_740_rep_9,/project/theorie/n/N.Pfaffenzeller/results_project/10b10t/10b10t15c1000e_10-dt80-int/data/param_740_rep_9,/project/theorie/n/N.Pfaffenzeller/results_project/10b10t/10b10t15c1000e_10-dt80-int/data/param_740_rep_9/event_log.csv,/project/theorie/n/N.Pfaffenzeller/results_project/10b10t/10b10t15c1000e_10-dt80-int/data/param_740_rep_9/config.json,"ArgumentError: invalid JSON at byte position 0 while parsing type Any: UnexpectedEOF

"
/project/theorie/n/N.Pfaffenzeller/results_project/10b10t/10b10t15c1000e_10-dt80-int,param_741_rep_1,/project/theorie/n/N.Pfaffenzeller/results_project/10b10t/10b10t15c1000e_10-dt80-int/data/param_741_rep_1,/project/theorie/n/N.Pfaffenzeller/results_project/10b10t/10b10t15c1000e_10-dt80-int/data/param_741_rep_1/event_log.csv,/project/theorie/n/N.Pfaffenzeller/results_project/10b10t/10b10t15c1000e_10-dt80-int/data/param_741_rep_1/config.json,"ArgumentError: invalid JSON at byte position 0 while parsing type Any: UnexpectedEOF

"
/project/theorie/n/N.Pfaffenzeller/results_project/10b10t/10b10t15c1000e_10-dt80-int,param_741_rep_10,/project/theorie/n/N.Pfaffenzeller/results_project/10b10t/10b10t15c1000e_10-dt80-int/data/param_741_rep_10,/project/theorie/n/N.Pfaffenzeller/results_project/10b10t/10b10t15c1000e_10-dt80-int/data/param_741_rep_10/event_log.csv,/project/theorie/n/N.Pfaffenzeller/results_project/10b10t/10b10t15c1000e_10-dt80-int/data/param_741_rep_10/config.json,"ArgumentError: invalid JSON at byte position 0 while parsing type Any: UnexpectedEOF

"
/project/theorie/n/N.Pfaffenzeller/results_project/10b10t/10b10t15c1000e_10-dt80-int,param_741_rep_2,/project/theorie/n/N.Pfaffenzeller/results_project/10b10t/10b10t15c1000e_10-dt80-int/data/param_741_rep_2,/project/theorie/n/N.Pfaffenzeller/results_project/10b10t/10b10t15c1000e_10-dt80-int/data/param_741_rep_2/event_log.csv,/project/theorie/n/N.Pfaffenzeller/results_project/10b10t/10b10t15c1000e_10-dt80-int/data/param_741_rep_2/config.json,"ArgumentError: invalid JSON at byte position 0 while parsing type Any: UnexpectedEOF

"
/project/theorie/n/N.Pfaffenzeller/results_project/10b10t/10b10t15c1000e_10-dt80-int,param_741_rep_3,/project/theorie/n/N.Pfaffenzeller/results_project/10b10t/10b10t15c1000e_10-dt80-int/data/param_741_rep_3,/project/theorie/n/N.Pfaffenzeller/results_project/10b10t/10b10t15c1000e_10-dt80-int/data/param_741_rep_3/event_log.csv,/project/theorie/n/N.Pfaffenzeller/results_project/10b10t/10b10t15c1000e_10-dt80-int/data/param_741_rep_3/config.json,"ArgumentError: invalid JSON at byte position 0 while parsing type Any: UnexpectedEOF

"
/project/theorie/n/N.Pfaffenzeller/results_project/10b10t/10b10t15c1000e_10-dt80-int,param_741_rep_4,/project/theorie/n/N.Pfaffenzeller/results_project/10b10t/10b10t15c1000e_10-dt80-int/data/param_741_rep_4,/project/theorie/n/N.Pfaffenzeller/results_project/10b10t/10b10t15c1000e_10-dt80-int/data/param_741_rep_4/event_log.csv,/project/theorie/n/N.Pfaffenzeller/results_project/10b10t/10b10t15c1000e_10-dt80-int/data/param_741_rep_4/config.json,"ArgumentError: invalid JSON at byte position 0 while parsing type Any: UnexpectedEOF

"
/project/theorie/n/N.Pfaffenzeller/results_project/10b10t/10b10t15c1000e_10-dt80-int,param_741_rep_5,/project/theorie/n/N.Pfaffenzeller/results_project/10b10t/10b10t15c1000e_10-dt80-int/data/param_741_rep_5,/project/theorie/n/N.Pfaffenzeller/results_project/10b10t/10b10t15c1000e_10-dt80-int/data/param_741_rep_5/event_log.csv,/project/theorie/n/N.Pfaffenzeller/results_project/10b10t/10b10t15c1000e_10-dt80-int/data/param_741_rep_5/config.json,"ArgumentError: invalid JSON at byte position 0 while parsing type Any: UnexpectedEOF

"
/project/theorie/n/N.Pfaffenzeller/results_project/10b10t/10b10t15c1000e_10-dt80-int,param_741_rep_6,/project/theorie/n/N.Pfaffenzeller/results_project/10b10t/10b10t15c1000e_10-dt80-int/data/param_741_rep_6,/project/theorie/n/N.Pfaffenzeller/results_project/10b10t/10b10t15c1000e_10-dt80-int/data/param_741_rep_6/event_log.csv,/project/theorie/n/N.Pfaffenzeller/results_project/10b10t/10b10t15c1000e_10-dt80-int/data/param_741_rep_6/config.json,"ArgumentError: invalid JSON at byte position 0 while parsing type Any: UnexpectedEOF

"
/project/theorie/n/N.Pfaffenzeller/results_project/10b10t/10b10t15c1000e_10-dt80-int,param_741_rep_7,/project/theorie/n/N.Pfaffenzeller/results_project/10b10t/10b10t15c1000e_10-dt80-int/data/param_741_rep_7,/project/theorie/n/N.Pfaffenzeller/results_project/10b10t/10b10t15c1000e_10-dt80-int/data/param_741_rep_7/event_log.csv,/project/theorie/n/N.Pfaffenzeller/results_project/10b10t/10b10t15c1000e_10-dt80-int/data/param_741_rep_7/config.json,"ArgumentError: invalid JSON at byte position 0 while parsing type Any: UnexpectedEOF

"
/project/theorie/n/N.Pfaffenzeller/results_project/10b10t/10b10t15c1000e_10-dt80-int,param_741_rep_8,/project/theorie/n/N.Pfaffenzeller/results_project/10b10t/10b10t15c1000e_10-dt80-int/data/param_741_rep_8,/project/theorie/n/N.Pfaffenzeller/results_project/10b10t/10b10t15c1000e_10-dt80-int/data/param_741_rep_8/event_log.csv,/project/theorie/n/N.Pfaffenzeller/results_project/10b10t/10b10t15c1000e_10-dt80-int/data/param_741_rep_8/config.json,"ArgumentError: invalid JSON at byte position 0 while parsing type Any: UnexpectedEOF

"
/project/theorie/n/N.Pfaffenzeller/results_project/10b10t/10b10t15c1000e_10-dt80-int,param_741_rep_9,/project/theorie/n/N.Pfaffenzeller/results_project/10b10t/10b10t15c1000e_10-dt80-int/data/param_741_rep_9,/project/theorie/n/N.Pfaffenzeller/results_project/10b10t/10b10t15c1000e_10-dt80-int/data/param_741_rep_9/event_log.csv,/project/theorie/n/N.Pfaffenzeller/results_project/10b10t/10b10t15c1000e_10-dt80-int/data/param_741_rep_9/config.json,"ArgumentError: invalid JSON at byte position 0 while parsing type Any: UnexpectedEOF

"
/project/theorie/n/N.Pfaffenzeller/results_project/10b10t/10b10t15c1000e_10-dt80-int,param_742_rep_1,/project/theorie/n/N.Pfaffenzeller/results_project/10b10t/10b10t15c1000e_10-dt80-int/data/param_742_rep_1,/project/theorie/n/N.Pfaffenzeller/results_project/10b10t/10b10t15c1000e_10-dt80-int/data/param_742_rep_1/event_log.csv,/project/theorie/n/N.Pfaffenzeller/results_project/10b10t/10b10t15c1000e_10-dt80-int/data/param_742_rep_1/config.json,"ArgumentError: invalid JSON at byte position 0 while parsing type Any: UnexpectedEOF

"
/project/theorie/n/N.Pfaffenzeller/results_project/10b10t/10b10t15c1000e_10-dt80-int,param_742_rep_10,/project/theorie/n/N.Pfaffenzeller/results_project/10b10t/10b10t15c1000e_10-dt80-int/data/param_742_rep_10,/project/theorie/n/N.Pfaffenzeller/results_project/10b10t/10b10t15c1000e_10-dt80-int/data/param_742_rep_10/event_log.csv,/project/theorie/n/N.Pfaffenzeller/results_project/10b10t/10b10t15c1000e_10-dt80-int/data/param_742_rep_10/config.json,"ArgumentError: invalid JSON at byte position 0 while parsing type Any: UnexpectedEOF

"
/project/theorie/n/N.Pfaffenzeller/results_project/10b10t/10b10t15c1000e_10-dt80-int,param_742_rep_2,/project/theorie/n/N.Pfaffenzeller/results_project/10b10t/10b10t15c1000e_10-dt80-int/data/param_742_rep_2,/project/theorie/n/N.Pfaffenzeller/results_project/10b10t/10b10t15c1000e_10-dt80-int/data/param_742_rep_2/event_log.csv,/project/theorie/n/N.Pfaffenzeller/results_project/10b10t/10b10t15c1000e_10-dt80-int/data/param_742_rep_2/config.json,"ArgumentError: invalid JSON at byte position 0 while parsing type Any: UnexpectedEOF

"
/project/theorie/n/N.Pfaffenzeller/results_project/10b10t/10b10t15c1000e_10-dt80-int,param_742_rep_3,/project/theorie/n/N.Pfaffenzeller/results_project/10b10t/10b10t15c1000e_10-dt80-int/data/param_742_rep_3,/project/theorie/n/N.Pfaffenzeller/results_project/10b10t/10b10t15c1000e_10-dt80-int/data/param_742_rep_3/event_log.csv,/project/theorie/n/N.Pfaffenzeller/results_project/10b10t/10b10t15c1000e_10-dt80-int/data/param_742_rep_3/config.json,No task_* columns found (excluding task_id).
/project/theorie/n/N.Pfaffenzeller/results_project/10b10t/10b10t15c1000e_10-dt80-int,param_742_rep_4,/project/theorie/n/N.Pfaffenzeller/results_project/10b10t/10b10t15c1000e_10-dt80-int/data/param_742_rep_4,/project/theorie/n/N.Pfaffenzeller/results_project/10b10t/10b10t15c1000e_10-dt80-int/data/param_742_rep_4/event_log.csv,/project/theorie/n/N.Pfaffenzeller/results_project/10b10t/10b10t15c1000e_10-dt80-int/data/param_742_rep_4/config.json,"ArgumentError: invalid JSON at byte position 0 while parsing type Any: UnexpectedEOF

"
/project/theorie/n/N.Pfaffenzeller/results_project/10b10t/10b10t15c1000e_10-dt80-int,param_742_rep_5,/project/theorie/n/N.Pfaffenzeller/results_project/10b10t/10b10t15c1000e_10-dt80-int/data/param_742_rep_5,/project/theorie/n/N.Pfaffenzeller/results_project/10b10t/10b10t15c1000e_10-dt80-int/data/param_742_rep_5/event_log.csv,/project/theorie/n/N.Pfaffenzeller/results_project/10b10t/10b10t15c1000e_10-dt80-int/data/param_742_rep_5/config.json,"ArgumentError: invalid JSON at byte position 0 while parsing type Any: UnexpectedEOF

"
/project/theorie/n/N.Pfaffenzeller/results_project/10b10t/10b10t15c1000e_10-dt80-int,param_742_rep_6,/project/theorie/n/N.Pfaffenzeller/results_project/10b10t/10b10t15c1000e_10-dt80-int/data/param_742_rep_6,/project/theorie/n/N.Pfaffenzeller/results_project/10b10t/10b10t15c1000e_10-dt80-int/data/param_742_rep_6/event_log.csv,/project/theorie/n/N.Pfaffenzeller/results_project/10b10t/10b10t15c1000e_10-dt80-int/data/param_742_rep_6/config.json,"ArgumentError: invalid JSON at byte position 0 while parsing type Any: UnexpectedEOF

"
/project/theorie/n/N.Pfaffenzeller/results_project/10b10t/10b10t15c1000e_10-dt80-int,param_742_rep_7,/project/theorie/n/N.Pfaffenzeller/results_project/10b10t/10b10t15c1000e_10-dt80-int/data/param_742_rep_7,/project/theorie/n/N.Pfaffenzeller/results_project/10b10t/10b10t15c1000e_10-dt80-int/data/param_742_rep_7/event_log.csv,/project/theorie/n/N.Pfaffenzeller/results_project/10b10t/10b10t15c1000e_10-dt80-int/data/param_742_rep_7/config.json,"ArgumentError: invalid JSON at byte position 0 while parsing type Any: UnexpectedEOF

"
/project/theorie/n/N.Pfaffenzeller/results_project/10b10t/10b10t15c1000e_10-dt80-int,param_742_rep_8,/project/theorie/n/N.Pfaffenzeller/results_project/10b10t/10b10t15c1000e_10-dt80-int/data/param_742_rep_8,/project/theorie/n/N.Pfaffenzeller/results_project/10b10t/10b10t15c1000e_10-dt80-int/data/param_742_rep_8/event_log.csv,/project/theorie/n/N.Pfaffenzeller/results_project/10b10t/10b10t15c1000e_10-dt80-int/data/param_742_rep_8/config.json,"ArgumentError: invalid JSON at byte position 0 while parsing type Any: UnexpectedEOF

"
/project/theorie/n/N.Pfaffenzeller/results_project/10b10t/10b10t15c1000e_10-dt80-int,param_742_rep_9,/project/theorie/n/N.Pfaffenzeller/results_project/10b10t/10b10t15c1000e_10-dt80-int/data/param_742_rep_9,/project/theorie/n/N.Pfaffenzeller/results_project/10b10t/10b10t15c1000e_10-dt80-int/data/param_742_rep_9/event_log.csv,/project/theorie/n/N.Pfaffenzeller/results_project/10b10t/10b10t15c1000e_10-dt80-int/data/param_742_rep_9/config.json,"ArgumentError: invalid JSON at byte position 0 while parsing type Any: UnexpectedEOF

"
/project/theorie/n/N.Pfaffenzeller/results_project/10b10t/10b10t15c1000e_10-dt80-int,param_743_rep_1,/project/theorie/n/N.Pfaffenzeller/results_project/10b10t/10b10t15c1000e_10-dt80-int/data/param_743_rep_1,/project/theorie/n/N.Pfaffenzeller/results_project/10b10t/10b10t15c1000e_10-dt80-int/data/param_743_rep_1/event_log.csv,/project/theorie/n/N.Pfaffenzeller/results_project/10b10t/10b10t15c1000e_10-dt80-int/data/param_743_rep_1/config.json,No task_* columns found (excluding task_id).
/project/theorie/n/N.Pfaffenzeller/results_project/10b10t/10b10t15c1000e_10-dt80-int,param_743_rep_10,/project/theorie/n/N.Pfaffenzeller/results_project/10b10t/10b10t15c1000e_10-dt80-int/data/param_743_rep_10,/project/theorie/n/N.Pfaffenzeller/results_project/10b10t/10b10t15c1000e_10-dt80-int/data/param_743_rep_10/event_log.csv,/project/theorie/n/N.Pfaffenzeller/results_project/10b10t/10b10t15c1000e_10-dt80-int/data/param_743_rep_10/config.json,"ArgumentError: invalid JSON at byte position 0 while parsing type Any: UnexpectedEOF

"
/project/theorie/n/N.Pfaffenzeller/results_project/10b10t/10b10t15c1000e_10-dt80-int,param_743_rep_2,/project/theorie/n/N.Pfaffenzeller/results_project/10b10t/10b10t15c1000e_10-dt80-int/data/param_743_rep_2,/project/theorie/n/N.Pfaffenzeller/results_project/10b10t/10b10t15c1000e_10-dt80-int/data/param_743_rep_2/event_log.csv,/project/theorie/n/N.Pfaffenzeller/results_project/10b10t/10b10t15c1000e_10-dt80-int/data/param_743_rep_2/config.json,"ArgumentError: invalid JSON at byte position 0 while parsing type Any: UnexpectedEOF

"
/project/theorie/n/N.Pfaffenzeller/results_project/10b10t/10b10t15c1000e_10-dt80-int,param_743_rep_3,/project/theorie/n/N.Pfaffenzeller/results_project/10b10t/10b10t15c1000e_10-dt80-int/data/param_743_rep_3,/project/theorie/n/N.Pfaffenzeller/results_project/10b10t/10b10t15c1000e_10-dt80-int/data/param_743_rep_3/event_log.csv,/project/theorie/n/N.Pfaffenzeller/results_project/10b10t/10b10t15c1000e_10-dt80-int/data/param_743_rep_3/config.json,"ArgumentError: invalid JSON at byte position 0 while parsing type Any: UnexpectedEOF

"
/project/theorie/n/N.Pfaffenzeller/results_project/10b10t/10b10t15c1000e_10-dt80-int,param_743_rep_4,/project/theorie/n/N.Pfaffenzeller/results_project/10b10t/10b10t15c1000e_10-dt80-int/data/param_743_rep_4,/project/theorie/n/N.Pfaffenzeller/results_project/10b10t/10b10t15c1000e_10-dt80-int/data/param_743_rep_4/event_log.csv,/project/theorie/n/N.Pfaffenzeller/results_project/10b10t/10b10t15c1000e_10-dt80-int/data/param_743_rep_4/config.json,"ArgumentError: invalid JSON at byte position 0 while parsing type Any: UnexpectedEOF

"
/project/theorie/n/N.Pfaffenzeller/results_project/10b10t/10b10t15c1000e_10-dt80-int,param_743_rep_5,/project/theorie/n/N.Pfaffenzeller/results_project/10b10t/10b10t15c1000e_10-dt80-int/data/param_743_rep_5,/project/theorie/n/N.Pfaffenzeller/results_project/10b10t/10b10t15c1000e_10-dt80-int/data/param_743_rep_5/event_log.csv,/project/theorie/n/N.Pfaffenzeller/results_project/10b10t/10b10t15c1000e_10-dt80-int/data/param_743_rep_5/config.json,No task_* columns found (excluding task_id).
/project/theorie/n/N.Pfaffenzeller/results_project/10b10t/10b10t15c1000e_10-dt80-int,param_743_rep_6,/project/theorie/n/N.Pfaffenzeller/results_project/10b10t/10b10t15c1000e_10-dt80-int/data/param_743_rep_6,/project/theorie/n/N.Pfaffenzeller/results_project/10b10t/10b10t15c1000e_10-dt80-int/data/param_743_rep_6/event_log.csv,/project/theorie/n/N.Pfaffenzeller/results_project/10b10t/10b10t15c1000e_10-dt80-int/data/param_743_rep_6/config.json,"ArgumentError: invalid JSON at byte position 0 while parsing type Any: UnexpectedEOF

"
/project/theorie/n/N.Pfaffenzeller/results_project/10b10t/10b10t15c1000e_10-dt80-int,param_743_rep_7,/project/theorie/n/N.Pfaffenzeller/results_project/10b10t/10b10t15c1000e_10-dt80-int/data/param_743_rep_7,/project/theorie/n/N.Pfaffenzeller/results_project/10b10t/10b10t15c1000e_10-dt80-int/data/param_743_rep_7/event_log.csv,/project/theorie/n/N.Pfaffenzeller/results_project/10b10t/10b10t15c1000e_10-dt80-int/data/param_743_rep_7/config.json,"ArgumentError: invalid JSON at byte position 0 while parsing type Any: UnexpectedEOF

"
/project/theorie/n/N.Pfaffenzeller/results_project/10b10t/10b10t15c1000e_10-dt80-int,param_743_rep_8,/project/theorie/n/N.Pfaffenzeller/results_project/10b10t/10b10t15c1000e_10-dt80-int/data/param_743_rep_8,/project/theorie/n/N.Pfaffenzeller/results_project/10b10t/10b10t15c1000e_10-dt80-int/data/param_743_rep_8/event_log.csv,/project/theorie/n/N.Pfaffenzeller/results_project/10b10t/10b10t15c1000e_10-dt80-int/data/param_743_rep_8/config.json,"ArgumentError: invalid JSON at byte position 0 while parsing type Any: UnexpectedEOF

"
/project/theorie/n/N.Pfaffenzeller/results_project/10b10t/10b10t15c1000e_10-dt80-int,param_743_rep_9,/project/theorie/n/N.Pfaffenzeller/results_project/10b10t/10b10t15c1000e_10-dt80-int/data/param_743_rep_9,/project/theorie/n/N.Pfaffenzeller/results_project/10b10t/10b10t15c1000e_10-dt80-int/data/param_743_rep_9/event_log.csv,/project/theorie/n/N.Pfaffenzeller/results_project/10b10t/10b10t15c1000e_10-dt80-int/data/param_743_rep_9/config.json,"ArgumentError: invalid JSON at byte position 0 while parsing type Any: UnexpectedEOF

"
/project/theorie/n/N.Pfaffenzeller/results_project/10b10t/10b10t15c1000e_10-dt80-int,param_744_rep_1,/project/theorie/n/N.Pfaffenzeller/results_project/10b10t/10b10t15c1000e_10-dt80-int/data/param_744_rep_1,/project/theorie/n/N.Pfaffenzeller/results_project/10b10t/10b10t15c1000e_10-dt80-int/data/param_744_rep_1/event_log.csv,/project/theorie/n/N.Pfaffenzeller/results_project/10b10t/10b10t15c1000e_10-dt80-int/data/param_744_rep_1/config.json,"ArgumentError: invalid JSON at byte position 0 while parsing type Any: UnexpectedEOF

"
/project/theorie/n/N.Pfaffenzeller/results_project/10b10t/10b10t15c1000e_10-dt80-int,param_744_rep_10,/project/theorie/n/N.Pfaffenzeller/results_project/10b10t/10b10t15c1000e_10-dt80-int/data/param_744_rep_10,/project/theorie/n/N.Pfaffenzeller/results_project/10b10t/10b10t15c1000e_10-dt80-int/data/param_744_rep_10/event_log.csv,/project/theorie/n/N.Pfaffenzeller/results_project/10b10t/10b10t15c1000e_10-dt80-int/data/param_744_rep_10/config.json,"ArgumentError: invalid JSON at byte position 0 while parsing type Any: UnexpectedEOF

"
/project/theorie/n/N.Pfaffenzeller/results_project/10b10t/10b10t15c1000e_10-dt80-int,param_744_rep_2,/project/theorie/n/N.Pfaffenzeller/results_project/10b10t/10b10t15c1000e_10-dt80-int/data/param_744_rep_2,/project/theorie/n/N.Pfaffenzeller/results_project/10b10t/10b10t15c1000e_10-dt80-int/data/param_744_rep_2/event_log.csv,/project/theorie/n/N.Pfaffenzeller/results_project/10b10t/10b10t15c1000e_10-dt80-int/data/param_744_rep_2/config.json,"ArgumentError: invalid JSON at byte position 0 while parsing type Any: UnexpectedEOF

"
/project/theorie/n/N.Pfaffenzeller/results_project/10b10t/10b10t15c1000e_10-dt80-int,param_744_rep_3,/project/theorie/n/N.Pfaffenzeller/results_project/10b10t/10b10t15c1000e_10-dt80-int/data/param_744_rep_3,/project/theorie/n/N.Pfaffenzeller/results_project/10b10t/10b10t15c1000e_10-dt80-int/data/param_744_rep_3/event_log.csv,/project/theorie/n/N.Pfaffenzeller/results_project/10b10t/10b10t15c1000e_10-dt80-int/data/param_744_rep_3/config.json,"ArgumentError: invalid JSON at byte position 0 while parsing type Any: UnexpectedEOF

"
/project/theorie/n/N.Pfaffenzeller/results_project/10b10t/10b10t15c1000e_10-dt80-int,param_744_rep_4,/project/theorie/n/N.Pfaffenzeller/results_project/10b10t/10b10t15c1000e_10-dt80-int/data/param_744_rep_4,/project/theorie/n/N.Pfaffenzeller/results_project/10b10t/10b10t15c1000e_10-dt80-int/data/param_744_rep_4/event_log.csv,/project/theorie/n/N.Pfaffenzeller/results_project/10b10t/10b10t15c1000e_10-dt80-int/data/param_744_rep_4/config.json,"ArgumentError: invalid JSON at byte position 0 while parsing type Any: UnexpectedEOF

"
/project/theorie/n/N.Pfaffenzeller/results_project/10b10t/10b10t15c1000e_10-dt80-int,param_744_rep_5,/project/theorie/n/N.Pfaffenzeller/results_project/10b10t/10b10t15c1000e_10-dt80-int/data/param_744_rep_5,/project/theorie/n/N.Pfaffenzeller/results_project/10b10t/10b10t15c1000e_10-dt80-int/data/param_744_rep_5/event_log.csv,/project/theorie/n/N.Pfaffenzeller/results_project/10b10t/10b10t15c1000e_10-dt80-int/data/param_744_rep_5/config.json,"ArgumentError: invalid JSON at byte position 0 while parsing type Any: UnexpectedEOF

"
/project/theorie/n/N.Pfaffenzeller/results_project/10b10t/10b10t15c1000e_10-dt80-int,param_744_rep_6,/project/theorie/n/N.Pfaffenzeller/results_project/10b10t/10b10t15c1000e_10-dt80-int/data/param_744_rep_6,/project/theorie/n/N.Pfaffenzeller/results_project/10b10t/10b10t15c1000e_10-dt80-int/data/param_744_rep_6/event_log.csv,/project/theorie/n/N.Pfaffenzeller/results_project/10b10t/10b10t15c1000e_10-dt80-int/data/param_744_rep_6/config.json,"ArgumentError: invalid JSON at byte position 0 while parsing type Any: UnexpectedEOF

"
/project/theorie/n/N.Pfaffenzeller/results_project/10b10t/10b10t15c1000e_10-dt80-int,param_744_rep_7,/project/theorie/n/N.Pfaffenzeller/results_project/10b10t/10b10t15c1000e_10-dt80-int/data/param_744_rep_7,/project/theorie/n/N.Pfaffenzeller/results_project/10b10t/10b10t15c1000e_10-dt80-int/data/param_744_rep_7/event_log.csv,/project/theorie/n/N.Pfaffenzeller/results_project/10b10t/10b10t15c1000e_10-dt80-int/data/param_744_rep_7/config.json,"ArgumentError: invalid JSON at byte position 0 while parsing type Any: UnexpectedEOF

"
/project/theorie/n/N.Pfaffenzeller/results_project/10b10t/10b10t15c1000e_10-dt80-int,param_744_rep_8,/project/theorie/n/N.Pfaffenzeller/results_project/10b10t/10b10t15c1000e_10-dt80-int/data/param_744_rep_8,/project/theorie/n/N.Pfaffenzeller/results_project/10b10t/10b10t15c1000e_10-dt80-int/data/param_744_rep_8/event_log.csv,/project/theorie/n/N.Pfaffenzeller/results_project/10b10t/10b10t15c1000e_10-dt80-int/data/param_744_rep_8/config.json,"ArgumentError: invalid JSON at byte position 0 while parsing type Any: UnexpectedEOF

"
/project/theorie/n/N.Pfaffenzeller/results_project/10b10t/10b10t15c1000e_10-dt80-int,param_744_rep_9,/project/theorie/n/N.Pfaffenzeller/results_project/10b10t/10b10t15c1000e_10-dt80-int/data/param_744_rep_9,/project/theorie/n/N.Pfaffenzeller/results_project/10b10t/10b10t15c1000e_10-dt80-int/data/param_744_rep_9/event_log.csv,/project/theorie/n/N.Pfaffenzeller/results_project/10b10t/10b10t15c1000e_10-dt80-int/data/param_744_rep_9/config.json,"ArgumentError: invalid JSON at byte position 0 while parsing type Any: UnexpectedEOF

"
/project/theorie/n/N.Pfaffenzeller/results_project/10b10t/10b10t15c1000e_10-dt80-int,param_745_rep_1,/project/theorie/n/N.Pfaffenzeller/results_project/10b10t/10b10t15c1000e_10-dt80-int/data/param_745_rep_1,/project/theorie/n/N.Pfaffenzeller/results_project/10b10t/10b10t15c1000e_10-dt80-int/data/param_745_rep_1/event_log.csv,/project/theorie/n/N.Pfaffenzeller/results_project/10b10t/10b10t15c1000e_10-dt80-int/data/param_745_rep_1/config.json,"ArgumentError: invalid JSON at byte position 0 while parsing type Any: UnexpectedEOF

"
/project/theorie/n/N.Pfaffenzeller/results_project/10b10t/10b10t15c1000e_10-dt80-int,param_745_rep_10,/project/theorie/n/N.Pfaffenzeller/results_project/10b10t/10b10t15c1000e_10-dt80-int/data/param_745_rep_10,/project/theorie/n/N.Pfaffenzeller/results_project/10b10t/10b10t15c1000e_10-dt80-int/data/param_745_rep_10/event_log.csv,/project/theorie/n/N.Pfaffenzeller/results_project/10b10t/10b10t15c1000e_10-dt80-int/data/param_745_rep_10/config.json,"ArgumentError: invalid JSON at byte position 0 while parsing type Any: UnexpectedEOF

"
/project/theorie/n/N.Pfaffenzeller/results_project/10b10t/10b10t15c1000e_10-dt80-int,param_745_rep_2,/project/theorie/n/N.Pfaffenzeller/results_project/10b10t/10b10t15c1000e_10-dt80-int/data/param_745_rep_2,/project/theorie/n/N.Pfaffenzeller/results_project/10b10t/10b10t15c1000e_10-dt80-int/data/param_745_rep_2/event_log.csv,/project/theorie/n/N.Pfaffenzeller/results_project/10b10t/10b10t15c1000e_10-dt80-int/data/param_745_rep_2/config.json,"ArgumentError: invalid JSON at byte position 0 while parsing type Any: UnexpectedEOF

"
/project/theorie/n/N.Pfaffenzeller/results_project/10b10t/10b10t15c1000e_10-dt80-int,param_745_rep_3,/project/theorie/n/N.Pfaffenzeller/results_project/10b10t/10b10t15c1000e_10-dt80-int/data/param_745_rep_3,/project/theorie/n/N.Pfaffenzeller/results_project/10b10t/10b10t15c1000e_10-dt80-int/data/param_745_rep_3/event_log.csv,/project/theorie/n/N.Pfaffenzeller/results_project/10b10t/10b10t15c1000e_10-dt80-int/data/param_745_rep_3/config.json,"ArgumentError: invalid JSON at byte position 0 while parsing type Any: UnexpectedEOF

"
/project/theorie/n/N.Pfaffenzeller/results_project/10b10t/10b10t15c1000e_10-dt80-int,param_745_rep_4,/project/theorie/n/N.Pfaffenzeller/results_project/10b10t/10b10t15c1000e_10-dt80-int/data/param_745_rep_4,/project/theorie/n/N.Pfaffenzeller/results_project/10b10t/10b10t15c1000e_10-dt80-int/data/param_745_rep_4/event_log.csv,/project/theorie/n/N.Pfaffenzeller/results_project/10b10t/10b10t15c1000e_10-dt80-int/data/param_745_rep_4/config.json,"ArgumentError: invalid JSON at byte position 0 while parsing type Any: UnexpectedEOF

"
/project/theorie/n/N.Pfaffenzeller/results_project/10b10t/10b10t15c1000e_10-dt80-int,param_745_rep_5,/project/theorie/n/N.Pfaffenzeller/results_project/10b10t/10b10t15c1000e_10-dt80-int/data/param_745_rep_5,/project/theorie/n/N.Pfaffenzeller/results_project/10b10t/10b10t15c1000e_10-dt80-int/data/param_745_rep_5/event_log.csv,/project/theorie/n/N.Pfaffenzeller/results_project/10b10t/10b10t15c1000e_10-dt80-int/data/param_745_rep_5/config.json,"ArgumentError: invalid JSON at byte position 0 while parsing type Any: UnexpectedEOF

"
/project/theorie/n/N.Pfaffenzeller/results_project/10b10t/10b10t15c1000e_10-dt80-int,param_745_rep_6,/project/theorie/n/N.Pfaffenzeller/results_project/10b10t/10b10t15c1000e_10-dt80-int/data/param_745_rep_6,/project/theorie/n/N.Pfaffenzeller/results_project/10b10t/10b10t15c1000e_10-dt80-int/data/param_745_rep_6/event_log.csv,/project/theorie/n/N.Pfaffenzeller/results_project/10b10t/10b10t15c1000e_10-dt80-int/data/param_745_rep_6/config.json,"ArgumentError: invalid JSON at byte position 0 while parsing type Any: UnexpectedEOF

"
/project/theorie/n/N.Pfaffenzeller/results_project/10b10t/10b10t15c1000e_10-dt80-int,param_745_rep_7,/project/theorie/n/N.Pfaffenzeller/results_project/10b10t/10b10t15c1000e_10-dt80-int/data/param_745_rep_7,/project/theorie/n/N.Pfaffenzeller/results_project/10b10t/10b10t15c1000e_10-dt80-int/data/param_745_rep_7/event_log.csv,/project/theorie/n/N.Pfaffenzeller/results_project/10b10t/10b10t15c1000e_10-dt80-int/data/param_745_rep_7/config.json,"ArgumentError: invalid JSON at byte position 0 while parsing type Any: UnexpectedEOF

"
/project/theorie/n/N.Pfaffenzeller/results_project/10b10t/10b10t15c1000e_10-dt80-int,param_745_rep_8,/project/theorie/n/N.Pfaffenzeller/results_project/10b10t/10b10t15c1000e_10-dt80-int/data/param_745_rep_8,/project/theorie/n/N.Pfaffenzeller/results_project/10b10t/10b10t15c1000e_10-dt80-int/data/param_745_rep_8/event_log.csv,/project/theorie/n/N.Pfaffenzeller/results_project/10b10t/10b10t15c1000e_10-dt80-int/data/param_745_rep_8/config.json,"ArgumentError: invalid JSON at byte position 0 while parsing type Any: UnexpectedEOF

"
/project/theorie/n/N.Pfaffenzeller/results_project/10b10t/10b10t15c1000e_10-dt80-int,param_745_rep_9,/project/theorie/n/N.Pfaffenzeller/results_project/10b10t/10b10t15c1000e_10-dt80-int/data/param_745_rep_9,/project/theorie/n/N.Pfaffenzeller/results_project/10b10t/10b10t15c1000e_10-dt80-int/data/param_745_rep_9/event_log.csv,/project/theorie/n/N.Pfaffenzeller/results_project/10b10t/10b10t15c1000e_10-dt80-int/data/param_745_rep_9/config.json,"ArgumentError: invalid JSON at byte position 0 while parsing type Any: UnexpectedEOF

"
/project/theorie/n/N.Pfaffenzeller/results_project/10b10t/10b10t15c1000e_10-dt80-int,param_746_rep_1,/project/theorie/n/N.Pfaffenzeller/results_project/10b10t/10b10t15c1000e_10-dt80-int/data/param_746_rep_1,/project/theorie/n/N.Pfaffenzeller/results_project/10b10t/10b10t15c1000e_10-dt80-int/data/param_746_rep_1/event_log.csv,/project/theorie/n/N.Pfaffenzeller/results_project/10b10t/10b10t15c1000e_10-dt80-int/data/param_746_rep_1/config.json,"ArgumentError: invalid JSON at byte position 0 while parsing type Any: UnexpectedEOF

"
/project/theorie/n/N.Pfaffenzeller/results_project/10b10t/10b10t15c1000e_10-dt80-int,param_746_rep_10,/project/theorie/n/N.Pfaffenzeller/results_project/10b10t/10b10t15c1000e_10-dt80-int/data/param_746_rep_10,/project/theorie/n/N.Pfaffenzeller/results_project/10b10t/10b10t15c1000e_10-dt80-int/data/param_746_rep_10/event_log.csv,/project/theorie/n/N.Pfaffenzeller/results_project/10b10t/10b10t15c1000e_10-dt80-int/data/param_746_rep_10/config.json,"ArgumentError: invalid JSON at byte position 0 while parsing type Any: UnexpectedEOF

"
/project/theorie/n/N.Pfaffenzeller/results_project/10b10t/10b10t15c1000e_10-dt80-int,param_746_rep_2,/project/theorie/n/N.Pfaffenzeller/results_project/10b10t/10b10t15c1000e_10-dt80-int/data/param_746_rep_2,/project/theorie/n/N.Pfaffenzeller/results_project/10b10t/10b10t15c1000e_10-dt80-int/data/param_746_rep_2/event_log.csv,/project/theorie/n/N.Pfaffenzeller/results_project/10b10t/10b10t15c1000e_10-dt80-int/data/param_746_rep_2/config.json,"ArgumentError: invalid JSON at byte position 0 while parsing type Any: UnexpectedEOF

"
/project/theorie/n/N.Pfaffenzeller/results_project/10b10t/10b10t15c1000e_10-dt80-int,param_746_rep_3,/project/theorie/n/N.Pfaffenzeller/results_project/10b10t/10b10t15c1000e_10-dt80-int/data/param_746_rep_3,/project/theorie/n/N.Pfaffenzeller/results_project/10b10t/10b10t15c1000e_10-dt80-int/data/param_746_rep_3/event_log.csv,/project/theorie/n/N.Pfaffenzeller/results_project/10b10t/10b10t15c1000e_10-dt80-int/data/param_746_rep_3/config.json,"ArgumentError: invalid JSON at byte position 0 while parsing type Any: UnexpectedEOF

"
/project/theorie/n/N.Pfaffenzeller/results_project/10b10t/10b10t15c1000e_10-dt80-int,param_746_rep_4,/project/theorie/n/N.Pfaffenzeller/results_project/10b10t/10b10t15c1000e_10-dt80-int/data/param_746_rep_4,/project/theorie/n/N.Pfaffenzeller/results_project/10b10t/10b10t15c1000e_10-dt80-int/data/param_746_rep_4/event_log.csv,/project/theorie/n/N.Pfaffenzeller/results_project/10b10t/10b10t15c1000e_10-dt80-int/data/param_746_rep_4/config.json,"ArgumentError: invalid JSON at byte position 0 while parsing type Any: UnexpectedEOF

"
/project/theorie/n/N.Pfaffenzeller/results_project/10b10t/10b10t15c1000e_10-dt80-int,param_746_rep_5,/project/theorie/n/N.Pfaffenzeller/results_project/10b10t/10b10t15c1000e_10-dt80-int/data/param_746_rep_5,/project/theorie/n/N.Pfaffenzeller/results_project/10b10t/10b10t15c1000e_10-dt80-int/data/param_746_rep_5/event_log.csv,/project/theorie/n/N.Pfaffenzeller/results_project/10b10t/10b10t15c1000e_10-dt80-int/data/param_746_rep_5/config.json,"ArgumentError: invalid JSON at byte position 0 while parsing type Any: UnexpectedEOF

"
/project/theorie/n/N.Pfaffenzeller/results_project/10b10t/10b10t15c1000e_10-dt80-int,param_746_rep_6,/project/theorie/n/N.Pfaffenzeller/results_project/10b10t/10b10t15c1000e_10-dt80-int/data/param_746_rep_6,/project/theorie/n/N.Pfaffenzeller/results_project/10b10t/10b10t15c1000e_10-dt80-int/data/param_746_rep_6/event_log.csv,/project/theorie/n/N.Pfaffenzeller/results_project/10b10t/10b10t15c1000e_10-dt80-int/data/param_746_rep_6/config.json,"ArgumentError: invalid JSON at byte position 0 while parsing type Any: UnexpectedEOF

"
/project/theorie/n/N.Pfaffenzeller/results_project/10b10t/10b10t15c1000e_10-dt80-int,param_746_rep_7,/project/theorie/n/N.Pfaffenzeller/results_project/10b10t/10b10t15c1000e_10-dt80-int/data/param_746_rep_7,/project/theorie/n/N.Pfaffenzeller/results_project/10b10t/10b10t15c1000e_10-dt80-int/data/param_746_rep_7/event_log.csv,/project/theorie/n/N.Pfaffenzeller/results_project/10b10t/10b10t15c1000e_10-dt80-int/data/param_746_rep_7/config.json,"ArgumentError: invalid JSON at byte position 0 while parsing type Any: UnexpectedEOF

"
/project/theorie/n/N.Pfaffenzeller/results_project/10b10t/10b10t15c1000e_10-dt80-int,param_746_rep_8,/project/theorie/n/N.Pfaffenzeller/results_project/10b10t/10b10t15c1000e_10-dt80-int/data/param_746_rep_8,/project/theorie/n/N.Pfaffenzeller/results_project/10b10t/10b10t15c1000e_10-dt80-int/data/param_746_rep_8/event_log.csv,/project/theorie/n/N.Pfaffenzeller/results_project/10b10t/10b10t15c1000e_10-dt80-int/data/param_746_rep_8/config.json,"ArgumentError: invalid JSON at byte position 0 while parsing type Any: UnexpectedEOF

"
/project/theorie/n/N.Pfaffenzeller/results_project/10b10t/10b10t15c1000e_10-dt80-int,param_746_rep_9,/project/theorie/n/N.Pfaffenzeller/results_project/10b10t/10b10t15c1000e_10-dt80-int/data/param_746_rep_9,/project/theorie/n/N.Pfaffenzeller/results_project/10b10t/10b10t15c1000e_10-dt80-int/data/param_746_rep_9/event_log.csv,/project/theorie/n/N.Pfaffenzeller/results_project/10b10t/10b10t15c1000e_10-dt80-int/data/param_746_rep_9/config.json,"ArgumentError: invalid JSON at byte position 0 while parsing type Any: UnexpectedEOF

"
/project/theorie/n/N.Pfaffenzeller/results_project/10b10t/10b10t15c1000e_10-dt80-int,param_747_rep_1,/project/theorie/n/N.Pfaffenzeller/results_project/10b10t/10b10t15c1000e_10-dt80-int/data/param_747_rep_1,/project/theorie/n/N.Pfaffenzeller/results_project/10b10t/10b10t15c1000e_10-dt80-int/data/param_747_rep_1/event_log.csv,/project/theorie/n/N.Pfaffenzeller/results_project/10b10t/10b10t15c1000e_10-dt80-int/data/param_747_rep_1/config.json,"ArgumentError: invalid JSON at byte position 0 while parsing type Any: UnexpectedEOF

"
/project/theorie/n/N.Pfaffenzeller/results_project/10b10t/10b10t15c1000e_10-dt80-int,param_747_rep_10,/project/theorie/n/N.Pfaffenzeller/results_project/10b10t/10b10t15c1000e_10-dt80-int/data/param_747_rep_10,/project/theorie/n/N.Pfaffenzeller/results_project/10b10t/10b10t15c1000e_10-dt80-int/data/param_747_rep_10/event_log.csv,/project/theorie/n/N.Pfaffenzeller/results_project/10b10t/10b10t15c1000e_10-dt80-int/data/param_747_rep_10/config.json,"ArgumentError: invalid JSON at byte position 0 while parsing type Any: UnexpectedEOF

"
/project/theorie/n/N.Pfaffenzeller/results_project/10b10t/10b10t15c1000e_10-dt80-int,param_747_rep_2,/project/theorie/n/N.Pfaffenzeller/results_project/10b10t/10b10t15c1000e_10-dt80-int/data/param_747_rep_2,/project/theorie/n/N.Pfaffenzeller/results_project/10b10t/10b10t15c1000e_10-dt80-int/data/param_747_rep_2/event_log.csv,/project/theorie/n/N.Pfaffenzeller/results_project/10b10t/10b10t15c1000e_10-dt80-int/data/param_747_rep_2/config.json,"ArgumentError: invalid JSON at byte position 0 while parsing type Any: UnexpectedEOF

"
/project/theorie/n/N.Pfaffenzeller/results_project/10b10t/10b10t15c1000e_10-dt80-int,param_747_rep_3,/project/theorie/n/N.Pfaffenzeller/results_project/10b10t/10b10t15c1000e_10-dt80-int/data/param_747_rep_3,/project/theorie/n/N.Pfaffenzeller/results_project/10b10t/10b10t15c1000e_10-dt80-int/data/param_747_rep_3/event_log.csv,/project/theorie/n/N.Pfaffenzeller/results_project/10b10t/10b10t15c1000e_10-dt80-int/data/param_747_rep_3/config.json,"ArgumentError: invalid JSON at byte position 0 while parsing type Any: UnexpectedEOF

"
/project/theorie/n/N.Pfaffenzeller/results_project/10b10t/10b10t15c1000e_10-dt80-int,param_747_rep_4,/project/theorie/n/N.Pfaffenzeller/results_project/10b10t/10b10t15c1000e_10-dt80-int/data/param_747_rep_4,/project/theorie/n/N.Pfaffenzeller/results_project/10b10t/10b10t15c1000e_10-dt80-int/data/param_747_rep_4/event_log.csv,/project/theorie/n/N.Pfaffenzeller/results_project/10b10t/10b10t15c1000e_10-dt80-int/data/param_747_rep_4/config.json,"ArgumentError: invalid JSON at byte position 0 while parsing type Any: UnexpectedEOF

"
/project/theorie/n/N.Pfaffenzeller/results_project/10b10t/10b10t15c1000e_10-dt80-int,param_747_rep_5,/project/theorie/n/N.Pfaffenzeller/results_project/10b10t/10b10t15c1000e_10-dt80-int/data/param_747_rep_5,/project/theorie/n/N.Pfaffenzeller/results_project/10b10t/10b10t15c1000e_10-dt80-int/data/param_747_rep_5/event_log.csv,/project/theorie/n/N.Pfaffenzeller/results_project/10b10t/10b10t15c1000e_10-dt80-int/data/param_747_rep_5/config.json,"ArgumentError: invalid JSON at byte position 0 while parsing type Any: UnexpectedEOF

"
/project/theorie/n/N.Pfaffenzeller/results_project/10b10t/10b10t15c1000e_10-dt80-int,param_747_rep_6,/project/theorie/n/N.Pfaffenzeller/results_project/10b10t/10b10t15c1000e_10-dt80-int/data/param_747_rep_6,/project/theorie/n/N.Pfaffenzeller/results_project/10b10t/10b10t15c1000e_10-dt80-int/data/param_747_rep_6/event_log.csv,/project/theorie/n/N.Pfaffenzeller/results_project/10b10t/10b10t15c1000e_10-dt80-int/data/param_747_rep_6/config.json,"ArgumentError: invalid JSON at byte position 0 while parsing type Any: UnexpectedEOF

"
/project/theorie/n/N.Pfaffenzeller/results_project/10b10t/10b10t15c1000e_10-dt80-int,param_747_rep_7,/project/theorie/n/N.Pfaffenzeller/results_project/10b10t/10b10t15c1000e_10-dt80-int/data/param_747_rep_7,/project/theorie/n/N.Pfaffenzeller/results_project/10b10t/10b10t15c1000e_10-dt80-int/data/param_747_rep_7/event_log.csv,/project/theorie/n/N.Pfaffenzeller/results_project/10b10t/10b10t15c1000e_10-dt80-int/data/param_747_rep_7/config.json,"ArgumentError: invalid JSON at byte position 0 while parsing type Any: UnexpectedEOF

"
/project/theorie/n/N.Pfaffenzeller/results_project/10b10t/10b10t15c1000e_10-dt80-int,param_747_rep_8,/project/theorie/n/N.Pfaffenzeller/results_project/10b10t/10b10t15c1000e_10-dt80-int/data/param_747_rep_8,/project/theorie/n/N.Pfaffenzeller/results_project/10b10t/10b10t15c1000e_10-dt80-int/data/param_747_rep_8/event_log.csv,/project/theorie/n/N.Pfaffenzeller/results_project/10b10t/10b10t15c1000e_10-dt80-int/data/param_747_rep_8/config.json,"ArgumentError: invalid JSON at byte position 0 while parsing type Any: UnexpectedEOF

"
/project/theorie/n/N.Pfaffenzeller/results_project/10b10t/10b10t15c1000e_10-dt80-int,param_747_rep_9,/project/theorie/n/N.Pfaffenzeller/results_project/10b10t/10b10t15c1000e_10-dt80-int/data/param_747_rep_9,/project/theorie/n/N.Pfaffenzeller/results_project/10b10t/10b10t15c1000e_10-dt80-int/data/param_747_rep_9/event_log.csv,/project/theorie/n/N.Pfaffenzeller/results_project/10b10t/10b10t15c1000e_10-dt80-int/data/param_747_rep_9/config.json,"ArgumentError: invalid JSON at byte position 0 while parsing type Any: UnexpectedEOF

"
/project/theorie/n/N.Pfaffenzeller/results_project/10b10t/10b10t15c1000e_10-dt80-int,param_748_rep_1,/project/theorie/n/N.Pfaffenzeller/results_project/10b10t/10b10t15c1000e_10-dt80-int/data/param_748_rep_1,/project/theorie/n/N.Pfaffenzeller/results_project/10b10t/10b10t15c1000e_10-dt80-int/data/param_748_rep_1/event_log.csv,/project/theorie/n/N.Pfaffenzeller/results_project/10b10t/10b10t15c1000e_10-dt80-int/data/param_748_rep_1/config.json,"ArgumentError: invalid JSON at byte position 0 while parsing type Any: UnexpectedEOF

"
/project/theorie/n/N.Pfaffenzeller/results_project/10b10t/10b10t15c1000e_10-dt80-int,param_748_rep_10,/project/theorie/n/N.Pfaffenzeller/results_project/10b10t/10b10t15c1000e_10-dt80-int/data/param_748_rep_10,/project/theorie/n/N.Pfaffenzeller/results_project/10b10t/10b10t15c1000e_10-dt80-int/data/param_748_rep_10/event_log.csv,/project/theorie/n/N.Pfaffenzeller/results_project/10b10t/10b10t15c1000e_10-dt80-int/data/param_748_rep_10/config.json,"ArgumentError: invalid JSON at byte position 0 while parsing type Any: UnexpectedEOF

"
/project/theorie/n/N.Pfaffenzeller/results_project/10b10t/10b10t15c1000e_10-dt80-int,param_748_rep_2,/project/theorie/n/N.Pfaffenzeller/results_project/10b10t/10b10t15c1000e_10-dt80-int/data/param_748_rep_2,/project/theorie/n/N.Pfaffenzeller/results_project/10b10t/10b10t15c1000e_10-dt80-int/data/param_748_rep_2/event_log.csv,/project/theorie/n/N.Pfaffenzeller/results_project/10b10t/10b10t15c1000e_10-dt80-int/data/param_748_rep_2/config.json,"ArgumentError: invalid JSON at byte position 0 while parsing type Any: UnexpectedEOF

"
/project/theorie/n/N.Pfaffenzeller/results_project/10b10t/10b10t15c1000e_10-dt80-int,param_748_rep_3,/project/theorie/n/N.Pfaffenzeller/results_project/10b10t/10b10t15c1000e_10-dt80-int/data/param_748_rep_3,/project/theorie/n/N.Pfaffenzeller/results_project/10b10t/10b10t15c1000e_10-dt80-int/data/param_748_rep_3/event_log.csv,/project/theorie/n/N.Pfaffenzeller/results_project/10b10t/10b10t15c1000e_10-dt80-int/data/param_748_rep_3/config.json,"ArgumentError: invalid JSON at byte position 0 while parsing type Any: UnexpectedEOF

"
/project/theorie/n/N.Pfaffenzeller/results_project/10b10t/10b10t15c1000e_10-dt80-int,param_748_rep_4,/project/theorie/n/N.Pfaffenzeller/results_project/10b10t/10b10t15c1000e_10-dt80-int/data/param_748_rep_4,/project/theorie/n/N.Pfaffenzeller/results_project/10b10t/10b10t15c1000e_10-dt80-int/data/param_748_rep_4/event_log.csv,/project/theorie/n/N.Pfaffenzeller/results_project/10b10t/10b10t15c1000e_10-dt80-int/data/param_748_rep_4/config.json,"ArgumentError: invalid JSON at byte position 0 while parsing type Any: UnexpectedEOF

"
/project/theorie/n/N.Pfaffenzeller/results_project/10b10t/10b10t15c1000e_10-dt80-int,param_748_rep_5,/project/theorie/n/N.Pfaffenzeller/results_project/10b10t/10b10t15c1000e_10-dt80-int/data/param_748_rep_5,/project/theorie/n/N.Pfaffenzeller/results_project/10b10t/10b10t15c1000e_10-dt80-int/data/param_748_rep_5/event_log.csv,/project/theorie/n/N.Pfaffenzeller/results_project/10b10t/10b10t15c1000e_10-dt80-int/data/param_748_rep_5/config.json,"ArgumentError: invalid JSON at byte position 0 while parsing type Any: UnexpectedEOF

"
/project/theorie/n/N.Pfaffenzeller/results_project/10b10t/10b10t15c1000e_10-dt80-int,param_748_rep_6,/project/theorie/n/N.Pfaffenzeller/results_project/10b10t/10b10t15c1000e_10-dt80-int/data/param_748_rep_6,/project/theorie/n/N.Pfaffenzeller/results_project/10b10t/10b10t15c1000e_10-dt80-int/data/param_748_rep_6/event_log.csv,/project/theorie/n/N.Pfaffenzeller/results_project/10b10t/10b10t15c1000e_10-dt80-int/data/param_748_rep_6/config.json,"ArgumentError: invalid JSON at byte position 0 while parsing type Any: UnexpectedEOF

"
/project/theorie/n/N.Pfaffenzeller/results_project/10b10t/10b10t15c1000e_10-dt80-int,param_748_rep_7,/project/theorie/n/N.Pfaffenzeller/results_project/10b10t/10b10t15c1000e_10-dt80-int/data/param_748_rep_7,/project/theorie/n/N.Pfaffenzeller/results_project/10b10t/10b10t15c1000e_10-dt80-int/data/param_748_rep_7/event_log.csv,/project/theorie/n/N.Pfaffenzeller/results_project/10b10t/10b10t15c1000e_10-dt80-int/data/param_748_rep_7/config.json,"ArgumentError: invalid JSON at byte position 0 while parsing type Any: UnexpectedEOF

"
/project/theorie/n/N.Pfaffenzeller/results_project/10b10t/10b10t15c1000e_10-dt80-int,param_748_rep_8,/project/theorie/n/N.Pfaffenzeller/results_project/10b10t/10b10t15c1000e_10-dt80-int/data/param_748_rep_8,/project/theorie/n/N.Pfaffenzeller/results_project/10b10t/10b10t15c1000e_10-dt80-int/data/param_748_rep_8/event_log.csv,/project/theorie/n/N.Pfaffenzeller/results_project/10b10t/10b10t15c1000e_10-dt80-int/data/param_748_rep_8/config.json,"ArgumentError: invalid JSON at byte position 0 while parsing type Any: UnexpectedEOF

"
/project/theorie/n/N.Pfaffenzeller/results_project/10b10t/10b10t15c1000e_10-dt80-int,param_748_rep_9,/project/theorie/n/N.Pfaffenzeller/results_project/10b10t/10b10t15c1000e_10-dt80-int/data/param_748_rep_9,/project/theorie/n/N.Pfaffenzeller/results_project/10b10t/10b10t15c1000e_10-dt80-int/data/param_748_rep_9/event_log.csv,/project/theorie/n/N.Pfaffenzeller/results_project/10b10t/10b10t15c1000e_10-dt80-int/data/param_748_rep_9/config.json,"ArgumentError: invalid JSON at byte position 0 while parsing type Any: UnexpectedEOF

"
/project/theorie/n/N.Pfaffenzeller/results_project/10b10t/10b10t15c1000e_10-dt80-int,param_749_rep_1,/project/theorie/n/N.Pfaffenzeller/results_project/10b10t/10b10t15c1000e_10-dt80-int/data/param_749_rep_1,/project/theorie/n/N.Pfaffenzeller/results_project/10b10t/10b10t15c1000e_10-dt80-int/data/param_749_rep_1/event_log.csv,/project/theorie/n/N.Pfaffenzeller/results_project/10b10t/10b10t15c1000e_10-dt80-int/data/param_749_rep_1/config.json,"ArgumentError: invalid JSON at byte position 0 while parsing type Any: UnexpectedEOF

"
/project/theorie/n/N.Pfaffenzeller/results_project/10b10t/10b10t15c1000e_10-dt80-int,param_749_rep_10,/project/theorie/n/N.Pfaffenzeller/results_project/10b10t/10b10t15c1000e_10-dt80-int/data/param_749_rep_10,/project/theorie/n/N.Pfaffenzeller/results_project/10b10t/10b10t15c1000e_10-dt80-int/data/param_749_rep_10/event_log.csv,/project/theorie/n/N.Pfaffenzeller/results_project/10b10t/10b10t15c1000e_10-dt80-int/data/param_749_rep_10/config.json,"ArgumentError: invalid JSON at byte position 0 while parsing type Any: UnexpectedEOF

"
/project/theorie/n/N.Pfaffenzeller/results_project/10b10t/10b10t15c1000e_10-dt80-int,param_749_rep_2,/project/theorie/n/N.Pfaffenzeller/results_project/10b10t/10b10t15c1000e_10-dt80-int/data/param_749_rep_2,/project/theorie/n/N.Pfaffenzeller/results_project/10b10t/10b10t15c1000e_10-dt80-int/data/param_749_rep_2/event_log.csv,/project/theorie/n/N.Pfaffenzeller/results_project/10b10t/10b10t15c1000e_10-dt80-int/data/param_749_rep_2/config.json,"ArgumentError: invalid JSON at byte position 0 while parsing type Any: UnexpectedEOF

"
/project/theorie/n/N.Pfaffenzeller/results_project/10b10t/10b10t15c1000e_10-dt80-int,param_749_rep_3,/project/theorie/n/N.Pfaffenzeller/results_project/10b10t/10b10t15c1000e_10-dt80-int/data/param_749_rep_3,/project/theorie/n/N.Pfaffenzeller/results_project/10b10t/10b10t15c1000e_10-dt80-int/data/param_749_rep_3/event_log.csv,/project/theorie/n/N.Pfaffenzeller/results_project/10b10t/10b10t15c1000e_10-dt80-int/data/param_749_rep_3/config.json,"ArgumentError: invalid JSON at byte position 0 while parsing type Any: UnexpectedEOF

"
/project/theorie/n/N.Pfaffenzeller/results_project/10b10t/10b10t15c1000e_10-dt80-int,param_749_rep_4,/project/theorie/n/N.Pfaffenzeller/results_project/10b10t/10b10t15c1000e_10-dt80-int/data/param_749_rep_4,/project/theorie/n/N.Pfaffenzeller/results_project/10b10t/10b10t15c1000e_10-dt80-int/data/param_749_rep_4/event_log.csv,/project/theorie/n/N.Pfaffenzeller/results_project/10b10t/10b10t15c1000e_10-dt80-int/data/param_749_rep_4/config.json,"ArgumentError: invalid JSON at byte position 0 while parsing type Any: UnexpectedEOF

"
/project/theorie/n/N.Pfaffenzeller/results_project/10b10t/10b10t15c1000e_10-dt80-int,param_749_rep_5,/project/theorie/n/N.Pfaffenzeller/results_project/10b10t/10b10t15c1000e_10-dt80-int/data/param_749_rep_5,/project/theorie/n/N.Pfaffenzeller/results_project/10b10t/10b10t15c1000e_10-dt80-int/data/param_749_rep_5/event_log.csv,/project/theorie/n/N.Pfaffenzeller/results_project/10b10t/10b10t15c1000e_10-dt80-int/data/param_749_rep_5/config.json,"ArgumentError: invalid JSON at byte position 0 while parsing type Any: UnexpectedEOF

"
/project/theorie/n/N.Pfaffenzeller/results_project/10b10t/10b10t15c1000e_10-dt80-int,param_749_rep_6,/project/theorie/n/N.Pfaffenzeller/results_project/10b10t/10b10t15c1000e_10-dt80-int/data/param_749_rep_6,/project/theorie/n/N.Pfaffenzeller/results_project/10b10t/10b10t15c1000e_10-dt80-int/data/param_749_rep_6/event_log.csv,/project/theorie/n/N.Pfaffenzeller/results_project/10b10t/10b10t15c1000e_10-dt80-int/data/param_749_rep_6/config.json,"ArgumentError: invalid JSON at byte position 0 while parsing type Any: UnexpectedEOF

"
/project/theorie/n/N.Pfaffenzeller/results_project/10b10t/10b10t15c1000e_10-dt80-int,param_749_rep_7,/project/theorie/n/N.Pfaffenzeller/results_project/10b10t/10b10t15c1000e_10-dt80-int/data/param_749_rep_7,/project/theorie/n/N.Pfaffenzeller/results_project/10b10t/10b10t15c1000e_10-dt80-int/data/param_749_rep_7/event_log.csv,/project/theorie/n/N.Pfaffenzeller/results_project/10b10t/10b10t15c1000e_10-dt80-int/data/param_749_rep_7/config.json,No task_* columns found (excluding task_id).
/project/theorie/n/N.Pfaffenzeller/results_project/10b10t/10b10t15c1000e_10-dt80-int,param_749_rep_8,/project/theorie/n/N.Pfaffenzeller/results_project/10b10t/10b10t15c1000e_10-dt80-int/data/param_749_rep_8,/project/theorie/n/N.Pfaffenzeller/results_project/10b10t/10b10t15c1000e_10-dt80-int/data/param_749_rep_8/event_log.csv,/project/theorie/n/N.Pfaffenzeller/results_project/10b10t/10b10t15c1000e_10-dt80-int/data/param_749_rep_8/config.json,"ArgumentError: invalid JSON at byte position 0 while parsing type Any: UnexpectedEOF

"
/project/theorie/n/N.Pfaffenzeller/results_project/10b10t/10b10t15c1000e_10-dt80-int,param_749_rep_9,/project/theorie/n/N.Pfaffenzeller/results_project/10b10t/10b10t15c1000e_10-dt80-int/data/param_749_rep_9,/project/theorie/n/N.Pfaffenzeller/results_project/10b10t/10b10t15c1000e_10-dt80-int/data/param_749_rep_9/event_log.csv,/project/theorie/n/N.Pfaffenzeller/results_project/10b10t/10b10t15c1000e_10-dt80-int/data/param_749_rep_9/config.json,"ArgumentError: invalid JSON at byte position 0 while parsing type Any: UnexpectedEOF

"
/project/theorie/n/N.Pfaffenzeller/results_project/10b10t/10b10t15c1000e_10-dt80-int,param_750_rep_1,/project/theorie/n/N.Pfaffenzeller/results_project/10b10t/10b10t15c1000e_10-dt80-int/data/param_750_rep_1,/project/theorie/n/N.Pfaffenzeller/results_project/10b10t/10b10t15c1000e_10-dt80-int/data/param_750_rep_1/event_log.csv,/project/theorie/n/N.Pfaffenzeller/results_project/10b10t/10b10t15c1000e_10-dt80-int/data/param_750_rep_1/config.json,"ArgumentError: invalid JSON at byte position 0 while parsing type Any: UnexpectedEOF

"
/project/theorie/n/N.Pfaffenzeller/results_project/10b10t/10b10t15c1000e_10-dt80-int,param_750_rep_10,/project/theorie/n/N.Pfaffenzeller/results_project/10b10t/10b10t15c1000e_10-dt80-int/data/param_750_rep_10,/project/theorie/n/N.Pfaffenzeller/results_project/10b10t/10b10t15c1000e_10-dt80-int/data/param_750_rep_10/event_log.csv,/project/theorie/n/N.Pfaffenzeller/results_project/10b10t/10b10t15c1000e_10-dt80-int/data/param_750_rep_10/config.json,"ArgumentError: invalid JSON at byte position 0 while parsing type Any: UnexpectedEOF

"
/project/theorie/n/N.Pfaffenzeller/results_project/10b10t/10b10t15c1000e_10-dt80-int,param_750_rep_2,/project/theorie/n/N.Pfaffenzeller/results_project/10b10t/10b10t15c1000e_10-dt80-int/data/param_750_rep_2,/project/theorie/n/N.Pfaffenzeller/results_project/10b10t/10b10t15c1000e_10-dt80-int/data/param_750_rep_2/event_log.csv,/project/theorie/n/N.Pfaffenzeller/results_project/10b10t/10b10t15c1000e_10-dt80-int/data/param_750_rep_2/config.json,"ArgumentError: invalid JSON at byte position 0 while parsing type Any: UnexpectedEOF

"
/project/theorie/n/N.Pfaffenzeller/results_project/10b10t/10b10t15c1000e_10-dt80-int,param_750_rep_3,/project/theorie/n/N.Pfaffenzeller/results_project/10b10t/10b10t15c1000e_10-dt80-int/data/param_750_rep_3,/project/theorie/n/N.Pfaffenzeller/results_project/10b10t/10b10t15c1000e_10-dt80-int/data/param_750_rep_3/event_log.csv,/project/theorie/n/N.Pfaffenzeller/results_project/10b10t/10b10t15c1000e_10-dt80-int/data/param_750_rep_3/config.json,"ArgumentError: invalid JSON at byte position 0 while parsing type Any: UnexpectedEOF

"
/project/theorie/n/N.Pfaffenzeller/results_project/10b10t/10b10t15c1000e_10-dt80-int,param_750_rep_4,/project/theorie/n/N.Pfaffenzeller/results_project/10b10t/10b10t15c1000e_10-dt80-int/data/param_750_rep_4,/project/theorie/n/N.Pfaffenzeller/results_project/10b10t/10b10t15c1000e_10-dt80-int/data/param_750_rep_4/event_log.csv,/project/theorie/n/N.Pfaffenzeller/results_project/10b10t/10b10t15c1000e_10-dt80-int/data/param_750_rep_4/config.json,"ArgumentError: invalid JSON at byte position 0 while parsing type Any: UnexpectedEOF

"
/project/theorie/n/N.Pfaffenzeller/results_project/10b10t/10b10t15c1000e_10-dt80-int,param_750_rep_5,/project/theorie/n/N.Pfaffenzeller/results_project/10b10t/10b10t15c1000e_10-dt80-int/data/param_750_rep_5,/project/theorie/n/N.Pfaffenzeller/results_project/10b10t/10b10t15c1000e_10-dt80-int/data/param_750_rep_5/event_log.csv,/project/theorie/n/N.Pfaffenzeller/results_project/10b10t/10b10t15c1000e_10-dt80-int/data/param_750_rep_5/config.json,"ArgumentError: invalid JSON at byte position 0 while parsing type Any: UnexpectedEOF

"
/project/theorie/n/N.Pfaffenzeller/results_project/10b10t/10b10t15c1000e_10-dt80-int,param_750_rep_6,/project/theorie/n/N.Pfaffenzeller/results_project/10b10t/10b10t15c1000e_10-dt80-int/data/param_750_rep_6,/project/theorie/n/N.Pfaffenzeller/results_project/10b10t/10b10t15c1000e_10-dt80-int/data/param_750_rep_6/event_log.csv,/project/theorie/n/N.Pfaffenzeller/results_project/10b10t/10b10t15c1000e_10-dt80-int/data/param_750_rep_6/config.json,"ArgumentError: invalid JSON at byte position 0 while parsing type Any: UnexpectedEOF

"
/project/theorie/n/N.Pfaffenzeller/results_project/10b10t/10b10t15c1000e_10-dt80-int,param_750_rep_7,/project/theorie/n/N.Pfaffenzeller/results_project/10b10t/10b10t15c1000e_10-dt80-int/data/param_750_rep_7,/project/theorie/n/N.Pfaffenzeller/results_project/10b10t/10b10t15c1000e_10-dt80-int/data/param_750_rep_7/event_log.csv,/project/theorie/n/N.Pfaffenzeller/results_project/10b10t/10b10t15c1000e_10-dt80-int/data/param_750_rep_7/config.json,"ArgumentError: invalid JSON at byte position 0 while parsing type Any: UnexpectedEOF

"
/project/theorie/n/N.Pfaffenzeller/results_project/10b10t/10b10t15c1000e_10-dt80-int,param_750_rep_8,/project/theorie/n/N.Pfaffenzeller/results_project/10b10t/10b10t15c1000e_10-dt80-int/data/param_750_rep_8,/project/theorie/n/N.Pfaffenzeller/results_project/10b10t/10b10t15c1000e_10-dt80-int/data/param_750_rep_8/event_log.csv,/project/theorie/n/N.Pfaffenzeller/results_project/10b10t/10b10t15c1000e_10-dt80-int/data/param_750_rep_8/config.json,"ArgumentError: invalid JSON at byte position 0 while parsing type Any: UnexpectedEOF

"
/project/theorie/n/N.Pfaffenzeller/results_project/10b10t/10b10t15c1000e_10-dt80-int,param_750_rep_9,/project/theorie/n/N.Pfaffenzeller/results_project/10b10t/10b10t15c1000e_10-dt80-int/data/param_750_rep_9,/project/theorie/n/N.Pfaffenzeller/results_project/10b10t/10b10t15c1000e_10-dt80-int/data/param_750_rep_9/event_log.csv,/project/theorie/n/N.Pfaffenzeller/results_project/10b10t/10b10t15c1000e_10-dt80-int/data/param_750_rep_9/config.json,"ArgumentError: invalid JSON at byte position 0 while parsing type Any: UnexpectedEOF

"
/project/theorie/n/N.Pfaffenzeller/results_project/10b10t/10b10t15c1000e_10-dt80-int,param_751_rep_1,/project/theorie/n/N.Pfaffenzeller/results_project/10b10t/10b10t15c1000e_10-dt80-int/data/param_751_rep_1,/project/theorie/n/N.Pfaffenzeller/results_project/10b10t/10b10t15c1000e_10-dt80-int/data/param_751_rep_1/event_log.csv,/project/theorie/n/N.Pfaffenzeller/results_project/10b10t/10b10t15c1000e_10-dt80-int/data/param_751_rep_1/config.json,"ArgumentError: invalid JSON at byte position 0 while parsing type Any: UnexpectedEOF

"
/project/theorie/n/N.Pfaffenzeller/results_project/10b10t/10b10t15c1000e_10-dt80-int,param_751_rep_10,/project/theorie/n/N.Pfaffenzeller/results_project/10b10t/10b10t15c1000e_10-dt80-int/data/param_751_rep_10,/project/theorie/n/N.Pfaffenzeller/results_project/10b10t/10b10t15c1000e_10-dt80-int/data/param_751_rep_10/event_log.csv,/project/theorie/n/N.Pfaffenzeller/results_project/10b10t/10b10t15c1000e_10-dt80-int/data/param_751_rep_10/config.json,"ArgumentError: invalid JSON at byte position 0 while parsing type Any: UnexpectedEOF

"
/project/theorie/n/N.Pfaffenzeller/results_project/10b10t/10b10t15c1000e_10-dt80-int,param_751_rep_2,/project/theorie/n/N.Pfaffenzeller/results_project/10b10t/10b10t15c1000e_10-dt80-int/data/param_751_rep_2,/project/theorie/n/N.Pfaffenzeller/results_project/10b10t/10b10t15c1000e_10-dt80-int/data/param_751_rep_2/event_log.csv,/project/theorie/n/N.Pfaffenzeller/results_project/10b10t/10b10t15c1000e_10-dt80-int/data/param_751_rep_2/config.json,"ArgumentError: invalid JSON at byte position 0 while parsing type Any: UnexpectedEOF

"
/project/theorie/n/N.Pfaffenzeller/results_project/10b10t/10b10t15c1000e_10-dt80-int,param_751_rep_3,/project/theorie/n/N.Pfaffenzeller/results_project/10b10t/10b10t15c1000e_10-dt80-int/data/param_751_rep_3,/project/theorie/n/N.Pfaffenzeller/results_project/10b10t/10b10t15c1000e_10-dt80-int/data/param_751_rep_3/event_log.csv,/project/theorie/n/N.Pfaffenzeller/results_project/10b10t/10b10t15c1000e_10-dt80-int/data/param_751_rep_3/config.json,"ArgumentError: invalid JSON at byte position 0 while parsing type Any: UnexpectedEOF

"
/project/theorie/n/N.Pfaffenzeller/results_project/10b10t/10b10t15c1000e_10-dt80-int,param_751_rep_4,/project/theorie/n/N.Pfaffenzeller/results_project/10b10t/10b10t15c1000e_10-dt80-int/data/param_751_rep_4,/project/theorie/n/N.Pfaffenzeller/results_project/10b10t/10b10t15c1000e_10-dt80-int/data/param_751_rep_4/event_log.csv,/project/theorie/n/N.Pfaffenzeller/results_project/10b10t/10b10t15c1000e_10-dt80-int/data/param_751_rep_4/config.json,"ArgumentError: invalid JSON at byte position 0 while parsing type Any: UnexpectedEOF

"
/project/theorie/n/N.Pfaffenzeller/results_project/10b10t/10b10t15c1000e_10-dt80-int,param_751_rep_5,/project/theorie/n/N.Pfaffenzeller/results_project/10b10t/10b10t15c1000e_10-dt80-int/data/param_751_rep_5,/project/theorie/n/N.Pfaffenzeller/results_project/10b10t/10b10t15c1000e_10-dt80-int/data/param_751_rep_5/event_log.csv,/project/theorie/n/N.Pfaffenzeller/results_project/10b10t/10b10t15c1000e_10-dt80-int/data/param_751_rep_5/config.json,"ArgumentError: invalid JSON at byte position 0 while parsing type Any: UnexpectedEOF

"
/project/theorie/n/N.Pfaffenzeller/results_project/10b10t/10b10t15c1000e_10-dt80-int,param_751_rep_6,/project/theorie/n/N.Pfaffenzeller/results_project/10b10t/10b10t15c1000e_10-dt80-int/data/param_751_rep_6,/project/theorie/n/N.Pfaffenzeller/results_project/10b10t/10b10t15c1000e_10-dt80-int/data/param_751_rep_6/event_log.csv,/project/theorie/n/N.Pfaffenzeller/results_project/10b10t/10b10t15c1000e_10-dt80-int/data/param_751_rep_6/config.json,"ArgumentError: invalid JSON at byte position 0 while parsing type Any: UnexpectedEOF

"
/project/theorie/n/N.Pfaffenzeller/results_project/10b10t/10b10t15c1000e_10-dt80-int,param_751_rep_7,/project/theorie/n/N.Pfaffenzeller/results_project/10b10t/10b10t15c1000e_10-dt80-int/data/param_751_rep_7,/project/theorie/n/N.Pfaffenzeller/results_project/10b10t/10b10t15c1000e_10-dt80-int/data/param_751_rep_7/event_log.csv,/project/theorie/n/N.Pfaffenzeller/results_project/10b10t/10b10t15c1000e_10-dt80-int/data/param_751_rep_7/config.json,"ArgumentError: invalid JSON at byte position 0 while parsing type Any: UnexpectedEOF

"
/project/theorie/n/N.Pfaffenzeller/results_project/10b10t/10b10t15c1000e_10-dt80-int,param_751_rep_8,/project/theorie/n/N.Pfaffenzeller/results_project/10b10t/10b10t15c1000e_10-dt80-int/data/param_751_rep_8,/project/theorie/n/N.Pfaffenzeller/results_project/10b10t/10b10t15c1000e_10-dt80-int/data/param_751_rep_8/event_log.csv,/project/theorie/n/N.Pfaffenzeller/results_project/10b10t/10b10t15c1000e_10-dt80-int/data/param_751_rep_8/config.json,"ArgumentError: invalid JSON at byte position 0 while parsing type Any: UnexpectedEOF

"
/project/theorie/n/N.Pfaffenzeller/results_project/10b10t/10b10t15c1000e_10-dt80-int,param_751_rep_9,/project/theorie/n/N.Pfaffenzeller/results_project/10b10t/10b10t15c1000e_10-dt80-int/data/param_751_rep_9,/project/theorie/n/N.Pfaffenzeller/results_project/10b10t/10b10t15c1000e_10-dt80-int/data/param_751_rep_9/event_log.csv,/project/theorie/n/N.Pfaffenzeller/results_project/10b10t/10b10t15c1000e_10-dt80-int/data/param_751_rep_9/config.json,"ArgumentError: invalid JSON at byte position 0 while parsing type Any: UnexpectedEOF

"
/project/theorie/n/N.Pfaffenzeller/results_project/10b10t/10b10t15c1000e_10-dt80-int,param_752_rep_1,/project/theorie/n/N.Pfaffenzeller/results_project/10b10t/10b10t15c1000e_10-dt80-int/data/param_752_rep_1,/project/theorie/n/N.Pfaffenzeller/results_project/10b10t/10b10t15c1000e_10-dt80-int/data/param_752_rep_1/event_log.csv,/project/theorie/n/N.Pfaffenzeller/results_project/10b10t/10b10t15c1000e_10-dt80-int/data/param_752_rep_1/config.json,"ArgumentError: invalid JSON at byte position 0 while parsing type Any: UnexpectedEOF

"
/project/theorie/n/N.Pfaffenzeller/results_project/10b10t/10b10t15c1000e_10-dt80-int,param_752_rep_10,/project/theorie/n/N.Pfaffenzeller/results_project/10b10t/10b10t15c1000e_10-dt80-int/data/param_752_rep_10,/project/theorie/n/N.Pfaffenzeller/results_project/10b10t/10b10t15c1000e_10-dt80-int/data/param_752_rep_10/event_log.csv,/project/theorie/n/N.Pfaffenzeller/results_project/10b10t/10b10t15c1000e_10-dt80-int/data/param_752_rep_10/config.json,"ArgumentError: invalid JSON at byte position 0 while parsing type Any: UnexpectedEOF

"
/project/theorie/n/N.Pfaffenzeller/results_project/10b10t/10b10t15c1000e_10-dt80-int,param_752_rep_2,/project/theorie/n/N.Pfaffenzeller/results_project/10b10t/10b10t15c1000e_10-dt80-int/data/param_752_rep_2,/project/theorie/n/N.Pfaffenzeller/results_project/10b10t/10b10t15c1000e_10-dt80-int/data/param_752_rep_2/event_log.csv,/project/theorie/n/N.Pfaffenzeller/results_project/10b10t/10b10t15c1000e_10-dt80-int/data/param_752_rep_2/config.json,"ArgumentError: invalid JSON at byte position 0 while parsing type Any: UnexpectedEOF

"
/project/theorie/n/N.Pfaffenzeller/results_project/10b10t/10b10t15c1000e_10-dt80-int,param_752_rep_3,/project/theorie/n/N.Pfaffenzeller/results_project/10b10t/10b10t15c1000e_10-dt80-int/data/param_752_rep_3,/project/theorie/n/N.Pfaffenzeller/results_project/10b10t/10b10t15c1000e_10-dt80-int/data/param_752_rep_3/event_log.csv,/project/theorie/n/N.Pfaffenzeller/results_project/10b10t/10b10t15c1000e_10-dt80-int/data/param_752_rep_3/config.json,"ArgumentError: invalid JSON at byte position 0 while parsing type Any: UnexpectedEOF

"
/project/theorie/n/N.Pfaffenzeller/results_project/10b10t/10b10t15c1000e_10-dt80-int,param_752_rep_4,/project/theorie/n/N.Pfaffenzeller/results_project/10b10t/10b10t15c1000e_10-dt80-int/data/param_752_rep_4,/project/theorie/n/N.Pfaffenzeller/results_project/10b10t/10b10t15c1000e_10-dt80-int/data/param_752_rep_4/event_log.csv,/project/theorie/n/N.Pfaffenzeller/results_project/10b10t/10b10t15c1000e_10-dt80-int/data/param_752_rep_4/config.json,"ArgumentError: invalid JSON at byte position 0 while parsing type Any: UnexpectedEOF

"
/project/theorie/n/N.Pfaffenzeller/results_project/10b10t/10b10t15c1000e_10-dt80-int,param_752_rep_5,/project/theorie/n/N.Pfaffenzeller/results_project/10b10t/10b10t15c1000e_10-dt80-int/data/param_752_rep_5,/project/theorie/n/N.Pfaffenzeller/results_project/10b10t/10b10t15c1000e_10-dt80-int/data/param_752_rep_5/event_log.csv,/project/theorie/n/N.Pfaffenzeller/results_project/10b10t/10b10t15c1000e_10-dt80-int/data/param_752_rep_5/config.json,"ArgumentError: invalid JSON at byte position 0 while parsing type Any: UnexpectedEOF

"
/project/theorie/n/N.Pfaffenzeller/results_project/10b10t/10b10t15c1000e_10-dt80-int,param_752_rep_6,/project/theorie/n/N.Pfaffenzeller/results_project/10b10t/10b10t15c1000e_10-dt80-int/data/param_752_rep_6,/project/theorie/n/N.Pfaffenzeller/results_project/10b10t/10b10t15c1000e_10-dt80-int/data/param_752_rep_6/event_log.csv,/project/theorie/n/N.Pfaffenzeller/results_project/10b10t/10b10t15c1000e_10-dt80-int/data/param_752_rep_6/config.json,"ArgumentError: invalid JSON at byte position 0 while parsing type Any: UnexpectedEOF

"
/project/theorie/n/N.Pfaffenzeller/results_project/10b10t/10b10t15c1000e_10-dt80-int,param_752_rep_7,/project/theorie/n/N.Pfaffenzeller/results_project/10b10t/10b10t15c1000e_10-dt80-int/data/param_752_rep_7,/project/theorie/n/N.Pfaffenzeller/results_project/10b10t/10b10t15c1000e_10-dt80-int/data/param_752_rep_7/event_log.csv,/project/theorie/n/N.Pfaffenzeller/results_project/10b10t/10b10t15c1000e_10-dt80-int/data/param_752_rep_7/config.json,"ArgumentError: invalid JSON at byte position 0 while parsing type Any: UnexpectedEOF

"
/project/theorie/n/N.Pfaffenzeller/results_project/10b10t/10b10t15c1000e_10-dt80-int,param_752_rep_8,/project/theorie/n/N.Pfaffenzeller/results_project/10b10t/10b10t15c1000e_10-dt80-int/data/param_752_rep_8,/project/theorie/n/N.Pfaffenzeller/results_project/10b10t/10b10t15c1000e_10-dt80-int/data/param_752_rep_8/event_log.csv,/project/theorie/n/N.Pfaffenzeller/results_project/10b10t/10b10t15c1000e_10-dt80-int/data/param_752_rep_8/config.json,"ArgumentError: invalid JSON at byte position 0 while parsing type Any: UnexpectedEOF

"
/project/theorie/n/N.Pfaffenzeller/results_project/10b10t/10b10t15c1000e_10-dt80-int,param_752_rep_9,/project/theorie/n/N.Pfaffenzeller/results_project/10b10t/10b10t15c1000e_10-dt80-int/data/param_752_rep_9,/project/theorie/n/N.Pfaffenzeller/results_project/10b10t/10b10t15c1000e_10-dt80-int/data/param_752_rep_9/event_log.csv,/project/theorie/n/N.Pfaffenzeller/results_project/10b10t/10b10t15c1000e_10-dt80-int/data/param_752_rep_9/config.json,"ArgumentError: invalid JSON at byte position 0 while parsing type Any: UnexpectedEOF

"
/project/theorie/n/N.Pfaffenzeller/results_project/10b10t/10b10t15c1000e_10-dt80-int,param_753_rep_1,/project/theorie/n/N.Pfaffenzeller/results_project/10b10t/10b10t15c1000e_10-dt80-int/data/param_753_rep_1,/project/theorie/n/N.Pfaffenzeller/results_project/10b10t/10b10t15c1000e_10-dt80-int/data/param_753_rep_1/event_log.csv,/project/theorie/n/N.Pfaffenzeller/results_project/10b10t/10b10t15c1000e_10-dt80-int/data/param_753_rep_1/config.json,"ArgumentError: invalid JSON at byte position 0 while parsing type Any: UnexpectedEOF

"
/project/theorie/n/N.Pfaffenzeller/results_project/10b10t/10b10t15c1000e_10-dt80-int,param_753_rep_10,/project/theorie/n/N.Pfaffenzeller/results_project/10b10t/10b10t15c1000e_10-dt80-int/data/param_753_rep_10,/project/theorie/n/N.Pfaffenzeller/results_project/10b10t/10b10t15c1000e_10-dt80-int/data/param_753_rep_10/event_log.csv,/project/theorie/n/N.Pfaffenzeller/results_project/10b10t/10b10t15c1000e_10-dt80-int/data/param_753_rep_10/config.json,"ArgumentError: invalid JSON at byte position 0 while parsing type Any: UnexpectedEOF

"
/project/theorie/n/N.Pfaffenzeller/results_project/10b10t/10b10t15c1000e_10-dt80-int,param_753_rep_2,/project/theorie/n/N.Pfaffenzeller/results_project/10b10t/10b10t15c1000e_10-dt80-int/data/param_753_rep_2,/project/theorie/n/N.Pfaffenzeller/results_project/10b10t/10b10t15c1000e_10-dt80-int/data/param_753_rep_2/event_log.csv,/project/theorie/n/N.Pfaffenzeller/results_project/10b10t/10b10t15c1000e_10-dt80-int/data/param_753_rep_2/config.json,"ArgumentError: invalid JSON at byte position 0 while parsing type Any: UnexpectedEOF

"
/project/theorie/n/N.Pfaffenzeller/results_project/10b10t/10b10t15c1000e_10-dt80-int,param_753_rep_3,/project/theorie/n/N.Pfaffenzeller/results_project/10b10t/10b10t15c1000e_10-dt80-int/data/param_753_rep_3,/project/theorie/n/N.Pfaffenzeller/results_project/10b10t/10b10t15c1000e_10-dt80-int/data/param_753_rep_3/event_log.csv,/project/theorie/n/N.Pfaffenzeller/results_project/10b10t/10b10t15c1000e_10-dt80-int/data/param_753_rep_3/config.json,"ArgumentError: invalid JSON at byte position 0 while parsing type Any: UnexpectedEOF

"
/project/theorie/n/N.Pfaffenzeller/results_project/10b10t/10b10t15c1000e_10-dt80-int,param_753_rep_4,/project/theorie/n/N.Pfaffenzeller/results_project/10b10t/10b10t15c1000e_10-dt80-int/data/param_753_rep_4,/project/theorie/n/N.Pfaffenzeller/results_project/10b10t/10b10t15c1000e_10-dt80-int/data/param_753_rep_4/event_log.csv,/project/theorie/n/N.Pfaffenzeller/results_project/10b10t/10b10t15c1000e_10-dt80-int/data/param_753_rep_4/config.json,"ArgumentError: invalid JSON at byte position 0 while parsing type Any: UnexpectedEOF

"
/project/theorie/n/N.Pfaffenzeller/results_project/10b10t/10b10t15c1000e_10-dt80-int,param_753_rep_5,/project/theorie/n/N.Pfaffenzeller/results_project/10b10t/10b10t15c1000e_10-dt80-int/data/param_753_rep_5,/project/theorie/n/N.Pfaffenzeller/results_project/10b10t/10b10t15c1000e_10-dt80-int/data/param_753_rep_5/event_log.csv,/project/theorie/n/N.Pfaffenzeller/results_project/10b10t/10b10t15c1000e_10-dt80-int/data/param_753_rep_5/config.json,"ArgumentError: invalid JSON at byte position 0 while parsing type Any: UnexpectedEOF

"
/project/theorie/n/N.Pfaffenzeller/results_project/10b10t/10b10t15c1000e_10-dt80-int,param_753_rep_6,/project/theorie/n/N.Pfaffenzeller/results_project/10b10t/10b10t15c1000e_10-dt80-int/data/param_753_rep_6,/project/theorie/n/N.Pfaffenzeller/results_project/10b10t/10b10t15c1000e_10-dt80-int/data/param_753_rep_6/event_log.csv,/project/theorie/n/N.Pfaffenzeller/results_project/10b10t/10b10t15c1000e_10-dt80-int/data/param_753_rep_6/config.json,"ArgumentError: invalid JSON at byte position 0 while parsing type Any: UnexpectedEOF

"
/project/theorie/n/N.Pfaffenzeller/results_project/10b10t/10b10t15c1000e_10-dt80-int,param_753_rep_7,/project/theorie/n/N.Pfaffenzeller/results_project/10b10t/10b10t15c1000e_10-dt80-int/data/param_753_rep_7,/project/theorie/n/N.Pfaffenzeller/results_project/10b10t/10b10t15c1000e_10-dt80-int/data/param_753_rep_7/event_log.csv,/project/theorie/n/N.Pfaffenzeller/results_project/10b10t/10b10t15c1000e_10-dt80-int/data/param_753_rep_7/config.json,"ArgumentError: invalid JSON at byte position 0 while parsing type Any: UnexpectedEOF

"
/project/theorie/n/N.Pfaffenzeller/results_project/10b10t/10b10t15c1000e_10-dt80-int,param_753_rep_8,/project/theorie/n/N.Pfaffenzeller/results_project/10b10t/10b10t15c1000e_10-dt80-int/data/param_753_rep_8,/project/theorie/n/N.Pfaffenzeller/results_project/10b10t/10b10t15c1000e_10-dt80-int/data/param_753_rep_8/event_log.csv,/project/theorie/n/N.Pfaffenzeller/results_project/10b10t/10b10t15c1000e_10-dt80-int/data/param_753_rep_8/config.json,"ArgumentError: invalid JSON at byte position 0 while parsing type Any: UnexpectedEOF

"
/project/theorie/n/N.Pfaffenzeller/results_project/10b10t/10b10t15c1000e_10-dt80-int,param_753_rep_9,/project/theorie/n/N.Pfaffenzeller/results_project/10b10t/10b10t15c1000e_10-dt80-int/data/param_753_rep_9,/project/theorie/n/N.Pfaffenzeller/results_project/10b10t/10b10t15c1000e_10-dt80-int/data/param_753_rep_9/event_log.csv,/project/theorie/n/N.Pfaffenzeller/results_project/10b10t/10b10t15c1000e_10-dt80-int/data/param_753_rep_9/config.json,"ArgumentError: invalid JSON at byte position 0 while parsing type Any: UnexpectedEOF

"
/project/theorie/n/N.Pfaffenzeller/results_project/10b10t/10b10t15c1000e_10-dt80-int,param_754_rep_1,/project/theorie/n/N.Pfaffenzeller/results_project/10b10t/10b10t15c1000e_10-dt80-int/data/param_754_rep_1,/project/theorie/n/N.Pfaffenzeller/results_project/10b10t/10b10t15c1000e_10-dt80-int/data/param_754_rep_1/event_log.csv,/project/theorie/n/N.Pfaffenzeller/results_project/10b10t/10b10t15c1000e_10-dt80-int/data/param_754_rep_1/config.json,"ArgumentError: invalid JSON at byte position 0 while parsing type Any: UnexpectedEOF

"
/project/theorie/n/N.Pfaffenzeller/results_project/10b10t/10b10t15c1000e_10-dt80-int,param_754_rep_10,/project/theorie/n/N.Pfaffenzeller/results_project/10b10t/10b10t15c1000e_10-dt80-int/data/param_754_rep_10,/project/theorie/n/N.Pfaffenzeller/results_project/10b10t/10b10t15c1000e_10-dt80-int/data/param_754_rep_10/event_log.csv,/project/theorie/n/N.Pfaffenzeller/results_project/10b10t/10b10t15c1000e_10-dt80-int/data/param_754_rep_10/config.json,"ArgumentError: invalid JSON at byte position 0 while parsing type Any: UnexpectedEOF

"
/project/theorie/n/N.Pfaffenzeller/results_project/10b10t/10b10t15c1000e_10-dt80-int,param_754_rep_2,/project/theorie/n/N.Pfaffenzeller/results_project/10b10t/10b10t15c1000e_10-dt80-int/data/param_754_rep_2,/project/theorie/n/N.Pfaffenzeller/results_project/10b10t/10b10t15c1000e_10-dt80-int/data/param_754_rep_2/event_log.csv,/project/theorie/n/N.Pfaffenzeller/results_project/10b10t/10b10t15c1000e_10-dt80-int/data/param_754_rep_2/config.json,"ArgumentError: invalid JSON at byte position 0 while parsing type Any: UnexpectedEOF

"
/project/theorie/n/N.Pfaffenzeller/results_project/10b10t/10b10t15c1000e_10-dt80-int,param_754_rep_3,/project/theorie/n/N.Pfaffenzeller/results_project/10b10t/10b10t15c1000e_10-dt80-int/data/param_754_rep_3,/project/theorie/n/N.Pfaffenzeller/results_project/10b10t/10b10t15c1000e_10-dt80-int/data/param_754_rep_3/event_log.csv,/project/theorie/n/N.Pfaffenzeller/results_project/10b10t/10b10t15c1000e_10-dt80-int/data/param_754_rep_3/config.json,"ArgumentError: invalid JSON at byte position 0 while parsing type Any: UnexpectedEOF

"
/project/theorie/n/N.Pfaffenzeller/results_project/10b10t/10b10t15c1000e_10-dt80-int,param_754_rep_4,/project/theorie/n/N.Pfaffenzeller/results_project/10b10t/10b10t15c1000e_10-dt80-int/data/param_754_rep_4,/project/theorie/n/N.Pfaffenzeller/results_project/10b10t/10b10t15c1000e_10-dt80-int/data/param_754_rep_4/event_log.csv,/project/theorie/n/N.Pfaffenzeller/results_project/10b10t/10b10t15c1000e_10-dt80-int/data/param_754_rep_4/config.json,"ArgumentError: invalid JSON at byte position 0 while parsing type Any: UnexpectedEOF

"
/project/theorie/n/N.Pfaffenzeller/results_project/10b10t/10b10t15c1000e_10-dt80-int,param_754_rep_5,/project/theorie/n/N.Pfaffenzeller/results_project/10b10t/10b10t15c1000e_10-dt80-int/data/param_754_rep_5,/project/theorie/n/N.Pfaffenzeller/results_project/10b10t/10b10t15c1000e_10-dt80-int/data/param_754_rep_5/event_log.csv,/project/theorie/n/N.Pfaffenzeller/results_project/10b10t/10b10t15c1000e_10-dt80-int/data/param_754_rep_5/config.json,"ArgumentError: invalid JSON at byte position 0 while parsing type Any: UnexpectedEOF

"
/project/theorie/n/N.Pfaffenzeller/results_project/10b10t/10b10t15c1000e_10-dt80-int,param_754_rep_6,/project/theorie/n/N.Pfaffenzeller/results_project/10b10t/10b10t15c1000e_10-dt80-int/data/param_754_rep_6,/project/theorie/n/N.Pfaffenzeller/results_project/10b10t/10b10t15c1000e_10-dt80-int/data/param_754_rep_6/event_log.csv,/project/theorie/n/N.Pfaffenzeller/results_project/10b10t/10b10t15c1000e_10-dt80-int/data/param_754_rep_6/config.json,"ArgumentError: invalid JSON at byte position 0 while parsing type Any: UnexpectedEOF

"
/project/theorie/n/N.Pfaffenzeller/results_project/10b10t/10b10t15c1000e_10-dt80-int,param_754_rep_7,/project/theorie/n/N.Pfaffenzeller/results_project/10b10t/10b10t15c1000e_10-dt80-int/data/param_754_rep_7,/project/theorie/n/N.Pfaffenzeller/results_project/10b10t/10b10t15c1000e_10-dt80-int/data/param_754_rep_7/event_log.csv,/project/theorie/n/N.Pfaffenzeller/results_project/10b10t/10b10t15c1000e_10-dt80-int/data/param_754_rep_7/config.json,"ArgumentError: invalid JSON at byte position 0 while parsing type Any: UnexpectedEOF

"
/project/theorie/n/N.Pfaffenzeller/results_project/10b10t/10b10t15c1000e_10-dt80-int,param_754_rep_8,/project/theorie/n/N.Pfaffenzeller/results_project/10b10t/10b10t15c1000e_10-dt80-int/data/param_754_rep_8,/project/theorie/n/N.Pfaffenzeller/results_project/10b10t/10b10t15c1000e_10-dt80-int/data/param_754_rep_8/event_log.csv,/project/theorie/n/N.Pfaffenzeller/results_project/10b10t/10b10t15c1000e_10-dt80-int/data/param_754_rep_8/config.json,"ArgumentError: invalid JSON at byte position 0 while parsing type Any: UnexpectedEOF

"
/project/theorie/n/N.Pfaffenzeller/results_project/10b10t/10b10t15c1000e_10-dt80-int,param_754_rep_9,/project/theorie/n/N.Pfaffenzeller/results_project/10b10t/10b10t15c1000e_10-dt80-int/data/param_754_rep_9,/project/theorie/n/N.Pfaffenzeller/results_project/10b10t/10b10t15c1000e_10-dt80-int/data/param_754_rep_9/event_log.csv,/project/theorie/n/N.Pfaffenzeller/results_project/10b10t/10b10t15c1000e_10-dt80-int/data/param_754_rep_9/config.json,"ArgumentError: invalid JSON at byte position 0 while parsing type Any: UnexpectedEOF

"
/project/theorie/n/N.Pfaffenzeller/results_project/10b10t/10b10t15c1000e_10-dt80-int,param_755_rep_1,/project/theorie/n/N.Pfaffenzeller/results_project/10b10t/10b10t15c1000e_10-dt80-int/data/param_755_rep_1,/project/theorie/n/N.Pfaffenzeller/results_project/10b10t/10b10t15c1000e_10-dt80-int/data/param_755_rep_1/event_log.csv,/project/theorie/n/N.Pfaffenzeller/results_project/10b10t/10b10t15c1000e_10-dt80-int/data/param_755_rep_1/config.json,"ArgumentError: invalid JSON at byte position 0 while parsing type Any: UnexpectedEOF

"
/project/theorie/n/N.Pfaffenzeller/results_project/10b10t/10b10t15c1000e_10-dt80-int,param_755_rep_10,/project/theorie/n/N.Pfaffenzeller/results_project/10b10t/10b10t15c1000e_10-dt80-int/data/param_755_rep_10,/project/theorie/n/N.Pfaffenzeller/results_project/10b10t/10b10t15c1000e_10-dt80-int/data/param_755_rep_10/event_log.csv,/project/theorie/n/N.Pfaffenzeller/results_project/10b10t/10b10t15c1000e_10-dt80-int/data/param_755_rep_10/config.json,"ArgumentError: invalid JSON at byte position 0 while parsing type Any: UnexpectedEOF

"
/project/theorie/n/N.Pfaffenzeller/results_project/10b10t/10b10t15c1000e_10-dt80-int,param_755_rep_2,/project/theorie/n/N.Pfaffenzeller/results_project/10b10t/10b10t15c1000e_10-dt80-int/data/param_755_rep_2,/project/theorie/n/N.Pfaffenzeller/results_project/10b10t/10b10t15c1000e_10-dt80-int/data/param_755_rep_2/event_log.csv,/project/theorie/n/N.Pfaffenzeller/results_project/10b10t/10b10t15c1000e_10-dt80-int/data/param_755_rep_2/config.json,"ArgumentError: invalid JSON at byte position 0 while parsing type Any: UnexpectedEOF

"
/project/theorie/n/N.Pfaffenzeller/results_project/10b10t/10b10t15c1000e_10-dt80-int,param_755_rep_3,/project/theorie/n/N.Pfaffenzeller/results_project/10b10t/10b10t15c1000e_10-dt80-int/data/param_755_rep_3,/project/theorie/n/N.Pfaffenzeller/results_project/10b10t/10b10t15c1000e_10-dt80-int/data/param_755_rep_3/event_log.csv,/project/theorie/n/N.Pfaffenzeller/results_project/10b10t/10b10t15c1000e_10-dt80-int/data/param_755_rep_3/config.json,"ArgumentError: invalid JSON at byte position 0 while parsing type Any: UnexpectedEOF

"
/project/theorie/n/N.Pfaffenzeller/results_project/10b10t/10b10t15c1000e_10-dt80-int,param_755_rep_4,/project/theorie/n/N.Pfaffenzeller/results_project/10b10t/10b10t15c1000e_10-dt80-int/data/param_755_rep_4,/project/theorie/n/N.Pfaffenzeller/results_project/10b10t/10b10t15c1000e_10-dt80-int/data/param_755_rep_4/event_log.csv,/project/theorie/n/N.Pfaffenzeller/results_project/10b10t/10b10t15c1000e_10-dt80-int/data/param_755_rep_4/config.json,"ArgumentError: invalid JSON at byte position 0 while parsing type Any: UnexpectedEOF

"
/project/theorie/n/N.Pfaffenzeller/results_project/10b10t/10b10t15c1000e_10-dt80-int,param_755_rep_5,/project/theorie/n/N.Pfaffenzeller/results_project/10b10t/10b10t15c1000e_10-dt80-int/data/param_755_rep_5,/project/theorie/n/N.Pfaffenzeller/results_project/10b10t/10b10t15c1000e_10-dt80-int/data/param_755_rep_5/event_log.csv,/project/theorie/n/N.Pfaffenzeller/results_project/10b10t/10b10t15c1000e_10-dt80-int/data/param_755_rep_5/config.json,"ArgumentError: invalid JSON at byte position 0 while parsing type Any: UnexpectedEOF

"
/project/theorie/n/N.Pfaffenzeller/results_project/10b10t/10b10t15c1000e_10-dt80-int,param_755_rep_6,/project/theorie/n/N.Pfaffenzeller/results_project/10b10t/10b10t15c1000e_10-dt80-int/data/param_755_rep_6,/project/theorie/n/N.Pfaffenzeller/results_project/10b10t/10b10t15c1000e_10-dt80-int/data/param_755_rep_6/event_log.csv,/project/theorie/n/N.Pfaffenzeller/results_project/10b10t/10b10t15c1000e_10-dt80-int/data/param_755_rep_6/config.json,"ArgumentError: invalid JSON at byte position 0 while parsing type Any: UnexpectedEOF

"
/project/theorie/n/N.Pfaffenzeller/results_project/10b10t/10b10t15c1000e_10-dt80-int,param_755_rep_7,/project/theorie/n/N.Pfaffenzeller/results_project/10b10t/10b10t15c1000e_10-dt80-int/data/param_755_rep_7,/project/theorie/n/N.Pfaffenzeller/results_project/10b10t/10b10t15c1000e_10-dt80-int/data/param_755_rep_7/event_log.csv,/project/theorie/n/N.Pfaffenzeller/results_project/10b10t/10b10t15c1000e_10-dt80-int/data/param_755_rep_7/config.json,"ArgumentError: invalid JSON at byte position 0 while parsing type Any: UnexpectedEOF

"
/project/theorie/n/N.Pfaffenzeller/results_project/10b10t/10b10t15c1000e_10-dt80-int,param_755_rep_8,/project/theorie/n/N.Pfaffenzeller/results_project/10b10t/10b10t15c1000e_10-dt80-int/data/param_755_rep_8,/project/theorie/n/N.Pfaffenzeller/results_project/10b10t/10b10t15c1000e_10-dt80-int/data/param_755_rep_8/event_log.csv,/project/theorie/n/N.Pfaffenzeller/results_project/10b10t/10b10t15c1000e_10-dt80-int/data/param_755_rep_8/config.json,"ArgumentError: invalid JSON at byte position 0 while parsing type Any: UnexpectedEOF

"
/project/theorie/n/N.Pfaffenzeller/results_project/10b10t/10b10t15c1000e_10-dt80-int,param_755_rep_9,/project/theorie/n/N.Pfaffenzeller/results_project/10b10t/10b10t15c1000e_10-dt80-int/data/param_755_rep_9,/project/theorie/n/N.Pfaffenzeller/results_project/10b10t/10b10t15c1000e_10-dt80-int/data/param_755_rep_9/event_log.csv,/project/theorie/n/N.Pfaffenzeller/results_project/10b10t/10b10t15c1000e_10-dt80-int/data/param_755_rep_9/config.json,"ArgumentError: invalid JSON at byte position 0 while parsing type Any: UnexpectedEOF

"
/project/theorie/n/N.Pfaffenzeller/results_project/10b10t/10b10t15c1000e_10-dt80-int,param_756_rep_1,/project/theorie/n/N.Pfaffenzeller/results_project/10b10t/10b10t15c1000e_10-dt80-int/data/param_756_rep_1,/project/theorie/n/N.Pfaffenzeller/results_project/10b10t/10b10t15c1000e_10-dt80-int/data/param_756_rep_1/event_log.csv,/project/theorie/n/N.Pfaffenzeller/results_project/10b10t/10b10t15c1000e_10-dt80-int/data/param_756_rep_1/config.json,"ArgumentError: invalid JSON at byte position 0 while parsing type Any: UnexpectedEOF

"
/project/theorie/n/N.Pfaffenzeller/results_project/10b10t/10b10t15c1000e_10-dt80-int,param_756_rep_10,/project/theorie/n/N.Pfaffenzeller/results_project/10b10t/10b10t15c1000e_10-dt80-int/data/param_756_rep_10,/project/theorie/n/N.Pfaffenzeller/results_project/10b10t/10b10t15c1000e_10-dt80-int/data/param_756_rep_10/event_log.csv,/project/theorie/n/N.Pfaffenzeller/results_project/10b10t/10b10t15c1000e_10-dt80-int/data/param_756_rep_10/config.json,"ArgumentError: invalid JSON at byte position 0 while parsing type Any: UnexpectedEOF

"
/project/theorie/n/N.Pfaffenzeller/results_project/10b10t/10b10t15c1000e_10-dt80-int,param_756_rep_2,/project/theorie/n/N.Pfaffenzeller/results_project/10b10t/10b10t15c1000e_10-dt80-int/data/param_756_rep_2,/project/theorie/n/N.Pfaffenzeller/results_project/10b10t/10b10t15c1000e_10-dt80-int/data/param_756_rep_2/event_log.csv,/project/theorie/n/N.Pfaffenzeller/results_project/10b10t/10b10t15c1000e_10-dt80-int/data/param_756_rep_2/config.json,"ArgumentError: invalid JSON at byte position 0 while parsing type Any: UnexpectedEOF

"
/project/theorie/n/N.Pfaffenzeller/results_project/10b10t/10b10t15c1000e_10-dt80-int,param_756_rep_3,/project/theorie/n/N.Pfaffenzeller/results_project/10b10t/10b10t15c1000e_10-dt80-int/data/param_756_rep_3,/project/theorie/n/N.Pfaffenzeller/results_project/10b10t/10b10t15c1000e_10-dt80-int/data/param_756_rep_3/event_log.csv,/project/theorie/n/N.Pfaffenzeller/results_project/10b10t/10b10t15c1000e_10-dt80-int/data/param_756_rep_3/config.json,"ArgumentError: invalid JSON at byte position 0 while parsing type Any: UnexpectedEOF

"
/project/theorie/n/N.Pfaffenzeller/results_project/10b10t/10b10t15c1000e_10-dt80-int,param_756_rep_4,/project/theorie/n/N.Pfaffenzeller/results_project/10b10t/10b10t15c1000e_10-dt80-int/data/param_756_rep_4,/project/theorie/n/N.Pfaffenzeller/results_project/10b10t/10b10t15c1000e_10-dt80-int/data/param_756_rep_4/event_log.csv,/project/theorie/n/N.Pfaffenzeller/results_project/10b10t/10b10t15c1000e_10-dt80-int/data/param_756_rep_4/config.json,"ArgumentError: invalid JSON at byte position 0 while parsing type Any: UnexpectedEOF

"
/project/theorie/n/N.Pfaffenzeller/results_project/10b10t/10b10t15c1000e_10-dt80-int,param_756_rep_5,/project/theorie/n/N.Pfaffenzeller/results_project/10b10t/10b10t15c1000e_10-dt80-int/data/param_756_rep_5,/project/theorie/n/N.Pfaffenzeller/results_project/10b10t/10b10t15c1000e_10-dt80-int/data/param_756_rep_5/event_log.csv,/project/theorie/n/N.Pfaffenzeller/results_project/10b10t/10b10t15c1000e_10-dt80-int/data/param_756_rep_5/config.json,"ArgumentError: invalid JSON at byte position 0 while parsing type Any: UnexpectedEOF

"
/project/theorie/n/N.Pfaffenzeller/results_project/10b10t/10b10t15c1000e_10-dt80-int,param_756_rep_6,/project/theorie/n/N.Pfaffenzeller/results_project/10b10t/10b10t15c1000e_10-dt80-int/data/param_756_rep_6,/project/theorie/n/N.Pfaffenzeller/results_project/10b10t/10b10t15c1000e_10-dt80-int/data/param_756_rep_6/event_log.csv,/project/theorie/n/N.Pfaffenzeller/results_project/10b10t/10b10t15c1000e_10-dt80-int/data/param_756_rep_6/config.json,"ArgumentError: invalid JSON at byte position 0 while parsing type Any: UnexpectedEOF

"
/project/theorie/n/N.Pfaffenzeller/results_project/10b10t/10b10t15c1000e_10-dt80-int,param_756_rep_7,/project/theorie/n/N.Pfaffenzeller/results_project/10b10t/10b10t15c1000e_10-dt80-int/data/param_756_rep_7,/project/theorie/n/N.Pfaffenzeller/results_project/10b10t/10b10t15c1000e_10-dt80-int/data/param_756_rep_7/event_log.csv,/project/theorie/n/N.Pfaffenzeller/results_project/10b10t/10b10t15c1000e_10-dt80-int/data/param_756_rep_7/config.json,"ArgumentError: invalid JSON at byte position 0 while parsing type Any: UnexpectedEOF

"
/project/theorie/n/N.Pfaffenzeller/results_project/10b10t/10b10t15c1000e_10-dt80-int,param_756_rep_8,/project/theorie/n/N.Pfaffenzeller/results_project/10b10t/10b10t15c1000e_10-dt80-int/data/param_756_rep_8,/project/theorie/n/N.Pfaffenzeller/results_project/10b10t/10b10t15c1000e_10-dt80-int/data/param_756_rep_8/event_log.csv,/project/theorie/n/N.Pfaffenzeller/results_project/10b10t/10b10t15c1000e_10-dt80-int/data/param_756_rep_8/config.json,"ArgumentError: invalid JSON at byte position 0 while parsing type Any: UnexpectedEOF

"
/project/theorie/n/N.Pfaffenzeller/results_project/10b10t/10b10t15c1000e_10-dt80-int,param_756_rep_9,/project/theorie/n/N.Pfaffenzeller/results_project/10b10t/10b10t15c1000e_10-dt80-int/data/param_756_rep_9,/project/theorie/n/N.Pfaffenzeller/results_project/10b10t/10b10t15c1000e_10-dt80-int/data/param_756_rep_9/event_log.csv,/project/theorie/n/N.Pfaffenzeller/results_project/10b10t/10b10t15c1000e_10-dt80-int/data/param_756_rep_9/config.json,"ArgumentError: invalid JSON at byte position 0 while parsing type Any: UnexpectedEOF

"
/project/theorie/n/N.Pfaffenzeller/results_project/10b10t/10b10t15c1000e_10-dt80-int,param_757_rep_1,/project/theorie/n/N.Pfaffenzeller/results_project/10b10t/10b10t15c1000e_10-dt80-int/data/param_757_rep_1,/project/theorie/n/N.Pfaffenzeller/results_project/10b10t/10b10t15c1000e_10-dt80-int/data/param_757_rep_1/event_log.csv,/project/theorie/n/N.Pfaffenzeller/results_project/10b10t/10b10t15c1000e_10-dt80-int/data/param_757_rep_1/config.json,"ArgumentError: invalid JSON at byte position 0 while parsing type Any: UnexpectedEOF

"
/project/theorie/n/N.Pfaffenzeller/results_project/10b10t/10b10t15c1000e_10-dt80-int,param_757_rep_10,/project/theorie/n/N.Pfaffenzeller/results_project/10b10t/10b10t15c1000e_10-dt80-int/data/param_757_rep_10,/project/theorie/n/N.Pfaffenzeller/results_project/10b10t/10b10t15c1000e_10-dt80-int/data/param_757_rep_10/event_log.csv,/project/theorie/n/N.Pfaffenzeller/results_project/10b10t/10b10t15c1000e_10-dt80-int/data/param_757_rep_10/config.json,"ArgumentError: invalid JSON at byte position 0 while parsing type Any: UnexpectedEOF

"
/project/theorie/n/N.Pfaffenzeller/results_project/10b10t/10b10t15c1000e_10-dt80-int,param_757_rep_2,/project/theorie/n/N.Pfaffenzeller/results_project/10b10t/10b10t15c1000e_10-dt80-int/data/param_757_rep_2,/project/theorie/n/N.Pfaffenzeller/results_project/10b10t/10b10t15c1000e_10-dt80-int/data/param_757_rep_2/event_log.csv,/project/theorie/n/N.Pfaffenzeller/results_project/10b10t/10b10t15c1000e_10-dt80-int/data/param_757_rep_2/config.json,"ArgumentError: invalid JSON at byte position 0 while parsing type Any: UnexpectedEOF

"
/project/theorie/n/N.Pfaffenzeller/results_project/10b10t/10b10t15c1000e_10-dt80-int,param_757_rep_3,/project/theorie/n/N.Pfaffenzeller/results_project/10b10t/10b10t15c1000e_10-dt80-int/data/param_757_rep_3,/project/theorie/n/N.Pfaffenzeller/results_project/10b10t/10b10t15c1000e_10-dt80-int/data/param_757_rep_3/event_log.csv,/project/theorie/n/N.Pfaffenzeller/results_project/10b10t/10b10t15c1000e_10-dt80-int/data/param_757_rep_3/config.json,"ArgumentError: invalid JSON at byte position 0 while parsing type Any: UnexpectedEOF

"
/project/theorie/n/N.Pfaffenzeller/results_project/10b10t/10b10t15c1000e_10-dt80-int,param_757_rep_4,/project/theorie/n/N.Pfaffenzeller/results_project/10b10t/10b10t15c1000e_10-dt80-int/data/param_757_rep_4,/project/theorie/n/N.Pfaffenzeller/results_project/10b10t/10b10t15c1000e_10-dt80-int/data/param_757_rep_4/event_log.csv,/project/theorie/n/N.Pfaffenzeller/results_project/10b10t/10b10t15c1000e_10-dt80-int/data/param_757_rep_4/config.json,"ArgumentError: invalid JSON at byte position 0 while parsing type Any: UnexpectedEOF

"
/project/theorie/n/N.Pfaffenzeller/results_project/10b10t/10b10t15c1000e_10-dt80-int,param_757_rep_5,/project/theorie/n/N.Pfaffenzeller/results_project/10b10t/10b10t15c1000e_10-dt80-int/data/param_757_rep_5,/project/theorie/n/N.Pfaffenzeller/results_project/10b10t/10b10t15c1000e_10-dt80-int/data/param_757_rep_5/event_log.csv,/project/theorie/n/N.Pfaffenzeller/results_project/10b10t/10b10t15c1000e_10-dt80-int/data/param_757_rep_5/config.json,"ArgumentError: invalid JSON at byte position 0 while parsing type Any: UnexpectedEOF

"
/project/theorie/n/N.Pfaffenzeller/results_project/10b10t/10b10t15c1000e_10-dt80-int,param_757_rep_6,/project/theorie/n/N.Pfaffenzeller/results_project/10b10t/10b10t15c1000e_10-dt80-int/data/param_757_rep_6,/project/theorie/n/N.Pfaffenzeller/results_project/10b10t/10b10t15c1000e_10-dt80-int/data/param_757_rep_6/event_log.csv,/project/theorie/n/N.Pfaffenzeller/results_project/10b10t/10b10t15c1000e_10-dt80-int/data/param_757_rep_6/config.json,"ArgumentError: invalid JSON at byte position 0 while parsing type Any: UnexpectedEOF

"
/project/theorie/n/N.Pfaffenzeller/results_project/10b10t/10b10t15c1000e_10-dt80-int,param_757_rep_7,/project/theorie/n/N.Pfaffenzeller/results_project/10b10t/10b10t15c1000e_10-dt80-int/data/param_757_rep_7,/project/theorie/n/N.Pfaffenzeller/results_project/10b10t/10b10t15c1000e_10-dt80-int/data/param_757_rep_7/event_log.csv,/project/theorie/n/N.Pfaffenzeller/results_project/10b10t/10b10t15c1000e_10-dt80-int/data/param_757_rep_7/config.json,"ArgumentError: invalid JSON at byte position 0 while parsing type Any: UnexpectedEOF

"
/project/theorie/n/N.Pfaffenzeller/results_project/10b10t/10b10t15c1000e_10-dt80-int,param_757_rep_8,/project/theorie/n/N.Pfaffenzeller/results_project/10b10t/10b10t15c1000e_10-dt80-int/data/param_757_rep_8,/project/theorie/n/N.Pfaffenzeller/results_project/10b10t/10b10t15c1000e_10-dt80-int/data/param_757_rep_8/event_log.csv,/project/theorie/n/N.Pfaffenzeller/results_project/10b10t/10b10t15c1000e_10-dt80-int/data/param_757_rep_8/config.json,"ArgumentError: invalid JSON at byte position 0 while parsing type Any: UnexpectedEOF

"
/project/theorie/n/N.Pfaffenzeller/results_project/10b10t/10b10t15c1000e_10-dt80-int,param_757_rep_9,/project/theorie/n/N.Pfaffenzeller/results_project/10b10t/10b10t15c1000e_10-dt80-int/data/param_757_rep_9,/project/theorie/n/N.Pfaffenzeller/results_project/10b10t/10b10t15c1000e_10-dt80-int/data/param_757_rep_9/event_log.csv,/project/theorie/n/N.Pfaffenzeller/results_project/10b10t/10b10t15c1000e_10-dt80-int/data/param_757_rep_9/config.json,"ArgumentError: invalid JSON at byte position 0 while parsing type Any: UnexpectedEOF

"
/project/theorie/n/N.Pfaffenzeller/results_project/10b10t/10b10t15c1000e_10-dt80-int,param_758_rep_1,/project/theorie/n/N.Pfaffenzeller/results_project/10b10t/10b10t15c1000e_10-dt80-int/data/param_758_rep_1,/project/theorie/n/N.Pfaffenzeller/results_project/10b10t/10b10t15c1000e_10-dt80-int/data/param_758_rep_1/event_log.csv,/project/theorie/n/N.Pfaffenzeller/results_project/10b10t/10b10t15c1000e_10-dt80-int/data/param_758_rep_1/config.json,"ArgumentError: invalid JSON at byte position 0 while parsing type Any: UnexpectedEOF

"
/project/theorie/n/N.Pfaffenzeller/results_project/10b10t/10b10t15c1000e_10-dt80-int,param_758_rep_10,/project/theorie/n/N.Pfaffenzeller/results_project/10b10t/10b10t15c1000e_10-dt80-int/data/param_758_rep_10,/project/theorie/n/N.Pfaffenzeller/results_project/10b10t/10b10t15c1000e_10-dt80-int/data/param_758_rep_10/event_log.csv,/project/theorie/n/N.Pfaffenzeller/results_project/10b10t/10b10t15c1000e_10-dt80-int/data/param_758_rep_10/config.json,"ArgumentError: invalid JSON at byte position 0 while parsing type Any: UnexpectedEOF

"
/project/theorie/n/N.Pfaffenzeller/results_project/10b10t/10b10t15c1000e_10-dt80-int,param_758_rep_2,/project/theorie/n/N.Pfaffenzeller/results_project/10b10t/10b10t15c1000e_10-dt80-int/data/param_758_rep_2,/project/theorie/n/N.Pfaffenzeller/results_project/10b10t/10b10t15c1000e_10-dt80-int/data/param_758_rep_2/event_log.csv,/project/theorie/n/N.Pfaffenzeller/results_project/10b10t/10b10t15c1000e_10-dt80-int/data/param_758_rep_2/config.json,"ArgumentError: invalid JSON at byte position 0 while parsing type Any: UnexpectedEOF

"
/project/theorie/n/N.Pfaffenzeller/results_project/10b10t/10b10t15c1000e_10-dt80-int,param_758_rep_3,/project/theorie/n/N.Pfaffenzeller/results_project/10b10t/10b10t15c1000e_10-dt80-int/data/param_758_rep_3,/project/theorie/n/N.Pfaffenzeller/results_project/10b10t/10b10t15c1000e_10-dt80-int/data/param_758_rep_3/event_log.csv,/project/theorie/n/N.Pfaffenzeller/results_project/10b10t/10b10t15c1000e_10-dt80-int/data/param_758_rep_3/config.json,"ArgumentError: invalid JSON at byte position 0 while parsing type Any: UnexpectedEOF

"
/project/theorie/n/N.Pfaffenzeller/results_project/10b10t/10b10t15c1000e_10-dt80-int,param_758_rep_4,/project/theorie/n/N.Pfaffenzeller/results_project/10b10t/10b10t15c1000e_10-dt80-int/data/param_758_rep_4,/project/theorie/n/N.Pfaffenzeller/results_project/10b10t/10b10t15c1000e_10-dt80-int/data/param_758_rep_4/event_log.csv,/project/theorie/n/N.Pfaffenzeller/results_project/10b10t/10b10t15c1000e_10-dt80-int/data/param_758_rep_4/config.json,"ArgumentError: invalid JSON at byte position 0 while parsing type Any: UnexpectedEOF

"
/project/theorie/n/N.Pfaffenzeller/results_project/10b10t/10b10t15c1000e_10-dt80-int,param_758_rep_5,/project/theorie/n/N.Pfaffenzeller/results_project/10b10t/10b10t15c1000e_10-dt80-int/data/param_758_rep_5,/project/theorie/n/N.Pfaffenzeller/results_project/10b10t/10b10t15c1000e_10-dt80-int/data/param_758_rep_5/event_log.csv,/project/theorie/n/N.Pfaffenzeller/results_project/10b10t/10b10t15c1000e_10-dt80-int/data/param_758_rep_5/config.json,"ArgumentError: invalid JSON at byte position 0 while parsing type Any: UnexpectedEOF

"
/project/theorie/n/N.Pfaffenzeller/results_project/10b10t/10b10t15c1000e_10-dt80-int,param_758_rep_6,/project/theorie/n/N.Pfaffenzeller/results_project/10b10t/10b10t15c1000e_10-dt80-int/data/param_758_rep_6,/project/theorie/n/N.Pfaffenzeller/results_project/10b10t/10b10t15c1000e_10-dt80-int/data/param_758_rep_6/event_log.csv,/project/theorie/n/N.Pfaffenzeller/results_project/10b10t/10b10t15c1000e_10-dt80-int/data/param_758_rep_6/config.json,"ArgumentError: invalid JSON at byte position 0 while parsing type Any: UnexpectedEOF

"
/project/theorie/n/N.Pfaffenzeller/results_project/10b10t/10b10t15c1000e_10-dt80-int,param_758_rep_7,/project/theorie/n/N.Pfaffenzeller/results_project/10b10t/10b10t15c1000e_10-dt80-int/data/param_758_rep_7,/project/theorie/n/N.Pfaffenzeller/results_project/10b10t/10b10t15c1000e_10-dt80-int/data/param_758_rep_7/event_log.csv,/project/theorie/n/N.Pfaffenzeller/results_project/10b10t/10b10t15c1000e_10-dt80-int/data/param_758_rep_7/config.json,"ArgumentError: invalid JSON at byte position 0 while parsing type Any: UnexpectedEOF

"
/project/theorie/n/N.Pfaffenzeller/results_project/10b10t/10b10t15c1000e_10-dt80-int,param_758_rep_8,/project/theorie/n/N.Pfaffenzeller/results_project/10b10t/10b10t15c1000e_10-dt80-int/data/param_758_rep_8,/project/theorie/n/N.Pfaffenzeller/results_project/10b10t/10b10t15c1000e_10-dt80-int/data/param_758_rep_8/event_log.csv,/project/theorie/n/N.Pfaffenzeller/results_project/10b10t/10b10t15c1000e_10-dt80-int/data/param_758_rep_8/config.json,"ArgumentError: invalid JSON at byte position 0 while parsing type Any: UnexpectedEOF

"
/project/theorie/n/N.Pfaffenzeller/results_project/10b10t/10b10t15c1000e_10-dt80-int,param_758_rep_9,/project/theorie/n/N.Pfaffenzeller/results_project/10b10t/10b10t15c1000e_10-dt80-int/data/param_758_rep_9,/project/theorie/n/N.Pfaffenzeller/results_project/10b10t/10b10t15c1000e_10-dt80-int/data/param_758_rep_9/event_log.csv,/project/theorie/n/N.Pfaffenzeller/results_project/10b10t/10b10t15c1000e_10-dt80-int/data/param_758_rep_9/config.json,"ArgumentError: invalid JSON at byte position 0 while parsing type Any: UnexpectedEOF

"
/project/theorie/n/N.Pfaffenzeller/results_project/10b10t/10b10t15c1000e_10-dt80-int,param_759_rep_1,/project/theorie/n/N.Pfaffenzeller/results_project/10b10t/10b10t15c1000e_10-dt80-int/data/param_759_rep_1,/project/theorie/n/N.Pfaffenzeller/results_project/10b10t/10b10t15c1000e_10-dt80-int/data/param_759_rep_1/event_log.csv,/project/theorie/n/N.Pfaffenzeller/results_project/10b10t/10b10t15c1000e_10-dt80-int/data/param_759_rep_1/config.json,"ArgumentError: invalid JSON at byte position 0 while parsing type Any: UnexpectedEOF

"
/project/theorie/n/N.Pfaffenzeller/results_project/10b10t/10b10t15c1000e_10-dt80-int,param_759_rep_10,/project/theorie/n/N.Pfaffenzeller/results_project/10b10t/10b10t15c1000e_10-dt80-int/data/param_759_rep_10,/project/theorie/n/N.Pfaffenzeller/results_project/10b10t/10b10t15c1000e_10-dt80-int/data/param_759_rep_10/event_log.csv,/project/theorie/n/N.Pfaffenzeller/results_project/10b10t/10b10t15c1000e_10-dt80-int/data/param_759_rep_10/config.json,"ArgumentError: invalid JSON at byte position 0 while parsing type Any: UnexpectedEOF

"
/project/theorie/n/N.Pfaffenzeller/results_project/10b10t/10b10t15c1000e_10-dt80-int,param_759_rep_2,/project/theorie/n/N.Pfaffenzeller/results_project/10b10t/10b10t15c1000e_10-dt80-int/data/param_759_rep_2,/project/theorie/n/N.Pfaffenzeller/results_project/10b10t/10b10t15c1000e_10-dt80-int/data/param_759_rep_2/event_log.csv,/project/theorie/n/N.Pfaffenzeller/results_project/10b10t/10b10t15c1000e_10-dt80-int/data/param_759_rep_2/config.json,"ArgumentError: invalid JSON at byte position 0 while parsing type Any: UnexpectedEOF

"
/project/theorie/n/N.Pfaffenzeller/results_project/10b10t/10b10t15c1000e_10-dt80-int,param_759_rep_3,/project/theorie/n/N.Pfaffenzeller/results_project/10b10t/10b10t15c1000e_10-dt80-int/data/param_759_rep_3,/project/theorie/n/N.Pfaffenzeller/results_project/10b10t/10b10t15c1000e_10-dt80-int/data/param_759_rep_3/event_log.csv,/project/theorie/n/N.Pfaffenzeller/results_project/10b10t/10b10t15c1000e_10-dt80-int/data/param_759_rep_3/config.json,"ArgumentError: invalid JSON at byte position 0 while parsing type Any: UnexpectedEOF

"
/project/theorie/n/N.Pfaffenzeller/results_project/10b10t/10b10t15c1000e_10-dt80-int,param_759_rep_4,/project/theorie/n/N.Pfaffenzeller/results_project/10b10t/10b10t15c1000e_10-dt80-int/data/param_759_rep_4,/project/theorie/n/N.Pfaffenzeller/results_project/10b10t/10b10t15c1000e_10-dt80-int/data/param_759_rep_4/event_log.csv,/project/theorie/n/N.Pfaffenzeller/results_project/10b10t/10b10t15c1000e_10-dt80-int/data/param_759_rep_4/config.json,"ArgumentError: invalid JSON at byte position 0 while parsing type Any: UnexpectedEOF

"
/project/theorie/n/N.Pfaffenzeller/results_project/10b10t/10b10t15c1000e_10-dt80-int,param_759_rep_5,/project/theorie/n/N.Pfaffenzeller/results_project/10b10t/10b10t15c1000e_10-dt80-int/data/param_759_rep_5,/project/theorie/n/N.Pfaffenzeller/results_project/10b10t/10b10t15c1000e_10-dt80-int/data/param_759_rep_5/event_log.csv,/project/theorie/n/N.Pfaffenzeller/results_project/10b10t/10b10t15c1000e_10-dt80-int/data/param_759_rep_5/config.json,"ArgumentError: invalid JSON at byte position 0 while parsing type Any: UnexpectedEOF

"
/project/theorie/n/N.Pfaffenzeller/results_project/10b10t/10b10t15c1000e_10-dt80-int,param_759_rep_6,/project/theorie/n/N.Pfaffenzeller/results_project/10b10t/10b10t15c1000e_10-dt80-int/data/param_759_rep_6,/project/theorie/n/N.Pfaffenzeller/results_project/10b10t/10b10t15c1000e_10-dt80-int/data/param_759_rep_6/event_log.csv,/project/theorie/n/N.Pfaffenzeller/results_project/10b10t/10b10t15c1000e_10-dt80-int/data/param_759_rep_6/config.json,"ArgumentError: invalid JSON at byte position 0 while parsing type Any: UnexpectedEOF

"
/project/theorie/n/N.Pfaffenzeller/results_project/10b10t/10b10t15c1000e_10-dt80-int,param_759_rep_7,/project/theorie/n/N.Pfaffenzeller/results_project/10b10t/10b10t15c1000e_10-dt80-int/data/param_759_rep_7,/project/theorie/n/N.Pfaffenzeller/results_project/10b10t/10b10t15c1000e_10-dt80-int/data/param_759_rep_7/event_log.csv,/project/theorie/n/N.Pfaffenzeller/results_project/10b10t/10b10t15c1000e_10-dt80-int/data/param_759_rep_7/config.json,"ArgumentError: invalid JSON at byte position 0 while parsing type Any: UnexpectedEOF

"
/project/theorie/n/N.Pfaffenzeller/results_project/10b10t/10b10t15c1000e_10-dt80-int,param_759_rep_8,/project/theorie/n/N.Pfaffenzeller/results_project/10b10t/10b10t15c1000e_10-dt80-int/data/param_759_rep_8,/project/theorie/n/N.Pfaffenzeller/results_project/10b10t/10b10t15c1000e_10-dt80-int/data/param_759_rep_8/event_log.csv,/project/theorie/n/N.Pfaffenzeller/results_project/10b10t/10b10t15c1000e_10-dt80-int/data/param_759_rep_8/config.json,"ArgumentError: invalid JSON at byte position 0 while parsing type Any: UnexpectedEOF

"
/project/theorie/n/N.Pfaffenzeller/results_project/10b10t/10b10t15c1000e_10-dt80-int,param_759_rep_9,/project/theorie/n/N.Pfaffenzeller/results_project/10b10t/10b10t15c1000e_10-dt80-int/data/param_759_rep_9,/project/theorie/n/N.Pfaffenzeller/results_project/10b10t/10b10t15c1000e_10-dt80-int/data/param_759_rep_9/event_log.csv,/project/theorie/n/N.Pfaffenzeller/results_project/10b10t/10b10t15c1000e_10-dt80-int/data/param_759_rep_9/config.json,"ArgumentError: invalid JSON at byte position 0 while parsing type Any: UnexpectedEOF

"
/project/theorie/n/N.Pfaffenzeller/results_project/10b10t/10b10t15c1000e_10-dt80-int,param_760_rep_1,/project/theorie/n/N.Pfaffenzeller/results_project/10b10t/10b10t15c1000e_10-dt80-int/data/param_760_rep_1,/project/theorie/n/N.Pfaffenzeller/results_project/10b10t/10b10t15c1000e_10-dt80-int/data/param_760_rep_1/event_log.csv,/project/theorie/n/N.Pfaffenzeller/results_project/10b10t/10b10t15c1000e_10-dt80-int/data/param_760_rep_1/config.json,"ArgumentError: invalid JSON at byte position 0 while parsing type Any: UnexpectedEOF

"
/project/theorie/n/N.Pfaffenzeller/results_project/10b10t/10b10t15c1000e_10-dt80-int,param_760_rep_10,/project/theorie/n/N.Pfaffenzeller/results_project/10b10t/10b10t15c1000e_10-dt80-int/data/param_760_rep_10,/project/theorie/n/N.Pfaffenzeller/results_project/10b10t/10b10t15c1000e_10-dt80-int/data/param_760_rep_10/event_log.csv,/project/theorie/n/N.Pfaffenzeller/results_project/10b10t/10b10t15c1000e_10-dt80-int/data/param_760_rep_10/config.json,"ArgumentError: invalid JSON at byte position 0 while parsing type Any: UnexpectedEOF

"
/project/theorie/n/N.Pfaffenzeller/results_project/10b10t/10b10t15c1000e_10-dt80-int,param_760_rep_2,/project/theorie/n/N.Pfaffenzeller/results_project/10b10t/10b10t15c1000e_10-dt80-int/data/param_760_rep_2,/project/theorie/n/N.Pfaffenzeller/results_project/10b10t/10b10t15c1000e_10-dt80-int/data/param_760_rep_2/event_log.csv,/project/theorie/n/N.Pfaffenzeller/results_project/10b10t/10b10t15c1000e_10-dt80-int/data/param_760_rep_2/config.json,"ArgumentError: invalid JSON at byte position 0 while parsing type Any: UnexpectedEOF

"
/project/theorie/n/N.Pfaffenzeller/results_project/10b10t/10b10t15c1000e_10-dt80-int,param_760_rep_3,/project/theorie/n/N.Pfaffenzeller/results_project/10b10t/10b10t15c1000e_10-dt80-int/data/param_760_rep_3,/project/theorie/n/N.Pfaffenzeller/results_project/10b10t/10b10t15c1000e_10-dt80-int/data/param_760_rep_3/event_log.csv,/project/theorie/n/N.Pfaffenzeller/results_project/10b10t/10b10t15c1000e_10-dt80-int/data/param_760_rep_3/config.json,No task_* columns found (excluding task_id).
/project/theorie/n/N.Pfaffenzeller/results_project/10b10t/10b10t15c1000e_10-dt80-int,param_760_rep_4,/project/theorie/n/N.Pfaffenzeller/results_project/10b10t/10b10t15c1000e_10-dt80-int/data/param_760_rep_4,/project/theorie/n/N.Pfaffenzeller/results_project/10b10t/10b10t15c1000e_10-dt80-int/data/param_760_rep_4/event_log.csv,/project/theorie/n/N.Pfaffenzeller/results_project/10b10t/10b10t15c1000e_10-dt80-int/data/param_760_rep_4/config.json,"MethodError: Cannot `convert` an object of type Missing to an object of type Float64
The function `convert` exists, but no method is defined for this combination of argument types.

Closest candidates are:
  convert(::Type{T}, !Matched::T) where T<:Number
   @ Base number.jl:6
  convert(::Type{T}, !Matched::Number) where T<:Number
   @ Base number.jl:7
  convert(::Type{T}, !Matched::T) where T
   @ Base Base.jl:126
  ...
"
/project/theorie/n/N.Pfaffenzeller/results_project/10b10t/10b10t15c1000e_10-dt80-int,param_760_rep_5,/project/theorie/n/N.Pfaffenzeller/results_project/10b10t/10b10t15c1000e_10-dt80-int/data/param_760_rep_5,/project/theorie/n/N.Pfaffenzeller/results_project/10b10t/10b10t15c1000e_10-dt80-int/data/param_760_rep_5/event_log.csv,/project/theorie/n/N.Pfaffenzeller/results_project/10b10t/10b10t15c1000e_10-dt80-int/data/param_760_rep_5/config.json,"ArgumentError: invalid JSON at byte position 0 while parsing type Any: UnexpectedEOF

"
/project/theorie/n/N.Pfaffenzeller/results_project/10b10t/10b10t15c1000e_10-dt80-int,param_760_rep_6,/project/theorie/n/N.Pfaffenzeller/results_project/10b10t/10b10t15c1000e_10-dt80-int/data/param_760_rep_6,/project/theorie/n/N.Pfaffenzeller/results_project/10b10t/10b10t15c1000e_10-dt80-int/data/param_760_rep_6/event_log.csv,/project/theorie/n/N.Pfaffenzeller/results_project/10b10t/10b10t15c1000e_10-dt80-int/data/param_760_rep_6/config.json,"ArgumentError: invalid JSON at byte position 0 while parsing type Any: UnexpectedEOF

"
/project/theorie/n/N.Pfaffenzeller/results_project/10b10t/10b10t15c1000e_10-dt80-int,param_760_rep_7,/project/theorie/n/N.Pfaffenzeller/results_project/10b10t/10b10t15c1000e_10-dt80-int/data/param_760_rep_7,/project/theorie/n/N.Pfaffenzeller/results_project/10b10t/10b10t15c1000e_10-dt80-int/data/param_760_rep_7/event_log.csv,/project/theorie/n/N.Pfaffenzeller/results_project/10b10t/10b10t15c1000e_10-dt80-int/data/param_760_rep_7/config.json,"ArgumentError: invalid JSON at byte position 0 while parsing type Any: UnexpectedEOF

"
/project/theorie/n/N.Pfaffenzeller/results_project/10b10t/10b10t15c1000e_10-dt80-int,param_760_rep_8,/project/theorie/n/N.Pfaffenzeller/results_project/10b10t/10b10t15c1000e_10-dt80-int/data/param_760_rep_8,/project/theorie/n/N.Pfaffenzeller/results_project/10b10t/10b10t15c1000e_10-dt80-int/data/param_760_rep_8/event_log.csv,/project/theorie/n/N.Pfaffenzeller/results_project/10b10t/10b10t15c1000e_10-dt80-int/data/param_760_rep_8/config.json,"ArgumentError: invalid JSON at byte position 0 while parsing type Any: UnexpectedEOF

"
/project/theorie/n/N.Pfaffenzeller/results_project/10b10t/10b10t15c1000e_10-dt80-int,param_760_rep_9,/project/theorie/n/N.Pfaffenzeller/results_project/10b10t/10b10t15c1000e_10-dt80-int/data/param_760_rep_9,/project/theorie/n/N.Pfaffenzeller/results_project/10b10t/10b10t15c1000e_10-dt80-int/data/param_760_rep_9/event_log.csv,/project/theorie/n/N.Pfaffenzeller/results_project/10b10t/10b10t15c1000e_10-dt80-int/data/param_760_rep_9/config.json,"ArgumentError: invalid JSON at byte position 0 while parsing type Any: UnexpectedEOF

"
/project/theorie/n/N.Pfaffenzeller/results_project/10b10t/10b10t15c1000e_10-dt80-int,param_761_rep_1,/project/theorie/n/N.Pfaffenzeller/results_project/10b10t/10b10t15c1000e_10-dt80-int/data/param_761_rep_1,/project/theorie/n/N.Pfaffenzeller/results_project/10b10t/10b10t15c1000e_10-dt80-int/data/param_761_rep_1/event_log.csv,/project/theorie/n/N.Pfaffenzeller/results_project/10b10t/10b10t15c1000e_10-dt80-int/data/param_761_rep_1/config.json,"MethodError: Cannot `convert` an object of type Missing to an object of type Float64
The function `convert` exists, but no method is defined for this combination of argument types.

Closest candidates are:
  convert(::Type{T}, !Matched::T) where T<:Number
   @ Base number.jl:6
  convert(::Type{T}, !Matched::Number) where T<:Number
   @ Base number.jl:7
  convert(::Type{T}, !Matched::T) where T
   @ Base Base.jl:126
  ...
"
/project/theorie/n/N.Pfaffenzeller/results_project/10b10t/10b10t15c1000e_10-dt80-int,param_761_rep_10,/project/theorie/n/N.Pfaffenzeller/results_project/10b10t/10b10t15c1000e_10-dt80-int/data/param_761_rep_10,/project/theorie/n/N.Pfaffenzeller/results_project/10b10t/10b10t15c1000e_10-dt80-int/data/param_761_rep_10/event_log.csv,/project/theorie/n/N.Pfaffenzeller/results_project/10b10t/10b10t15c1000e_10-dt80-int/data/param_761_rep_10/config.json,"ArgumentError: invalid JSON at byte position 0 while parsing type Any: UnexpectedEOF

"
/project/theorie/n/N.Pfaffenzeller/results_project/10b10t/10b10t15c1000e_10-dt80-int,param_761_rep_2,/project/theorie/n/N.Pfaffenzeller/results_project/10b10t/10b10t15c1000e_10-dt80-int/data/param_761_rep_2,/project/theorie/n/N.Pfaffenzeller/results_project/10b10t/10b10t15c1000e_10-dt80-int/data/param_761_rep_2/event_log.csv,/project/theorie/n/N.Pfaffenzeller/results_project/10b10t/10b10t15c1000e_10-dt80-int/data/param_761_rep_2/config.json,"ArgumentError: invalid JSON at byte position 0 while parsing type Any: UnexpectedEOF

"
/project/theorie/n/N.Pfaffenzeller/results_project/10b10t/10b10t15c1000e_10-dt80-int,param_761_rep_3,/project/theorie/n/N.Pfaffenzeller/results_project/10b10t/10b10t15c1000e_10-dt80-int/data/param_761_rep_3,/project/theorie/n/N.Pfaffenzeller/results_project/10b10t/10b10t15c1000e_10-dt80-int/data/param_761_rep_3/event_log.csv,/project/theorie/n/N.Pfaffenzeller/results_project/10b10t/10b10t15c1000e_10-dt80-int/data/param_761_rep_3/config.json,"ArgumentError: invalid JSON at byte position 0 while parsing type Any: UnexpectedEOF

"
/project/theorie/n/N.Pfaffenzeller/results_project/10b10t/10b10t15c1000e_10-dt80-int,param_761_rep_4,/project/theorie/n/N.Pfaffenzeller/results_project/10b10t/10b10t15c1000e_10-dt80-int/data/param_761_rep_4,/project/theorie/n/N.Pfaffenzeller/results_project/10b10t/10b10t15c1000e_10-dt80-int/data/param_761_rep_4/event_log.csv,/project/theorie/n/N.Pfaffenzeller/results_project/10b10t/10b10t15c1000e_10-dt80-int/data/param_761_rep_4/config.json,"ArgumentError: invalid JSON at byte position 0 while parsing type Any: UnexpectedEOF

"
/project/theorie/n/N.Pfaffenzeller/results_project/10b10t/10b10t15c1000e_10-dt80-int,param_761_rep_5,/project/theorie/n/N.Pfaffenzeller/results_project/10b10t/10b10t15c1000e_10-dt80-int/data/param_761_rep_5,/project/theorie/n/N.Pfaffenzeller/results_project/10b10t/10b10t15c1000e_10-dt80-int/data/param_761_rep_5/event_log.csv,/project/theorie/n/N.Pfaffenzeller/results_project/10b10t/10b10t15c1000e_10-dt80-int/data/param_761_rep_5/config.json,"ArgumentError: invalid JSON at byte position 0 while parsing type Any: UnexpectedEOF

"
/project/theorie/n/N.Pfaffenzeller/results_project/10b10t/10b10t15c1000e_10-dt80-int,param_761_rep_6,/project/theorie/n/N.Pfaffenzeller/results_project/10b10t/10b10t15c1000e_10-dt80-int/data/param_761_rep_6,/project/theorie/n/N.Pfaffenzeller/results_project/10b10t/10b10t15c1000e_10-dt80-int/data/param_761_rep_6/event_log.csv,/project/theorie/n/N.Pfaffenzeller/results_project/10b10t/10b10t15c1000e_10-dt80-int/data/param_761_rep_6/config.json,"ArgumentError: invalid JSON at byte position 0 while parsing type Any: UnexpectedEOF

"
/project/theorie/n/N.Pfaffenzeller/results_project/10b10t/10b10t15c1000e_10-dt80-int,param_761_rep_7,/project/theorie/n/N.Pfaffenzeller/results_project/10b10t/10b10t15c1000e_10-dt80-int/data/param_761_rep_7,/project/theorie/n/N.Pfaffenzeller/results_project/10b10t/10b10t15c1000e_10-dt80-int/data/param_761_rep_7/event_log.csv,/project/theorie/n/N.Pfaffenzeller/results_project/10b10t/10b10t15c1000e_10-dt80-int/data/param_761_rep_7/config.json,"ArgumentError: invalid JSON at byte position 0 while parsing type Any: UnexpectedEOF

"
/project/theorie/n/N.Pfaffenzeller/results_project/10b10t/10b10t15c1000e_10-dt80-int,param_761_rep_8,/project/theorie/n/N.Pfaffenzeller/results_project/10b10t/10b10t15c1000e_10-dt80-int/data/param_761_rep_8,/project/theorie/n/N.Pfaffenzeller/results_project/10b10t/10b10t15c1000e_10-dt80-int/data/param_761_rep_8/event_log.csv,/project/theorie/n/N.Pfaffenzeller/results_project/10b10t/10b10t15c1000e_10-dt80-int/data/param_761_rep_8/config.json,"ArgumentError: invalid JSON at byte position 0 while parsing type Any: UnexpectedEOF

"
/project/theorie/n/N.Pfaffenzeller/results_project/10b10t/10b10t15c1000e_10-dt80-int,param_761_rep_9,/project/theorie/n/N.Pfaffenzeller/results_project/10b10t/10b10t15c1000e_10-dt80-int/data/param_761_rep_9,/project/theorie/n/N.Pfaffenzeller/results_project/10b10t/10b10t15c1000e_10-dt80-int/data/param_761_rep_9/event_log.csv,/project/theorie/n/N.Pfaffenzeller/results_project/10b10t/10b10t15c1000e_10-dt80-int/data/param_761_rep_9/config.json,"ArgumentError: invalid JSON at byte position 0 while parsing type Any: UnexpectedEOF

"
/project/theorie/n/N.Pfaffenzeller/results_project/10b10t/10b10t15c1000e_10-dt80-int,param_762_rep_1,/project/theorie/n/N.Pfaffenzeller/results_project/10b10t/10b10t15c1000e_10-dt80-int/data/param_762_rep_1,/project/theorie/n/N.Pfaffenzeller/results_project/10b10t/10b10t15c1000e_10-dt80-int/data/param_762_rep_1/event_log.csv,/project/theorie/n/N.Pfaffenzeller/results_project/10b10t/10b10t15c1000e_10-dt80-int/data/param_762_rep_1/config.json,"ArgumentError: invalid JSON at byte position 0 while parsing type Any: UnexpectedEOF

"
/project/theorie/n/N.Pfaffenzeller/results_project/10b10t/10b10t15c1000e_10-dt80-int,param_762_rep_10,/project/theorie/n/N.Pfaffenzeller/results_project/10b10t/10b10t15c1000e_10-dt80-int/data/param_762_rep_10,/project/theorie/n/N.Pfaffenzeller/results_project/10b10t/10b10t15c1000e_10-dt80-int/data/param_762_rep_10/event_log.csv,/project/theorie/n/N.Pfaffenzeller/results_project/10b10t/10b10t15c1000e_10-dt80-int/data/param_762_rep_10/config.json,"ArgumentError: invalid JSON at byte position 0 while parsing type Any: UnexpectedEOF

"
/project/theorie/n/N.Pfaffenzeller/results_project/10b10t/10b10t15c1000e_10-dt80-int,param_762_rep_2,/project/theorie/n/N.Pfaffenzeller/results_project/10b10t/10b10t15c1000e_10-dt80-int/data/param_762_rep_2,/project/theorie/n/N.Pfaffenzeller/results_project/10b10t/10b10t15c1000e_10-dt80-int/data/param_762_rep_2/event_log.csv,/project/theorie/n/N.Pfaffenzeller/results_project/10b10t/10b10t15c1000e_10-dt80-int/data/param_762_rep_2/config.json,"ArgumentError: invalid JSON at byte position 0 while parsing type Any: UnexpectedEOF

"
/project/theorie/n/N.Pfaffenzeller/results_project/10b10t/10b10t15c1000e_10-dt80-int,param_762_rep_3,/project/theorie/n/N.Pfaffenzeller/results_project/10b10t/10b10t15c1000e_10-dt80-int/data/param_762_rep_3,/project/theorie/n/N.Pfaffenzeller/results_project/10b10t/10b10t15c1000e_10-dt80-int/data/param_762_rep_3/event_log.csv,/project/theorie/n/N.Pfaffenzeller/results_project/10b10t/10b10t15c1000e_10-dt80-int/data/param_762_rep_3/config.json,"ArgumentError: invalid JSON at byte position 0 while parsing type Any: UnexpectedEOF

"
/project/theorie/n/N.Pfaffenzeller/results_project/10b10t/10b10t15c1000e_10-dt80-int,param_762_rep_4,/project/theorie/n/N.Pfaffenzeller/results_project/10b10t/10b10t15c1000e_10-dt80-int/data/param_762_rep_4,/project/theorie/n/N.Pfaffenzeller/results_project/10b10t/10b10t15c1000e_10-dt80-int/data/param_762_rep_4/event_log.csv,/project/theorie/n/N.Pfaffenzeller/results_project/10b10t/10b10t15c1000e_10-dt80-int/data/param_762_rep_4/config.json,"ArgumentError: invalid JSON at byte position 0 while parsing type Any: UnexpectedEOF

"
/project/theorie/n/N.Pfaffenzeller/results_project/10b10t/10b10t15c1000e_10-dt80-int,param_762_rep_5,/project/theorie/n/N.Pfaffenzeller/results_project/10b10t/10b10t15c1000e_10-dt80-int/data/param_762_rep_5,/project/theorie/n/N.Pfaffenzeller/results_project/10b10t/10b10t15c1000e_10-dt80-int/data/param_762_rep_5/event_log.csv,/project/theorie/n/N.Pfaffenzeller/results_project/10b10t/10b10t15c1000e_10-dt80-int/data/param_762_rep_5/config.json,"ArgumentError: invalid JSON at byte position 0 while parsing type Any: UnexpectedEOF

"
/project/theorie/n/N.Pfaffenzeller/results_project/10b10t/10b10t15c1000e_10-dt80-int,param_762_rep_6,/project/theorie/n/N.Pfaffenzeller/results_project/10b10t/10b10t15c1000e_10-dt80-int/data/param_762_rep_6,/project/theorie/n/N.Pfaffenzeller/results_project/10b10t/10b10t15c1000e_10-dt80-int/data/param_762_rep_6/event_log.csv,/project/theorie/n/N.Pfaffenzeller/results_project/10b10t/10b10t15c1000e_10-dt80-int/data/param_762_rep_6/config.json,"ArgumentError: invalid JSON at byte position 0 while parsing type Any: UnexpectedEOF

"
/project/theorie/n/N.Pfaffenzeller/results_project/10b10t/10b10t15c1000e_10-dt80-int,param_762_rep_7,/project/theorie/n/N.Pfaffenzeller/results_project/10b10t/10b10t15c1000e_10-dt80-int/data/param_762_rep_7,/project/theorie/n/N.Pfaffenzeller/results_project/10b10t/10b10t15c1000e_10-dt80-int/data/param_762_rep_7/event_log.csv,/project/theorie/n/N.Pfaffenzeller/results_project/10b10t/10b10t15c1000e_10-dt80-int/data/param_762_rep_7/config.json,"ArgumentError: invalid JSON at byte position 0 while parsing type Any: UnexpectedEOF

"
/project/theorie/n/N.Pfaffenzeller/results_project/10b10t/10b10t15c1000e_10-dt80-int,param_762_rep_8,/project/theorie/n/N.Pfaffenzeller/results_project/10b10t/10b10t15c1000e_10-dt80-int/data/param_762_rep_8,/project/theorie/n/N.Pfaffenzeller/results_project/10b10t/10b10t15c1000e_10-dt80-int/data/param_762_rep_8/event_log.csv,/project/theorie/n/N.Pfaffenzeller/results_project/10b10t/10b10t15c1000e_10-dt80-int/data/param_762_rep_8/config.json,"ArgumentError: invalid JSON at byte position 0 while parsing type Any: UnexpectedEOF

"
/project/theorie/n/N.Pfaffenzeller/results_project/10b10t/10b10t15c1000e_10-dt80-int,param_762_rep_9,/project/theorie/n/N.Pfaffenzeller/results_project/10b10t/10b10t15c1000e_10-dt80-int/data/param_762_rep_9,/project/theorie/n/N.Pfaffenzeller/results_project/10b10t/10b10t15c1000e_10-dt80-int/data/param_762_rep_9/event_log.csv,/project/theorie/n/N.Pfaffenzeller/results_project/10b10t/10b10t15c1000e_10-dt80-int/data/param_762_rep_9/config.json,"ArgumentError: invalid JSON at byte position 0 while parsing type Any: UnexpectedEOF

"
/project/theorie/n/N.Pfaffenzeller/results_project/10b10t/10b10t15c1000e_10-dt80-int,param_763_rep_1,/project/theorie/n/N.Pfaffenzeller/results_project/10b10t/10b10t15c1000e_10-dt80-int/data/param_763_rep_1,/project/theorie/n/N.Pfaffenzeller/results_project/10b10t/10b10t15c1000e_10-dt80-int/data/param_763_rep_1/event_log.csv,/project/theorie/n/N.Pfaffenzeller/results_project/10b10t/10b10t15c1000e_10-dt80-int/data/param_763_rep_1/config.json,"ArgumentError: invalid JSON at byte position 0 while parsing type Any: UnexpectedEOF

"
/project/theorie/n/N.Pfaffenzeller/results_project/10b10t/10b10t15c1000e_10-dt80-int,param_763_rep_10,/project/theorie/n/N.Pfaffenzeller/results_project/10b10t/10b10t15c1000e_10-dt80-int/data/param_763_rep_10,/project/theorie/n/N.Pfaffenzeller/results_project/10b10t/10b10t15c1000e_10-dt80-int/data/param_763_rep_10/event_log.csv,/project/theorie/n/N.Pfaffenzeller/results_project/10b10t/10b10t15c1000e_10-dt80-int/data/param_763_rep_10/config.json,"ArgumentError: invalid JSON at byte position 0 while parsing type Any: UnexpectedEOF

"
/project/theorie/n/N.Pfaffenzeller/results_project/10b10t/10b10t15c1000e_10-dt80-int,param_763_rep_2,/project/theorie/n/N.Pfaffenzeller/results_project/10b10t/10b10t15c1000e_10-dt80-int/data/param_763_rep_2,/project/theorie/n/N.Pfaffenzeller/results_project/10b10t/10b10t15c1000e_10-dt80-int/data/param_763_rep_2/event_log.csv,/project/theorie/n/N.Pfaffenzeller/results_project/10b10t/10b10t15c1000e_10-dt80-int/data/param_763_rep_2/config.json,"ArgumentError: invalid JSON at byte position 0 while parsing type Any: UnexpectedEOF

"
/project/theorie/n/N.Pfaffenzeller/results_project/10b10t/10b10t15c1000e_10-dt80-int,param_763_rep_3,/project/theorie/n/N.Pfaffenzeller/results_project/10b10t/10b10t15c1000e_10-dt80-int/data/param_763_rep_3,/project/theorie/n/N.Pfaffenzeller/results_project/10b10t/10b10t15c1000e_10-dt80-int/data/param_763_rep_3/event_log.csv,/project/theorie/n/N.Pfaffenzeller/results_project/10b10t/10b10t15c1000e_10-dt80-int/data/param_763_rep_3/config.json,"ArgumentError: invalid JSON at byte position 0 while parsing type Any: UnexpectedEOF

"
/project/theorie/n/N.Pfaffenzeller/results_project/10b10t/10b10t15c1000e_10-dt80-int,param_763_rep_4,/project/theorie/n/N.Pfaffenzeller/results_project/10b10t/10b10t15c1000e_10-dt80-int/data/param_763_rep_4,/project/theorie/n/N.Pfaffenzeller/results_project/10b10t/10b10t15c1000e_10-dt80-int/data/param_763_rep_4/event_log.csv,/project/theorie/n/N.Pfaffenzeller/results_project/10b10t/10b10t15c1000e_10-dt80-int/data/param_763_rep_4/config.json,"ArgumentError: invalid JSON at byte position 0 while parsing type Any: UnexpectedEOF

"
/project/theorie/n/N.Pfaffenzeller/results_project/10b10t/10b10t15c1000e_10-dt80-int,param_763_rep_5,/project/theorie/n/N.Pfaffenzeller/results_project/10b10t/10b10t15c1000e_10-dt80-int/data/param_763_rep_5,/project/theorie/n/N.Pfaffenzeller/results_project/10b10t/10b10t15c1000e_10-dt80-int/data/param_763_rep_5/event_log.csv,/project/theorie/n/N.Pfaffenzeller/results_project/10b10t/10b10t15c1000e_10-dt80-int/data/param_763_rep_5/config.json,"ArgumentError: invalid JSON at byte position 0 while parsing type Any: UnexpectedEOF

"
/project/theorie/n/N.Pfaffenzeller/results_project/10b10t/10b10t15c1000e_10-dt80-int,param_763_rep_6,/project/theorie/n/N.Pfaffenzeller/results_project/10b10t/10b10t15c1000e_10-dt80-int/data/param_763_rep_6,/project/theorie/n/N.Pfaffenzeller/results_project/10b10t/10b10t15c1000e_10-dt80-int/data/param_763_rep_6/event_log.csv,/project/theorie/n/N.Pfaffenzeller/results_project/10b10t/10b10t15c1000e_10-dt80-int/data/param_763_rep_6/config.json,"ArgumentError: invalid JSON at byte position 0 while parsing type Any: UnexpectedEOF

"
/project/theorie/n/N.Pfaffenzeller/results_project/10b10t/10b10t15c1000e_10-dt80-int,param_763_rep_7,/project/theorie/n/N.Pfaffenzeller/results_project/10b10t/10b10t15c1000e_10-dt80-int/data/param_763_rep_7,/project/theorie/n/N.Pfaffenzeller/results_project/10b10t/10b10t15c1000e_10-dt80-int/data/param_763_rep_7/event_log.csv,/project/theorie/n/N.Pfaffenzeller/results_project/10b10t/10b10t15c1000e_10-dt80-int/data/param_763_rep_7/config.json,"ArgumentError: invalid JSON at byte position 0 while parsing type Any: UnexpectedEOF

"
/project/theorie/n/N.Pfaffenzeller/results_project/10b10t/10b10t15c1000e_10-dt80-int,param_763_rep_8,/project/theorie/n/N.Pfaffenzeller/results_project/10b10t/10b10t15c1000e_10-dt80-int/data/param_763_rep_8,/project/theorie/n/N.Pfaffenzeller/results_project/10b10t/10b10t15c1000e_10-dt80-int/data/param_763_rep_8/event_log.csv,/project/theorie/n/N.Pfaffenzeller/results_project/10b10t/10b10t15c1000e_10-dt80-int/data/param_763_rep_8/config.json,"ArgumentError: invalid JSON at byte position 0 while parsing type Any: UnexpectedEOF

"
/project/theorie/n/N.Pfaffenzeller/results_project/10b10t/10b10t15c1000e_10-dt80-int,param_763_rep_9,/project/theorie/n/N.Pfaffenzeller/results_project/10b10t/10b10t15c1000e_10-dt80-int/data/param_763_rep_9,/project/theorie/n/N.Pfaffenzeller/results_project/10b10t/10b10t15c1000e_10-dt80-int/data/param_763_rep_9/event_log.csv,/project/theorie/n/N.Pfaffenzeller/results_project/10b10t/10b10t15c1000e_10-dt80-int/data/param_763_rep_9/config.json,"ArgumentError: invalid JSON at byte position 0 while parsing type Any: UnexpectedEOF

"
/project/theorie/n/N.Pfaffenzeller/results_project/10b10t/10b10t15c1000e_10-dt80-int,param_764_rep_1,/project/theorie/n/N.Pfaffenzeller/results_project/10b10t/10b10t15c1000e_10-dt80-int/data/param_764_rep_1,/project/theorie/n/N.Pfaffenzeller/results_project/10b10t/10b10t15c1000e_10-dt80-int/data/param_764_rep_1/event_log.csv,/project/theorie/n/N.Pfaffenzeller/results_project/10b10t/10b10t15c1000e_10-dt80-int/data/param_764_rep_1/config.json,"ArgumentError: invalid JSON at byte position 0 while parsing type Any: UnexpectedEOF

"
/project/theorie/n/N.Pfaffenzeller/results_project/10b10t/10b10t15c1000e_10-dt80-int,param_764_rep_10,/project/theorie/n/N.Pfaffenzeller/results_project/10b10t/10b10t15c1000e_10-dt80-int/data/param_764_rep_10,/project/theorie/n/N.Pfaffenzeller/results_project/10b10t/10b10t15c1000e_10-dt80-int/data/param_764_rep_10/event_log.csv,/project/theorie/n/N.Pfaffenzeller/results_project/10b10t/10b10t15c1000e_10-dt80-int/data/param_764_rep_10/config.json,"ArgumentError: invalid JSON at byte position 0 while parsing type Any: UnexpectedEOF

"
/project/theorie/n/N.Pfaffenzeller/results_project/10b10t/10b10t15c1000e_10-dt80-int,param_764_rep_2,/project/theorie/n/N.Pfaffenzeller/results_project/10b10t/10b10t15c1000e_10-dt80-int/data/param_764_rep_2,/project/theorie/n/N.Pfaffenzeller/results_project/10b10t/10b10t15c1000e_10-dt80-int/data/param_764_rep_2/event_log.csv,/project/theorie/n/N.Pfaffenzeller/results_project/10b10t/10b10t15c1000e_10-dt80-int/data/param_764_rep_2/config.json,"ArgumentError: invalid JSON at byte position 0 while parsing type Any: UnexpectedEOF

"
/project/theorie/n/N.Pfaffenzeller/results_project/10b10t/10b10t15c1000e_10-dt80-int,param_764_rep_3,/project/theorie/n/N.Pfaffenzeller/results_project/10b10t/10b10t15c1000e_10-dt80-int/data/param_764_rep_3,/project/theorie/n/N.Pfaffenzeller/results_project/10b10t/10b10t15c1000e_10-dt80-int/data/param_764_rep_3/event_log.csv,/project/theorie/n/N.Pfaffenzeller/results_project/10b10t/10b10t15c1000e_10-dt80-int/data/param_764_rep_3/config.json,"ArgumentError: invalid JSON at byte position 0 while parsing type Any: UnexpectedEOF

"
/project/theorie/n/N.Pfaffenzeller/results_project/10b10t/10b10t15c1000e_10-dt80-int,param_764_rep_4,/project/theorie/n/N.Pfaffenzeller/results_project/10b10t/10b10t15c1000e_10-dt80-int/data/param_764_rep_4,/project/theorie/n/N.Pfaffenzeller/results_project/10b10t/10b10t15c1000e_10-dt80-int/data/param_764_rep_4/event_log.csv,/project/theorie/n/N.Pfaffenzeller/results_project/10b10t/10b10t15c1000e_10-dt80-int/data/param_764_rep_4/config.json,"ArgumentError: invalid JSON at byte position 0 while parsing type Any: UnexpectedEOF

"
/project/theorie/n/N.Pfaffenzeller/results_project/10b10t/10b10t15c1000e_10-dt80-int,param_764_rep_5,/project/theorie/n/N.Pfaffenzeller/results_project/10b10t/10b10t15c1000e_10-dt80-int/data/param_764_rep_5,/project/theorie/n/N.Pfaffenzeller/results_project/10b10t/10b10t15c1000e_10-dt80-int/data/param_764_rep_5/event_log.csv,/project/theorie/n/N.Pfaffenzeller/results_project/10b10t/10b10t15c1000e_10-dt80-int/data/param_764_rep_5/config.json,"ArgumentError: invalid JSON at byte position 0 while parsing type Any: UnexpectedEOF

"
/project/theorie/n/N.Pfaffenzeller/results_project/10b10t/10b10t15c1000e_10-dt80-int,param_764_rep_6,/project/theorie/n/N.Pfaffenzeller/results_project/10b10t/10b10t15c1000e_10-dt80-int/data/param_764_rep_6,/project/theorie/n/N.Pfaffenzeller/results_project/10b10t/10b10t15c1000e_10-dt80-int/data/param_764_rep_6/event_log.csv,/project/theorie/n/N.Pfaffenzeller/results_project/10b10t/10b10t15c1000e_10-dt80-int/data/param_764_rep_6/config.json,"ArgumentError: invalid JSON at byte position 0 while parsing type Any: UnexpectedEOF

"
/project/theorie/n/N.Pfaffenzeller/results_project/10b10t/10b10t15c1000e_10-dt80-int,param_764_rep_7,/project/theorie/n/N.Pfaffenzeller/results_project/10b10t/10b10t15c1000e_10-dt80-int/data/param_764_rep_7,/project/theorie/n/N.Pfaffenzeller/results_project/10b10t/10b10t15c1000e_10-dt80-int/data/param_764_rep_7/event_log.csv,/project/theorie/n/N.Pfaffenzeller/results_project/10b10t/10b10t15c1000e_10-dt80-int/data/param_764_rep_7/config.json,"ArgumentError: invalid JSON at byte position 0 while parsing type Any: UnexpectedEOF

"
/project/theorie/n/N.Pfaffenzeller/results_project/10b10t/10b10t15c1000e_10-dt80-int,param_764_rep_8,/project/theorie/n/N.Pfaffenzeller/results_project/10b10t/10b10t15c1000e_10-dt80-int/data/param_764_rep_8,/project/theorie/n/N.Pfaffenzeller/results_project/10b10t/10b10t15c1000e_10-dt80-int/data/param_764_rep_8/event_log.csv,/project/theorie/n/N.Pfaffenzeller/results_project/10b10t/10b10t15c1000e_10-dt80-int/data/param_764_rep_8/config.json,"ArgumentError: invalid JSON at byte position 0 while parsing type Any: UnexpectedEOF

"
/project/theorie/n/N.Pfaffenzeller/results_project/10b10t/10b10t15c1000e_10-dt80-int,param_764_rep_9,/project/theorie/n/N.Pfaffenzeller/results_project/10b10t/10b10t15c1000e_10-dt80-int/data/param_764_rep_9,/project/theorie/n/N.Pfaffenzeller/results_project/10b10t/10b10t15c1000e_10-dt80-int/data/param_764_rep_9/event_log.csv,/project/theorie/n/N.Pfaffenzeller/results_project/10b10t/10b10t15c1000e_10-dt80-int/data/param_764_rep_9/config.json,"ArgumentError: invalid JSON at byte position 0 while parsing type Any: UnexpectedEOF

"
/project/theorie/n/N.Pfaffenzeller/results_project/10b10t/10b10t15c1000e_10-dt80-int,param_765_rep_1,/project/theorie/n/N.Pfaffenzeller/results_project/10b10t/10b10t15c1000e_10-dt80-int/data/param_765_rep_1,/project/theorie/n/N.Pfaffenzeller/results_project/10b10t/10b10t15c1000e_10-dt80-int/data/param_765_rep_1/event_log.csv,/project/theorie/n/N.Pfaffenzeller/results_project/10b10t/10b10t15c1000e_10-dt80-int/data/param_765_rep_1/config.json,"ArgumentError: invalid JSON at byte position 0 while parsing type Any: UnexpectedEOF

"
/project/theorie/n/N.Pfaffenzeller/results_project/10b10t/10b10t15c1000e_10-dt80-int,param_765_rep_10,/project/theorie/n/N.Pfaffenzeller/results_project/10b10t/10b10t15c1000e_10-dt80-int/data/param_765_rep_10,/project/theorie/n/N.Pfaffenzeller/results_project/10b10t/10b10t15c1000e_10-dt80-int/data/param_765_rep_10/event_log.csv,/project/theorie/n/N.Pfaffenzeller/results_project/10b10t/10b10t15c1000e_10-dt80-int/data/param_765_rep_10/config.json,"ArgumentError: invalid JSON at byte position 0 while parsing type Any: UnexpectedEOF

"
/project/theorie/n/N.Pfaffenzeller/results_project/10b10t/10b10t15c1000e_10-dt80-int,param_765_rep_2,/project/theorie/n/N.Pfaffenzeller/results_project/10b10t/10b10t15c1000e_10-dt80-int/data/param_765_rep_2,/project/theorie/n/N.Pfaffenzeller/results_project/10b10t/10b10t15c1000e_10-dt80-int/data/param_765_rep_2/event_log.csv,/project/theorie/n/N.Pfaffenzeller/results_project/10b10t/10b10t15c1000e_10-dt80-int/data/param_765_rep_2/config.json,"ArgumentError: invalid JSON at byte position 0 while parsing type Any: UnexpectedEOF

"
/project/theorie/n/N.Pfaffenzeller/results_project/10b10t/10b10t15c1000e_10-dt80-int,param_765_rep_3,/project/theorie/n/N.Pfaffenzeller/results_project/10b10t/10b10t15c1000e_10-dt80-int/data/param_765_rep_3,/project/theorie/n/N.Pfaffenzeller/results_project/10b10t/10b10t15c1000e_10-dt80-int/data/param_765_rep_3/event_log.csv,/project/theorie/n/N.Pfaffenzeller/results_project/10b10t/10b10t15c1000e_10-dt80-int/data/param_765_rep_3/config.json,"ArgumentError: invalid JSON at byte position 0 while parsing type Any: UnexpectedEOF

"
/project/theorie/n/N.Pfaffenzeller/results_project/10b10t/10b10t15c1000e_10-dt80-int,param_765_rep_4,/project/theorie/n/N.Pfaffenzeller/results_project/10b10t/10b10t15c1000e_10-dt80-int/data/param_765_rep_4,/project/theorie/n/N.Pfaffenzeller/results_project/10b10t/10b10t15c1000e_10-dt80-int/data/param_765_rep_4/event_log.csv,/project/theorie/n/N.Pfaffenzeller/results_project/10b10t/10b10t15c1000e_10-dt80-int/data/param_765_rep_4/config.json,"ArgumentError: invalid JSON at byte position 0 while parsing type Any: UnexpectedEOF

"
/project/theorie/n/N.Pfaffenzeller/results_project/10b10t/10b10t15c1000e_10-dt80-int,param_765_rep_5,/project/theorie/n/N.Pfaffenzeller/results_project/10b10t/10b10t15c1000e_10-dt80-int/data/param_765_rep_5,/project/theorie/n/N.Pfaffenzeller/results_project/10b10t/10b10t15c1000e_10-dt80-int/data/param_765_rep_5/event_log.csv,/project/theorie/n/N.Pfaffenzeller/results_project/10b10t/10b10t15c1000e_10-dt80-int/data/param_765_rep_5/config.json,"ArgumentError: invalid JSON at byte position 0 while parsing type Any: UnexpectedEOF

"
/project/theorie/n/N.Pfaffenzeller/results_project/10b10t/10b10t15c1000e_10-dt80-int,param_765_rep_6,/project/theorie/n/N.Pfaffenzeller/results_project/10b10t/10b10t15c1000e_10-dt80-int/data/param_765_rep_6,/project/theorie/n/N.Pfaffenzeller/results_project/10b10t/10b10t15c1000e_10-dt80-int/data/param_765_rep_6/event_log.csv,/project/theorie/n/N.Pfaffenzeller/results_project/10b10t/10b10t15c1000e_10-dt80-int/data/param_765_rep_6/config.json,No task_* columns found (excluding task_id).
/project/theorie/n/N.Pfaffenzeller/results_project/10b10t/10b10t15c1000e_10-dt80-int,param_765_rep_7,/project/theorie/n/N.Pfaffenzeller/results_project/10b10t/10b10t15c1000e_10-dt80-int/data/param_765_rep_7,/project/theorie/n/N.Pfaffenzeller/results_project/10b10t/10b10t15c1000e_10-dt80-int/data/param_765_rep_7/event_log.csv,/project/theorie/n/N.Pfaffenzeller/results_project/10b10t/10b10t15c1000e_10-dt80-int/data/param_765_rep_7/config.json,"ArgumentError: invalid JSON at byte position 0 while parsing type Any: UnexpectedEOF

"
/project/theorie/n/N.Pfaffenzeller/results_project/10b10t/10b10t15c1000e_10-dt80-int,param_765_rep_8,/project/theorie/n/N.Pfaffenzeller/results_project/10b10t/10b10t15c1000e_10-dt80-int/data/param_765_rep_8,/project/theorie/n/N.Pfaffenzeller/results_project/10b10t/10b10t15c1000e_10-dt80-int/data/param_765_rep_8/event_log.csv,/project/theorie/n/N.Pfaffenzeller/results_project/10b10t/10b10t15c1000e_10-dt80-int/data/param_765_rep_8/config.json,"ArgumentError: invalid JSON at byte position 0 while parsing type Any: UnexpectedEOF

"
/project/theorie/n/N.Pfaffenzeller/results_project/10b10t/10b10t15c1000e_10-dt80-int,param_765_rep_9,/project/theorie/n/N.Pfaffenzeller/results_project/10b10t/10b10t15c1000e_10-dt80-int/data/param_765_rep_9,/project/theorie/n/N.Pfaffenzeller/results_project/10b10t/10b10t15c1000e_10-dt80-int/data/param_765_rep_9/event_log.csv,/project/theorie/n/N.Pfaffenzeller/results_project/10b10t/10b10t15c1000e_10-dt80-int/data/param_765_rep_9/config.json,"ArgumentError: invalid JSON at byte position 0 while parsing type Any: UnexpectedEOF

"
/project/theorie/n/N.Pfaffenzeller/results_project/10b10t/10b10t15c1000e_10-dt80-int,param_766_rep_1,/project/theorie/n/N.Pfaffenzeller/results_project/10b10t/10b10t15c1000e_10-dt80-int/data/param_766_rep_1,/project/theorie/n/N.Pfaffenzeller/results_project/10b10t/10b10t15c1000e_10-dt80-int/data/param_766_rep_1/event_log.csv,/project/theorie/n/N.Pfaffenzeller/results_project/10b10t/10b10t15c1000e_10-dt80-int/data/param_766_rep_1/config.json,"ArgumentError: invalid JSON at byte position 0 while parsing type Any: UnexpectedEOF

"
/project/theorie/n/N.Pfaffenzeller/results_project/10b10t/10b10t15c1000e_10-dt80-int,param_766_rep_10,/project/theorie/n/N.Pfaffenzeller/results_project/10b10t/10b10t15c1000e_10-dt80-int/data/param_766_rep_10,/project/theorie/n/N.Pfaffenzeller/results_project/10b10t/10b10t15c1000e_10-dt80-int/data/param_766_rep_10/event_log.csv,/project/theorie/n/N.Pfaffenzeller/results_project/10b10t/10b10t15c1000e_10-dt80-int/data/param_766_rep_10/config.json,"ArgumentError: invalid JSON at byte position 0 while parsing type Any: UnexpectedEOF

"
/project/theorie/n/N.Pfaffenzeller/results_project/10b10t/10b10t15c1000e_10-dt80-int,param_766_rep_2,/project/theorie/n/N.Pfaffenzeller/results_project/10b10t/10b10t15c1000e_10-dt80-int/data/param_766_rep_2,/project/theorie/n/N.Pfaffenzeller/results_project/10b10t/10b10t15c1000e_10-dt80-int/data/param_766_rep_2/event_log.csv,/project/theorie/n/N.Pfaffenzeller/results_project/10b10t/10b10t15c1000e_10-dt80-int/data/param_766_rep_2/config.json,"ArgumentError: invalid JSON at byte position 0 while parsing type Any: UnexpectedEOF

"
/project/theorie/n/N.Pfaffenzeller/results_project/10b10t/10b10t15c1000e_10-dt80-int,param_766_rep_3,/project/theorie/n/N.Pfaffenzeller/results_project/10b10t/10b10t15c1000e_10-dt80-int/data/param_766_rep_3,/project/theorie/n/N.Pfaffenzeller/results_project/10b10t/10b10t15c1000e_10-dt80-int/data/param_766_rep_3/event_log.csv,/project/theorie/n/N.Pfaffenzeller/results_project/10b10t/10b10t15c1000e_10-dt80-int/data/param_766_rep_3/config.json,"ArgumentError: invalid JSON at byte position 0 while parsing type Any: UnexpectedEOF

"
/project/theorie/n/N.Pfaffenzeller/results_project/10b10t/10b10t15c1000e_10-dt80-int,param_766_rep_4,/project/theorie/n/N.Pfaffenzeller/results_project/10b10t/10b10t15c1000e_10-dt80-int/data/param_766_rep_4,/project/theorie/n/N.Pfaffenzeller/results_project/10b10t/10b10t15c1000e_10-dt80-int/data/param_766_rep_4/event_log.csv,/project/theorie/n/N.Pfaffenzeller/results_project/10b10t/10b10t15c1000e_10-dt80-int/data/param_766_rep_4/config.json,"ArgumentError: invalid JSON at byte position 0 while parsing type Any: UnexpectedEOF

"
/project/theorie/n/N.Pfaffenzeller/results_project/10b10t/10b10t15c1000e_10-dt80-int,param_766_rep_5,/project/theorie/n/N.Pfaffenzeller/results_project/10b10t/10b10t15c1000e_10-dt80-int/data/param_766_rep_5,/project/theorie/n/N.Pfaffenzeller/results_project/10b10t/10b10t15c1000e_10-dt80-int/data/param_766_rep_5/event_log.csv,/project/theorie/n/N.Pfaffenzeller/results_project/10b10t/10b10t15c1000e_10-dt80-int/data/param_766_rep_5/config.json,"ArgumentError: invalid JSON at byte position 0 while parsing type Any: UnexpectedEOF

"
/project/theorie/n/N.Pfaffenzeller/results_project/10b10t/10b10t15c1000e_10-dt80-int,param_766_rep_6,/project/theorie/n/N.Pfaffenzeller/results_project/10b10t/10b10t15c1000e_10-dt80-int/data/param_766_rep_6,/project/theorie/n/N.Pfaffenzeller/results_project/10b10t/10b10t15c1000e_10-dt80-int/data/param_766_rep_6/event_log.csv,/project/theorie/n/N.Pfaffenzeller/results_project/10b10t/10b10t15c1000e_10-dt80-int/data/param_766_rep_6/config.json,"ArgumentError: invalid JSON at byte position 0 while parsing type Any: UnexpectedEOF

"
/project/theorie/n/N.Pfaffenzeller/results_project/10b10t/10b10t15c1000e_10-dt80-int,param_766_rep_7,/project/theorie/n/N.Pfaffenzeller/results_project/10b10t/10b10t15c1000e_10-dt80-int/data/param_766_rep_7,/project/theorie/n/N.Pfaffenzeller/results_project/10b10t/10b10t15c1000e_10-dt80-int/data/param_766_rep_7/event_log.csv,/project/theorie/n/N.Pfaffenzeller/results_project/10b10t/10b10t15c1000e_10-dt80-int/data/param_766_rep_7/config.json,"ArgumentError: invalid JSON at byte position 0 while parsing type Any: UnexpectedEOF

"
/project/theorie/n/N.Pfaffenzeller/results_project/10b10t/10b10t15c1000e_10-dt80-int,param_766_rep_8,/project/theorie/n/N.Pfaffenzeller/results_project/10b10t/10b10t15c1000e_10-dt80-int/data/param_766_rep_8,/project/theorie/n/N.Pfaffenzeller/results_project/10b10t/10b10t15c1000e_10-dt80-int/data/param_766_rep_8/event_log.csv,/project/theorie/n/N.Pfaffenzeller/results_project/10b10t/10b10t15c1000e_10-dt80-int/data/param_766_rep_8/config.json,"ArgumentError: invalid JSON at byte position 0 while parsing type Any: UnexpectedEOF

"
/project/theorie/n/N.Pfaffenzeller/results_project/10b10t/10b10t15c1000e_10-dt80-int,param_766_rep_9,/project/theorie/n/N.Pfaffenzeller/results_project/10b10t/10b10t15c1000e_10-dt80-int/data/param_766_rep_9,/project/theorie/n/N.Pfaffenzeller/results_project/10b10t/10b10t15c1000e_10-dt80-int/data/param_766_rep_9/event_log.csv,/project/theorie/n/N.Pfaffenzeller/results_project/10b10t/10b10t15c1000e_10-dt80-int/data/param_766_rep_9/config.json,"ArgumentError: invalid JSON at byte position 0 while parsing type Any: UnexpectedEOF

"
/project/theorie/n/N.Pfaffenzeller/results_project/10b10t/10b10t15c1000e_10-dt80-int,param_767_rep_1,/project/theorie/n/N.Pfaffenzeller/results_project/10b10t/10b10t15c1000e_10-dt80-int/data/param_767_rep_1,/project/theorie/n/N.Pfaffenzeller/results_project/10b10t/10b10t15c1000e_10-dt80-int/data/param_767_rep_1/event_log.csv,/project/theorie/n/N.Pfaffenzeller/results_project/10b10t/10b10t15c1000e_10-dt80-int/data/param_767_rep_1/config.json,"ArgumentError: invalid JSON at byte position 0 while parsing type Any: UnexpectedEOF

"
/project/theorie/n/N.Pfaffenzeller/results_project/10b10t/10b10t15c1000e_10-dt80-int,param_767_rep_10,/project/theorie/n/N.Pfaffenzeller/results_project/10b10t/10b10t15c1000e_10-dt80-int/data/param_767_rep_10,/project/theorie/n/N.Pfaffenzeller/results_project/10b10t/10b10t15c1000e_10-dt80-int/data/param_767_rep_10/event_log.csv,/project/theorie/n/N.Pfaffenzeller/results_project/10b10t/10b10t15c1000e_10-dt80-int/data/param_767_rep_10/config.json,"ArgumentError: invalid JSON at byte position 0 while parsing type Any: UnexpectedEOF

"
/project/theorie/n/N.Pfaffenzeller/results_project/10b10t/10b10t15c1000e_10-dt80-int,param_767_rep_2,/project/theorie/n/N.Pfaffenzeller/results_project/10b10t/10b10t15c1000e_10-dt80-int/data/param_767_rep_2,/project/theorie/n/N.Pfaffenzeller/results_project/10b10t/10b10t15c1000e_10-dt80-int/data/param_767_rep_2/event_log.csv,/project/theorie/n/N.Pfaffenzeller/results_project/10b10t/10b10t15c1000e_10-dt80-int/data/param_767_rep_2/config.json,"ArgumentError: invalid JSON at byte position 0 while parsing type Any: UnexpectedEOF

"
/project/theorie/n/N.Pfaffenzeller/results_project/10b10t/10b10t15c1000e_10-dt80-int,param_767_rep_3,/project/theorie/n/N.Pfaffenzeller/results_project/10b10t/10b10t15c1000e_10-dt80-int/data/param_767_rep_3,/project/theorie/n/N.Pfaffenzeller/results_project/10b10t/10b10t15c1000e_10-dt80-int/data/param_767_rep_3/event_log.csv,/project/theorie/n/N.Pfaffenzeller/results_project/10b10t/10b10t15c1000e_10-dt80-int/data/param_767_rep_3/config.json,"ArgumentError: invalid JSON at byte position 0 while parsing type Any: UnexpectedEOF

"
/project/theorie/n/N.Pfaffenzeller/results_project/10b10t/10b10t15c1000e_10-dt80-int,param_767_rep_4,/project/theorie/n/N.Pfaffenzeller/results_project/10b10t/10b10t15c1000e_10-dt80-int/data/param_767_rep_4,/project/theorie/n/N.Pfaffenzeller/results_project/10b10t/10b10t15c1000e_10-dt80-int/data/param_767_rep_4/event_log.csv,/project/theorie/n/N.Pfaffenzeller/results_project/10b10t/10b10t15c1000e_10-dt80-int/data/param_767_rep_4/config.json,"ArgumentError: invalid JSON at byte position 0 while parsing type Any: UnexpectedEOF

"
/project/theorie/n/N.Pfaffenzeller/results_project/10b10t/10b10t15c1000e_10-dt80-int,param_767_rep_5,/project/theorie/n/N.Pfaffenzeller/results_project/10b10t/10b10t15c1000e_10-dt80-int/data/param_767_rep_5,/project/theorie/n/N.Pfaffenzeller/results_project/10b10t/10b10t15c1000e_10-dt80-int/data/param_767_rep_5/event_log.csv,/project/theorie/n/N.Pfaffenzeller/results_project/10b10t/10b10t15c1000e_10-dt80-int/data/param_767_rep_5/config.json,"ArgumentError: invalid JSON at byte position 0 while parsing type Any: UnexpectedEOF

"
/project/theorie/n/N.Pfaffenzeller/results_project/10b10t/10b10t15c1000e_10-dt80-int,param_767_rep_6,/project/theorie/n/N.Pfaffenzeller/results_project/10b10t/10b10t15c1000e_10-dt80-int/data/param_767_rep_6,/project/theorie/n/N.Pfaffenzeller/results_project/10b10t/10b10t15c1000e_10-dt80-int/data/param_767_rep_6/event_log.csv,/project/theorie/n/N.Pfaffenzeller/results_project/10b10t/10b10t15c1000e_10-dt80-int/data/param_767_rep_6/config.json,"ArgumentError: invalid JSON at byte position 0 while parsing type Any: UnexpectedEOF

"
/project/theorie/n/N.Pfaffenzeller/results_project/10b10t/10b10t15c1000e_10-dt80-int,param_767_rep_7,/project/theorie/n/N.Pfaffenzeller/results_project/10b10t/10b10t15c1000e_10-dt80-int/data/param_767_rep_7,/project/theorie/n/N.Pfaffenzeller/results_project/10b10t/10b10t15c1000e_10-dt80-int/data/param_767_rep_7/event_log.csv,/project/theorie/n/N.Pfaffenzeller/results_project/10b10t/10b10t15c1000e_10-dt80-int/data/param_767_rep_7/config.json,"ArgumentError: invalid JSON at byte position 0 while parsing type Any: UnexpectedEOF

"
/project/theorie/n/N.Pfaffenzeller/results_project/10b10t/10b10t15c1000e_10-dt80-int,param_767_rep_8,/project/theorie/n/N.Pfaffenzeller/results_project/10b10t/10b10t15c1000e_10-dt80-int/data/param_767_rep_8,/project/theorie/n/N.Pfaffenzeller/results_project/10b10t/10b10t15c1000e_10-dt80-int/data/param_767_rep_8/event_log.csv,/project/theorie/n/N.Pfaffenzeller/results_project/10b10t/10b10t15c1000e_10-dt80-int/data/param_767_rep_8/config.json,"ArgumentError: invalid JSON at byte position 0 while parsing type Any: UnexpectedEOF

"
/project/theorie/n/N.Pfaffenzeller/results_project/10b10t/10b10t15c1000e_10-dt80-int,param_767_rep_9,/project/theorie/n/N.Pfaffenzeller/results_project/10b10t/10b10t15c1000e_10-dt80-int/data/param_767_rep_9,/project/theorie/n/N.Pfaffenzeller/results_project/10b10t/10b10t15c1000e_10-dt80-int/data/param_767_rep_9/event_log.csv,/project/theorie/n/N.Pfaffenzeller/results_project/10b10t/10b10t15c1000e_10-dt80-int/data/param_767_rep_9/config.json,"ArgumentError: invalid JSON at byte position 0 while parsing type Any: UnexpectedEOF

"
/project/theorie/n/N.Pfaffenzeller/results_project/10b10t/10b10t15c1000e_10-dt80-int,param_768_rep_1,/project/theorie/n/N.Pfaffenzeller/results_project/10b10t/10b10t15c1000e_10-dt80-int/data/param_768_rep_1,/project/theorie/n/N.Pfaffenzeller/results_project/10b10t/10b10t15c1000e_10-dt80-int/data/param_768_rep_1/event_log.csv,/project/theorie/n/N.Pfaffenzeller/results_project/10b10t/10b10t15c1000e_10-dt80-int/data/param_768_rep_1/config.json,"ArgumentError: invalid JSON at byte position 0 while parsing type Any: UnexpectedEOF

"
/project/theorie/n/N.Pfaffenzeller/results_project/10b10t/10b10t15c1000e_10-dt80-int,param_768_rep_10,/project/theorie/n/N.Pfaffenzeller/results_project/10b10t/10b10t15c1000e_10-dt80-int/data/param_768_rep_10,/project/theorie/n/N.Pfaffenzeller/results_project/10b10t/10b10t15c1000e_10-dt80-int/data/param_768_rep_10/event_log.csv,/project/theorie/n/N.Pfaffenzeller/results_project/10b10t/10b10t15c1000e_10-dt80-int/data/param_768_rep_10/config.json,"ArgumentError: invalid JSON at byte position 0 while parsing type Any: UnexpectedEOF

"
/project/theorie/n/N.Pfaffenzeller/results_project/10b10t/10b10t15c1000e_10-dt80-int,param_768_rep_2,/project/theorie/n/N.Pfaffenzeller/results_project/10b10t/10b10t15c1000e_10-dt80-int/data/param_768_rep_2,/project/theorie/n/N.Pfaffenzeller/results_project/10b10t/10b10t15c1000e_10-dt80-int/data/param_768_rep_2/event_log.csv,/project/theorie/n/N.Pfaffenzeller/results_project/10b10t/10b10t15c1000e_10-dt80-int/data/param_768_rep_2/config.json,"ArgumentError: invalid JSON at byte position 0 while parsing type Any: UnexpectedEOF

"
/project/theorie/n/N.Pfaffenzeller/results_project/10b10t/10b10t15c1000e_10-dt80-int,param_768_rep_3,/project/theorie/n/N.Pfaffenzeller/results_project/10b10t/10b10t15c1000e_10-dt80-int/data/param_768_rep_3,/project/theorie/n/N.Pfaffenzeller/results_project/10b10t/10b10t15c1000e_10-dt80-int/data/param_768_rep_3/event_log.csv,/project/theorie/n/N.Pfaffenzeller/results_project/10b10t/10b10t15c1000e_10-dt80-int/data/param_768_rep_3/config.json,"ArgumentError: invalid JSON at byte position 0 while parsing type Any: UnexpectedEOF

"
/project/theorie/n/N.Pfaffenzeller/results_project/10b10t/10b10t15c1000e_10-dt80-int,param_768_rep_4,/project/theorie/n/N.Pfaffenzeller/results_project/10b10t/10b10t15c1000e_10-dt80-int/data/param_768_rep_4,/project/theorie/n/N.Pfaffenzeller/results_project/10b10t/10b10t15c1000e_10-dt80-int/data/param_768_rep_4/event_log.csv,/project/theorie/n/N.Pfaffenzeller/results_project/10b10t/10b10t15c1000e_10-dt80-int/data/param_768_rep_4/config.json,"ArgumentError: invalid JSON at byte position 0 while parsing type Any: UnexpectedEOF

"
/project/theorie/n/N.Pfaffenzeller/results_project/10b10t/10b10t15c1000e_10-dt80-int,param_768_rep_5,/project/theorie/n/N.Pfaffenzeller/results_project/10b10t/10b10t15c1000e_10-dt80-int/data/param_768_rep_5,/project/theorie/n/N.Pfaffenzeller/results_project/10b10t/10b10t15c1000e_10-dt80-int/data/param_768_rep_5/event_log.csv,/project/theorie/n/N.Pfaffenzeller/results_project/10b10t/10b10t15c1000e_10-dt80-int/data/param_768_rep_5/config.json,"ArgumentError: invalid JSON at byte position 0 while parsing type Any: UnexpectedEOF

"
/project/theorie/n/N.Pfaffenzeller/results_project/10b10t/10b10t15c1000e_10-dt80-int,param_768_rep_6,/project/theorie/n/N.Pfaffenzeller/results_project/10b10t/10b10t15c1000e_10-dt80-int/data/param_768_rep_6,/project/theorie/n/N.Pfaffenzeller/results_project/10b10t/10b10t15c1000e_10-dt80-int/data/param_768_rep_6/event_log.csv,/project/theorie/n/N.Pfaffenzeller/results_project/10b10t/10b10t15c1000e_10-dt80-int/data/param_768_rep_6/config.json,"ArgumentError: invalid JSON at byte position 0 while parsing type Any: UnexpectedEOF

"
/project/theorie/n/N.Pfaffenzeller/results_project/10b10t/10b10t15c1000e_10-dt80-int,param_768_rep_7,/project/theorie/n/N.Pfaffenzeller/results_project/10b10t/10b10t15c1000e_10-dt80-int/data/param_768_rep_7,/project/theorie/n/N.Pfaffenzeller/results_project/10b10t/10b10t15c1000e_10-dt80-int/data/param_768_rep_7/event_log.csv,/project/theorie/n/N.Pfaffenzeller/results_project/10b10t/10b10t15c1000e_10-dt80-int/data/param_768_rep_7/config.json,"ArgumentError: invalid JSON at byte position 0 while parsing type Any: UnexpectedEOF

"
/project/theorie/n/N.Pfaffenzeller/results_project/10b10t/10b10t15c1000e_10-dt80-int,param_768_rep_8,/project/theorie/n/N.Pfaffenzeller/results_project/10b10t/10b10t15c1000e_10-dt80-int/data/param_768_rep_8,/project/theorie/n/N.Pfaffenzeller/results_project/10b10t/10b10t15c1000e_10-dt80-int/data/param_768_rep_8/event_log.csv,/project/theorie/n/N.Pfaffenzeller/results_project/10b10t/10b10t15c1000e_10-dt80-int/data/param_768_rep_8/config.json,"ArgumentError: invalid JSON at byte position 0 while parsing type Any: UnexpectedEOF

"
/project/theorie/n/N.Pfaffenzeller/results_project/10b10t/10b10t15c1000e_10-dt80-int,param_768_rep_9,/project/theorie/n/N.Pfaffenzeller/results_project/10b10t/10b10t15c1000e_10-dt80-int/data/param_768_rep_9,/project/theorie/n/N.Pfaffenzeller/results_project/10b10t/10b10t15c1000e_10-dt80-int/data/param_768_rep_9/event_log.csv,/project/theorie/n/N.Pfaffenzeller/results_project/10b10t/10b10t15c1000e_10-dt80-int/data/param_768_rep_9/config.json,"ArgumentError: invalid JSON at byte position 0 while parsing type Any: UnexpectedEOF

"
/project/theorie/n/N.Pfaffenzeller/results_project/10b10t/10b10t15c1000e_10-dt80-int,param_769_rep_1,/project/theorie/n/N.Pfaffenzeller/results_project/10b10t/10b10t15c1000e_10-dt80-int/data/param_769_rep_1,/project/theorie/n/N.Pfaffenzeller/results_project/10b10t/10b10t15c1000e_10-dt80-int/data/param_769_rep_1/event_log.csv,/project/theorie/n/N.Pfaffenzeller/results_project/10b10t/10b10t15c1000e_10-dt80-int/data/param_769_rep_1/config.json,"ArgumentError: invalid JSON at byte position 0 while parsing type Any: UnexpectedEOF

"
/project/theorie/n/N.Pfaffenzeller/results_project/10b10t/10b10t15c1000e_10-dt80-int,param_769_rep_10,/project/theorie/n/N.Pfaffenzeller/results_project/10b10t/10b10t15c1000e_10-dt80-int/data/param_769_rep_10,/project/theorie/n/N.Pfaffenzeller/results_project/10b10t/10b10t15c1000e_10-dt80-int/data/param_769_rep_10/event_log.csv,/project/theorie/n/N.Pfaffenzeller/results_project/10b10t/10b10t15c1000e_10-dt80-int/data/param_769_rep_10/config.json,"ArgumentError: invalid JSON at byte position 0 while parsing type Any: UnexpectedEOF

"
/project/theorie/n/N.Pfaffenzeller/results_project/10b10t/10b10t15c1000e_10-dt80-int,param_769_rep_2,/project/theorie/n/N.Pfaffenzeller/results_project/10b10t/10b10t15c1000e_10-dt80-int/data/param_769_rep_2,/project/theorie/n/N.Pfaffenzeller/results_project/10b10t/10b10t15c1000e_10-dt80-int/data/param_769_rep_2/event_log.csv,/project/theorie/n/N.Pfaffenzeller/results_project/10b10t/10b10t15c1000e_10-dt80-int/data/param_769_rep_2/config.json,"ArgumentError: invalid JSON at byte position 0 while parsing type Any: UnexpectedEOF

"
/project/theorie/n/N.Pfaffenzeller/results_project/10b10t/10b10t15c1000e_10-dt80-int,param_769_rep_3,/project/theorie/n/N.Pfaffenzeller/results_project/10b10t/10b10t15c1000e_10-dt80-int/data/param_769_rep_3,/project/theorie/n/N.Pfaffenzeller/results_project/10b10t/10b10t15c1000e_10-dt80-int/data/param_769_rep_3/event_log.csv,/project/theorie/n/N.Pfaffenzeller/results_project/10b10t/10b10t15c1000e_10-dt80-int/data/param_769_rep_3/config.json,"ArgumentError: invalid JSON at byte position 0 while parsing type Any: UnexpectedEOF

"
/project/theorie/n/N.Pfaffenzeller/results_project/10b10t/10b10t15c1000e_10-dt80-int,param_769_rep_4,/project/theorie/n/N.Pfaffenzeller/results_project/10b10t/10b10t15c1000e_10-dt80-int/data/param_769_rep_4,/project/theorie/n/N.Pfaffenzeller/results_project/10b10t/10b10t15c1000e_10-dt80-int/data/param_769_rep_4/event_log.csv,/project/theorie/n/N.Pfaffenzeller/results_project/10b10t/10b10t15c1000e_10-dt80-int/data/param_769_rep_4/config.json,"ArgumentError: invalid JSON at byte position 0 while parsing type Any: UnexpectedEOF

"
/project/theorie/n/N.Pfaffenzeller/results_project/10b10t/10b10t15c1000e_10-dt80-int,param_769_rep_5,/project/theorie/n/N.Pfaffenzeller/results_project/10b10t/10b10t15c1000e_10-dt80-int/data/param_769_rep_5,/project/theorie/n/N.Pfaffenzeller/results_project/10b10t/10b10t15c1000e_10-dt80-int/data/param_769_rep_5/event_log.csv,/project/theorie/n/N.Pfaffenzeller/results_project/10b10t/10b10t15c1000e_10-dt80-int/data/param_769_rep_5/config.json,"ArgumentError: invalid JSON at byte position 0 while parsing type Any: UnexpectedEOF

"
/project/theorie/n/N.Pfaffenzeller/results_project/10b10t/10b10t15c1000e_10-dt80-int,param_769_rep_6,/project/theorie/n/N.Pfaffenzeller/results_project/10b10t/10b10t15c1000e_10-dt80-int/data/param_769_rep_6,/project/theorie/n/N.Pfaffenzeller/results_project/10b10t/10b10t15c1000e_10-dt80-int/data/param_769_rep_6/event_log.csv,/project/theorie/n/N.Pfaffenzeller/results_project/10b10t/10b10t15c1000e_10-dt80-int/data/param_769_rep_6/config.json,"ArgumentError: invalid JSON at byte position 0 while parsing type Any: UnexpectedEOF

"
/project/theorie/n/N.Pfaffenzeller/results_project/10b10t/10b10t15c1000e_10-dt80-int,param_769_rep_7,/project/theorie/n/N.Pfaffenzeller/results_project/10b10t/10b10t15c1000e_10-dt80-int/data/param_769_rep_7,/project/theorie/n/N.Pfaffenzeller/results_project/10b10t/10b10t15c1000e_10-dt80-int/data/param_769_rep_7/event_log.csv,/project/theorie/n/N.Pfaffenzeller/results_project/10b10t/10b10t15c1000e_10-dt80-int/data/param_769_rep_7/config.json,"ArgumentError: invalid JSON at byte position 0 while parsing type Any: UnexpectedEOF

"
/project/theorie/n/N.Pfaffenzeller/results_project/10b10t/10b10t15c1000e_10-dt80-int,param_769_rep_8,/project/theorie/n/N.Pfaffenzeller/results_project/10b10t/10b10t15c1000e_10-dt80-int/data/param_769_rep_8,/project/theorie/n/N.Pfaffenzeller/results_project/10b10t/10b10t15c1000e_10-dt80-int/data/param_769_rep_8/event_log.csv,/project/theorie/n/N.Pfaffenzeller/results_project/10b10t/10b10t15c1000e_10-dt80-int/data/param_769_rep_8/config.json,"ArgumentError: invalid JSON at byte position 0 while parsing type Any: UnexpectedEOF

"
/project/theorie/n/N.Pfaffenzeller/results_project/10b10t/10b10t15c1000e_10-dt80-int,param_769_rep_9,/project/theorie/n/N.Pfaffenzeller/results_project/10b10t/10b10t15c1000e_10-dt80-int/data/param_769_rep_9,/project/theorie/n/N.Pfaffenzeller/results_project/10b10t/10b10t15c1000e_10-dt80-int/data/param_769_rep_9/event_log.csv,/project/theorie/n/N.Pfaffenzeller/results_project/10b10t/10b10t15c1000e_10-dt80-int/data/param_769_rep_9/config.json,"ArgumentError: invalid JSON at byte position 0 while parsing type Any: UnexpectedEOF

"
/project/theorie/n/N.Pfaffenzeller/results_project/10b10t/10b10t15c1000e_10-dt80-int,param_770_rep_1,/project/theorie/n/N.Pfaffenzeller/results_project/10b10t/10b10t15c1000e_10-dt80-int/data/param_770_rep_1,/project/theorie/n/N.Pfaffenzeller/results_project/10b10t/10b10t15c1000e_10-dt80-int/data/param_770_rep_1/event_log.csv,/project/theorie/n/N.Pfaffenzeller/results_project/10b10t/10b10t15c1000e_10-dt80-int/data/param_770_rep_1/config.json,"ArgumentError: invalid JSON at byte position 0 while parsing type Any: UnexpectedEOF

"
/project/theorie/n/N.Pfaffenzeller/results_project/10b10t/10b10t15c1000e_10-dt80-int,param_770_rep_10,/project/theorie/n/N.Pfaffenzeller/results_project/10b10t/10b10t15c1000e_10-dt80-int/data/param_770_rep_10,/project/theorie/n/N.Pfaffenzeller/results_project/10b10t/10b10t15c1000e_10-dt80-int/data/param_770_rep_10/event_log.csv,/project/theorie/n/N.Pfaffenzeller/results_project/10b10t/10b10t15c1000e_10-dt80-int/data/param_770_rep_10/config.json,"ArgumentError: invalid JSON at byte position 0 while parsing type Any: UnexpectedEOF

"
/project/theorie/n/N.Pfaffenzeller/results_project/10b10t/10b10t15c1000e_10-dt80-int,param_770_rep_2,/project/theorie/n/N.Pfaffenzeller/results_project/10b10t/10b10t15c1000e_10-dt80-int/data/param_770_rep_2,/project/theorie/n/N.Pfaffenzeller/results_project/10b10t/10b10t15c1000e_10-dt80-int/data/param_770_rep_2/event_log.csv,/project/theorie/n/N.Pfaffenzeller/results_project/10b10t/10b10t15c1000e_10-dt80-int/data/param_770_rep_2/config.json,"ArgumentError: invalid JSON at byte position 0 while parsing type Any: UnexpectedEOF

"
/project/theorie/n/N.Pfaffenzeller/results_project/10b10t/10b10t15c1000e_10-dt80-int,param_770_rep_3,/project/theorie/n/N.Pfaffenzeller/results_project/10b10t/10b10t15c1000e_10-dt80-int/data/param_770_rep_3,/project/theorie/n/N.Pfaffenzeller/results_project/10b10t/10b10t15c1000e_10-dt80-int/data/param_770_rep_3/event_log.csv,/project/theorie/n/N.Pfaffenzeller/results_project/10b10t/10b10t15c1000e_10-dt80-int/data/param_770_rep_3/config.json,"ArgumentError: invalid JSON at byte position 0 while parsing type Any: UnexpectedEOF

"
/project/theorie/n/N.Pfaffenzeller/results_project/10b10t/10b10t15c1000e_10-dt80-int,param_770_rep_4,/project/theorie/n/N.Pfaffenzeller/results_project/10b10t/10b10t15c1000e_10-dt80-int/data/param_770_rep_4,/project/theorie/n/N.Pfaffenzeller/results_project/10b10t/10b10t15c1000e_10-dt80-int/data/param_770_rep_4/event_log.csv,/project/theorie/n/N.Pfaffenzeller/results_project/10b10t/10b10t15c1000e_10-dt80-int/data/param_770_rep_4/config.json,"ArgumentError: invalid JSON at byte position 0 while parsing type Any: UnexpectedEOF

"
/project/theorie/n/N.Pfaffenzeller/results_project/10b10t/10b10t15c1000e_10-dt80-int,param_770_rep_5,/project/theorie/n/N.Pfaffenzeller/results_project/10b10t/10b10t15c1000e_10-dt80-int/data/param_770_rep_5,/project/theorie/n/N.Pfaffenzeller/results_project/10b10t/10b10t15c1000e_10-dt80-int/data/param_770_rep_5/event_log.csv,/project/theorie/n/N.Pfaffenzeller/results_project/10b10t/10b10t15c1000e_10-dt80-int/data/param_770_rep_5/config.json,"ArgumentError: invalid JSON at byte position 0 while parsing type Any: UnexpectedEOF

"
/project/theorie/n/N.Pfaffenzeller/results_project/10b10t/10b10t15c1000e_10-dt80-int,param_770_rep_6,/project/theorie/n/N.Pfaffenzeller/results_project/10b10t/10b10t15c1000e_10-dt80-int/data/param_770_rep_6,/project/theorie/n/N.Pfaffenzeller/results_project/10b10t/10b10t15c1000e_10-dt80-int/data/param_770_rep_6/event_log.csv,/project/theorie/n/N.Pfaffenzeller/results_project/10b10t/10b10t15c1000e_10-dt80-int/data/param_770_rep_6/config.json,"ArgumentError: invalid JSON at byte position 0 while parsing type Any: UnexpectedEOF

"
/project/theorie/n/N.Pfaffenzeller/results_project/10b10t/10b10t15c1000e_10-dt80-int,param_770_rep_7,/project/theorie/n/N.Pfaffenzeller/results_project/10b10t/10b10t15c1000e_10-dt80-int/data/param_770_rep_7,/project/theorie/n/N.Pfaffenzeller/results_project/10b10t/10b10t15c1000e_10-dt80-int/data/param_770_rep_7/event_log.csv,/project/theorie/n/N.Pfaffenzeller/results_project/10b10t/10b10t15c1000e_10-dt80-int/data/param_770_rep_7/config.json,"ArgumentError: invalid JSON at byte position 0 while parsing type Any: UnexpectedEOF

"
/project/theorie/n/N.Pfaffenzeller/results_project/10b10t/10b10t15c1000e_10-dt80-int,param_770_rep_8,/project/theorie/n/N.Pfaffenzeller/results_project/10b10t/10b10t15c1000e_10-dt80-int/data/param_770_rep_8,/project/theorie/n/N.Pfaffenzeller/results_project/10b10t/10b10t15c1000e_10-dt80-int/data/param_770_rep_8/event_log.csv,/project/theorie/n/N.Pfaffenzeller/results_project/10b10t/10b10t15c1000e_10-dt80-int/data/param_770_rep_8/config.json,"ArgumentError: invalid JSON at byte position 0 while parsing type Any: UnexpectedEOF

"
/project/theorie/n/N.Pfaffenzeller/results_project/10b10t/10b10t15c1000e_10-dt80-int,param_770_rep_9,/project/theorie/n/N.Pfaffenzeller/results_project/10b10t/10b10t15c1000e_10-dt80-int/data/param_770_rep_9,/project/theorie/n/N.Pfaffenzeller/results_project/10b10t/10b10t15c1000e_10-dt80-int/data/param_770_rep_9/event_log.csv,/project/theorie/n/N.Pfaffenzeller/results_project/10b10t/10b10t15c1000e_10-dt80-int/data/param_770_rep_9/config.json,"ArgumentError: invalid JSON at byte position 0 while parsing type Any: UnexpectedEOF

"
/project/theorie/n/N.Pfaffenzeller/results_project/10b10t/10b10t15c1000e_10-dt80-int,param_771_rep_1,/project/theorie/n/N.Pfaffenzeller/results_project/10b10t/10b10t15c1000e_10-dt80-int/data/param_771_rep_1,/project/theorie/n/N.Pfaffenzeller/results_project/10b10t/10b10t15c1000e_10-dt80-int/data/param_771_rep_1/event_log.csv,/project/theorie/n/N.Pfaffenzeller/results_project/10b10t/10b10t15c1000e_10-dt80-int/data/param_771_rep_1/config.json,"ArgumentError: invalid JSON at byte position 0 while parsing type Any: UnexpectedEOF

"
/project/theorie/n/N.Pfaffenzeller/results_project/10b10t/10b10t15c1000e_10-dt80-int,param_771_rep_10,/project/theorie/n/N.Pfaffenzeller/results_project/10b10t/10b10t15c1000e_10-dt80-int/data/param_771_rep_10,/project/theorie/n/N.Pfaffenzeller/results_project/10b10t/10b10t15c1000e_10-dt80-int/data/param_771_rep_10/event_log.csv,/project/theorie/n/N.Pfaffenzeller/results_project/10b10t/10b10t15c1000e_10-dt80-int/data/param_771_rep_10/config.json,"ArgumentError: invalid JSON at byte position 0 while parsing type Any: UnexpectedEOF

"
/project/theorie/n/N.Pfaffenzeller/results_project/10b10t/10b10t15c1000e_10-dt80-int,param_771_rep_2,/project/theorie/n/N.Pfaffenzeller/results_project/10b10t/10b10t15c1000e_10-dt80-int/data/param_771_rep_2,/project/theorie/n/N.Pfaffenzeller/results_project/10b10t/10b10t15c1000e_10-dt80-int/data/param_771_rep_2/event_log.csv,/project/theorie/n/N.Pfaffenzeller/results_project/10b10t/10b10t15c1000e_10-dt80-int/data/param_771_rep_2/config.json,"ArgumentError: invalid JSON at byte position 0 while parsing type Any: UnexpectedEOF

"
/project/theorie/n/N.Pfaffenzeller/results_project/10b10t/10b10t15c1000e_10-dt80-int,param_771_rep_3,/project/theorie/n/N.Pfaffenzeller/results_project/10b10t/10b10t15c1000e_10-dt80-int/data/param_771_rep_3,/project/theorie/n/N.Pfaffenzeller/results_project/10b10t/10b10t15c1000e_10-dt80-int/data/param_771_rep_3/event_log.csv,/project/theorie/n/N.Pfaffenzeller/results_project/10b10t/10b10t15c1000e_10-dt80-int/data/param_771_rep_3/config.json,"ArgumentError: invalid JSON at byte position 0 while parsing type Any: UnexpectedEOF

"
/project/theorie/n/N.Pfaffenzeller/results_project/10b10t/10b10t15c1000e_10-dt80-int,param_771_rep_4,/project/theorie/n/N.Pfaffenzeller/results_project/10b10t/10b10t15c1000e_10-dt80-int/data/param_771_rep_4,/project/theorie/n/N.Pfaffenzeller/results_project/10b10t/10b10t15c1000e_10-dt80-int/data/param_771_rep_4/event_log.csv,/project/theorie/n/N.Pfaffenzeller/results_project/10b10t/10b10t15c1000e_10-dt80-int/data/param_771_rep_4/config.json,"ArgumentError: invalid JSON at byte position 0 while parsing type Any: UnexpectedEOF

"
/project/theorie/n/N.Pfaffenzeller/results_project/10b10t/10b10t15c1000e_10-dt80-int,param_771_rep_5,/project/theorie/n/N.Pfaffenzeller/results_project/10b10t/10b10t15c1000e_10-dt80-int/data/param_771_rep_5,/project/theorie/n/N.Pfaffenzeller/results_project/10b10t/10b10t15c1000e_10-dt80-int/data/param_771_rep_5/event_log.csv,/project/theorie/n/N.Pfaffenzeller/results_project/10b10t/10b10t15c1000e_10-dt80-int/data/param_771_rep_5/config.json,"ArgumentError: invalid JSON at byte position 0 while parsing type Any: UnexpectedEOF

"
/project/theorie/n/N.Pfaffenzeller/results_project/10b10t/10b10t15c1000e_10-dt80-int,param_771_rep_6,/project/theorie/n/N.Pfaffenzeller/results_project/10b10t/10b10t15c1000e_10-dt80-int/data/param_771_rep_6,/project/theorie/n/N.Pfaffenzeller/results_project/10b10t/10b10t15c1000e_10-dt80-int/data/param_771_rep_6/event_log.csv,/project/theorie/n/N.Pfaffenzeller/results_project/10b10t/10b10t15c1000e_10-dt80-int/data/param_771_rep_6/config.json,"ArgumentError: invalid JSON at byte position 0 while parsing type Any: UnexpectedEOF

"
/project/theorie/n/N.Pfaffenzeller/results_project/10b10t/10b10t15c1000e_10-dt80-int,param_771_rep_7,/project/theorie/n/N.Pfaffenzeller/results_project/10b10t/10b10t15c1000e_10-dt80-int/data/param_771_rep_7,/project/theorie/n/N.Pfaffenzeller/results_project/10b10t/10b10t15c1000e_10-dt80-int/data/param_771_rep_7/event_log.csv,/project/theorie/n/N.Pfaffenzeller/results_project/10b10t/10b10t15c1000e_10-dt80-int/data/param_771_rep_7/config.json,"ArgumentError: invalid JSON at byte position 0 while parsing type Any: UnexpectedEOF

"
/project/theorie/n/N.Pfaffenzeller/results_project/10b10t/10b10t15c1000e_10-dt80-int,param_771_rep_8,/project/theorie/n/N.Pfaffenzeller/results_project/10b10t/10b10t15c1000e_10-dt80-int/data/param_771_rep_8,/project/theorie/n/N.Pfaffenzeller/results_project/10b10t/10b10t15c1000e_10-dt80-int/data/param_771_rep_8/event_log.csv,/project/theorie/n/N.Pfaffenzeller/results_project/10b10t/10b10t15c1000e_10-dt80-int/data/param_771_rep_8/config.json,"ArgumentError: invalid JSON at byte position 0 while parsing type Any: UnexpectedEOF

"
/project/theorie/n/N.Pfaffenzeller/results_project/10b10t/10b10t15c1000e_10-dt80-int,param_771_rep_9,/project/theorie/n/N.Pfaffenzeller/results_project/10b10t/10b10t15c1000e_10-dt80-int/data/param_771_rep_9,/project/theorie/n/N.Pfaffenzeller/results_project/10b10t/10b10t15c1000e_10-dt80-int/data/param_771_rep_9/event_log.csv,/project/theorie/n/N.Pfaffenzeller/results_project/10b10t/10b10t15c1000e_10-dt80-int/data/param_771_rep_9/config.json,"ArgumentError: invalid JSON at byte position 0 while parsing type Any: UnexpectedEOF

"
/project/theorie/n/N.Pfaffenzeller/results_project/10b10t/10b10t15c1000e_10-dt80-int,param_772_rep_1,/project/theorie/n/N.Pfaffenzeller/results_project/10b10t/10b10t15c1000e_10-dt80-int/data/param_772_rep_1,/project/theorie/n/N.Pfaffenzeller/results_project/10b10t/10b10t15c1000e_10-dt80-int/data/param_772_rep_1/event_log.csv,/project/theorie/n/N.Pfaffenzeller/results_project/10b10t/10b10t15c1000e_10-dt80-int/data/param_772_rep_1/config.json,"ArgumentError: invalid JSON at byte position 0 while parsing type Any: UnexpectedEOF

"
/project/theorie/n/N.Pfaffenzeller/results_project/10b10t/10b10t15c1000e_10-dt80-int,param_772_rep_10,/project/theorie/n/N.Pfaffenzeller/results_project/10b10t/10b10t15c1000e_10-dt80-int/data/param_772_rep_10,/project/theorie/n/N.Pfaffenzeller/results_project/10b10t/10b10t15c1000e_10-dt80-int/data/param_772_rep_10/event_log.csv,/project/theorie/n/N.Pfaffenzeller/results_project/10b10t/10b10t15c1000e_10-dt80-int/data/param_772_rep_10/config.json,"ArgumentError: invalid JSON at byte position 0 while parsing type Any: UnexpectedEOF

"
/project/theorie/n/N.Pfaffenzeller/results_project/10b10t/10b10t15c1000e_10-dt80-int,param_772_rep_2,/project/theorie/n/N.Pfaffenzeller/results_project/10b10t/10b10t15c1000e_10-dt80-int/data/param_772_rep_2,/project/theorie/n/N.Pfaffenzeller/results_project/10b10t/10b10t15c1000e_10-dt80-int/data/param_772_rep_2/event_log.csv,/project/theorie/n/N.Pfaffenzeller/results_project/10b10t/10b10t15c1000e_10-dt80-int/data/param_772_rep_2/config.json,"ArgumentError: invalid JSON at byte position 0 while parsing type Any: UnexpectedEOF

"
/project/theorie/n/N.Pfaffenzeller/results_project/10b10t/10b10t15c1000e_10-dt80-int,param_772_rep_3,/project/theorie/n/N.Pfaffenzeller/results_project/10b10t/10b10t15c1000e_10-dt80-int/data/param_772_rep_3,/project/theorie/n/N.Pfaffenzeller/results_project/10b10t/10b10t15c1000e_10-dt80-int/data/param_772_rep_3/event_log.csv,/project/theorie/n/N.Pfaffenzeller/results_project/10b10t/10b10t15c1000e_10-dt80-int/data/param_772_rep_3/config.json,"ArgumentError: invalid JSON at byte position 0 while parsing type Any: UnexpectedEOF

"
/project/theorie/n/N.Pfaffenzeller/results_project/10b10t/10b10t15c1000e_10-dt80-int,param_772_rep_4,/project/theorie/n/N.Pfaffenzeller/results_project/10b10t/10b10t15c1000e_10-dt80-int/data/param_772_rep_4,/project/theorie/n/N.Pfaffenzeller/results_project/10b10t/10b10t15c1000e_10-dt80-int/data/param_772_rep_4/event_log.csv,/project/theorie/n/N.Pfaffenzeller/results_project/10b10t/10b10t15c1000e_10-dt80-int/data/param_772_rep_4/config.json,"ArgumentError: invalid JSON at byte position 0 while parsing type Any: UnexpectedEOF

"
/project/theorie/n/N.Pfaffenzeller/results_project/10b10t/10b10t15c1000e_10-dt80-int,param_772_rep_5,/project/theorie/n/N.Pfaffenzeller/results_project/10b10t/10b10t15c1000e_10-dt80-int/data/param_772_rep_5,/project/theorie/n/N.Pfaffenzeller/results_project/10b10t/10b10t15c1000e_10-dt80-int/data/param_772_rep_5/event_log.csv,/project/theorie/n/N.Pfaffenzeller/results_project/10b10t/10b10t15c1000e_10-dt80-int/data/param_772_rep_5/config.json,"ArgumentError: invalid JSON at byte position 0 while parsing type Any: UnexpectedEOF

"
/project/theorie/n/N.Pfaffenzeller/results_project/10b10t/10b10t15c1000e_10-dt80-int,param_772_rep_6,/project/theorie/n/N.Pfaffenzeller/results_project/10b10t/10b10t15c1000e_10-dt80-int/data/param_772_rep_6,/project/theorie/n/N.Pfaffenzeller/results_project/10b10t/10b10t15c1000e_10-dt80-int/data/param_772_rep_6/event_log.csv,/project/theorie/n/N.Pfaffenzeller/results_project/10b10t/10b10t15c1000e_10-dt80-int/data/param_772_rep_6/config.json,"ArgumentError: invalid JSON at byte position 0 while parsing type Any: UnexpectedEOF

"
/project/theorie/n/N.Pfaffenzeller/results_project/10b10t/10b10t15c1000e_10-dt80-int,param_772_rep_7,/project/theorie/n/N.Pfaffenzeller/results_project/10b10t/10b10t15c1000e_10-dt80-int/data/param_772_rep_7,/project/theorie/n/N.Pfaffenzeller/results_project/10b10t/10b10t15c1000e_10-dt80-int/data/param_772_rep_7/event_log.csv,/project/theorie/n/N.Pfaffenzeller/results_project/10b10t/10b10t15c1000e_10-dt80-int/data/param_772_rep_7/config.json,"ArgumentError: invalid JSON at byte position 0 while parsing type Any: UnexpectedEOF

"
/project/theorie/n/N.Pfaffenzeller/results_project/10b10t/10b10t15c1000e_10-dt80-int,param_772_rep_8,/project/theorie/n/N.Pfaffenzeller/results_project/10b10t/10b10t15c1000e_10-dt80-int/data/param_772_rep_8,/project/theorie/n/N.Pfaffenzeller/results_project/10b10t/10b10t15c1000e_10-dt80-int/data/param_772_rep_8/event_log.csv,/project/theorie/n/N.Pfaffenzeller/results_project/10b10t/10b10t15c1000e_10-dt80-int/data/param_772_rep_8/config.json,"ArgumentError: invalid JSON at byte position 0 while parsing type Any: UnexpectedEOF

"
/project/theorie/n/N.Pfaffenzeller/results_project/10b10t/10b10t15c1000e_10-dt80-int,param_772_rep_9,/project/theorie/n/N.Pfaffenzeller/results_project/10b10t/10b10t15c1000e_10-dt80-int/data/param_772_rep_9,/project/theorie/n/N.Pfaffenzeller/results_project/10b10t/10b10t15c1000e_10-dt80-int/data/param_772_rep_9/event_log.csv,/project/theorie/n/N.Pfaffenzeller/results_project/10b10t/10b10t15c1000e_10-dt80-int/data/param_772_rep_9/config.json,"ArgumentError: invalid JSON at byte position 0 while parsing type Any: UnexpectedEOF

"
/project/theorie/n/N.Pfaffenzeller/results_project/10b10t/10b10t15c1000e_10-dt80-int,param_773_rep_1,/project/theorie/n/N.Pfaffenzeller/results_project/10b10t/10b10t15c1000e_10-dt80-int/data/param_773_rep_1,/project/theorie/n/N.Pfaffenzeller/results_project/10b10t/10b10t15c1000e_10-dt80-int/data/param_773_rep_1/event_log.csv,/project/theorie/n/N.Pfaffenzeller/results_project/10b10t/10b10t15c1000e_10-dt80-int/data/param_773_rep_1/config.json,"ArgumentError: invalid JSON at byte position 0 while parsing type Any: UnexpectedEOF

"
/project/theorie/n/N.Pfaffenzeller/results_project/10b10t/10b10t15c1000e_10-dt80-int,param_773_rep_10,/project/theorie/n/N.Pfaffenzeller/results_project/10b10t/10b10t15c1000e_10-dt80-int/data/param_773_rep_10,/project/theorie/n/N.Pfaffenzeller/results_project/10b10t/10b10t15c1000e_10-dt80-int/data/param_773_rep_10/event_log.csv,/project/theorie/n/N.Pfaffenzeller/results_project/10b10t/10b10t15c1000e_10-dt80-int/data/param_773_rep_10/config.json,"ArgumentError: invalid JSON at byte position 0 while parsing type Any: UnexpectedEOF

"
/project/theorie/n/N.Pfaffenzeller/results_project/10b10t/10b10t15c1000e_10-dt80-int,param_773_rep_2,/project/theorie/n/N.Pfaffenzeller/results_project/10b10t/10b10t15c1000e_10-dt80-int/data/param_773_rep_2,/project/theorie/n/N.Pfaffenzeller/results_project/10b10t/10b10t15c1000e_10-dt80-int/data/param_773_rep_2/event_log.csv,/project/theorie/n/N.Pfaffenzeller/results_project/10b10t/10b10t15c1000e_10-dt80-int/data/param_773_rep_2/config.json,"ArgumentError: invalid JSON at byte position 0 while parsing type Any: UnexpectedEOF

"
/project/theorie/n/N.Pfaffenzeller/results_project/10b10t/10b10t15c1000e_10-dt80-int,param_773_rep_3,/project/theorie/n/N.Pfaffenzeller/results_project/10b10t/10b10t15c1000e_10-dt80-int/data/param_773_rep_3,/project/theorie/n/N.Pfaffenzeller/results_project/10b10t/10b10t15c1000e_10-dt80-int/data/param_773_rep_3/event_log.csv,/project/theorie/n/N.Pfaffenzeller/results_project/10b10t/10b10t15c1000e_10-dt80-int/data/param_773_rep_3/config.json,"ArgumentError: invalid JSON at byte position 0 while parsing type Any: UnexpectedEOF

"
/project/theorie/n/N.Pfaffenzeller/results_project/10b10t/10b10t15c1000e_10-dt80-int,param_773_rep_4,/project/theorie/n/N.Pfaffenzeller/results_project/10b10t/10b10t15c1000e_10-dt80-int/data/param_773_rep_4,/project/theorie/n/N.Pfaffenzeller/results_project/10b10t/10b10t15c1000e_10-dt80-int/data/param_773_rep_4/event_log.csv,/project/theorie/n/N.Pfaffenzeller/results_project/10b10t/10b10t15c1000e_10-dt80-int/data/param_773_rep_4/config.json,"ArgumentError: invalid JSON at byte position 0 while parsing type Any: UnexpectedEOF

"
/project/theorie/n/N.Pfaffenzeller/results_project/10b10t/10b10t15c1000e_10-dt80-int,param_773_rep_5,/project/theorie/n/N.Pfaffenzeller/results_project/10b10t/10b10t15c1000e_10-dt80-int/data/param_773_rep_5,/project/theorie/n/N.Pfaffenzeller/results_project/10b10t/10b10t15c1000e_10-dt80-int/data/param_773_rep_5/event_log.csv,/project/theorie/n/N.Pfaffenzeller/results_project/10b10t/10b10t15c1000e_10-dt80-int/data/param_773_rep_5/config.json,"ArgumentError: invalid JSON at byte position 0 while parsing type Any: UnexpectedEOF

"
/project/theorie/n/N.Pfaffenzeller/results_project/10b10t/10b10t15c1000e_10-dt80-int,param_773_rep_6,/project/theorie/n/N.Pfaffenzeller/results_project/10b10t/10b10t15c1000e_10-dt80-int/data/param_773_rep_6,/project/theorie/n/N.Pfaffenzeller/results_project/10b10t/10b10t15c1000e_10-dt80-int/data/param_773_rep_6/event_log.csv,/project/theorie/n/N.Pfaffenzeller/results_project/10b10t/10b10t15c1000e_10-dt80-int/data/param_773_rep_6/config.json,"ArgumentError: invalid JSON at byte position 0 while parsing type Any: UnexpectedEOF

"
/project/theorie/n/N.Pfaffenzeller/results_project/10b10t/10b10t15c1000e_10-dt80-int,param_773_rep_7,/project/theorie/n/N.Pfaffenzeller/results_project/10b10t/10b10t15c1000e_10-dt80-int/data/param_773_rep_7,/project/theorie/n/N.Pfaffenzeller/results_project/10b10t/10b10t15c1000e_10-dt80-int/data/param_773_rep_7/event_log.csv,/project/theorie/n/N.Pfaffenzeller/results_project/10b10t/10b10t15c1000e_10-dt80-int/data/param_773_rep_7/config.json,"ArgumentError: invalid JSON at byte position 0 while parsing type Any: UnexpectedEOF

"
/project/theorie/n/N.Pfaffenzeller/results_project/10b10t/10b10t15c1000e_10-dt80-int,param_773_rep_8,/project/theorie/n/N.Pfaffenzeller/results_project/10b10t/10b10t15c1000e_10-dt80-int/data/param_773_rep_8,/project/theorie/n/N.Pfaffenzeller/results_project/10b10t/10b10t15c1000e_10-dt80-int/data/param_773_rep_8/event_log.csv,/project/theorie/n/N.Pfaffenzeller/results_project/10b10t/10b10t15c1000e_10-dt80-int/data/param_773_rep_8/config.json,"ArgumentError: invalid JSON at byte position 0 while parsing type Any: UnexpectedEOF

"
/project/theorie/n/N.Pfaffenzeller/results_project/10b10t/10b10t15c1000e_10-dt80-int,param_773_rep_9,/project/theorie/n/N.Pfaffenzeller/results_project/10b10t/10b10t15c1000e_10-dt80-int/data/param_773_rep_9,/project/theorie/n/N.Pfaffenzeller/results_project/10b10t/10b10t15c1000e_10-dt80-int/data/param_773_rep_9/event_log.csv,/project/theorie/n/N.Pfaffenzeller/results_project/10b10t/10b10t15c1000e_10-dt80-int/data/param_773_rep_9/config.json,"ArgumentError: invalid JSON at byte position 0 while parsing type Any: UnexpectedEOF

"
/project/theorie/n/N.Pfaffenzeller/results_project/10b10t/10b10t15c1000e_10-dt80-int,param_774_rep_1,/project/theorie/n/N.Pfaffenzeller/results_project/10b10t/10b10t15c1000e_10-dt80-int/data/param_774_rep_1,/project/theorie/n/N.Pfaffenzeller/results_project/10b10t/10b10t15c1000e_10-dt80-int/data/param_774_rep_1/event_log.csv,/project/theorie/n/N.Pfaffenzeller/results_project/10b10t/10b10t15c1000e_10-dt80-int/data/param_774_rep_1/config.json,"ArgumentError: invalid JSON at byte position 0 while parsing type Any: UnexpectedEOF

"
/project/theorie/n/N.Pfaffenzeller/results_project/10b10t/10b10t15c1000e_10-dt80-int,param_774_rep_10,/project/theorie/n/N.Pfaffenzeller/results_project/10b10t/10b10t15c1000e_10-dt80-int/data/param_774_rep_10,/project/theorie/n/N.Pfaffenzeller/results_project/10b10t/10b10t15c1000e_10-dt80-int/data/param_774_rep_10/event_log.csv,/project/theorie/n/N.Pfaffenzeller/results_project/10b10t/10b10t15c1000e_10-dt80-int/data/param_774_rep_10/config.json,"ArgumentError: invalid JSON at byte position 0 while parsing type Any: UnexpectedEOF

"
/project/theorie/n/N.Pfaffenzeller/results_project/10b10t/10b10t15c1000e_10-dt80-int,param_774_rep_2,/project/theorie/n/N.Pfaffenzeller/results_project/10b10t/10b10t15c1000e_10-dt80-int/data/param_774_rep_2,/project/theorie/n/N.Pfaffenzeller/results_project/10b10t/10b10t15c1000e_10-dt80-int/data/param_774_rep_2/event_log.csv,/project/theorie/n/N.Pfaffenzeller/results_project/10b10t/10b10t15c1000e_10-dt80-int/data/param_774_rep_2/config.json,"ArgumentError: invalid JSON at byte position 0 while parsing type Any: UnexpectedEOF

"
/project/theorie/n/N.Pfaffenzeller/results_project/10b10t/10b10t15c1000e_10-dt80-int,param_774_rep_3,/project/theorie/n/N.Pfaffenzeller/results_project/10b10t/10b10t15c1000e_10-dt80-int/data/param_774_rep_3,/project/theorie/n/N.Pfaffenzeller/results_project/10b10t/10b10t15c1000e_10-dt80-int/data/param_774_rep_3/event_log.csv,/project/theorie/n/N.Pfaffenzeller/results_project/10b10t/10b10t15c1000e_10-dt80-int/data/param_774_rep_3/config.json,"ArgumentError: invalid JSON at byte position 0 while parsing type Any: UnexpectedEOF

"
/project/theorie/n/N.Pfaffenzeller/results_project/10b10t/10b10t15c1000e_10-dt80-int,param_774_rep_4,/project/theorie/n/N.Pfaffenzeller/results_project/10b10t/10b10t15c1000e_10-dt80-int/data/param_774_rep_4,/project/theorie/n/N.Pfaffenzeller/results_project/10b10t/10b10t15c1000e_10-dt80-int/data/param_774_rep_4/event_log.csv,/project/theorie/n/N.Pfaffenzeller/results_project/10b10t/10b10t15c1000e_10-dt80-int/data/param_774_rep_4/config.json,"ArgumentError: invalid JSON at byte position 0 while parsing type Any: UnexpectedEOF

"
/project/theorie/n/N.Pfaffenzeller/results_project/10b10t/10b10t15c1000e_10-dt80-int,param_774_rep_5,/project/theorie/n/N.Pfaffenzeller/results_project/10b10t/10b10t15c1000e_10-dt80-int/data/param_774_rep_5,/project/theorie/n/N.Pfaffenzeller/results_project/10b10t/10b10t15c1000e_10-dt80-int/data/param_774_rep_5/event_log.csv,/project/theorie/n/N.Pfaffenzeller/results_project/10b10t/10b10t15c1000e_10-dt80-int/data/param_774_rep_5/config.json,"ArgumentError: invalid JSON at byte position 0 while parsing type Any: UnexpectedEOF

"
/project/theorie/n/N.Pfaffenzeller/results_project/10b10t/10b10t15c1000e_10-dt80-int,param_774_rep_6,/project/theorie/n/N.Pfaffenzeller/results_project/10b10t/10b10t15c1000e_10-dt80-int/data/param_774_rep_6,/project/theorie/n/N.Pfaffenzeller/results_project/10b10t/10b10t15c1000e_10-dt80-int/data/param_774_rep_6/event_log.csv,/project/theorie/n/N.Pfaffenzeller/results_project/10b10t/10b10t15c1000e_10-dt80-int/data/param_774_rep_6/config.json,"ArgumentError: invalid JSON at byte position 0 while parsing type Any: UnexpectedEOF

"
/project/theorie/n/N.Pfaffenzeller/results_project/10b10t/10b10t15c1000e_10-dt80-int,param_774_rep_7,/project/theorie/n/N.Pfaffenzeller/results_project/10b10t/10b10t15c1000e_10-dt80-int/data/param_774_rep_7,/project/theorie/n/N.Pfaffenzeller/results_project/10b10t/10b10t15c1000e_10-dt80-int/data/param_774_rep_7/event_log.csv,/project/theorie/n/N.Pfaffenzeller/results_project/10b10t/10b10t15c1000e_10-dt80-int/data/param_774_rep_7/config.json,"ArgumentError: invalid JSON at byte position 0 while parsing type Any: UnexpectedEOF

"
/project/theorie/n/N.Pfaffenzeller/results_project/10b10t/10b10t15c1000e_10-dt80-int,param_774_rep_8,/project/theorie/n/N.Pfaffenzeller/results_project/10b10t/10b10t15c1000e_10-dt80-int/data/param_774_rep_8,/project/theorie/n/N.Pfaffenzeller/results_project/10b10t/10b10t15c1000e_10-dt80-int/data/param_774_rep_8/event_log.csv,/project/theorie/n/N.Pfaffenzeller/results_project/10b10t/10b10t15c1000e_10-dt80-int/data/param_774_rep_8/config.json,"ArgumentError: invalid JSON at byte position 0 while parsing type Any: UnexpectedEOF

"
/project/theorie/n/N.Pfaffenzeller/results_project/10b10t/10b10t15c1000e_10-dt80-int,param_774_rep_9,/project/theorie/n/N.Pfaffenzeller/results_project/10b10t/10b10t15c1000e_10-dt80-int/data/param_774_rep_9,/project/theorie/n/N.Pfaffenzeller/results_project/10b10t/10b10t15c1000e_10-dt80-int/data/param_774_rep_9/event_log.csv,/project/theorie/n/N.Pfaffenzeller/results_project/10b10t/10b10t15c1000e_10-dt80-int/data/param_774_rep_9/config.json,"ArgumentError: invalid JSON at byte position 0 while parsing type Any: UnexpectedEOF

"
/project/theorie/n/N.Pfaffenzeller/results_project/10b10t/10b10t15c1000e_10-dt80-int,param_775_rep_1,/project/theorie/n/N.Pfaffenzeller/results_project/10b10t/10b10t15c1000e_10-dt80-int/data/param_775_rep_1,/project/theorie/n/N.Pfaffenzeller/results_project/10b10t/10b10t15c1000e_10-dt80-int/data/param_775_rep_1/event_log.csv,/project/theorie/n/N.Pfaffenzeller/results_project/10b10t/10b10t15c1000e_10-dt80-int/data/param_775_rep_1/config.json,"ArgumentError: invalid JSON at byte position 0 while parsing type Any: UnexpectedEOF

"
/project/theorie/n/N.Pfaffenzeller/results_project/10b10t/10b10t15c1000e_10-dt80-int,param_775_rep_10,/project/theorie/n/N.Pfaffenzeller/results_project/10b10t/10b10t15c1000e_10-dt80-int/data/param_775_rep_10,/project/theorie/n/N.Pfaffenzeller/results_project/10b10t/10b10t15c1000e_10-dt80-int/data/param_775_rep_10/event_log.csv,/project/theorie/n/N.Pfaffenzeller/results_project/10b10t/10b10t15c1000e_10-dt80-int/data/param_775_rep_10/config.json,"ArgumentError: invalid JSON at byte position 0 while parsing type Any: UnexpectedEOF

"
/project/theorie/n/N.Pfaffenzeller/results_project/10b10t/10b10t15c1000e_10-dt80-int,param_775_rep_2,/project/theorie/n/N.Pfaffenzeller/results_project/10b10t/10b10t15c1000e_10-dt80-int/data/param_775_rep_2,/project/theorie/n/N.Pfaffenzeller/results_project/10b10t/10b10t15c1000e_10-dt80-int/data/param_775_rep_2/event_log.csv,/project/theorie/n/N.Pfaffenzeller/results_project/10b10t/10b10t15c1000e_10-dt80-int/data/param_775_rep_2/config.json,"ArgumentError: invalid JSON at byte position 0 while parsing type Any: UnexpectedEOF

"
/project/theorie/n/N.Pfaffenzeller/results_project/10b10t/10b10t15c1000e_10-dt80-int,param_775_rep_3,/project/theorie/n/N.Pfaffenzeller/results_project/10b10t/10b10t15c1000e_10-dt80-int/data/param_775_rep_3,/project/theorie/n/N.Pfaffenzeller/results_project/10b10t/10b10t15c1000e_10-dt80-int/data/param_775_rep_3/event_log.csv,/project/theorie/n/N.Pfaffenzeller/results_project/10b10t/10b10t15c1000e_10-dt80-int/data/param_775_rep_3/config.json,"ArgumentError: invalid JSON at byte position 0 while parsing type Any: UnexpectedEOF

"
/project/theorie/n/N.Pfaffenzeller/results_project/10b10t/10b10t15c1000e_10-dt80-int,param_775_rep_4,/project/theorie/n/N.Pfaffenzeller/results_project/10b10t/10b10t15c1000e_10-dt80-int/data/param_775_rep_4,/project/theorie/n/N.Pfaffenzeller/results_project/10b10t/10b10t15c1000e_10-dt80-int/data/param_775_rep_4/event_log.csv,/project/theorie/n/N.Pfaffenzeller/results_project/10b10t/10b10t15c1000e_10-dt80-int/data/param_775_rep_4/config.json,"ArgumentError: invalid JSON at byte position 0 while parsing type Any: UnexpectedEOF

"
/project/theorie/n/N.Pfaffenzeller/results_project/10b10t/10b10t15c1000e_10-dt80-int,param_775_rep_5,/project/theorie/n/N.Pfaffenzeller/results_project/10b10t/10b10t15c1000e_10-dt80-int/data/param_775_rep_5,/project/theorie/n/N.Pfaffenzeller/results_project/10b10t/10b10t15c1000e_10-dt80-int/data/param_775_rep_5/event_log.csv,/project/theorie/n/N.Pfaffenzeller/results_project/10b10t/10b10t15c1000e_10-dt80-int/data/param_775_rep_5/config.json,"ArgumentError: invalid JSON at byte position 0 while parsing type Any: UnexpectedEOF

"
/project/theorie/n/N.Pfaffenzeller/results_project/10b10t/10b10t15c1000e_10-dt80-int,param_775_rep_6,/project/theorie/n/N.Pfaffenzeller/results_project/10b10t/10b10t15c1000e_10-dt80-int/data/param_775_rep_6,/project/theorie/n/N.Pfaffenzeller/results_project/10b10t/10b10t15c1000e_10-dt80-int/data/param_775_rep_6/event_log.csv,/project/theorie/n/N.Pfaffenzeller/results_project/10b10t/10b10t15c1000e_10-dt80-int/data/param_775_rep_6/config.json,"ArgumentError: invalid JSON at byte position 0 while parsing type Any: UnexpectedEOF

"
/project/theorie/n/N.Pfaffenzeller/results_project/10b10t/10b10t15c1000e_10-dt80-int,param_775_rep_7,/project/theorie/n/N.Pfaffenzeller/results_project/10b10t/10b10t15c1000e_10-dt80-int/data/param_775_rep_7,/project/theorie/n/N.Pfaffenzeller/results_project/10b10t/10b10t15c1000e_10-dt80-int/data/param_775_rep_7/event_log.csv,/project/theorie/n/N.Pfaffenzeller/results_project/10b10t/10b10t15c1000e_10-dt80-int/data/param_775_rep_7/config.json,"ArgumentError: invalid JSON at byte position 0 while parsing type Any: UnexpectedEOF

"
/project/theorie/n/N.Pfaffenzeller/results_project/10b10t/10b10t15c1000e_10-dt80-int,param_775_rep_8,/project/theorie/n/N.Pfaffenzeller/results_project/10b10t/10b10t15c1000e_10-dt80-int/data/param_775_rep_8,/project/theorie/n/N.Pfaffenzeller/results_project/10b10t/10b10t15c1000e_10-dt80-int/data/param_775_rep_8/event_log.csv,/project/theorie/n/N.Pfaffenzeller/results_project/10b10t/10b10t15c1000e_10-dt80-int/data/param_775_rep_8/config.json,"ArgumentError: invalid JSON at byte position 0 while parsing type Any: UnexpectedEOF

"
/project/theorie/n/N.Pfaffenzeller/results_project/10b10t/10b10t15c1000e_10-dt80-int,param_775_rep_9,/project/theorie/n/N.Pfaffenzeller/results_project/10b10t/10b10t15c1000e_10-dt80-int/data/param_775_rep_9,/project/theorie/n/N.Pfaffenzeller/results_project/10b10t/10b10t15c1000e_10-dt80-int/data/param_775_rep_9/event_log.csv,/project/theorie/n/N.Pfaffenzeller/results_project/10b10t/10b10t15c1000e_10-dt80-int/data/param_775_rep_9/config.json,"ArgumentError: invalid JSON at byte position 0 while parsing type Any: UnexpectedEOF

"
/project/theorie/n/N.Pfaffenzeller/results_project/10b10t/10b10t15c1000e_10-dt80-int,param_776_rep_1,/project/theorie/n/N.Pfaffenzeller/results_project/10b10t/10b10t15c1000e_10-dt80-int/data/param_776_rep_1,/project/theorie/n/N.Pfaffenzeller/results_project/10b10t/10b10t15c1000e_10-dt80-int/data/param_776_rep_1/event_log.csv,/project/theorie/n/N.Pfaffenzeller/results_project/10b10t/10b10t15c1000e_10-dt80-int/data/param_776_rep_1/config.json,"ArgumentError: invalid JSON at byte position 0 while parsing type Any: UnexpectedEOF

"
/project/theorie/n/N.Pfaffenzeller/results_project/10b10t/10b10t15c1000e_10-dt80-int,param_776_rep_10,/project/theorie/n/N.Pfaffenzeller/results_project/10b10t/10b10t15c1000e_10-dt80-int/data/param_776_rep_10,/project/theorie/n/N.Pfaffenzeller/results_project/10b10t/10b10t15c1000e_10-dt80-int/data/param_776_rep_10/event_log.csv,/project/theorie/n/N.Pfaffenzeller/results_project/10b10t/10b10t15c1000e_10-dt80-int/data/param_776_rep_10/config.json,"ArgumentError: invalid JSON at byte position 0 while parsing type Any: UnexpectedEOF

"
/project/theorie/n/N.Pfaffenzeller/results_project/10b10t/10b10t15c1000e_10-dt80-int,param_776_rep_2,/project/theorie/n/N.Pfaffenzeller/results_project/10b10t/10b10t15c1000e_10-dt80-int/data/param_776_rep_2,/project/theorie/n/N.Pfaffenzeller/results_project/10b10t/10b10t15c1000e_10-dt80-int/data/param_776_rep_2/event_log.csv,/project/theorie/n/N.Pfaffenzeller/results_project/10b10t/10b10t15c1000e_10-dt80-int/data/param_776_rep_2/config.json,"ArgumentError: invalid JSON at byte position 0 while parsing type Any: UnexpectedEOF

"
/project/theorie/n/N.Pfaffenzeller/results_project/10b10t/10b10t15c1000e_10-dt80-int,param_776_rep_3,/project/theorie/n/N.Pfaffenzeller/results_project/10b10t/10b10t15c1000e_10-dt80-int/data/param_776_rep_3,/project/theorie/n/N.Pfaffenzeller/results_project/10b10t/10b10t15c1000e_10-dt80-int/data/param_776_rep_3/event_log.csv,/project/theorie/n/N.Pfaffenzeller/results_project/10b10t/10b10t15c1000e_10-dt80-int/data/param_776_rep_3/config.json,"ArgumentError: invalid JSON at byte position 0 while parsing type Any: UnexpectedEOF

"
/project/theorie/n/N.Pfaffenzeller/results_project/10b10t/10b10t15c1000e_10-dt80-int,param_776_rep_4,/project/theorie/n/N.Pfaffenzeller/results_project/10b10t/10b10t15c1000e_10-dt80-int/data/param_776_rep_4,/project/theorie/n/N.Pfaffenzeller/results_project/10b10t/10b10t15c1000e_10-dt80-int/data/param_776_rep_4/event_log.csv,/project/theorie/n/N.Pfaffenzeller/results_project/10b10t/10b10t15c1000e_10-dt80-int/data/param_776_rep_4/config.json,"ArgumentError: invalid JSON at byte position 0 while parsing type Any: UnexpectedEOF

"
/project/theorie/n/N.Pfaffenzeller/results_project/10b10t/10b10t15c1000e_10-dt80-int,param_776_rep_5,/project/theorie/n/N.Pfaffenzeller/results_project/10b10t/10b10t15c1000e_10-dt80-int/data/param_776_rep_5,/project/theorie/n/N.Pfaffenzeller/results_project/10b10t/10b10t15c1000e_10-dt80-int/data/param_776_rep_5/event_log.csv,/project/theorie/n/N.Pfaffenzeller/results_project/10b10t/10b10t15c1000e_10-dt80-int/data/param_776_rep_5/config.json,"ArgumentError: invalid JSON at byte position 0 while parsing type Any: UnexpectedEOF

"
/project/theorie/n/N.Pfaffenzeller/results_project/10b10t/10b10t15c1000e_10-dt80-int,param_776_rep_6,/project/theorie/n/N.Pfaffenzeller/results_project/10b10t/10b10t15c1000e_10-dt80-int/data/param_776_rep_6,/project/theorie/n/N.Pfaffenzeller/results_project/10b10t/10b10t15c1000e_10-dt80-int/data/param_776_rep_6/event_log.csv,/project/theorie/n/N.Pfaffenzeller/results_project/10b10t/10b10t15c1000e_10-dt80-int/data/param_776_rep_6/config.json,"ArgumentError: invalid JSON at byte position 0 while parsing type Any: UnexpectedEOF

"
/project/theorie/n/N.Pfaffenzeller/results_project/10b10t/10b10t15c1000e_10-dt80-int,param_776_rep_7,/project/theorie/n/N.Pfaffenzeller/results_project/10b10t/10b10t15c1000e_10-dt80-int/data/param_776_rep_7,/project/theorie/n/N.Pfaffenzeller/results_project/10b10t/10b10t15c1000e_10-dt80-int/data/param_776_rep_7/event_log.csv,/project/theorie/n/N.Pfaffenzeller/results_project/10b10t/10b10t15c1000e_10-dt80-int/data/param_776_rep_7/config.json,"ArgumentError: invalid JSON at byte position 0 while parsing type Any: UnexpectedEOF

"
/project/theorie/n/N.Pfaffenzeller/results_project/10b10t/10b10t15c1000e_10-dt80-int,param_776_rep_8,/project/theorie/n/N.Pfaffenzeller/results_project/10b10t/10b10t15c1000e_10-dt80-int/data/param_776_rep_8,/project/theorie/n/N.Pfaffenzeller/results_project/10b10t/10b10t15c1000e_10-dt80-int/data/param_776_rep_8/event_log.csv,/project/theorie/n/N.Pfaffenzeller/results_project/10b10t/10b10t15c1000e_10-dt80-int/data/param_776_rep_8/config.json,No task_* columns found (excluding task_id).
/project/theorie/n/N.Pfaffenzeller/results_project/10b10t/10b10t15c1000e_10-dt80-int,param_776_rep_9,/project/theorie/n/N.Pfaffenzeller/results_project/10b10t/10b10t15c1000e_10-dt80-int/data/param_776_rep_9,/project/theorie/n/N.Pfaffenzeller/results_project/10b10t/10b10t15c1000e_10-dt80-int/data/param_776_rep_9/event_log.csv,/project/theorie/n/N.Pfaffenzeller/results_project/10b10t/10b10t15c1000e_10-dt80-int/data/param_776_rep_9/config.json,"ArgumentError: invalid JSON at byte position 0 while parsing type Any: UnexpectedEOF

"
/project/theorie/n/N.Pfaffenzeller/results_project/10b10t/10b10t15c1000e_10-dt80-int,param_777_rep_1,/project/theorie/n/N.Pfaffenzeller/results_project/10b10t/10b10t15c1000e_10-dt80-int/data/param_777_rep_1,/project/theorie/n/N.Pfaffenzeller/results_project/10b10t/10b10t15c1000e_10-dt80-int/data/param_777_rep_1/event_log.csv,/project/theorie/n/N.Pfaffenzeller/results_project/10b10t/10b10t15c1000e_10-dt80-int/data/param_777_rep_1/config.json,"ArgumentError: invalid JSON at byte position 0 while parsing type Any: UnexpectedEOF

"
/project/theorie/n/N.Pfaffenzeller/results_project/10b10t/10b10t15c1000e_10-dt80-int,param_777_rep_10,/project/theorie/n/N.Pfaffenzeller/results_project/10b10t/10b10t15c1000e_10-dt80-int/data/param_777_rep_10,/project/theorie/n/N.Pfaffenzeller/results_project/10b10t/10b10t15c1000e_10-dt80-int/data/param_777_rep_10/event_log.csv,/project/theorie/n/N.Pfaffenzeller/results_project/10b10t/10b10t15c1000e_10-dt80-int/data/param_777_rep_10/config.json,"ArgumentError: invalid JSON at byte position 0 while parsing type Any: UnexpectedEOF

"
/project/theorie/n/N.Pfaffenzeller/results_project/10b10t/10b10t15c1000e_10-dt80-int,param_777_rep_2,/project/theorie/n/N.Pfaffenzeller/results_project/10b10t/10b10t15c1000e_10-dt80-int/data/param_777_rep_2,/project/theorie/n/N.Pfaffenzeller/results_project/10b10t/10b10t15c1000e_10-dt80-int/data/param_777_rep_2/event_log.csv,/project/theorie/n/N.Pfaffenzeller/results_project/10b10t/10b10t15c1000e_10-dt80-int/data/param_777_rep_2/config.json,"ArgumentError: invalid JSON at byte position 0 while parsing type Any: UnexpectedEOF

"
/project/theorie/n/N.Pfaffenzeller/results_project/10b10t/10b10t15c1000e_10-dt80-int,param_777_rep_3,/project/theorie/n/N.Pfaffenzeller/results_project/10b10t/10b10t15c1000e_10-dt80-int/data/param_777_rep_3,/project/theorie/n/N.Pfaffenzeller/results_project/10b10t/10b10t15c1000e_10-dt80-int/data/param_777_rep_3/event_log.csv,/project/theorie/n/N.Pfaffenzeller/results_project/10b10t/10b10t15c1000e_10-dt80-int/data/param_777_rep_3/config.json,"ArgumentError: invalid JSON at byte position 0 while parsing type Any: UnexpectedEOF

"
/project/theorie/n/N.Pfaffenzeller/results_project/10b10t/10b10t15c1000e_10-dt80-int,param_777_rep_4,/project/theorie/n/N.Pfaffenzeller/results_project/10b10t/10b10t15c1000e_10-dt80-int/data/param_777_rep_4,/project/theorie/n/N.Pfaffenzeller/results_project/10b10t/10b10t15c1000e_10-dt80-int/data/param_777_rep_4/event_log.csv,/project/theorie/n/N.Pfaffenzeller/results_project/10b10t/10b10t15c1000e_10-dt80-int/data/param_777_rep_4/config.json,"ArgumentError: invalid JSON at byte position 0 while parsing type Any: UnexpectedEOF

"
/project/theorie/n/N.Pfaffenzeller/results_project/10b10t/10b10t15c1000e_10-dt80-int,param_777_rep_5,/project/theorie/n/N.Pfaffenzeller/results_project/10b10t/10b10t15c1000e_10-dt80-int/data/param_777_rep_5,/project/theorie/n/N.Pfaffenzeller/results_project/10b10t/10b10t15c1000e_10-dt80-int/data/param_777_rep_5/event_log.csv,/project/theorie/n/N.Pfaffenzeller/results_project/10b10t/10b10t15c1000e_10-dt80-int/data/param_777_rep_5/config.json,"ArgumentError: invalid JSON at byte position 0 while parsing type Any: UnexpectedEOF

"
/project/theorie/n/N.Pfaffenzeller/results_project/10b10t/10b10t15c1000e_10-dt80-int,param_777_rep_6,/project/theorie/n/N.Pfaffenzeller/results_project/10b10t/10b10t15c1000e_10-dt80-int/data/param_777_rep_6,/project/theorie/n/N.Pfaffenzeller/results_project/10b10t/10b10t15c1000e_10-dt80-int/data/param_777_rep_6/event_log.csv,/project/theorie/n/N.Pfaffenzeller/results_project/10b10t/10b10t15c1000e_10-dt80-int/data/param_777_rep_6/config.json,"ArgumentError: invalid JSON at byte position 0 while parsing type Any: UnexpectedEOF

"
/project/theorie/n/N.Pfaffenzeller/results_project/10b10t/10b10t15c1000e_10-dt80-int,param_777_rep_7,/project/theorie/n/N.Pfaffenzeller/results_project/10b10t/10b10t15c1000e_10-dt80-int/data/param_777_rep_7,/project/theorie/n/N.Pfaffenzeller/results_project/10b10t/10b10t15c1000e_10-dt80-int/data/param_777_rep_7/event_log.csv,/project/theorie/n/N.Pfaffenzeller/results_project/10b10t/10b10t15c1000e_10-dt80-int/data/param_777_rep_7/config.json,"ArgumentError: invalid JSON at byte position 0 while parsing type Any: UnexpectedEOF

"
/project/theorie/n/N.Pfaffenzeller/results_project/10b10t/10b10t15c1000e_10-dt80-int,param_777_rep_8,/project/theorie/n/N.Pfaffenzeller/results_project/10b10t/10b10t15c1000e_10-dt80-int/data/param_777_rep_8,/project/theorie/n/N.Pfaffenzeller/results_project/10b10t/10b10t15c1000e_10-dt80-int/data/param_777_rep_8/event_log.csv,/project/theorie/n/N.Pfaffenzeller/results_project/10b10t/10b10t15c1000e_10-dt80-int/data/param_777_rep_8/config.json,"ArgumentError: invalid JSON at byte position 0 while parsing type Any: UnexpectedEOF

"
/project/theorie/n/N.Pfaffenzeller/results_project/10b10t/10b10t15c1000e_10-dt80-int,param_777_rep_9,/project/theorie/n/N.Pfaffenzeller/results_project/10b10t/10b10t15c1000e_10-dt80-int/data/param_777_rep_9,/project/theorie/n/N.Pfaffenzeller/results_project/10b10t/10b10t15c1000e_10-dt80-int/data/param_777_rep_9/event_log.csv,/project/theorie/n/N.Pfaffenzeller/results_project/10b10t/10b10t15c1000e_10-dt80-int/data/param_777_rep_9/config.json,"ArgumentError: invalid JSON at byte position 0 while parsing type Any: UnexpectedEOF

"
/project/theorie/n/N.Pfaffenzeller/results_project/10b10t/10b10t15c1000e_10-dt80-int,param_778_rep_1,/project/theorie/n/N.Pfaffenzeller/results_project/10b10t/10b10t15c1000e_10-dt80-int/data/param_778_rep_1,/project/theorie/n/N.Pfaffenzeller/results_project/10b10t/10b10t15c1000e_10-dt80-int/data/param_778_rep_1/event_log.csv,/project/theorie/n/N.Pfaffenzeller/results_project/10b10t/10b10t15c1000e_10-dt80-int/data/param_778_rep_1/config.json,"ArgumentError: invalid JSON at byte position 0 while parsing type Any: UnexpectedEOF

"
/project/theorie/n/N.Pfaffenzeller/results_project/10b10t/10b10t15c1000e_10-dt80-int,param_778_rep_10,/project/theorie/n/N.Pfaffenzeller/results_project/10b10t/10b10t15c1000e_10-dt80-int/data/param_778_rep_10,/project/theorie/n/N.Pfaffenzeller/results_project/10b10t/10b10t15c1000e_10-dt80-int/data/param_778_rep_10/event_log.csv,/project/theorie/n/N.Pfaffenzeller/results_project/10b10t/10b10t15c1000e_10-dt80-int/data/param_778_rep_10/config.json,"ArgumentError: invalid JSON at byte position 0 while parsing type Any: UnexpectedEOF

"
/project/theorie/n/N.Pfaffenzeller/results_project/10b10t/10b10t15c1000e_10-dt80-int,param_778_rep_2,/project/theorie/n/N.Pfaffenzeller/results_project/10b10t/10b10t15c1000e_10-dt80-int/data/param_778_rep_2,/project/theorie/n/N.Pfaffenzeller/results_project/10b10t/10b10t15c1000e_10-dt80-int/data/param_778_rep_2/event_log.csv,/project/theorie/n/N.Pfaffenzeller/results_project/10b10t/10b10t15c1000e_10-dt80-int/data/param_778_rep_2/config.json,"ArgumentError: invalid JSON at byte position 0 while parsing type Any: UnexpectedEOF

"
/project/theorie/n/N.Pfaffenzeller/results_project/10b10t/10b10t15c1000e_10-dt80-int,param_778_rep_3,/project/theorie/n/N.Pfaffenzeller/results_project/10b10t/10b10t15c1000e_10-dt80-int/data/param_778_rep_3,/project/theorie/n/N.Pfaffenzeller/results_project/10b10t/10b10t15c1000e_10-dt80-int/data/param_778_rep_3/event_log.csv,/project/theorie/n/N.Pfaffenzeller/results_project/10b10t/10b10t15c1000e_10-dt80-int/data/param_778_rep_3/config.json,"ArgumentError: invalid JSON at byte position 0 while parsing type Any: UnexpectedEOF

"
/project/theorie/n/N.Pfaffenzeller/results_project/10b10t/10b10t15c1000e_10-dt80-int,param_778_rep_4,/project/theorie/n/N.Pfaffenzeller/results_project/10b10t/10b10t15c1000e_10-dt80-int/data/param_778_rep_4,/project/theorie/n/N.Pfaffenzeller/results_project/10b10t/10b10t15c1000e_10-dt80-int/data/param_778_rep_4/event_log.csv,/project/theorie/n/N.Pfaffenzeller/results_project/10b10t/10b10t15c1000e_10-dt80-int/data/param_778_rep_4/config.json,"ArgumentError: invalid JSON at byte position 0 while parsing type Any: UnexpectedEOF

"
/project/theorie/n/N.Pfaffenzeller/results_project/10b10t/10b10t15c1000e_10-dt80-int,param_778_rep_5,/project/theorie/n/N.Pfaffenzeller/results_project/10b10t/10b10t15c1000e_10-dt80-int/data/param_778_rep_5,/project/theorie/n/N.Pfaffenzeller/results_project/10b10t/10b10t15c1000e_10-dt80-int/data/param_778_rep_5/event_log.csv,/project/theorie/n/N.Pfaffenzeller/results_project/10b10t/10b10t15c1000e_10-dt80-int/data/param_778_rep_5/config.json,"ArgumentError: invalid JSON at byte position 0 while parsing type Any: UnexpectedEOF

"
/project/theorie/n/N.Pfaffenzeller/results_project/10b10t/10b10t15c1000e_10-dt80-int,param_778_rep_6,/project/theorie/n/N.Pfaffenzeller/results_project/10b10t/10b10t15c1000e_10-dt80-int/data/param_778_rep_6,/project/theorie/n/N.Pfaffenzeller/results_project/10b10t/10b10t15c1000e_10-dt80-int/data/param_778_rep_6/event_log.csv,/project/theorie/n/N.Pfaffenzeller/results_project/10b10t/10b10t15c1000e_10-dt80-int/data/param_778_rep_6/config.json,"ArgumentError: invalid JSON at byte position 0 while parsing type Any: UnexpectedEOF

"
/project/theorie/n/N.Pfaffenzeller/results_project/10b10t/10b10t15c1000e_10-dt80-int,param_778_rep_7,/project/theorie/n/N.Pfaffenzeller/results_project/10b10t/10b10t15c1000e_10-dt80-int/data/param_778_rep_7,/project/theorie/n/N.Pfaffenzeller/results_project/10b10t/10b10t15c1000e_10-dt80-int/data/param_778_rep_7/event_log.csv,/project/theorie/n/N.Pfaffenzeller/results_project/10b10t/10b10t15c1000e_10-dt80-int/data/param_778_rep_7/config.json,"ArgumentError: invalid JSON at byte position 0 while parsing type Any: UnexpectedEOF

"
/project/theorie/n/N.Pfaffenzeller/results_project/10b10t/10b10t15c1000e_10-dt80-int,param_778_rep_8,/project/theorie/n/N.Pfaffenzeller/results_project/10b10t/10b10t15c1000e_10-dt80-int/data/param_778_rep_8,/project/theorie/n/N.Pfaffenzeller/results_project/10b10t/10b10t15c1000e_10-dt80-int/data/param_778_rep_8/event_log.csv,/project/theorie/n/N.Pfaffenzeller/results_project/10b10t/10b10t15c1000e_10-dt80-int/data/param_778_rep_8/config.json,"ArgumentError: invalid JSON at byte position 0 while parsing type Any: UnexpectedEOF

"
/project/theorie/n/N.Pfaffenzeller/results_project/10b10t/10b10t15c1000e_10-dt80-int,param_778_rep_9,/project/theorie/n/N.Pfaffenzeller/results_project/10b10t/10b10t15c1000e_10-dt80-int/data/param_778_rep_9,/project/theorie/n/N.Pfaffenzeller/results_project/10b10t/10b10t15c1000e_10-dt80-int/data/param_778_rep_9/event_log.csv,/project/theorie/n/N.Pfaffenzeller/results_project/10b10t/10b10t15c1000e_10-dt80-int/data/param_778_rep_9/config.json,"ArgumentError: invalid JSON at byte position 0 while parsing type Any: UnexpectedEOF

"
/project/theorie/n/N.Pfaffenzeller/results_project/10b10t/10b10t15c1000e_10-dt80-int,param_779_rep_1,/project/theorie/n/N.Pfaffenzeller/results_project/10b10t/10b10t15c1000e_10-dt80-int/data/param_779_rep_1,/project/theorie/n/N.Pfaffenzeller/results_project/10b10t/10b10t15c1000e_10-dt80-int/data/param_779_rep_1/event_log.csv,/project/theorie/n/N.Pfaffenzeller/results_project/10b10t/10b10t15c1000e_10-dt80-int/data/param_779_rep_1/config.json,"ArgumentError: invalid JSON at byte position 0 while parsing type Any: UnexpectedEOF

"
/project/theorie/n/N.Pfaffenzeller/results_project/10b10t/10b10t15c1000e_10-dt80-int,param_779_rep_10,/project/theorie/n/N.Pfaffenzeller/results_project/10b10t/10b10t15c1000e_10-dt80-int/data/param_779_rep_10,/project/theorie/n/N.Pfaffenzeller/results_project/10b10t/10b10t15c1000e_10-dt80-int/data/param_779_rep_10/event_log.csv,/project/theorie/n/N.Pfaffenzeller/results_project/10b10t/10b10t15c1000e_10-dt80-int/data/param_779_rep_10/config.json,"ArgumentError: invalid JSON at byte position 0 while parsing type Any: UnexpectedEOF

"
/project/theorie/n/N.Pfaffenzeller/results_project/10b10t/10b10t15c1000e_10-dt80-int,param_779_rep_2,/project/theorie/n/N.Pfaffenzeller/results_project/10b10t/10b10t15c1000e_10-dt80-int/data/param_779_rep_2,/project/theorie/n/N.Pfaffenzeller/results_project/10b10t/10b10t15c1000e_10-dt80-int/data/param_779_rep_2/event_log.csv,/project/theorie/n/N.Pfaffenzeller/results_project/10b10t/10b10t15c1000e_10-dt80-int/data/param_779_rep_2/config.json,"ArgumentError: invalid JSON at byte position 0 while parsing type Any: UnexpectedEOF

"
/project/theorie/n/N.Pfaffenzeller/results_project/10b10t/10b10t15c1000e_10-dt80-int,param_779_rep_3,/project/theorie/n/N.Pfaffenzeller/results_project/10b10t/10b10t15c1000e_10-dt80-int/data/param_779_rep_3,/project/theorie/n/N.Pfaffenzeller/results_project/10b10t/10b10t15c1000e_10-dt80-int/data/param_779_rep_3/event_log.csv,/project/theorie/n/N.Pfaffenzeller/results_project/10b10t/10b10t15c1000e_10-dt80-int/data/param_779_rep_3/config.json,"ArgumentError: invalid JSON at byte position 0 while parsing type Any: UnexpectedEOF

"
/project/theorie/n/N.Pfaffenzeller/results_project/10b10t/10b10t15c1000e_10-dt80-int,param_779_rep_4,/project/theorie/n/N.Pfaffenzeller/results_project/10b10t/10b10t15c1000e_10-dt80-int/data/param_779_rep_4,/project/theorie/n/N.Pfaffenzeller/results_project/10b10t/10b10t15c1000e_10-dt80-int/data/param_779_rep_4/event_log.csv,/project/theorie/n/N.Pfaffenzeller/results_project/10b10t/10b10t15c1000e_10-dt80-int/data/param_779_rep_4/config.json,"ArgumentError: invalid JSON at byte position 0 while parsing type Any: UnexpectedEOF

"
/project/theorie/n/N.Pfaffenzeller/results_project/10b10t/10b10t15c1000e_10-dt80-int,param_779_rep_5,/project/theorie/n/N.Pfaffenzeller/results_project/10b10t/10b10t15c1000e_10-dt80-int/data/param_779_rep_5,/project/theorie/n/N.Pfaffenzeller/results_project/10b10t/10b10t15c1000e_10-dt80-int/data/param_779_rep_5/event_log.csv,/project/theorie/n/N.Pfaffenzeller/results_project/10b10t/10b10t15c1000e_10-dt80-int/data/param_779_rep_5/config.json,"ArgumentError: invalid JSON at byte position 0 while parsing type Any: UnexpectedEOF

"
/project/theorie/n/N.Pfaffenzeller/results_project/10b10t/10b10t15c1000e_10-dt80-int,param_779_rep_6,/project/theorie/n/N.Pfaffenzeller/results_project/10b10t/10b10t15c1000e_10-dt80-int/data/param_779_rep_6,/project/theorie/n/N.Pfaffenzeller/results_project/10b10t/10b10t15c1000e_10-dt80-int/data/param_779_rep_6/event_log.csv,/project/theorie/n/N.Pfaffenzeller/results_project/10b10t/10b10t15c1000e_10-dt80-int/data/param_779_rep_6/config.json,"ArgumentError: invalid JSON at byte position 0 while parsing type Any: UnexpectedEOF

"
/project/theorie/n/N.Pfaffenzeller/results_project/10b10t/10b10t15c1000e_10-dt80-int,param_779_rep_7,/project/theorie/n/N.Pfaffenzeller/results_project/10b10t/10b10t15c1000e_10-dt80-int/data/param_779_rep_7,/project/theorie/n/N.Pfaffenzeller/results_project/10b10t/10b10t15c1000e_10-dt80-int/data/param_779_rep_7/event_log.csv,/project/theorie/n/N.Pfaffenzeller/results_project/10b10t/10b10t15c1000e_10-dt80-int/data/param_779_rep_7/config.json,"ArgumentError: invalid JSON at byte position 0 while parsing type Any: UnexpectedEOF

"
/project/theorie/n/N.Pfaffenzeller/results_project/10b10t/10b10t15c1000e_10-dt80-int,param_779_rep_8,/project/theorie/n/N.Pfaffenzeller/results_project/10b10t/10b10t15c1000e_10-dt80-int/data/param_779_rep_8,/project/theorie/n/N.Pfaffenzeller/results_project/10b10t/10b10t15c1000e_10-dt80-int/data/param_779_rep_8/event_log.csv,/project/theorie/n/N.Pfaffenzeller/results_project/10b10t/10b10t15c1000e_10-dt80-int/data/param_779_rep_8/config.json,"ArgumentError: invalid JSON at byte position 0 while parsing type Any: UnexpectedEOF

"
/project/theorie/n/N.Pfaffenzeller/results_project/10b10t/10b10t15c1000e_10-dt80-int,param_779_rep_9,/project/theorie/n/N.Pfaffenzeller/results_project/10b10t/10b10t15c1000e_10-dt80-int/data/param_779_rep_9,/project/theorie/n/N.Pfaffenzeller/results_project/10b10t/10b10t15c1000e_10-dt80-int/data/param_779_rep_9/event_log.csv,/project/theorie/n/N.Pfaffenzeller/results_project/10b10t/10b10t15c1000e_10-dt80-int/data/param_779_rep_9/config.json,"ArgumentError: invalid JSON at byte position 0 while parsing type Any: UnexpectedEOF

"
/project/theorie/n/N.Pfaffenzeller/results_project/10b10t/10b10t15c1000e_10-dt80-int,param_780_rep_1,/project/theorie/n/N.Pfaffenzeller/results_project/10b10t/10b10t15c1000e_10-dt80-int/data/param_780_rep_1,/project/theorie/n/N.Pfaffenzeller/results_project/10b10t/10b10t15c1000e_10-dt80-int/data/param_780_rep_1/event_log.csv,/project/theorie/n/N.Pfaffenzeller/results_project/10b10t/10b10t15c1000e_10-dt80-int/data/param_780_rep_1/config.json,"ArgumentError: invalid JSON at byte position 0 while parsing type Any: UnexpectedEOF

"
/project/theorie/n/N.Pfaffenzeller/results_project/10b10t/10b10t15c1000e_10-dt80-int,param_780_rep_10,/project/theorie/n/N.Pfaffenzeller/results_project/10b10t/10b10t15c1000e_10-dt80-int/data/param_780_rep_10,/project/theorie/n/N.Pfaffenzeller/results_project/10b10t/10b10t15c1000e_10-dt80-int/data/param_780_rep_10/event_log.csv,/project/theorie/n/N.Pfaffenzeller/results_project/10b10t/10b10t15c1000e_10-dt80-int/data/param_780_rep_10/config.json,"ArgumentError: invalid JSON at byte position 0 while parsing type Any: UnexpectedEOF

"
/project/theorie/n/N.Pfaffenzeller/results_project/10b10t/10b10t15c1000e_10-dt80-int,param_780_rep_2,/project/theorie/n/N.Pfaffenzeller/results_project/10b10t/10b10t15c1000e_10-dt80-int/data/param_780_rep_2,/project/theorie/n/N.Pfaffenzeller/results_project/10b10t/10b10t15c1000e_10-dt80-int/data/param_780_rep_2/event_log.csv,/project/theorie/n/N.Pfaffenzeller/results_project/10b10t/10b10t15c1000e_10-dt80-int/data/param_780_rep_2/config.json,"ArgumentError: invalid JSON at byte position 0 while parsing type Any: UnexpectedEOF

"
/project/theorie/n/N.Pfaffenzeller/results_project/10b10t/10b10t15c1000e_10-dt80-int,param_780_rep_3,/project/theorie/n/N.Pfaffenzeller/results_project/10b10t/10b10t15c1000e_10-dt80-int/data/param_780_rep_3,/project/theorie/n/N.Pfaffenzeller/results_project/10b10t/10b10t15c1000e_10-dt80-int/data/param_780_rep_3/event_log.csv,/project/theorie/n/N.Pfaffenzeller/results_project/10b10t/10b10t15c1000e_10-dt80-int/data/param_780_rep_3/config.json,"ArgumentError: invalid JSON at byte position 0 while parsing type Any: UnexpectedEOF

"
/project/theorie/n/N.Pfaffenzeller/results_project/10b10t/10b10t15c1000e_10-dt80-int,param_780_rep_4,/project/theorie/n/N.Pfaffenzeller/results_project/10b10t/10b10t15c1000e_10-dt80-int/data/param_780_rep_4,/project/theorie/n/N.Pfaffenzeller/results_project/10b10t/10b10t15c1000e_10-dt80-int/data/param_780_rep_4/event_log.csv,/project/theorie/n/N.Pfaffenzeller/results_project/10b10t/10b10t15c1000e_10-dt80-int/data/param_780_rep_4/config.json,"ArgumentError: invalid JSON at byte position 0 while parsing type Any: UnexpectedEOF

"
/project/theorie/n/N.Pfaffenzeller/results_project/10b10t/10b10t15c1000e_10-dt80-int,param_780_rep_5,/project/theorie/n/N.Pfaffenzeller/results_project/10b10t/10b10t15c1000e_10-dt80-int/data/param_780_rep_5,/project/theorie/n/N.Pfaffenzeller/results_project/10b10t/10b10t15c1000e_10-dt80-int/data/param_780_rep_5/event_log.csv,/project/theorie/n/N.Pfaffenzeller/results_project/10b10t/10b10t15c1000e_10-dt80-int/data/param_780_rep_5/config.json,"ArgumentError: invalid JSON at byte position 0 while parsing type Any: UnexpectedEOF

"
/project/theorie/n/N.Pfaffenzeller/results_project/10b10t/10b10t15c1000e_10-dt80-int,param_780_rep_6,/project/theorie/n/N.Pfaffenzeller/results_project/10b10t/10b10t15c1000e_10-dt80-int/data/param_780_rep_6,/project/theorie/n/N.Pfaffenzeller/results_project/10b10t/10b10t15c1000e_10-dt80-int/data/param_780_rep_6/event_log.csv,/project/theorie/n/N.Pfaffenzeller/results_project/10b10t/10b10t15c1000e_10-dt80-int/data/param_780_rep_6/config.json,"ArgumentError: invalid JSON at byte position 0 while parsing type Any: UnexpectedEOF

"
/project/theorie/n/N.Pfaffenzeller/results_project/10b10t/10b10t15c1000e_10-dt80-int,param_780_rep_7,/project/theorie/n/N.Pfaffenzeller/results_project/10b10t/10b10t15c1000e_10-dt80-int/data/param_780_rep_7,/project/theorie/n/N.Pfaffenzeller/results_project/10b10t/10b10t15c1000e_10-dt80-int/data/param_780_rep_7/event_log.csv,/project/theorie/n/N.Pfaffenzeller/results_project/10b10t/10b10t15c1000e_10-dt80-int/data/param_780_rep_7/config.json,"ArgumentError: invalid JSON at byte position 0 while parsing type Any: UnexpectedEOF

"
/project/theorie/n/N.Pfaffenzeller/results_project/10b10t/10b10t15c1000e_10-dt80-int,param_780_rep_8,/project/theorie/n/N.Pfaffenzeller/results_project/10b10t/10b10t15c1000e_10-dt80-int/data/param_780_rep_8,/project/theorie/n/N.Pfaffenzeller/results_project/10b10t/10b10t15c1000e_10-dt80-int/data/param_780_rep_8/event_log.csv,/project/theorie/n/N.Pfaffenzeller/results_project/10b10t/10b10t15c1000e_10-dt80-int/data/param_780_rep_8/config.json,"ArgumentError: invalid JSON at byte position 0 while parsing type Any: UnexpectedEOF

"
/project/theorie/n/N.Pfaffenzeller/results_project/10b10t/10b10t15c1000e_10-dt80-int,param_780_rep_9,/project/theorie/n/N.Pfaffenzeller/results_project/10b10t/10b10t15c1000e_10-dt80-int/data/param_780_rep_9,/project/theorie/n/N.Pfaffenzeller/results_project/10b10t/10b10t15c1000e_10-dt80-int/data/param_780_rep_9/event_log.csv,/project/theorie/n/N.Pfaffenzeller/results_project/10b10t/10b10t15c1000e_10-dt80-int/data/param_780_rep_9/config.json,"ArgumentError: invalid JSON at byte position 0 while parsing type Any: UnexpectedEOF

"
/project/theorie/n/N.Pfaffenzeller/results_project/10b10t/10b10t15c1000e_10-dt80-int,param_781_rep_1,/project/theorie/n/N.Pfaffenzeller/results_project/10b10t/10b10t15c1000e_10-dt80-int/data/param_781_rep_1,/project/theorie/n/N.Pfaffenzeller/results_project/10b10t/10b10t15c1000e_10-dt80-int/data/param_781_rep_1/event_log.csv,/project/theorie/n/N.Pfaffenzeller/results_project/10b10t/10b10t15c1000e_10-dt80-int/data/param_781_rep_1/config.json,"ArgumentError: invalid JSON at byte position 0 while parsing type Any: UnexpectedEOF

"
/project/theorie/n/N.Pfaffenzeller/results_project/10b10t/10b10t15c1000e_10-dt80-int,param_781_rep_10,/project/theorie/n/N.Pfaffenzeller/results_project/10b10t/10b10t15c1000e_10-dt80-int/data/param_781_rep_10,/project/theorie/n/N.Pfaffenzeller/results_project/10b10t/10b10t15c1000e_10-dt80-int/data/param_781_rep_10/event_log.csv,/project/theorie/n/N.Pfaffenzeller/results_project/10b10t/10b10t15c1000e_10-dt80-int/data/param_781_rep_10/config.json,"ArgumentError: invalid JSON at byte position 0 while parsing type Any: UnexpectedEOF

"
/project/theorie/n/N.Pfaffenzeller/results_project/10b10t/10b10t15c1000e_10-dt80-int,param_781_rep_2,/project/theorie/n/N.Pfaffenzeller/results_project/10b10t/10b10t15c1000e_10-dt80-int/data/param_781_rep_2,/project/theorie/n/N.Pfaffenzeller/results_project/10b10t/10b10t15c1000e_10-dt80-int/data/param_781_rep_2/event_log.csv,/project/theorie/n/N.Pfaffenzeller/results_project/10b10t/10b10t15c1000e_10-dt80-int/data/param_781_rep_2/config.json,"ArgumentError: invalid JSON at byte position 0 while parsing type Any: UnexpectedEOF

"
/project/theorie/n/N.Pfaffenzeller/results_project/10b10t/10b10t15c1000e_10-dt80-int,param_781_rep_3,/project/theorie/n/N.Pfaffenzeller/results_project/10b10t/10b10t15c1000e_10-dt80-int/data/param_781_rep_3,/project/theorie/n/N.Pfaffenzeller/results_project/10b10t/10b10t15c1000e_10-dt80-int/data/param_781_rep_3/event_log.csv,/project/theorie/n/N.Pfaffenzeller/results_project/10b10t/10b10t15c1000e_10-dt80-int/data/param_781_rep_3/config.json,"ArgumentError: invalid JSON at byte position 0 while parsing type Any: UnexpectedEOF

"
/project/theorie/n/N.Pfaffenzeller/results_project/10b10t/10b10t15c1000e_10-dt80-int,param_781_rep_4,/project/theorie/n/N.Pfaffenzeller/results_project/10b10t/10b10t15c1000e_10-dt80-int/data/param_781_rep_4,/project/theorie/n/N.Pfaffenzeller/results_project/10b10t/10b10t15c1000e_10-dt80-int/data/param_781_rep_4/event_log.csv,/project/theorie/n/N.Pfaffenzeller/results_project/10b10t/10b10t15c1000e_10-dt80-int/data/param_781_rep_4/config.json,"ArgumentError: invalid JSON at byte position 0 while parsing type Any: UnexpectedEOF

"
/project/theorie/n/N.Pfaffenzeller/results_project/10b10t/10b10t15c1000e_10-dt80-int,param_781_rep_5,/project/theorie/n/N.Pfaffenzeller/results_project/10b10t/10b10t15c1000e_10-dt80-int/data/param_781_rep_5,/project/theorie/n/N.Pfaffenzeller/results_project/10b10t/10b10t15c1000e_10-dt80-int/data/param_781_rep_5/event_log.csv,/project/theorie/n/N.Pfaffenzeller/results_project/10b10t/10b10t15c1000e_10-dt80-int/data/param_781_rep_5/config.json,"ArgumentError: invalid JSON at byte position 0 while parsing type Any: UnexpectedEOF

"
/project/theorie/n/N.Pfaffenzeller/results_project/10b10t/10b10t15c1000e_10-dt80-int,param_781_rep_6,/project/theorie/n/N.Pfaffenzeller/results_project/10b10t/10b10t15c1000e_10-dt80-int/data/param_781_rep_6,/project/theorie/n/N.Pfaffenzeller/results_project/10b10t/10b10t15c1000e_10-dt80-int/data/param_781_rep_6/event_log.csv,/project/theorie/n/N.Pfaffenzeller/results_project/10b10t/10b10t15c1000e_10-dt80-int/data/param_781_rep_6/config.json,"ArgumentError: invalid JSON at byte position 0 while parsing type Any: UnexpectedEOF

"
/project/theorie/n/N.Pfaffenzeller/results_project/10b10t/10b10t15c1000e_10-dt80-int,param_781_rep_7,/project/theorie/n/N.Pfaffenzeller/results_project/10b10t/10b10t15c1000e_10-dt80-int/data/param_781_rep_7,/project/theorie/n/N.Pfaffenzeller/results_project/10b10t/10b10t15c1000e_10-dt80-int/data/param_781_rep_7/event_log.csv,/project/theorie/n/N.Pfaffenzeller/results_project/10b10t/10b10t15c1000e_10-dt80-int/data/param_781_rep_7/config.json,"ArgumentError: invalid JSON at byte position 0 while parsing type Any: UnexpectedEOF

"
/project/theorie/n/N.Pfaffenzeller/results_project/10b10t/10b10t15c1000e_10-dt80-int,param_781_rep_8,/project/theorie/n/N.Pfaffenzeller/results_project/10b10t/10b10t15c1000e_10-dt80-int/data/param_781_rep_8,/project/theorie/n/N.Pfaffenzeller/results_project/10b10t/10b10t15c1000e_10-dt80-int/data/param_781_rep_8/event_log.csv,/project/theorie/n/N.Pfaffenzeller/results_project/10b10t/10b10t15c1000e_10-dt80-int/data/param_781_rep_8/config.json,"ArgumentError: invalid JSON at byte position 0 while parsing type Any: UnexpectedEOF

"
/project/theorie/n/N.Pfaffenzeller/results_project/10b10t/10b10t15c1000e_10-dt80-int,param_781_rep_9,/project/theorie/n/N.Pfaffenzeller/results_project/10b10t/10b10t15c1000e_10-dt80-int/data/param_781_rep_9,/project/theorie/n/N.Pfaffenzeller/results_project/10b10t/10b10t15c1000e_10-dt80-int/data/param_781_rep_9/event_log.csv,/project/theorie/n/N.Pfaffenzeller/results_project/10b10t/10b10t15c1000e_10-dt80-int/data/param_781_rep_9/config.json,"ArgumentError: invalid JSON at byte position 0 while parsing type Any: UnexpectedEOF

"
/project/theorie/n/N.Pfaffenzeller/results_project/10b10t/10b10t15c1000e_10-dt80-int,param_782_rep_1,/project/theorie/n/N.Pfaffenzeller/results_project/10b10t/10b10t15c1000e_10-dt80-int/data/param_782_rep_1,/project/theorie/n/N.Pfaffenzeller/results_project/10b10t/10b10t15c1000e_10-dt80-int/data/param_782_rep_1/event_log.csv,/project/theorie/n/N.Pfaffenzeller/results_project/10b10t/10b10t15c1000e_10-dt80-int/data/param_782_rep_1/config.json,"ArgumentError: invalid JSON at byte position 0 while parsing type Any: UnexpectedEOF

"
/project/theorie/n/N.Pfaffenzeller/results_project/10b10t/10b10t15c1000e_10-dt80-int,param_782_rep_10,/project/theorie/n/N.Pfaffenzeller/results_project/10b10t/10b10t15c1000e_10-dt80-int/data/param_782_rep_10,/project/theorie/n/N.Pfaffenzeller/results_project/10b10t/10b10t15c1000e_10-dt80-int/data/param_782_rep_10/event_log.csv,/project/theorie/n/N.Pfaffenzeller/results_project/10b10t/10b10t15c1000e_10-dt80-int/data/param_782_rep_10/config.json,"ArgumentError: invalid JSON at byte position 0 while parsing type Any: UnexpectedEOF

"
/project/theorie/n/N.Pfaffenzeller/results_project/10b10t/10b10t15c1000e_10-dt80-int,param_782_rep_2,/project/theorie/n/N.Pfaffenzeller/results_project/10b10t/10b10t15c1000e_10-dt80-int/data/param_782_rep_2,/project/theorie/n/N.Pfaffenzeller/results_project/10b10t/10b10t15c1000e_10-dt80-int/data/param_782_rep_2/event_log.csv,/project/theorie/n/N.Pfaffenzeller/results_project/10b10t/10b10t15c1000e_10-dt80-int/data/param_782_rep_2/config.json,"ArgumentError: invalid JSON at byte position 0 while parsing type Any: UnexpectedEOF

"
/project/theorie/n/N.Pfaffenzeller/results_project/10b10t/10b10t15c1000e_10-dt80-int,param_782_rep_3,/project/theorie/n/N.Pfaffenzeller/results_project/10b10t/10b10t15c1000e_10-dt80-int/data/param_782_rep_3,/project/theorie/n/N.Pfaffenzeller/results_project/10b10t/10b10t15c1000e_10-dt80-int/data/param_782_rep_3/event_log.csv,/project/theorie/n/N.Pfaffenzeller/results_project/10b10t/10b10t15c1000e_10-dt80-int/data/param_782_rep_3/config.json,"ArgumentError: invalid JSON at byte position 0 while parsing type Any: UnexpectedEOF

"
/project/theorie/n/N.Pfaffenzeller/results_project/10b10t/10b10t15c1000e_10-dt80-int,param_782_rep_4,/project/theorie/n/N.Pfaffenzeller/results_project/10b10t/10b10t15c1000e_10-dt80-int/data/param_782_rep_4,/project/theorie/n/N.Pfaffenzeller/results_project/10b10t/10b10t15c1000e_10-dt80-int/data/param_782_rep_4/event_log.csv,/project/theorie/n/N.Pfaffenzeller/results_project/10b10t/10b10t15c1000e_10-dt80-int/data/param_782_rep_4/config.json,"ArgumentError: invalid JSON at byte position 0 while parsing type Any: UnexpectedEOF

"
/project/theorie/n/N.Pfaffenzeller/results_project/10b10t/10b10t15c1000e_10-dt80-int,param_782_rep_5,/project/theorie/n/N.Pfaffenzeller/results_project/10b10t/10b10t15c1000e_10-dt80-int/data/param_782_rep_5,/project/theorie/n/N.Pfaffenzeller/results_project/10b10t/10b10t15c1000e_10-dt80-int/data/param_782_rep_5/event_log.csv,/project/theorie/n/N.Pfaffenzeller/results_project/10b10t/10b10t15c1000e_10-dt80-int/data/param_782_rep_5/config.json,"ArgumentError: invalid JSON at byte position 0 while parsing type Any: UnexpectedEOF

"
/project/theorie/n/N.Pfaffenzeller/results_project/10b10t/10b10t15c1000e_10-dt80-int,param_782_rep_6,/project/theorie/n/N.Pfaffenzeller/results_project/10b10t/10b10t15c1000e_10-dt80-int/data/param_782_rep_6,/project/theorie/n/N.Pfaffenzeller/results_project/10b10t/10b10t15c1000e_10-dt80-int/data/param_782_rep_6/event_log.csv,/project/theorie/n/N.Pfaffenzeller/results_project/10b10t/10b10t15c1000e_10-dt80-int/data/param_782_rep_6/config.json,"ArgumentError: invalid JSON at byte position 0 while parsing type Any: UnexpectedEOF

"
/project/theorie/n/N.Pfaffenzeller/results_project/10b10t/10b10t15c1000e_10-dt80-int,param_782_rep_7,/project/theorie/n/N.Pfaffenzeller/results_project/10b10t/10b10t15c1000e_10-dt80-int/data/param_782_rep_7,/project/theorie/n/N.Pfaffenzeller/results_project/10b10t/10b10t15c1000e_10-dt80-int/data/param_782_rep_7/event_log.csv,/project/theorie/n/N.Pfaffenzeller/results_project/10b10t/10b10t15c1000e_10-dt80-int/data/param_782_rep_7/config.json,"ArgumentError: invalid JSON at byte position 0 while parsing type Any: UnexpectedEOF

"
/project/theorie/n/N.Pfaffenzeller/results_project/10b10t/10b10t15c1000e_10-dt80-int,param_782_rep_8,/project/theorie/n/N.Pfaffenzeller/results_project/10b10t/10b10t15c1000e_10-dt80-int/data/param_782_rep_8,/project/theorie/n/N.Pfaffenzeller/results_project/10b10t/10b10t15c1000e_10-dt80-int/data/param_782_rep_8/event_log.csv,/project/theorie/n/N.Pfaffenzeller/results_project/10b10t/10b10t15c1000e_10-dt80-int/data/param_782_rep_8/config.json,"ArgumentError: invalid JSON at byte position 0 while parsing type Any: UnexpectedEOF

"
/project/theorie/n/N.Pfaffenzeller/results_project/10b10t/10b10t15c1000e_10-dt80-int,param_782_rep_9,/project/theorie/n/N.Pfaffenzeller/results_project/10b10t/10b10t15c1000e_10-dt80-int/data/param_782_rep_9,/project/theorie/n/N.Pfaffenzeller/results_project/10b10t/10b10t15c1000e_10-dt80-int/data/param_782_rep_9/event_log.csv,/project/theorie/n/N.Pfaffenzeller/results_project/10b10t/10b10t15c1000e_10-dt80-int/data/param_782_rep_9/config.json,"ArgumentError: invalid JSON at byte position 0 while parsing type Any: UnexpectedEOF

"
/project/theorie/n/N.Pfaffenzeller/results_project/10b10t/10b10t15c1000e_10-dt80-int,param_783_rep_1,/project/theorie/n/N.Pfaffenzeller/results_project/10b10t/10b10t15c1000e_10-dt80-int/data/param_783_rep_1,/project/theorie/n/N.Pfaffenzeller/results_project/10b10t/10b10t15c1000e_10-dt80-int/data/param_783_rep_1/event_log.csv,/project/theorie/n/N.Pfaffenzeller/results_project/10b10t/10b10t15c1000e_10-dt80-int/data/param_783_rep_1/config.json,"ArgumentError: invalid JSON at byte position 0 while parsing type Any: UnexpectedEOF

"
/project/theorie/n/N.Pfaffenzeller/results_project/10b10t/10b10t15c1000e_10-dt80-int,param_783_rep_10,/project/theorie/n/N.Pfaffenzeller/results_project/10b10t/10b10t15c1000e_10-dt80-int/data/param_783_rep_10,/project/theorie/n/N.Pfaffenzeller/results_project/10b10t/10b10t15c1000e_10-dt80-int/data/param_783_rep_10/event_log.csv,/project/theorie/n/N.Pfaffenzeller/results_project/10b10t/10b10t15c1000e_10-dt80-int/data/param_783_rep_10/config.json,"ArgumentError: invalid JSON at byte position 0 while parsing type Any: UnexpectedEOF

"
/project/theorie/n/N.Pfaffenzeller/results_project/10b10t/10b10t15c1000e_10-dt80-int,param_783_rep_2,/project/theorie/n/N.Pfaffenzeller/results_project/10b10t/10b10t15c1000e_10-dt80-int/data/param_783_rep_2,/project/theorie/n/N.Pfaffenzeller/results_project/10b10t/10b10t15c1000e_10-dt80-int/data/param_783_rep_2/event_log.csv,/project/theorie/n/N.Pfaffenzeller/results_project/10b10t/10b10t15c1000e_10-dt80-int/data/param_783_rep_2/config.json,"ArgumentError: invalid JSON at byte position 0 while parsing type Any: UnexpectedEOF

"
/project/theorie/n/N.Pfaffenzeller/results_project/10b10t/10b10t15c1000e_10-dt80-int,param_783_rep_3,/project/theorie/n/N.Pfaffenzeller/results_project/10b10t/10b10t15c1000e_10-dt80-int/data/param_783_rep_3,/project/theorie/n/N.Pfaffenzeller/results_project/10b10t/10b10t15c1000e_10-dt80-int/data/param_783_rep_3/event_log.csv,/project/theorie/n/N.Pfaffenzeller/results_project/10b10t/10b10t15c1000e_10-dt80-int/data/param_783_rep_3/config.json,"ArgumentError: invalid JSON at byte position 0 while parsing type Any: UnexpectedEOF

"
/project/theorie/n/N.Pfaffenzeller/results_project/10b10t/10b10t15c1000e_10-dt80-int,param_783_rep_4,/project/theorie/n/N.Pfaffenzeller/results_project/10b10t/10b10t15c1000e_10-dt80-int/data/param_783_rep_4,/project/theorie/n/N.Pfaffenzeller/results_project/10b10t/10b10t15c1000e_10-dt80-int/data/param_783_rep_4/event_log.csv,/project/theorie/n/N.Pfaffenzeller/results_project/10b10t/10b10t15c1000e_10-dt80-int/data/param_783_rep_4/config.json,"ArgumentError: invalid JSON at byte position 0 while parsing type Any: UnexpectedEOF

"
/project/theorie/n/N.Pfaffenzeller/results_project/10b10t/10b10t15c1000e_10-dt80-int,param_783_rep_5,/project/theorie/n/N.Pfaffenzeller/results_project/10b10t/10b10t15c1000e_10-dt80-int/data/param_783_rep_5,/project/theorie/n/N.Pfaffenzeller/results_project/10b10t/10b10t15c1000e_10-dt80-int/data/param_783_rep_5/event_log.csv,/project/theorie/n/N.Pfaffenzeller/results_project/10b10t/10b10t15c1000e_10-dt80-int/data/param_783_rep_5/config.json,"ArgumentError: invalid JSON at byte position 0 while parsing type Any: UnexpectedEOF

"
/project/theorie/n/N.Pfaffenzeller/results_project/10b10t/10b10t15c1000e_10-dt80-int,param_783_rep_6,/project/theorie/n/N.Pfaffenzeller/results_project/10b10t/10b10t15c1000e_10-dt80-int/data/param_783_rep_6,/project/theorie/n/N.Pfaffenzeller/results_project/10b10t/10b10t15c1000e_10-dt80-int/data/param_783_rep_6/event_log.csv,/project/theorie/n/N.Pfaffenzeller/results_project/10b10t/10b10t15c1000e_10-dt80-int/data/param_783_rep_6/config.json,"ArgumentError: invalid JSON at byte position 0 while parsing type Any: UnexpectedEOF

"
/project/theorie/n/N.Pfaffenzeller/results_project/10b10t/10b10t15c1000e_10-dt80-int,param_783_rep_7,/project/theorie/n/N.Pfaffenzeller/results_project/10b10t/10b10t15c1000e_10-dt80-int/data/param_783_rep_7,/project/theorie/n/N.Pfaffenzeller/results_project/10b10t/10b10t15c1000e_10-dt80-int/data/param_783_rep_7/event_log.csv,/project/theorie/n/N.Pfaffenzeller/results_project/10b10t/10b10t15c1000e_10-dt80-int/data/param_783_rep_7/config.json,"ArgumentError: invalid JSON at byte position 0 while parsing type Any: UnexpectedEOF

"
/project/theorie/n/N.Pfaffenzeller/results_project/10b10t/10b10t15c1000e_10-dt80-int,param_783_rep_8,/project/theorie/n/N.Pfaffenzeller/results_project/10b10t/10b10t15c1000e_10-dt80-int/data/param_783_rep_8,/project/theorie/n/N.Pfaffenzeller/results_project/10b10t/10b10t15c1000e_10-dt80-int/data/param_783_rep_8/event_log.csv,/project/theorie/n/N.Pfaffenzeller/results_project/10b10t/10b10t15c1000e_10-dt80-int/data/param_783_rep_8/config.json,"ArgumentError: invalid JSON at byte position 0 while parsing type Any: UnexpectedEOF

"
/project/theorie/n/N.Pfaffenzeller/results_project/10b10t/10b10t15c1000e_10-dt80-int,param_783_rep_9,/project/theorie/n/N.Pfaffenzeller/results_project/10b10t/10b10t15c1000e_10-dt80-int/data/param_783_rep_9,/project/theorie/n/N.Pfaffenzeller/results_project/10b10t/10b10t15c1000e_10-dt80-int/data/param_783_rep_9/event_log.csv,/project/theorie/n/N.Pfaffenzeller/results_project/10b10t/10b10t15c1000e_10-dt80-int/data/param_783_rep_9/config.json,"ArgumentError: invalid JSON at byte position 0 while parsing type Any: UnexpectedEOF

"
/project/theorie/n/N.Pfaffenzeller/results_project/10b10t/10b10t15c1000e_10-dt80-int,param_784_rep_1,/project/theorie/n/N.Pfaffenzeller/results_project/10b10t/10b10t15c1000e_10-dt80-int/data/param_784_rep_1,/project/theorie/n/N.Pfaffenzeller/results_project/10b10t/10b10t15c1000e_10-dt80-int/data/param_784_rep_1/event_log.csv,/project/theorie/n/N.Pfaffenzeller/results_project/10b10t/10b10t15c1000e_10-dt80-int/data/param_784_rep_1/config.json,"ArgumentError: invalid JSON at byte position 0 while parsing type Any: UnexpectedEOF

"
/project/theorie/n/N.Pfaffenzeller/results_project/10b10t/10b10t15c1000e_10-dt80-int,param_784_rep_10,/project/theorie/n/N.Pfaffenzeller/results_project/10b10t/10b10t15c1000e_10-dt80-int/data/param_784_rep_10,/project/theorie/n/N.Pfaffenzeller/results_project/10b10t/10b10t15c1000e_10-dt80-int/data/param_784_rep_10/event_log.csv,/project/theorie/n/N.Pfaffenzeller/results_project/10b10t/10b10t15c1000e_10-dt80-int/data/param_784_rep_10/config.json,No task_* columns found (excluding task_id).
/project/theorie/n/N.Pfaffenzeller/results_project/10b10t/10b10t15c1000e_10-dt80-int,param_784_rep_2,/project/theorie/n/N.Pfaffenzeller/results_project/10b10t/10b10t15c1000e_10-dt80-int/data/param_784_rep_2,/project/theorie/n/N.Pfaffenzeller/results_project/10b10t/10b10t15c1000e_10-dt80-int/data/param_784_rep_2/event_log.csv,/project/theorie/n/N.Pfaffenzeller/results_project/10b10t/10b10t15c1000e_10-dt80-int/data/param_784_rep_2/config.json,"ArgumentError: invalid JSON at byte position 0 while parsing type Any: UnexpectedEOF

"
/project/theorie/n/N.Pfaffenzeller/results_project/10b10t/10b10t15c1000e_10-dt80-int,param_784_rep_3,/project/theorie/n/N.Pfaffenzeller/results_project/10b10t/10b10t15c1000e_10-dt80-int/data/param_784_rep_3,/project/theorie/n/N.Pfaffenzeller/results_project/10b10t/10b10t15c1000e_10-dt80-int/data/param_784_rep_3/event_log.csv,/project/theorie/n/N.Pfaffenzeller/results_project/10b10t/10b10t15c1000e_10-dt80-int/data/param_784_rep_3/config.json,"ArgumentError: invalid JSON at byte position 0 while parsing type Any: UnexpectedEOF

"
/project/theorie/n/N.Pfaffenzeller/results_project/10b10t/10b10t15c1000e_10-dt80-int,param_784_rep_4,/project/theorie/n/N.Pfaffenzeller/results_project/10b10t/10b10t15c1000e_10-dt80-int/data/param_784_rep_4,/project/theorie/n/N.Pfaffenzeller/results_project/10b10t/10b10t15c1000e_10-dt80-int/data/param_784_rep_4/event_log.csv,/project/theorie/n/N.Pfaffenzeller/results_project/10b10t/10b10t15c1000e_10-dt80-int/data/param_784_rep_4/config.json,"ArgumentError: invalid JSON at byte position 0 while parsing type Any: UnexpectedEOF

"
/project/theorie/n/N.Pfaffenzeller/results_project/10b10t/10b10t15c1000e_10-dt80-int,param_784_rep_5,/project/theorie/n/N.Pfaffenzeller/results_project/10b10t/10b10t15c1000e_10-dt80-int/data/param_784_rep_5,/project/theorie/n/N.Pfaffenzeller/results_project/10b10t/10b10t15c1000e_10-dt80-int/data/param_784_rep_5/event_log.csv,/project/theorie/n/N.Pfaffenzeller/results_project/10b10t/10b10t15c1000e_10-dt80-int/data/param_784_rep_5/config.json,"ArgumentError: invalid JSON at byte position 0 while parsing type Any: UnexpectedEOF

"
/project/theorie/n/N.Pfaffenzeller/results_project/10b10t/10b10t15c1000e_10-dt80-int,param_784_rep_6,/project/theorie/n/N.Pfaffenzeller/results_project/10b10t/10b10t15c1000e_10-dt80-int/data/param_784_rep_6,/project/theorie/n/N.Pfaffenzeller/results_project/10b10t/10b10t15c1000e_10-dt80-int/data/param_784_rep_6/event_log.csv,/project/theorie/n/N.Pfaffenzeller/results_project/10b10t/10b10t15c1000e_10-dt80-int/data/param_784_rep_6/config.json,"ArgumentError: invalid JSON at byte position 0 while parsing type Any: UnexpectedEOF

"
/project/theorie/n/N.Pfaffenzeller/results_project/10b10t/10b10t15c1000e_10-dt80-int,param_784_rep_7,/project/theorie/n/N.Pfaffenzeller/results_project/10b10t/10b10t15c1000e_10-dt80-int/data/param_784_rep_7,/project/theorie/n/N.Pfaffenzeller/results_project/10b10t/10b10t15c1000e_10-dt80-int/data/param_784_rep_7/event_log.csv,/project/theorie/n/N.Pfaffenzeller/results_project/10b10t/10b10t15c1000e_10-dt80-int/data/param_784_rep_7/config.json,"ArgumentError: invalid JSON at byte position 0 while parsing type Any: UnexpectedEOF

"
/project/theorie/n/N.Pfaffenzeller/results_project/10b10t/10b10t15c1000e_10-dt80-int,param_784_rep_8,/project/theorie/n/N.Pfaffenzeller/results_project/10b10t/10b10t15c1000e_10-dt80-int/data/param_784_rep_8,/project/theorie/n/N.Pfaffenzeller/results_project/10b10t/10b10t15c1000e_10-dt80-int/data/param_784_rep_8/event_log.csv,/project/theorie/n/N.Pfaffenzeller/results_project/10b10t/10b10t15c1000e_10-dt80-int/data/param_784_rep_8/config.json,"ArgumentError: invalid JSON at byte position 0 while parsing type Any: UnexpectedEOF

"
/project/theorie/n/N.Pfaffenzeller/results_project/10b10t/10b10t15c1000e_10-dt80-int,param_784_rep_9,/project/theorie/n/N.Pfaffenzeller/results_project/10b10t/10b10t15c1000e_10-dt80-int/data/param_784_rep_9,/project/theorie/n/N.Pfaffenzeller/results_project/10b10t/10b10t15c1000e_10-dt80-int/data/param_784_rep_9/event_log.csv,/project/theorie/n/N.Pfaffenzeller/results_project/10b10t/10b10t15c1000e_10-dt80-int/data/param_784_rep_9/config.json,"ArgumentError: invalid JSON at byte position 0 while parsing type Any: UnexpectedEOF

"
/project/theorie/n/N.Pfaffenzeller/results_project/10b10t/10b10t15c1000e_10-dt80-int,param_785_rep_1,/project/theorie/n/N.Pfaffenzeller/results_project/10b10t/10b10t15c1000e_10-dt80-int/data/param_785_rep_1,/project/theorie/n/N.Pfaffenzeller/results_project/10b10t/10b10t15c1000e_10-dt80-int/data/param_785_rep_1/event_log.csv,/project/theorie/n/N.Pfaffenzeller/results_project/10b10t/10b10t15c1000e_10-dt80-int/data/param_785_rep_1/config.json,"ArgumentError: invalid JSON at byte position 0 while parsing type Any: UnexpectedEOF

"
/project/theorie/n/N.Pfaffenzeller/results_project/10b10t/10b10t15c1000e_10-dt80-int,param_785_rep_10,/project/theorie/n/N.Pfaffenzeller/results_project/10b10t/10b10t15c1000e_10-dt80-int/data/param_785_rep_10,/project/theorie/n/N.Pfaffenzeller/results_project/10b10t/10b10t15c1000e_10-dt80-int/data/param_785_rep_10/event_log.csv,/project/theorie/n/N.Pfaffenzeller/results_project/10b10t/10b10t15c1000e_10-dt80-int/data/param_785_rep_10/config.json,"ArgumentError: invalid JSON at byte position 0 while parsing type Any: UnexpectedEOF

"
/project/theorie/n/N.Pfaffenzeller/results_project/10b10t/10b10t15c1000e_10-dt80-int,param_785_rep_2,/project/theorie/n/N.Pfaffenzeller/results_project/10b10t/10b10t15c1000e_10-dt80-int/data/param_785_rep_2,/project/theorie/n/N.Pfaffenzeller/results_project/10b10t/10b10t15c1000e_10-dt80-int/data/param_785_rep_2/event_log.csv,/project/theorie/n/N.Pfaffenzeller/results_project/10b10t/10b10t15c1000e_10-dt80-int/data/param_785_rep_2/config.json,"ArgumentError: invalid JSON at byte position 0 while parsing type Any: UnexpectedEOF

"
/project/theorie/n/N.Pfaffenzeller/results_project/10b10t/10b10t15c1000e_10-dt80-int,param_785_rep_3,/project/theorie/n/N.Pfaffenzeller/results_project/10b10t/10b10t15c1000e_10-dt80-int/data/param_785_rep_3,/project/theorie/n/N.Pfaffenzeller/results_project/10b10t/10b10t15c1000e_10-dt80-int/data/param_785_rep_3/event_log.csv,/project/theorie/n/N.Pfaffenzeller/results_project/10b10t/10b10t15c1000e_10-dt80-int/data/param_785_rep_3/config.json,"ArgumentError: invalid JSON at byte position 0 while parsing type Any: UnexpectedEOF

"
/project/theorie/n/N.Pfaffenzeller/results_project/10b10t/10b10t15c1000e_10-dt80-int,param_785_rep_4,/project/theorie/n/N.Pfaffenzeller/results_project/10b10t/10b10t15c1000e_10-dt80-int/data/param_785_rep_4,/project/theorie/n/N.Pfaffenzeller/results_project/10b10t/10b10t15c1000e_10-dt80-int/data/param_785_rep_4/event_log.csv,/project/theorie/n/N.Pfaffenzeller/results_project/10b10t/10b10t15c1000e_10-dt80-int/data/param_785_rep_4/config.json,"ArgumentError: invalid JSON at byte position 0 while parsing type Any: UnexpectedEOF

"
/project/theorie/n/N.Pfaffenzeller/results_project/10b10t/10b10t15c1000e_10-dt80-int,param_785_rep_5,/project/theorie/n/N.Pfaffenzeller/results_project/10b10t/10b10t15c1000e_10-dt80-int/data/param_785_rep_5,/project/theorie/n/N.Pfaffenzeller/results_project/10b10t/10b10t15c1000e_10-dt80-int/data/param_785_rep_5/event_log.csv,/project/theorie/n/N.Pfaffenzeller/results_project/10b10t/10b10t15c1000e_10-dt80-int/data/param_785_rep_5/config.json,"ArgumentError: invalid JSON at byte position 0 while parsing type Any: UnexpectedEOF

"
/project/theorie/n/N.Pfaffenzeller/results_project/10b10t/10b10t15c1000e_10-dt80-int,param_785_rep_6,/project/theorie/n/N.Pfaffenzeller/results_project/10b10t/10b10t15c1000e_10-dt80-int/data/param_785_rep_6,/project/theorie/n/N.Pfaffenzeller/results_project/10b10t/10b10t15c1000e_10-dt80-int/data/param_785_rep_6/event_log.csv,/project/theorie/n/N.Pfaffenzeller/results_project/10b10t/10b10t15c1000e_10-dt80-int/data/param_785_rep_6/config.json,No task_* columns found (excluding task_id).
/project/theorie/n/N.Pfaffenzeller/results_project/10b10t/10b10t15c1000e_10-dt80-int,param_785_rep_7,/project/theorie/n/N.Pfaffenzeller/results_project/10b10t/10b10t15c1000e_10-dt80-int/data/param_785_rep_7,/project/theorie/n/N.Pfaffenzeller/results_project/10b10t/10b10t15c1000e_10-dt80-int/data/param_785_rep_7/event_log.csv,/project/theorie/n/N.Pfaffenzeller/results_project/10b10t/10b10t15c1000e_10-dt80-int/data/param_785_rep_7/config.json,"ArgumentError: invalid JSON at byte position 0 while parsing type Any: UnexpectedEOF

"
/project/theorie/n/N.Pfaffenzeller/results_project/10b10t/10b10t15c1000e_10-dt80-int,param_785_rep_8,/project/theorie/n/N.Pfaffenzeller/results_project/10b10t/10b10t15c1000e_10-dt80-int/data/param_785_rep_8,/project/theorie/n/N.Pfaffenzeller/results_project/10b10t/10b10t15c1000e_10-dt80-int/data/param_785_rep_8/event_log.csv,/project/theorie/n/N.Pfaffenzeller/results_project/10b10t/10b10t15c1000e_10-dt80-int/data/param_785_rep_8/config.json,"ArgumentError: invalid JSON at byte position 0 while parsing type Any: UnexpectedEOF

"
/project/theorie/n/N.Pfaffenzeller/results_project/10b10t/10b10t15c1000e_10-dt80-int,param_785_rep_9,/project/theorie/n/N.Pfaffenzeller/results_project/10b10t/10b10t15c1000e_10-dt80-int/data/param_785_rep_9,/project/theorie/n/N.Pfaffenzeller/results_project/10b10t/10b10t15c1000e_10-dt80-int/data/param_785_rep_9/event_log.csv,/project/theorie/n/N.Pfaffenzeller/results_project/10b10t/10b10t15c1000e_10-dt80-int/data/param_785_rep_9/config.json,"ArgumentError: invalid JSON at byte position 0 while parsing type Any: UnexpectedEOF

"
/project/theorie/n/N.Pfaffenzeller/results_project/10b10t/10b10t15c1000e_10-dt80-int,param_786_rep_1,/project/theorie/n/N.Pfaffenzeller/results_project/10b10t/10b10t15c1000e_10-dt80-int/data/param_786_rep_1,/project/theorie/n/N.Pfaffenzeller/results_project/10b10t/10b10t15c1000e_10-dt80-int/data/param_786_rep_1/event_log.csv,/project/theorie/n/N.Pfaffenzeller/results_project/10b10t/10b10t15c1000e_10-dt80-int/data/param_786_rep_1/config.json,"ArgumentError: invalid JSON at byte position 0 while parsing type Any: UnexpectedEOF

"
/project/theorie/n/N.Pfaffenzeller/results_project/10b10t/10b10t15c1000e_10-dt80-int,param_786_rep_10,/project/theorie/n/N.Pfaffenzeller/results_project/10b10t/10b10t15c1000e_10-dt80-int/data/param_786_rep_10,/project/theorie/n/N.Pfaffenzeller/results_project/10b10t/10b10t15c1000e_10-dt80-int/data/param_786_rep_10/event_log.csv,/project/theorie/n/N.Pfaffenzeller/results_project/10b10t/10b10t15c1000e_10-dt80-int/data/param_786_rep_10/config.json,"ArgumentError: invalid JSON at byte position 0 while parsing type Any: UnexpectedEOF

"
/project/theorie/n/N.Pfaffenzeller/results_project/10b10t/10b10t15c1000e_10-dt80-int,param_786_rep_2,/project/theorie/n/N.Pfaffenzeller/results_project/10b10t/10b10t15c1000e_10-dt80-int/data/param_786_rep_2,/project/theorie/n/N.Pfaffenzeller/results_project/10b10t/10b10t15c1000e_10-dt80-int/data/param_786_rep_2/event_log.csv,/project/theorie/n/N.Pfaffenzeller/results_project/10b10t/10b10t15c1000e_10-dt80-int/data/param_786_rep_2/config.json,"ArgumentError: invalid JSON at byte position 0 while parsing type Any: UnexpectedEOF

"
/project/theorie/n/N.Pfaffenzeller/results_project/10b10t/10b10t15c1000e_10-dt80-int,param_786_rep_3,/project/theorie/n/N.Pfaffenzeller/results_project/10b10t/10b10t15c1000e_10-dt80-int/data/param_786_rep_3,/project/theorie/n/N.Pfaffenzeller/results_project/10b10t/10b10t15c1000e_10-dt80-int/data/param_786_rep_3/event_log.csv,/project/theorie/n/N.Pfaffenzeller/results_project/10b10t/10b10t15c1000e_10-dt80-int/data/param_786_rep_3/config.json,"ArgumentError: invalid JSON at byte position 0 while parsing type Any: UnexpectedEOF

"
/project/theorie/n/N.Pfaffenzeller/results_project/10b10t/10b10t15c1000e_10-dt80-int,param_786_rep_4,/project/theorie/n/N.Pfaffenzeller/results_project/10b10t/10b10t15c1000e_10-dt80-int/data/param_786_rep_4,/project/theorie/n/N.Pfaffenzeller/results_project/10b10t/10b10t15c1000e_10-dt80-int/data/param_786_rep_4/event_log.csv,/project/theorie/n/N.Pfaffenzeller/results_project/10b10t/10b10t15c1000e_10-dt80-int/data/param_786_rep_4/config.json,"ArgumentError: invalid JSON at byte position 0 while parsing type Any: UnexpectedEOF

"
/project/theorie/n/N.Pfaffenzeller/results_project/10b10t/10b10t15c1000e_10-dt80-int,param_786_rep_5,/project/theorie/n/N.Pfaffenzeller/results_project/10b10t/10b10t15c1000e_10-dt80-int/data/param_786_rep_5,/project/theorie/n/N.Pfaffenzeller/results_project/10b10t/10b10t15c1000e_10-dt80-int/data/param_786_rep_5/event_log.csv,/project/theorie/n/N.Pfaffenzeller/results_project/10b10t/10b10t15c1000e_10-dt80-int/data/param_786_rep_5/config.json,"ArgumentError: invalid JSON at byte position 0 while parsing type Any: UnexpectedEOF

"
/project/theorie/n/N.Pfaffenzeller/results_project/10b10t/10b10t15c1000e_10-dt80-int,param_786_rep_6,/project/theorie/n/N.Pfaffenzeller/results_project/10b10t/10b10t15c1000e_10-dt80-int/data/param_786_rep_6,/project/theorie/n/N.Pfaffenzeller/results_project/10b10t/10b10t15c1000e_10-dt80-int/data/param_786_rep_6/event_log.csv,/project/theorie/n/N.Pfaffenzeller/results_project/10b10t/10b10t15c1000e_10-dt80-int/data/param_786_rep_6/config.json,"ArgumentError: invalid JSON at byte position 0 while parsing type Any: UnexpectedEOF

"
/project/theorie/n/N.Pfaffenzeller/results_project/10b10t/10b10t15c1000e_10-dt80-int,param_786_rep_7,/project/theorie/n/N.Pfaffenzeller/results_project/10b10t/10b10t15c1000e_10-dt80-int/data/param_786_rep_7,/project/theorie/n/N.Pfaffenzeller/results_project/10b10t/10b10t15c1000e_10-dt80-int/data/param_786_rep_7/event_log.csv,/project/theorie/n/N.Pfaffenzeller/results_project/10b10t/10b10t15c1000e_10-dt80-int/data/param_786_rep_7/config.json,"ArgumentError: invalid JSON at byte position 0 while parsing type Any: UnexpectedEOF

"
/project/theorie/n/N.Pfaffenzeller/results_project/10b10t/10b10t15c1000e_10-dt80-int,param_786_rep_8,/project/theorie/n/N.Pfaffenzeller/results_project/10b10t/10b10t15c1000e_10-dt80-int/data/param_786_rep_8,/project/theorie/n/N.Pfaffenzeller/results_project/10b10t/10b10t15c1000e_10-dt80-int/data/param_786_rep_8/event_log.csv,/project/theorie/n/N.Pfaffenzeller/results_project/10b10t/10b10t15c1000e_10-dt80-int/data/param_786_rep_8/config.json,"ArgumentError: invalid JSON at byte position 0 while parsing type Any: UnexpectedEOF

"
/project/theorie/n/N.Pfaffenzeller/results_project/10b10t/10b10t15c1000e_10-dt80-int,param_786_rep_9,/project/theorie/n/N.Pfaffenzeller/results_project/10b10t/10b10t15c1000e_10-dt80-int/data/param_786_rep_9,/project/theorie/n/N.Pfaffenzeller/results_project/10b10t/10b10t15c1000e_10-dt80-int/data/param_786_rep_9/event_log.csv,/project/theorie/n/N.Pfaffenzeller/results_project/10b10t/10b10t15c1000e_10-dt80-int/data/param_786_rep_9/config.json,"ArgumentError: invalid JSON at byte position 0 while parsing type Any: UnexpectedEOF

"
/project/theorie/n/N.Pfaffenzeller/results_project/10b10t/10b10t15c1000e_10-dt80-int,param_787_rep_1,/project/theorie/n/N.Pfaffenzeller/results_project/10b10t/10b10t15c1000e_10-dt80-int/data/param_787_rep_1,/project/theorie/n/N.Pfaffenzeller/results_project/10b10t/10b10t15c1000e_10-dt80-int/data/param_787_rep_1/event_log.csv,/project/theorie/n/N.Pfaffenzeller/results_project/10b10t/10b10t15c1000e_10-dt80-int/data/param_787_rep_1/config.json,No task_* columns found (excluding task_id).
/project/theorie/n/N.Pfaffenzeller/results_project/10b10t/10b10t15c1000e_10-dt80-int,param_787_rep_10,/project/theorie/n/N.Pfaffenzeller/results_project/10b10t/10b10t15c1000e_10-dt80-int/data/param_787_rep_10,/project/theorie/n/N.Pfaffenzeller/results_project/10b10t/10b10t15c1000e_10-dt80-int/data/param_787_rep_10/event_log.csv,/project/theorie/n/N.Pfaffenzeller/results_project/10b10t/10b10t15c1000e_10-dt80-int/data/param_787_rep_10/config.json,"ArgumentError: invalid JSON at byte position 0 while parsing type Any: UnexpectedEOF

"
/project/theorie/n/N.Pfaffenzeller/results_project/10b10t/10b10t15c1000e_10-dt80-int,param_787_rep_2,/project/theorie/n/N.Pfaffenzeller/results_project/10b10t/10b10t15c1000e_10-dt80-int/data/param_787_rep_2,/project/theorie/n/N.Pfaffenzeller/results_project/10b10t/10b10t15c1000e_10-dt80-int/data/param_787_rep_2/event_log.csv,/project/theorie/n/N.Pfaffenzeller/results_project/10b10t/10b10t15c1000e_10-dt80-int/data/param_787_rep_2/config.json,"ArgumentError: invalid JSON at byte position 0 while parsing type Any: UnexpectedEOF

"
/project/theorie/n/N.Pfaffenzeller/results_project/10b10t/10b10t15c1000e_10-dt80-int,param_787_rep_3,/project/theorie/n/N.Pfaffenzeller/results_project/10b10t/10b10t15c1000e_10-dt80-int/data/param_787_rep_3,/project/theorie/n/N.Pfaffenzeller/results_project/10b10t/10b10t15c1000e_10-dt80-int/data/param_787_rep_3/event_log.csv,/project/theorie/n/N.Pfaffenzeller/results_project/10b10t/10b10t15c1000e_10-dt80-int/data/param_787_rep_3/config.json,"ArgumentError: invalid JSON at byte position 0 while parsing type Any: UnexpectedEOF

"
/project/theorie/n/N.Pfaffenzeller/results_project/10b10t/10b10t15c1000e_10-dt80-int,param_787_rep_4,/project/theorie/n/N.Pfaffenzeller/results_project/10b10t/10b10t15c1000e_10-dt80-int/data/param_787_rep_4,/project/theorie/n/N.Pfaffenzeller/results_project/10b10t/10b10t15c1000e_10-dt80-int/data/param_787_rep_4/event_log.csv,/project/theorie/n/N.Pfaffenzeller/results_project/10b10t/10b10t15c1000e_10-dt80-int/data/param_787_rep_4/config.json,"ArgumentError: invalid JSON at byte position 0 while parsing type Any: UnexpectedEOF

"
/project/theorie/n/N.Pfaffenzeller/results_project/10b10t/10b10t15c1000e_10-dt80-int,param_787_rep_5,/project/theorie/n/N.Pfaffenzeller/results_project/10b10t/10b10t15c1000e_10-dt80-int/data/param_787_rep_5,/project/theorie/n/N.Pfaffenzeller/results_project/10b10t/10b10t15c1000e_10-dt80-int/data/param_787_rep_5/event_log.csv,/project/theorie/n/N.Pfaffenzeller/results_project/10b10t/10b10t15c1000e_10-dt80-int/data/param_787_rep_5/config.json,"ArgumentError: invalid JSON at byte position 0 while parsing type Any: UnexpectedEOF

"
/project/theorie/n/N.Pfaffenzeller/results_project/10b10t/10b10t15c1000e_10-dt80-int,param_787_rep_6,/project/theorie/n/N.Pfaffenzeller/results_project/10b10t/10b10t15c1000e_10-dt80-int/data/param_787_rep_6,/project/theorie/n/N.Pfaffenzeller/results_project/10b10t/10b10t15c1000e_10-dt80-int/data/param_787_rep_6/event_log.csv,/project/theorie/n/N.Pfaffenzeller/results_project/10b10t/10b10t15c1000e_10-dt80-int/data/param_787_rep_6/config.json,"ArgumentError: invalid JSON at byte position 0 while parsing type Any: UnexpectedEOF

"
/project/theorie/n/N.Pfaffenzeller/results_project/10b10t/10b10t15c1000e_10-dt80-int,param_787_rep_7,/project/theorie/n/N.Pfaffenzeller/results_project/10b10t/10b10t15c1000e_10-dt80-int/data/param_787_rep_7,/project/theorie/n/N.Pfaffenzeller/results_project/10b10t/10b10t15c1000e_10-dt80-int/data/param_787_rep_7/event_log.csv,/project/theorie/n/N.Pfaffenzeller/results_project/10b10t/10b10t15c1000e_10-dt80-int/data/param_787_rep_7/config.json,"ArgumentError: invalid JSON at byte position 0 while parsing type Any: UnexpectedEOF

"
/project/theorie/n/N.Pfaffenzeller/results_project/10b10t/10b10t15c1000e_10-dt80-int,param_787_rep_8,/project/theorie/n/N.Pfaffenzeller/results_project/10b10t/10b10t15c1000e_10-dt80-int/data/param_787_rep_8,/project/theorie/n/N.Pfaffenzeller/results_project/10b10t/10b10t15c1000e_10-dt80-int/data/param_787_rep_8/event_log.csv,/project/theorie/n/N.Pfaffenzeller/results_project/10b10t/10b10t15c1000e_10-dt80-int/data/param_787_rep_8/config.json,"ArgumentError: invalid JSON at byte position 0 while parsing type Any: UnexpectedEOF

"
/project/theorie/n/N.Pfaffenzeller/results_project/10b10t/10b10t15c1000e_10-dt80-int,param_787_rep_9,/project/theorie/n/N.Pfaffenzeller/results_project/10b10t/10b10t15c1000e_10-dt80-int/data/param_787_rep_9,/project/theorie/n/N.Pfaffenzeller/results_project/10b10t/10b10t15c1000e_10-dt80-int/data/param_787_rep_9/event_log.csv,/project/theorie/n/N.Pfaffenzeller/results_project/10b10t/10b10t15c1000e_10-dt80-int/data/param_787_rep_9/config.json,"ArgumentError: invalid JSON at byte position 0 while parsing type Any: UnexpectedEOF

"
/project/theorie/n/N.Pfaffenzeller/results_project/10b10t/10b10t15c1000e_10-dt80-int,param_788_rep_1,/project/theorie/n/N.Pfaffenzeller/results_project/10b10t/10b10t15c1000e_10-dt80-int/data/param_788_rep_1,/project/theorie/n/N.Pfaffenzeller/results_project/10b10t/10b10t15c1000e_10-dt80-int/data/param_788_rep_1/event_log.csv,/project/theorie/n/N.Pfaffenzeller/results_project/10b10t/10b10t15c1000e_10-dt80-int/data/param_788_rep_1/config.json,"ArgumentError: invalid JSON at byte position 0 while parsing type Any: UnexpectedEOF

"
/project/theorie/n/N.Pfaffenzeller/results_project/10b10t/10b10t15c1000e_10-dt80-int,param_788_rep_10,/project/theorie/n/N.Pfaffenzeller/results_project/10b10t/10b10t15c1000e_10-dt80-int/data/param_788_rep_10,/project/theorie/n/N.Pfaffenzeller/results_project/10b10t/10b10t15c1000e_10-dt80-int/data/param_788_rep_10/event_log.csv,/project/theorie/n/N.Pfaffenzeller/results_project/10b10t/10b10t15c1000e_10-dt80-int/data/param_788_rep_10/config.json,"ArgumentError: invalid JSON at byte position 0 while parsing type Any: UnexpectedEOF

"
/project/theorie/n/N.Pfaffenzeller/results_project/10b10t/10b10t15c1000e_10-dt80-int,param_788_rep_2,/project/theorie/n/N.Pfaffenzeller/results_project/10b10t/10b10t15c1000e_10-dt80-int/data/param_788_rep_2,/project/theorie/n/N.Pfaffenzeller/results_project/10b10t/10b10t15c1000e_10-dt80-int/data/param_788_rep_2/event_log.csv,/project/theorie/n/N.Pfaffenzeller/results_project/10b10t/10b10t15c1000e_10-dt80-int/data/param_788_rep_2/config.json,"ArgumentError: invalid JSON at byte position 0 while parsing type Any: UnexpectedEOF

"
/project/theorie/n/N.Pfaffenzeller/results_project/10b10t/10b10t15c1000e_10-dt80-int,param_788_rep_3,/project/theorie/n/N.Pfaffenzeller/results_project/10b10t/10b10t15c1000e_10-dt80-int/data/param_788_rep_3,/project/theorie/n/N.Pfaffenzeller/results_project/10b10t/10b10t15c1000e_10-dt80-int/data/param_788_rep_3/event_log.csv,/project/theorie/n/N.Pfaffenzeller/results_project/10b10t/10b10t15c1000e_10-dt80-int/data/param_788_rep_3/config.json,"ArgumentError: invalid JSON at byte position 0 while parsing type Any: UnexpectedEOF

"
/project/theorie/n/N.Pfaffenzeller/results_project/10b10t/10b10t15c1000e_10-dt80-int,param_788_rep_4,/project/theorie/n/N.Pfaffenzeller/results_project/10b10t/10b10t15c1000e_10-dt80-int/data/param_788_rep_4,/project/theorie/n/N.Pfaffenzeller/results_project/10b10t/10b10t15c1000e_10-dt80-int/data/param_788_rep_4/event_log.csv,/project/theorie/n/N.Pfaffenzeller/results_project/10b10t/10b10t15c1000e_10-dt80-int/data/param_788_rep_4/config.json,"ArgumentError: invalid JSON at byte position 0 while parsing type Any: UnexpectedEOF

"
/project/theorie/n/N.Pfaffenzeller/results_project/10b10t/10b10t15c1000e_10-dt80-int,param_788_rep_5,/project/theorie/n/N.Pfaffenzeller/results_project/10b10t/10b10t15c1000e_10-dt80-int/data/param_788_rep_5,/project/theorie/n/N.Pfaffenzeller/results_project/10b10t/10b10t15c1000e_10-dt80-int/data/param_788_rep_5/event_log.csv,/project/theorie/n/N.Pfaffenzeller/results_project/10b10t/10b10t15c1000e_10-dt80-int/data/param_788_rep_5/config.json,"ArgumentError: invalid JSON at byte position 0 while parsing type Any: UnexpectedEOF

"
/project/theorie/n/N.Pfaffenzeller/results_project/10b10t/10b10t15c1000e_10-dt80-int,param_788_rep_6,/project/theorie/n/N.Pfaffenzeller/results_project/10b10t/10b10t15c1000e_10-dt80-int/data/param_788_rep_6,/project/theorie/n/N.Pfaffenzeller/results_project/10b10t/10b10t15c1000e_10-dt80-int/data/param_788_rep_6/event_log.csv,/project/theorie/n/N.Pfaffenzeller/results_project/10b10t/10b10t15c1000e_10-dt80-int/data/param_788_rep_6/config.json,No task_* columns found (excluding task_id).
/project/theorie/n/N.Pfaffenzeller/results_project/10b10t/10b10t15c1000e_10-dt80-int,param_788_rep_7,/project/theorie/n/N.Pfaffenzeller/results_project/10b10t/10b10t15c1000e_10-dt80-int/data/param_788_rep_7,/project/theorie/n/N.Pfaffenzeller/results_project/10b10t/10b10t15c1000e_10-dt80-int/data/param_788_rep_7/event_log.csv,/project/theorie/n/N.Pfaffenzeller/results_project/10b10t/10b10t15c1000e_10-dt80-int/data/param_788_rep_7/config.json,"ArgumentError: invalid JSON at byte position 0 while parsing type Any: UnexpectedEOF

"
/project/theorie/n/N.Pfaffenzeller/results_project/10b10t/10b10t15c1000e_10-dt80-int,param_788_rep_8,/project/theorie/n/N.Pfaffenzeller/results_project/10b10t/10b10t15c1000e_10-dt80-int/data/param_788_rep_8,/project/theorie/n/N.Pfaffenzeller/results_project/10b10t/10b10t15c1000e_10-dt80-int/data/param_788_rep_8/event_log.csv,/project/theorie/n/N.Pfaffenzeller/results_project/10b10t/10b10t15c1000e_10-dt80-int/data/param_788_rep_8/config.json,"ArgumentError: invalid JSON at byte position 0 while parsing type Any: UnexpectedEOF

"
/project/theorie/n/N.Pfaffenzeller/results_project/10b10t/10b10t15c1000e_10-dt80-int,param_788_rep_9,/project/theorie/n/N.Pfaffenzeller/results_project/10b10t/10b10t15c1000e_10-dt80-int/data/param_788_rep_9,/project/theorie/n/N.Pfaffenzeller/results_project/10b10t/10b10t15c1000e_10-dt80-int/data/param_788_rep_9/event_log.csv,/project/theorie/n/N.Pfaffenzeller/results_project/10b10t/10b10t15c1000e_10-dt80-int/data/param_788_rep_9/config.json,"ArgumentError: invalid JSON at byte position 0 while parsing type Any: UnexpectedEOF

"
/project/theorie/n/N.Pfaffenzeller/results_project/10b10t/10b10t15c1000e_10-dt80-int,param_789_rep_1,/project/theorie/n/N.Pfaffenzeller/results_project/10b10t/10b10t15c1000e_10-dt80-int/data/param_789_rep_1,/project/theorie/n/N.Pfaffenzeller/results_project/10b10t/10b10t15c1000e_10-dt80-int/data/param_789_rep_1/event_log.csv,/project/theorie/n/N.Pfaffenzeller/results_project/10b10t/10b10t15c1000e_10-dt80-int/data/param_789_rep_1/config.json,"ArgumentError: invalid JSON at byte position 0 while parsing type Any: UnexpectedEOF

"
/project/theorie/n/N.Pfaffenzeller/results_project/10b10t/10b10t15c1000e_10-dt80-int,param_789_rep_10,/project/theorie/n/N.Pfaffenzeller/results_project/10b10t/10b10t15c1000e_10-dt80-int/data/param_789_rep_10,/project/theorie/n/N.Pfaffenzeller/results_project/10b10t/10b10t15c1000e_10-dt80-int/data/param_789_rep_10/event_log.csv,/project/theorie/n/N.Pfaffenzeller/results_project/10b10t/10b10t15c1000e_10-dt80-int/data/param_789_rep_10/config.json,"ArgumentError: invalid JSON at byte position 0 while parsing type Any: UnexpectedEOF

"
/project/theorie/n/N.Pfaffenzeller/results_project/10b10t/10b10t15c1000e_10-dt80-int,param_789_rep_2,/project/theorie/n/N.Pfaffenzeller/results_project/10b10t/10b10t15c1000e_10-dt80-int/data/param_789_rep_2,/project/theorie/n/N.Pfaffenzeller/results_project/10b10t/10b10t15c1000e_10-dt80-int/data/param_789_rep_2/event_log.csv,/project/theorie/n/N.Pfaffenzeller/results_project/10b10t/10b10t15c1000e_10-dt80-int/data/param_789_rep_2/config.json,"ArgumentError: invalid JSON at byte position 0 while parsing type Any: UnexpectedEOF

"
/project/theorie/n/N.Pfaffenzeller/results_project/10b10t/10b10t15c1000e_10-dt80-int,param_789_rep_3,/project/theorie/n/N.Pfaffenzeller/results_project/10b10t/10b10t15c1000e_10-dt80-int/data/param_789_rep_3,/project/theorie/n/N.Pfaffenzeller/results_project/10b10t/10b10t15c1000e_10-dt80-int/data/param_789_rep_3/event_log.csv,/project/theorie/n/N.Pfaffenzeller/results_project/10b10t/10b10t15c1000e_10-dt80-int/data/param_789_rep_3/config.json,"ArgumentError: invalid JSON at byte position 0 while parsing type Any: UnexpectedEOF

"
/project/theorie/n/N.Pfaffenzeller/results_project/10b10t/10b10t15c1000e_10-dt80-int,param_789_rep_4,/project/theorie/n/N.Pfaffenzeller/results_project/10b10t/10b10t15c1000e_10-dt80-int/data/param_789_rep_4,/project/theorie/n/N.Pfaffenzeller/results_project/10b10t/10b10t15c1000e_10-dt80-int/data/param_789_rep_4/event_log.csv,/project/theorie/n/N.Pfaffenzeller/results_project/10b10t/10b10t15c1000e_10-dt80-int/data/param_789_rep_4/config.json,"ArgumentError: invalid JSON at byte position 0 while parsing type Any: UnexpectedEOF

"
/project/theorie/n/N.Pfaffenzeller/results_project/10b10t/10b10t15c1000e_10-dt80-int,param_789_rep_5,/project/theorie/n/N.Pfaffenzeller/results_project/10b10t/10b10t15c1000e_10-dt80-int/data/param_789_rep_5,/project/theorie/n/N.Pfaffenzeller/results_project/10b10t/10b10t15c1000e_10-dt80-int/data/param_789_rep_5/event_log.csv,/project/theorie/n/N.Pfaffenzeller/results_project/10b10t/10b10t15c1000e_10-dt80-int/data/param_789_rep_5/config.json,"ArgumentError: invalid JSON at byte position 0 while parsing type Any: UnexpectedEOF

"
/project/theorie/n/N.Pfaffenzeller/results_project/10b10t/10b10t15c1000e_10-dt80-int,param_789_rep_6,/project/theorie/n/N.Pfaffenzeller/results_project/10b10t/10b10t15c1000e_10-dt80-int/data/param_789_rep_6,/project/theorie/n/N.Pfaffenzeller/results_project/10b10t/10b10t15c1000e_10-dt80-int/data/param_789_rep_6/event_log.csv,/project/theorie/n/N.Pfaffenzeller/results_project/10b10t/10b10t15c1000e_10-dt80-int/data/param_789_rep_6/config.json,"ArgumentError: invalid JSON at byte position 0 while parsing type Any: UnexpectedEOF

"
/project/theorie/n/N.Pfaffenzeller/results_project/10b10t/10b10t15c1000e_10-dt80-int,param_789_rep_7,/project/theorie/n/N.Pfaffenzeller/results_project/10b10t/10b10t15c1000e_10-dt80-int/data/param_789_rep_7,/project/theorie/n/N.Pfaffenzeller/results_project/10b10t/10b10t15c1000e_10-dt80-int/data/param_789_rep_7/event_log.csv,/project/theorie/n/N.Pfaffenzeller/results_project/10b10t/10b10t15c1000e_10-dt80-int/data/param_789_rep_7/config.json,"ArgumentError: invalid JSON at byte position 0 while parsing type Any: UnexpectedEOF

"
/project/theorie/n/N.Pfaffenzeller/results_project/10b10t/10b10t15c1000e_10-dt80-int,param_789_rep_8,/project/theorie/n/N.Pfaffenzeller/results_project/10b10t/10b10t15c1000e_10-dt80-int/data/param_789_rep_8,/project/theorie/n/N.Pfaffenzeller/results_project/10b10t/10b10t15c1000e_10-dt80-int/data/param_789_rep_8/event_log.csv,/project/theorie/n/N.Pfaffenzeller/results_project/10b10t/10b10t15c1000e_10-dt80-int/data/param_789_rep_8/config.json,"ArgumentError: invalid JSON at byte position 0 while parsing type Any: UnexpectedEOF

"
/project/theorie/n/N.Pfaffenzeller/results_project/10b10t/10b10t15c1000e_10-dt80-int,param_789_rep_9,/project/theorie/n/N.Pfaffenzeller/results_project/10b10t/10b10t15c1000e_10-dt80-int/data/param_789_rep_9,/project/theorie/n/N.Pfaffenzeller/results_project/10b10t/10b10t15c1000e_10-dt80-int/data/param_789_rep_9/event_log.csv,/project/theorie/n/N.Pfaffenzeller/results_project/10b10t/10b10t15c1000e_10-dt80-int/data/param_789_rep_9/config.json,"ArgumentError: invalid JSON at byte position 0 while parsing type Any: UnexpectedEOF

"
/project/theorie/n/N.Pfaffenzeller/results_project/10b10t/10b10t15c1000e_10-dt80-int,param_790_rep_1,/project/theorie/n/N.Pfaffenzeller/results_project/10b10t/10b10t15c1000e_10-dt80-int/data/param_790_rep_1,/project/theorie/n/N.Pfaffenzeller/results_project/10b10t/10b10t15c1000e_10-dt80-int/data/param_790_rep_1/event_log.csv,/project/theorie/n/N.Pfaffenzeller/results_project/10b10t/10b10t15c1000e_10-dt80-int/data/param_790_rep_1/config.json,"ArgumentError: invalid JSON at byte position 0 while parsing type Any: UnexpectedEOF

"
/project/theorie/n/N.Pfaffenzeller/results_project/10b10t/10b10t15c1000e_10-dt80-int,param_790_rep_10,/project/theorie/n/N.Pfaffenzeller/results_project/10b10t/10b10t15c1000e_10-dt80-int/data/param_790_rep_10,/project/theorie/n/N.Pfaffenzeller/results_project/10b10t/10b10t15c1000e_10-dt80-int/data/param_790_rep_10/event_log.csv,/project/theorie/n/N.Pfaffenzeller/results_project/10b10t/10b10t15c1000e_10-dt80-int/data/param_790_rep_10/config.json,"ArgumentError: invalid JSON at byte position 0 while parsing type Any: UnexpectedEOF

"
/project/theorie/n/N.Pfaffenzeller/results_project/10b10t/10b10t15c1000e_10-dt80-int,param_790_rep_2,/project/theorie/n/N.Pfaffenzeller/results_project/10b10t/10b10t15c1000e_10-dt80-int/data/param_790_rep_2,/project/theorie/n/N.Pfaffenzeller/results_project/10b10t/10b10t15c1000e_10-dt80-int/data/param_790_rep_2/event_log.csv,/project/theorie/n/N.Pfaffenzeller/results_project/10b10t/10b10t15c1000e_10-dt80-int/data/param_790_rep_2/config.json,"ArgumentError: invalid JSON at byte position 0 while parsing type Any: UnexpectedEOF

"
/project/theorie/n/N.Pfaffenzeller/results_project/10b10t/10b10t15c1000e_10-dt80-int,param_790_rep_3,/project/theorie/n/N.Pfaffenzeller/results_project/10b10t/10b10t15c1000e_10-dt80-int/data/param_790_rep_3,/project/theorie/n/N.Pfaffenzeller/results_project/10b10t/10b10t15c1000e_10-dt80-int/data/param_790_rep_3/event_log.csv,/project/theorie/n/N.Pfaffenzeller/results_project/10b10t/10b10t15c1000e_10-dt80-int/data/param_790_rep_3/config.json,"ArgumentError: invalid JSON at byte position 0 while parsing type Any: UnexpectedEOF

"
/project/theorie/n/N.Pfaffenzeller/results_project/10b10t/10b10t15c1000e_10-dt80-int,param_790_rep_4,/project/theorie/n/N.Pfaffenzeller/results_project/10b10t/10b10t15c1000e_10-dt80-int/data/param_790_rep_4,/project/theorie/n/N.Pfaffenzeller/results_project/10b10t/10b10t15c1000e_10-dt80-int/data/param_790_rep_4/event_log.csv,/project/theorie/n/N.Pfaffenzeller/results_project/10b10t/10b10t15c1000e_10-dt80-int/data/param_790_rep_4/config.json,"ArgumentError: invalid JSON at byte position 0 while parsing type Any: UnexpectedEOF

"
/project/theorie/n/N.Pfaffenzeller/results_project/10b10t/10b10t15c1000e_10-dt80-int,param_790_rep_5,/project/theorie/n/N.Pfaffenzeller/results_project/10b10t/10b10t15c1000e_10-dt80-int/data/param_790_rep_5,/project/theorie/n/N.Pfaffenzeller/results_project/10b10t/10b10t15c1000e_10-dt80-int/data/param_790_rep_5/event_log.csv,/project/theorie/n/N.Pfaffenzeller/results_project/10b10t/10b10t15c1000e_10-dt80-int/data/param_790_rep_5/config.json,"ArgumentError: invalid JSON at byte position 0 while parsing type Any: UnexpectedEOF

"
/project/theorie/n/N.Pfaffenzeller/results_project/10b10t/10b10t15c1000e_10-dt80-int,param_790_rep_6,/project/theorie/n/N.Pfaffenzeller/results_project/10b10t/10b10t15c1000e_10-dt80-int/data/param_790_rep_6,/project/theorie/n/N.Pfaffenzeller/results_project/10b10t/10b10t15c1000e_10-dt80-int/data/param_790_rep_6/event_log.csv,/project/theorie/n/N.Pfaffenzeller/results_project/10b10t/10b10t15c1000e_10-dt80-int/data/param_790_rep_6/config.json,"ArgumentError: invalid JSON at byte position 0 while parsing type Any: UnexpectedEOF

"
/project/theorie/n/N.Pfaffenzeller/results_project/10b10t/10b10t15c1000e_10-dt80-int,param_790_rep_7,/project/theorie/n/N.Pfaffenzeller/results_project/10b10t/10b10t15c1000e_10-dt80-int/data/param_790_rep_7,/project/theorie/n/N.Pfaffenzeller/results_project/10b10t/10b10t15c1000e_10-dt80-int/data/param_790_rep_7/event_log.csv,/project/theorie/n/N.Pfaffenzeller/results_project/10b10t/10b10t15c1000e_10-dt80-int/data/param_790_rep_7/config.json,"ArgumentError: invalid JSON at byte position 0 while parsing type Any: UnexpectedEOF

"
/project/theorie/n/N.Pfaffenzeller/results_project/10b10t/10b10t15c1000e_10-dt80-int,param_790_rep_8,/project/theorie/n/N.Pfaffenzeller/results_project/10b10t/10b10t15c1000e_10-dt80-int/data/param_790_rep_8,/project/theorie/n/N.Pfaffenzeller/results_project/10b10t/10b10t15c1000e_10-dt80-int/data/param_790_rep_8/event_log.csv,/project/theorie/n/N.Pfaffenzeller/results_project/10b10t/10b10t15c1000e_10-dt80-int/data/param_790_rep_8/config.json,"ArgumentError: invalid JSON at byte position 0 while parsing type Any: UnexpectedEOF

"
/project/theorie/n/N.Pfaffenzeller/results_project/10b10t/10b10t15c1000e_10-dt80-int,param_790_rep_9,/project/theorie/n/N.Pfaffenzeller/results_project/10b10t/10b10t15c1000e_10-dt80-int/data/param_790_rep_9,/project/theorie/n/N.Pfaffenzeller/results_project/10b10t/10b10t15c1000e_10-dt80-int/data/param_790_rep_9/event_log.csv,/project/theorie/n/N.Pfaffenzeller/results_project/10b10t/10b10t15c1000e_10-dt80-int/data/param_790_rep_9/config.json,"ArgumentError: invalid JSON at byte position 0 while parsing type Any: UnexpectedEOF

"
/project/theorie/n/N.Pfaffenzeller/results_project/10b10t/10b10t15c1000e_10-dt80-int,param_791_rep_1,/project/theorie/n/N.Pfaffenzeller/results_project/10b10t/10b10t15c1000e_10-dt80-int/data/param_791_rep_1,/project/theorie/n/N.Pfaffenzeller/results_project/10b10t/10b10t15c1000e_10-dt80-int/data/param_791_rep_1/event_log.csv,/project/theorie/n/N.Pfaffenzeller/results_project/10b10t/10b10t15c1000e_10-dt80-int/data/param_791_rep_1/config.json,"ArgumentError: invalid JSON at byte position 0 while parsing type Any: UnexpectedEOF

"
/project/theorie/n/N.Pfaffenzeller/results_project/10b10t/10b10t15c1000e_10-dt80-int,param_791_rep_10,/project/theorie/n/N.Pfaffenzeller/results_project/10b10t/10b10t15c1000e_10-dt80-int/data/param_791_rep_10,/project/theorie/n/N.Pfaffenzeller/results_project/10b10t/10b10t15c1000e_10-dt80-int/data/param_791_rep_10/event_log.csv,/project/theorie/n/N.Pfaffenzeller/results_project/10b10t/10b10t15c1000e_10-dt80-int/data/param_791_rep_10/config.json,"ArgumentError: invalid JSON at byte position 0 while parsing type Any: UnexpectedEOF

"
/project/theorie/n/N.Pfaffenzeller/results_project/10b10t/10b10t15c1000e_10-dt80-int,param_791_rep_2,/project/theorie/n/N.Pfaffenzeller/results_project/10b10t/10b10t15c1000e_10-dt80-int/data/param_791_rep_2,/project/theorie/n/N.Pfaffenzeller/results_project/10b10t/10b10t15c1000e_10-dt80-int/data/param_791_rep_2/event_log.csv,/project/theorie/n/N.Pfaffenzeller/results_project/10b10t/10b10t15c1000e_10-dt80-int/data/param_791_rep_2/config.json,"ArgumentError: invalid JSON at byte position 0 while parsing type Any: UnexpectedEOF

"
/project/theorie/n/N.Pfaffenzeller/results_project/10b10t/10b10t15c1000e_10-dt80-int,param_791_rep_3,/project/theorie/n/N.Pfaffenzeller/results_project/10b10t/10b10t15c1000e_10-dt80-int/data/param_791_rep_3,/project/theorie/n/N.Pfaffenzeller/results_project/10b10t/10b10t15c1000e_10-dt80-int/data/param_791_rep_3/event_log.csv,/project/theorie/n/N.Pfaffenzeller/results_project/10b10t/10b10t15c1000e_10-dt80-int/data/param_791_rep_3/config.json,"ArgumentError: invalid JSON at byte position 0 while parsing type Any: UnexpectedEOF

"
/project/theorie/n/N.Pfaffenzeller/results_project/10b10t/10b10t15c1000e_10-dt80-int,param_791_rep_4,/project/theorie/n/N.Pfaffenzeller/results_project/10b10t/10b10t15c1000e_10-dt80-int/data/param_791_rep_4,/project/theorie/n/N.Pfaffenzeller/results_project/10b10t/10b10t15c1000e_10-dt80-int/data/param_791_rep_4/event_log.csv,/project/theorie/n/N.Pfaffenzeller/results_project/10b10t/10b10t15c1000e_10-dt80-int/data/param_791_rep_4/config.json,"ArgumentError: invalid JSON at byte position 0 while parsing type Any: UnexpectedEOF

"
/project/theorie/n/N.Pfaffenzeller/results_project/10b10t/10b10t15c1000e_10-dt80-int,param_791_rep_5,/project/theorie/n/N.Pfaffenzeller/results_project/10b10t/10b10t15c1000e_10-dt80-int/data/param_791_rep_5,/project/theorie/n/N.Pfaffenzeller/results_project/10b10t/10b10t15c1000e_10-dt80-int/data/param_791_rep_5/event_log.csv,/project/theorie/n/N.Pfaffenzeller/results_project/10b10t/10b10t15c1000e_10-dt80-int/data/param_791_rep_5/config.json,"ArgumentError: invalid JSON at byte position 0 while parsing type Any: UnexpectedEOF

"
/project/theorie/n/N.Pfaffenzeller/results_project/10b10t/10b10t15c1000e_10-dt80-int,param_791_rep_6,/project/theorie/n/N.Pfaffenzeller/results_project/10b10t/10b10t15c1000e_10-dt80-int/data/param_791_rep_6,/project/theorie/n/N.Pfaffenzeller/results_project/10b10t/10b10t15c1000e_10-dt80-int/data/param_791_rep_6/event_log.csv,/project/theorie/n/N.Pfaffenzeller/results_project/10b10t/10b10t15c1000e_10-dt80-int/data/param_791_rep_6/config.json,"ArgumentError: invalid JSON at byte position 0 while parsing type Any: UnexpectedEOF

"
/project/theorie/n/N.Pfaffenzeller/results_project/10b10t/10b10t15c1000e_10-dt80-int,param_791_rep_7,/project/theorie/n/N.Pfaffenzeller/results_project/10b10t/10b10t15c1000e_10-dt80-int/data/param_791_rep_7,/project/theorie/n/N.Pfaffenzeller/results_project/10b10t/10b10t15c1000e_10-dt80-int/data/param_791_rep_7/event_log.csv,/project/theorie/n/N.Pfaffenzeller/results_project/10b10t/10b10t15c1000e_10-dt80-int/data/param_791_rep_7/config.json,"ArgumentError: invalid JSON at byte position 0 while parsing type Any: UnexpectedEOF

"
/project/theorie/n/N.Pfaffenzeller/results_project/10b10t/10b10t15c1000e_10-dt80-int,param_791_rep_8,/project/theorie/n/N.Pfaffenzeller/results_project/10b10t/10b10t15c1000e_10-dt80-int/data/param_791_rep_8,/project/theorie/n/N.Pfaffenzeller/results_project/10b10t/10b10t15c1000e_10-dt80-int/data/param_791_rep_8/event_log.csv,/project/theorie/n/N.Pfaffenzeller/results_project/10b10t/10b10t15c1000e_10-dt80-int/data/param_791_rep_8/config.json,"ArgumentError: invalid JSON at byte position 0 while parsing type Any: UnexpectedEOF

"
/project/theorie/n/N.Pfaffenzeller/results_project/10b10t/10b10t15c1000e_10-dt80-int,param_791_rep_9,/project/theorie/n/N.Pfaffenzeller/results_project/10b10t/10b10t15c1000e_10-dt80-int/data/param_791_rep_9,/project/theorie/n/N.Pfaffenzeller/results_project/10b10t/10b10t15c1000e_10-dt80-int/data/param_791_rep_9/event_log.csv,/project/theorie/n/N.Pfaffenzeller/results_project/10b10t/10b10t15c1000e_10-dt80-int/data/param_791_rep_9/config.json,"ArgumentError: invalid JSON at byte position 0 while parsing type Any: UnexpectedEOF

"
/project/theorie/n/N.Pfaffenzeller/results_project/10b10t/10b10t15c1000e_10-dt80-int,param_792_rep_1,/project/theorie/n/N.Pfaffenzeller/results_project/10b10t/10b10t15c1000e_10-dt80-int/data/param_792_rep_1,/project/theorie/n/N.Pfaffenzeller/results_project/10b10t/10b10t15c1000e_10-dt80-int/data/param_792_rep_1/event_log.csv,/project/theorie/n/N.Pfaffenzeller/results_project/10b10t/10b10t15c1000e_10-dt80-int/data/param_792_rep_1/config.json,"ArgumentError: invalid JSON at byte position 0 while parsing type Any: UnexpectedEOF

"
/project/theorie/n/N.Pfaffenzeller/results_project/10b10t/10b10t15c1000e_10-dt80-int,param_792_rep_10,/project/theorie/n/N.Pfaffenzeller/results_project/10b10t/10b10t15c1000e_10-dt80-int/data/param_792_rep_10,/project/theorie/n/N.Pfaffenzeller/results_project/10b10t/10b10t15c1000e_10-dt80-int/data/param_792_rep_10/event_log.csv,/project/theorie/n/N.Pfaffenzeller/results_project/10b10t/10b10t15c1000e_10-dt80-int/data/param_792_rep_10/config.json,"ArgumentError: invalid JSON at byte position 0 while parsing type Any: UnexpectedEOF

"
/project/theorie/n/N.Pfaffenzeller/results_project/10b10t/10b10t15c1000e_10-dt80-int,param_792_rep_2,/project/theorie/n/N.Pfaffenzeller/results_project/10b10t/10b10t15c1000e_10-dt80-int/data/param_792_rep_2,/project/theorie/n/N.Pfaffenzeller/results_project/10b10t/10b10t15c1000e_10-dt80-int/data/param_792_rep_2/event_log.csv,/project/theorie/n/N.Pfaffenzeller/results_project/10b10t/10b10t15c1000e_10-dt80-int/data/param_792_rep_2/config.json,"ArgumentError: invalid JSON at byte position 0 while parsing type Any: UnexpectedEOF

"
/project/theorie/n/N.Pfaffenzeller/results_project/10b10t/10b10t15c1000e_10-dt80-int,param_792_rep_3,/project/theorie/n/N.Pfaffenzeller/results_project/10b10t/10b10t15c1000e_10-dt80-int/data/param_792_rep_3,/project/theorie/n/N.Pfaffenzeller/results_project/10b10t/10b10t15c1000e_10-dt80-int/data/param_792_rep_3/event_log.csv,/project/theorie/n/N.Pfaffenzeller/results_project/10b10t/10b10t15c1000e_10-dt80-int/data/param_792_rep_3/config.json,"ArgumentError: invalid JSON at byte position 0 while parsing type Any: UnexpectedEOF

"
/project/theorie/n/N.Pfaffenzeller/results_project/10b10t/10b10t15c1000e_10-dt80-int,param_792_rep_4,/project/theorie/n/N.Pfaffenzeller/results_project/10b10t/10b10t15c1000e_10-dt80-int/data/param_792_rep_4,/project/theorie/n/N.Pfaffenzeller/results_project/10b10t/10b10t15c1000e_10-dt80-int/data/param_792_rep_4/event_log.csv,/project/theorie/n/N.Pfaffenzeller/results_project/10b10t/10b10t15c1000e_10-dt80-int/data/param_792_rep_4/config.json,"ArgumentError: invalid JSON at byte position 0 while parsing type Any: UnexpectedEOF

"
/project/theorie/n/N.Pfaffenzeller/results_project/10b10t/10b10t15c1000e_10-dt80-int,param_792_rep_5,/project/theorie/n/N.Pfaffenzeller/results_project/10b10t/10b10t15c1000e_10-dt80-int/data/param_792_rep_5,/project/theorie/n/N.Pfaffenzeller/results_project/10b10t/10b10t15c1000e_10-dt80-int/data/param_792_rep_5/event_log.csv,/project/theorie/n/N.Pfaffenzeller/results_project/10b10t/10b10t15c1000e_10-dt80-int/data/param_792_rep_5/config.json,"ArgumentError: invalid JSON at byte position 0 while parsing type Any: UnexpectedEOF

"
/project/theorie/n/N.Pfaffenzeller/results_project/10b10t/10b10t15c1000e_10-dt80-int,param_792_rep_6,/project/theorie/n/N.Pfaffenzeller/results_project/10b10t/10b10t15c1000e_10-dt80-int/data/param_792_rep_6,/project/theorie/n/N.Pfaffenzeller/results_project/10b10t/10b10t15c1000e_10-dt80-int/data/param_792_rep_6/event_log.csv,/project/theorie/n/N.Pfaffenzeller/results_project/10b10t/10b10t15c1000e_10-dt80-int/data/param_792_rep_6/config.json,"ArgumentError: invalid JSON at byte position 0 while parsing type Any: UnexpectedEOF

"
/project/theorie/n/N.Pfaffenzeller/results_project/10b10t/10b10t15c1000e_10-dt80-int,param_792_rep_7,/project/theorie/n/N.Pfaffenzeller/results_project/10b10t/10b10t15c1000e_10-dt80-int/data/param_792_rep_7,/project/theorie/n/N.Pfaffenzeller/results_project/10b10t/10b10t15c1000e_10-dt80-int/data/param_792_rep_7/event_log.csv,/project/theorie/n/N.Pfaffenzeller/results_project/10b10t/10b10t15c1000e_10-dt80-int/data/param_792_rep_7/config.json,"ArgumentError: invalid JSON at byte position 0 while parsing type Any: UnexpectedEOF

"
/project/theorie/n/N.Pfaffenzeller/results_project/10b10t/10b10t15c1000e_10-dt80-int,param_792_rep_8,/project/theorie/n/N.Pfaffenzeller/results_project/10b10t/10b10t15c1000e_10-dt80-int/data/param_792_rep_8,/project/theorie/n/N.Pfaffenzeller/results_project/10b10t/10b10t15c1000e_10-dt80-int/data/param_792_rep_8/event_log.csv,/project/theorie/n/N.Pfaffenzeller/results_project/10b10t/10b10t15c1000e_10-dt80-int/data/param_792_rep_8/config.json,"ArgumentError: invalid JSON at byte position 0 while parsing type Any: UnexpectedEOF

"
/project/theorie/n/N.Pfaffenzeller/results_project/10b10t/10b10t15c1000e_10-dt80-int,param_792_rep_9,/project/theorie/n/N.Pfaffenzeller/results_project/10b10t/10b10t15c1000e_10-dt80-int/data/param_792_rep_9,/project/theorie/n/N.Pfaffenzeller/results_project/10b10t/10b10t15c1000e_10-dt80-int/data/param_792_rep_9/event_log.csv,/project/theorie/n/N.Pfaffenzeller/results_project/10b10t/10b10t15c1000e_10-dt80-int/data/param_792_rep_9/config.json,"ArgumentError: invalid JSON at byte position 0 while parsing type Any: UnexpectedEOF

"
/project/theorie/n/N.Pfaffenzeller/results_project/10b10t/10b10t15c1000e_10-dt80-int,param_793_rep_1,/project/theorie/n/N.Pfaffenzeller/results_project/10b10t/10b10t15c1000e_10-dt80-int/data/param_793_rep_1,/project/theorie/n/N.Pfaffenzeller/results_project/10b10t/10b10t15c1000e_10-dt80-int/data/param_793_rep_1/event_log.csv,/project/theorie/n/N.Pfaffenzeller/results_project/10b10t/10b10t15c1000e_10-dt80-int/data/param_793_rep_1/config.json,"ArgumentError: invalid JSON at byte position 0 while parsing type Any: UnexpectedEOF

"
/project/theorie/n/N.Pfaffenzeller/results_project/10b10t/10b10t15c1000e_10-dt80-int,param_793_rep_10,/project/theorie/n/N.Pfaffenzeller/results_project/10b10t/10b10t15c1000e_10-dt80-int/data/param_793_rep_10,/project/theorie/n/N.Pfaffenzeller/results_project/10b10t/10b10t15c1000e_10-dt80-int/data/param_793_rep_10/event_log.csv,/project/theorie/n/N.Pfaffenzeller/results_project/10b10t/10b10t15c1000e_10-dt80-int/data/param_793_rep_10/config.json,"ArgumentError: invalid JSON at byte position 0 while parsing type Any: UnexpectedEOF

"
/project/theorie/n/N.Pfaffenzeller/results_project/10b10t/10b10t15c1000e_10-dt80-int,param_793_rep_2,/project/theorie/n/N.Pfaffenzeller/results_project/10b10t/10b10t15c1000e_10-dt80-int/data/param_793_rep_2,/project/theorie/n/N.Pfaffenzeller/results_project/10b10t/10b10t15c1000e_10-dt80-int/data/param_793_rep_2/event_log.csv,/project/theorie/n/N.Pfaffenzeller/results_project/10b10t/10b10t15c1000e_10-dt80-int/data/param_793_rep_2/config.json,"ArgumentError: invalid JSON at byte position 0 while parsing type Any: UnexpectedEOF

"
/project/theorie/n/N.Pfaffenzeller/results_project/10b10t/10b10t15c1000e_10-dt80-int,param_793_rep_3,/project/theorie/n/N.Pfaffenzeller/results_project/10b10t/10b10t15c1000e_10-dt80-int/data/param_793_rep_3,/project/theorie/n/N.Pfaffenzeller/results_project/10b10t/10b10t15c1000e_10-dt80-int/data/param_793_rep_3/event_log.csv,/project/theorie/n/N.Pfaffenzeller/results_project/10b10t/10b10t15c1000e_10-dt80-int/data/param_793_rep_3/config.json,"ArgumentError: invalid JSON at byte position 0 while parsing type Any: UnexpectedEOF

"
/project/theorie/n/N.Pfaffenzeller/results_project/10b10t/10b10t15c1000e_10-dt80-int,param_793_rep_4,/project/theorie/n/N.Pfaffenzeller/results_project/10b10t/10b10t15c1000e_10-dt80-int/data/param_793_rep_4,/project/theorie/n/N.Pfaffenzeller/results_project/10b10t/10b10t15c1000e_10-dt80-int/data/param_793_rep_4/event_log.csv,/project/theorie/n/N.Pfaffenzeller/results_project/10b10t/10b10t15c1000e_10-dt80-int/data/param_793_rep_4/config.json,"ArgumentError: invalid JSON at byte position 0 while parsing type Any: UnexpectedEOF

"
/project/theorie/n/N.Pfaffenzeller/results_project/10b10t/10b10t15c1000e_10-dt80-int,param_793_rep_5,/project/theorie/n/N.Pfaffenzeller/results_project/10b10t/10b10t15c1000e_10-dt80-int/data/param_793_rep_5,/project/theorie/n/N.Pfaffenzeller/results_project/10b10t/10b10t15c1000e_10-dt80-int/data/param_793_rep_5/event_log.csv,/project/theorie/n/N.Pfaffenzeller/results_project/10b10t/10b10t15c1000e_10-dt80-int/data/param_793_rep_5/config.json,"ArgumentError: invalid JSON at byte position 0 while parsing type Any: UnexpectedEOF

"
/project/theorie/n/N.Pfaffenzeller/results_project/10b10t/10b10t15c1000e_10-dt80-int,param_793_rep_6,/project/theorie/n/N.Pfaffenzeller/results_project/10b10t/10b10t15c1000e_10-dt80-int/data/param_793_rep_6,/project/theorie/n/N.Pfaffenzeller/results_project/10b10t/10b10t15c1000e_10-dt80-int/data/param_793_rep_6/event_log.csv,/project/theorie/n/N.Pfaffenzeller/results_project/10b10t/10b10t15c1000e_10-dt80-int/data/param_793_rep_6/config.json,"ArgumentError: invalid JSON at byte position 0 while parsing type Any: UnexpectedEOF

"
/project/theorie/n/N.Pfaffenzeller/results_project/10b10t/10b10t15c1000e_10-dt80-int,param_793_rep_7,/project/theorie/n/N.Pfaffenzeller/results_project/10b10t/10b10t15c1000e_10-dt80-int/data/param_793_rep_7,/project/theorie/n/N.Pfaffenzeller/results_project/10b10t/10b10t15c1000e_10-dt80-int/data/param_793_rep_7/event_log.csv,/project/theorie/n/N.Pfaffenzeller/results_project/10b10t/10b10t15c1000e_10-dt80-int/data/param_793_rep_7/config.json,"ArgumentError: invalid JSON at byte position 0 while parsing type Any: UnexpectedEOF

"
/project/theorie/n/N.Pfaffenzeller/results_project/10b10t/10b10t15c1000e_10-dt80-int,param_793_rep_8,/project/theorie/n/N.Pfaffenzeller/results_project/10b10t/10b10t15c1000e_10-dt80-int/data/param_793_rep_8,/project/theorie/n/N.Pfaffenzeller/results_project/10b10t/10b10t15c1000e_10-dt80-int/data/param_793_rep_8/event_log.csv,/project/theorie/n/N.Pfaffenzeller/results_project/10b10t/10b10t15c1000e_10-dt80-int/data/param_793_rep_8/config.json,"ArgumentError: invalid JSON at byte position 0 while parsing type Any: UnexpectedEOF

"
/project/theorie/n/N.Pfaffenzeller/results_project/10b10t/10b10t15c1000e_10-dt80-int,param_793_rep_9,/project/theorie/n/N.Pfaffenzeller/results_project/10b10t/10b10t15c1000e_10-dt80-int/data/param_793_rep_9,/project/theorie/n/N.Pfaffenzeller/results_project/10b10t/10b10t15c1000e_10-dt80-int/data/param_793_rep_9/event_log.csv,/project/theorie/n/N.Pfaffenzeller/results_project/10b10t/10b10t15c1000e_10-dt80-int/data/param_793_rep_9/config.json,"ArgumentError: invalid JSON at byte position 0 while parsing type Any: UnexpectedEOF

"
/project/theorie/n/N.Pfaffenzeller/results_project/10b10t/10b10t15c1000e_10-dt80-int,param_794_rep_1,/project/theorie/n/N.Pfaffenzeller/results_project/10b10t/10b10t15c1000e_10-dt80-int/data/param_794_rep_1,/project/theorie/n/N.Pfaffenzeller/results_project/10b10t/10b10t15c1000e_10-dt80-int/data/param_794_rep_1/event_log.csv,/project/theorie/n/N.Pfaffenzeller/results_project/10b10t/10b10t15c1000e_10-dt80-int/data/param_794_rep_1/config.json,"ArgumentError: invalid JSON at byte position 0 while parsing type Any: UnexpectedEOF

"
/project/theorie/n/N.Pfaffenzeller/results_project/10b10t/10b10t15c1000e_10-dt80-int,param_794_rep_10,/project/theorie/n/N.Pfaffenzeller/results_project/10b10t/10b10t15c1000e_10-dt80-int/data/param_794_rep_10,/project/theorie/n/N.Pfaffenzeller/results_project/10b10t/10b10t15c1000e_10-dt80-int/data/param_794_rep_10/event_log.csv,/project/theorie/n/N.Pfaffenzeller/results_project/10b10t/10b10t15c1000e_10-dt80-int/data/param_794_rep_10/config.json,"ArgumentError: invalid JSON at byte position 0 while parsing type Any: UnexpectedEOF

"
/project/theorie/n/N.Pfaffenzeller/results_project/10b10t/10b10t15c1000e_10-dt80-int,param_794_rep_2,/project/theorie/n/N.Pfaffenzeller/results_project/10b10t/10b10t15c1000e_10-dt80-int/data/param_794_rep_2,/project/theorie/n/N.Pfaffenzeller/results_project/10b10t/10b10t15c1000e_10-dt80-int/data/param_794_rep_2/event_log.csv,/project/theorie/n/N.Pfaffenzeller/results_project/10b10t/10b10t15c1000e_10-dt80-int/data/param_794_rep_2/config.json,"ArgumentError: invalid JSON at byte position 0 while parsing type Any: UnexpectedEOF

"
/project/theorie/n/N.Pfaffenzeller/results_project/10b10t/10b10t15c1000e_10-dt80-int,param_794_rep_3,/project/theorie/n/N.Pfaffenzeller/results_project/10b10t/10b10t15c1000e_10-dt80-int/data/param_794_rep_3,/project/theorie/n/N.Pfaffenzeller/results_project/10b10t/10b10t15c1000e_10-dt80-int/data/param_794_rep_3/event_log.csv,/project/theorie/n/N.Pfaffenzeller/results_project/10b10t/10b10t15c1000e_10-dt80-int/data/param_794_rep_3/config.json,"ArgumentError: invalid JSON at byte position 0 while parsing type Any: UnexpectedEOF

"
/project/theorie/n/N.Pfaffenzeller/results_project/10b10t/10b10t15c1000e_10-dt80-int,param_794_rep_4,/project/theorie/n/N.Pfaffenzeller/results_project/10b10t/10b10t15c1000e_10-dt80-int/data/param_794_rep_4,/project/theorie/n/N.Pfaffenzeller/results_project/10b10t/10b10t15c1000e_10-dt80-int/data/param_794_rep_4/event_log.csv,/project/theorie/n/N.Pfaffenzeller/results_project/10b10t/10b10t15c1000e_10-dt80-int/data/param_794_rep_4/config.json,"ArgumentError: invalid JSON at byte position 0 while parsing type Any: UnexpectedEOF

"
/project/theorie/n/N.Pfaffenzeller/results_project/10b10t/10b10t15c1000e_10-dt80-int,param_794_rep_5,/project/theorie/n/N.Pfaffenzeller/results_project/10b10t/10b10t15c1000e_10-dt80-int/data/param_794_rep_5,/project/theorie/n/N.Pfaffenzeller/results_project/10b10t/10b10t15c1000e_10-dt80-int/data/param_794_rep_5/event_log.csv,/project/theorie/n/N.Pfaffenzeller/results_project/10b10t/10b10t15c1000e_10-dt80-int/data/param_794_rep_5/config.json,"ArgumentError: invalid JSON at byte position 0 while parsing type Any: UnexpectedEOF

"
/project/theorie/n/N.Pfaffenzeller/results_project/10b10t/10b10t15c1000e_10-dt80-int,param_794_rep_6,/project/theorie/n/N.Pfaffenzeller/results_project/10b10t/10b10t15c1000e_10-dt80-int/data/param_794_rep_6,/project/theorie/n/N.Pfaffenzeller/results_project/10b10t/10b10t15c1000e_10-dt80-int/data/param_794_rep_6/event_log.csv,/project/theorie/n/N.Pfaffenzeller/results_project/10b10t/10b10t15c1000e_10-dt80-int/data/param_794_rep_6/config.json,"ArgumentError: invalid JSON at byte position 0 while parsing type Any: UnexpectedEOF

"
/project/theorie/n/N.Pfaffenzeller/results_project/10b10t/10b10t15c1000e_10-dt80-int,param_794_rep_7,/project/theorie/n/N.Pfaffenzeller/results_project/10b10t/10b10t15c1000e_10-dt80-int/data/param_794_rep_7,/project/theorie/n/N.Pfaffenzeller/results_project/10b10t/10b10t15c1000e_10-dt80-int/data/param_794_rep_7/event_log.csv,/project/theorie/n/N.Pfaffenzeller/results_project/10b10t/10b10t15c1000e_10-dt80-int/data/param_794_rep_7/config.json,"ArgumentError: invalid JSON at byte position 0 while parsing type Any: UnexpectedEOF

"
/project/theorie/n/N.Pfaffenzeller/results_project/10b10t/10b10t15c1000e_10-dt80-int,param_794_rep_8,/project/theorie/n/N.Pfaffenzeller/results_project/10b10t/10b10t15c1000e_10-dt80-int/data/param_794_rep_8,/project/theorie/n/N.Pfaffenzeller/results_project/10b10t/10b10t15c1000e_10-dt80-int/data/param_794_rep_8/event_log.csv,/project/theorie/n/N.Pfaffenzeller/results_project/10b10t/10b10t15c1000e_10-dt80-int/data/param_794_rep_8/config.json,"ArgumentError: invalid JSON at byte position 0 while parsing type Any: UnexpectedEOF

"
/project/theorie/n/N.Pfaffenzeller/results_project/10b10t/10b10t15c1000e_10-dt80-int,param_794_rep_9,/project/theorie/n/N.Pfaffenzeller/results_project/10b10t/10b10t15c1000e_10-dt80-int/data/param_794_rep_9,/project/theorie/n/N.Pfaffenzeller/results_project/10b10t/10b10t15c1000e_10-dt80-int/data/param_794_rep_9/event_log.csv,/project/theorie/n/N.Pfaffenzeller/results_project/10b10t/10b10t15c1000e_10-dt80-int/data/param_794_rep_9/config.json,"ArgumentError: invalid JSON at byte position 0 while parsing type Any: UnexpectedEOF

"
/project/theorie/n/N.Pfaffenzeller/results_project/10b10t/10b10t15c1000e_10-dt80-int,param_795_rep_1,/project/theorie/n/N.Pfaffenzeller/results_project/10b10t/10b10t15c1000e_10-dt80-int/data/param_795_rep_1,/project/theorie/n/N.Pfaffenzeller/results_project/10b10t/10b10t15c1000e_10-dt80-int/data/param_795_rep_1/event_log.csv,/project/theorie/n/N.Pfaffenzeller/results_project/10b10t/10b10t15c1000e_10-dt80-int/data/param_795_rep_1/config.json,"ArgumentError: invalid JSON at byte position 0 while parsing type Any: UnexpectedEOF

"
/project/theorie/n/N.Pfaffenzeller/results_project/10b10t/10b10t15c1000e_10-dt80-int,param_795_rep_10,/project/theorie/n/N.Pfaffenzeller/results_project/10b10t/10b10t15c1000e_10-dt80-int/data/param_795_rep_10,/project/theorie/n/N.Pfaffenzeller/results_project/10b10t/10b10t15c1000e_10-dt80-int/data/param_795_rep_10/event_log.csv,/project/theorie/n/N.Pfaffenzeller/results_project/10b10t/10b10t15c1000e_10-dt80-int/data/param_795_rep_10/config.json,"ArgumentError: invalid JSON at byte position 0 while parsing type Any: UnexpectedEOF

"
/project/theorie/n/N.Pfaffenzeller/results_project/10b10t/10b10t15c1000e_10-dt80-int,param_795_rep_2,/project/theorie/n/N.Pfaffenzeller/results_project/10b10t/10b10t15c1000e_10-dt80-int/data/param_795_rep_2,/project/theorie/n/N.Pfaffenzeller/results_project/10b10t/10b10t15c1000e_10-dt80-int/data/param_795_rep_2/event_log.csv,/project/theorie/n/N.Pfaffenzeller/results_project/10b10t/10b10t15c1000e_10-dt80-int/data/param_795_rep_2/config.json,"ArgumentError: invalid JSON at byte position 0 while parsing type Any: UnexpectedEOF

"
/project/theorie/n/N.Pfaffenzeller/results_project/10b10t/10b10t15c1000e_10-dt80-int,param_795_rep_3,/project/theorie/n/N.Pfaffenzeller/results_project/10b10t/10b10t15c1000e_10-dt80-int/data/param_795_rep_3,/project/theorie/n/N.Pfaffenzeller/results_project/10b10t/10b10t15c1000e_10-dt80-int/data/param_795_rep_3/event_log.csv,/project/theorie/n/N.Pfaffenzeller/results_project/10b10t/10b10t15c1000e_10-dt80-int/data/param_795_rep_3/config.json,"ArgumentError: invalid JSON at byte position 0 while parsing type Any: UnexpectedEOF

"
/project/theorie/n/N.Pfaffenzeller/results_project/10b10t/10b10t15c1000e_10-dt80-int,param_795_rep_4,/project/theorie/n/N.Pfaffenzeller/results_project/10b10t/10b10t15c1000e_10-dt80-int/data/param_795_rep_4,/project/theorie/n/N.Pfaffenzeller/results_project/10b10t/10b10t15c1000e_10-dt80-int/data/param_795_rep_4/event_log.csv,/project/theorie/n/N.Pfaffenzeller/results_project/10b10t/10b10t15c1000e_10-dt80-int/data/param_795_rep_4/config.json,"ArgumentError: invalid JSON at byte position 0 while parsing type Any: UnexpectedEOF

"
/project/theorie/n/N.Pfaffenzeller/results_project/10b10t/10b10t15c1000e_10-dt80-int,param_795_rep_5,/project/theorie/n/N.Pfaffenzeller/results_project/10b10t/10b10t15c1000e_10-dt80-int/data/param_795_rep_5,/project/theorie/n/N.Pfaffenzeller/results_project/10b10t/10b10t15c1000e_10-dt80-int/data/param_795_rep_5/event_log.csv,/project/theorie/n/N.Pfaffenzeller/results_project/10b10t/10b10t15c1000e_10-dt80-int/data/param_795_rep_5/config.json,"ArgumentError: invalid JSON at byte position 0 while parsing type Any: UnexpectedEOF

"
/project/theorie/n/N.Pfaffenzeller/results_project/10b10t/10b10t15c1000e_10-dt80-int,param_795_rep_6,/project/theorie/n/N.Pfaffenzeller/results_project/10b10t/10b10t15c1000e_10-dt80-int/data/param_795_rep_6,/project/theorie/n/N.Pfaffenzeller/results_project/10b10t/10b10t15c1000e_10-dt80-int/data/param_795_rep_6/event_log.csv,/project/theorie/n/N.Pfaffenzeller/results_project/10b10t/10b10t15c1000e_10-dt80-int/data/param_795_rep_6/config.json,"ArgumentError: invalid JSON at byte position 0 while parsing type Any: UnexpectedEOF

"
/project/theorie/n/N.Pfaffenzeller/results_project/10b10t/10b10t15c1000e_10-dt80-int,param_795_rep_7,/project/theorie/n/N.Pfaffenzeller/results_project/10b10t/10b10t15c1000e_10-dt80-int/data/param_795_rep_7,/project/theorie/n/N.Pfaffenzeller/results_project/10b10t/10b10t15c1000e_10-dt80-int/data/param_795_rep_7/event_log.csv,/project/theorie/n/N.Pfaffenzeller/results_project/10b10t/10b10t15c1000e_10-dt80-int/data/param_795_rep_7/config.json,"ArgumentError: invalid JSON at byte position 0 while parsing type Any: UnexpectedEOF

"
/project/theorie/n/N.Pfaffenzeller/results_project/10b10t/10b10t15c1000e_10-dt80-int,param_795_rep_8,/project/theorie/n/N.Pfaffenzeller/results_project/10b10t/10b10t15c1000e_10-dt80-int/data/param_795_rep_8,/project/theorie/n/N.Pfaffenzeller/results_project/10b10t/10b10t15c1000e_10-dt80-int/data/param_795_rep_8/event_log.csv,/project/theorie/n/N.Pfaffenzeller/results_project/10b10t/10b10t15c1000e_10-dt80-int/data/param_795_rep_8/config.json,"ArgumentError: invalid JSON at byte position 0 while parsing type Any: UnexpectedEOF

"
/project/theorie/n/N.Pfaffenzeller/results_project/10b10t/10b10t15c1000e_10-dt80-int,param_795_rep_9,/project/theorie/n/N.Pfaffenzeller/results_project/10b10t/10b10t15c1000e_10-dt80-int/data/param_795_rep_9,/project/theorie/n/N.Pfaffenzeller/results_project/10b10t/10b10t15c1000e_10-dt80-int/data/param_795_rep_9/event_log.csv,/project/theorie/n/N.Pfaffenzeller/results_project/10b10t/10b10t15c1000e_10-dt80-int/data/param_795_rep_9/config.json,"ArgumentError: invalid JSON at byte position 0 while parsing type Any: UnexpectedEOF

"
/project/theorie/n/N.Pfaffenzeller/results_project/10b10t/10b10t15c1000e_10-dt80-int,param_796_rep_1,/project/theorie/n/N.Pfaffenzeller/results_project/10b10t/10b10t15c1000e_10-dt80-int/data/param_796_rep_1,/project/theorie/n/N.Pfaffenzeller/results_project/10b10t/10b10t15c1000e_10-dt80-int/data/param_796_rep_1/event_log.csv,/project/theorie/n/N.Pfaffenzeller/results_project/10b10t/10b10t15c1000e_10-dt80-int/data/param_796_rep_1/config.json,"ArgumentError: invalid JSON at byte position 0 while parsing type Any: UnexpectedEOF

"
/project/theorie/n/N.Pfaffenzeller/results_project/10b10t/10b10t15c1000e_10-dt80-int,param_796_rep_10,/project/theorie/n/N.Pfaffenzeller/results_project/10b10t/10b10t15c1000e_10-dt80-int/data/param_796_rep_10,/project/theorie/n/N.Pfaffenzeller/results_project/10b10t/10b10t15c1000e_10-dt80-int/data/param_796_rep_10/event_log.csv,/project/theorie/n/N.Pfaffenzeller/results_project/10b10t/10b10t15c1000e_10-dt80-int/data/param_796_rep_10/config.json,"ArgumentError: invalid JSON at byte position 0 while parsing type Any: UnexpectedEOF

"
/project/theorie/n/N.Pfaffenzeller/results_project/10b10t/10b10t15c1000e_10-dt80-int,param_796_rep_2,/project/theorie/n/N.Pfaffenzeller/results_project/10b10t/10b10t15c1000e_10-dt80-int/data/param_796_rep_2,/project/theorie/n/N.Pfaffenzeller/results_project/10b10t/10b10t15c1000e_10-dt80-int/data/param_796_rep_2/event_log.csv,/project/theorie/n/N.Pfaffenzeller/results_project/10b10t/10b10t15c1000e_10-dt80-int/data/param_796_rep_2/config.json,"ArgumentError: invalid JSON at byte position 0 while parsing type Any: UnexpectedEOF

"
/project/theorie/n/N.Pfaffenzeller/results_project/10b10t/10b10t15c1000e_10-dt80-int,param_796_rep_3,/project/theorie/n/N.Pfaffenzeller/results_project/10b10t/10b10t15c1000e_10-dt80-int/data/param_796_rep_3,/project/theorie/n/N.Pfaffenzeller/results_project/10b10t/10b10t15c1000e_10-dt80-int/data/param_796_rep_3/event_log.csv,/project/theorie/n/N.Pfaffenzeller/results_project/10b10t/10b10t15c1000e_10-dt80-int/data/param_796_rep_3/config.json,"ArgumentError: invalid JSON at byte position 0 while parsing type Any: UnexpectedEOF

"
/project/theorie/n/N.Pfaffenzeller/results_project/10b10t/10b10t15c1000e_10-dt80-int,param_796_rep_4,/project/theorie/n/N.Pfaffenzeller/results_project/10b10t/10b10t15c1000e_10-dt80-int/data/param_796_rep_4,/project/theorie/n/N.Pfaffenzeller/results_project/10b10t/10b10t15c1000e_10-dt80-int/data/param_796_rep_4/event_log.csv,/project/theorie/n/N.Pfaffenzeller/results_project/10b10t/10b10t15c1000e_10-dt80-int/data/param_796_rep_4/config.json,"ArgumentError: invalid JSON at byte position 0 while parsing type Any: UnexpectedEOF

"
/project/theorie/n/N.Pfaffenzeller/results_project/10b10t/10b10t15c1000e_10-dt80-int,param_796_rep_5,/project/theorie/n/N.Pfaffenzeller/results_project/10b10t/10b10t15c1000e_10-dt80-int/data/param_796_rep_5,/project/theorie/n/N.Pfaffenzeller/results_project/10b10t/10b10t15c1000e_10-dt80-int/data/param_796_rep_5/event_log.csv,/project/theorie/n/N.Pfaffenzeller/results_project/10b10t/10b10t15c1000e_10-dt80-int/data/param_796_rep_5/config.json,"ArgumentError: invalid JSON at byte position 0 while parsing type Any: UnexpectedEOF

"
/project/theorie/n/N.Pfaffenzeller/results_project/10b10t/10b10t15c1000e_10-dt80-int,param_796_rep_6,/project/theorie/n/N.Pfaffenzeller/results_project/10b10t/10b10t15c1000e_10-dt80-int/data/param_796_rep_6,/project/theorie/n/N.Pfaffenzeller/results_project/10b10t/10b10t15c1000e_10-dt80-int/data/param_796_rep_6/event_log.csv,/project/theorie/n/N.Pfaffenzeller/results_project/10b10t/10b10t15c1000e_10-dt80-int/data/param_796_rep_6/config.json,"ArgumentError: invalid JSON at byte position 0 while parsing type Any: UnexpectedEOF

"
/project/theorie/n/N.Pfaffenzeller/results_project/10b10t/10b10t15c1000e_10-dt80-int,param_796_rep_7,/project/theorie/n/N.Pfaffenzeller/results_project/10b10t/10b10t15c1000e_10-dt80-int/data/param_796_rep_7,/project/theorie/n/N.Pfaffenzeller/results_project/10b10t/10b10t15c1000e_10-dt80-int/data/param_796_rep_7/event_log.csv,/project/theorie/n/N.Pfaffenzeller/results_project/10b10t/10b10t15c1000e_10-dt80-int/data/param_796_rep_7/config.json,"ArgumentError: invalid JSON at byte position 0 while parsing type Any: UnexpectedEOF

"
/project/theorie/n/N.Pfaffenzeller/results_project/10b10t/10b10t15c1000e_10-dt80-int,param_796_rep_8,/project/theorie/n/N.Pfaffenzeller/results_project/10b10t/10b10t15c1000e_10-dt80-int/data/param_796_rep_8,/project/theorie/n/N.Pfaffenzeller/results_project/10b10t/10b10t15c1000e_10-dt80-int/data/param_796_rep_8/event_log.csv,/project/theorie/n/N.Pfaffenzeller/results_project/10b10t/10b10t15c1000e_10-dt80-int/data/param_796_rep_8/config.json,"ArgumentError: invalid JSON at byte position 0 while parsing type Any: UnexpectedEOF

"
/project/theorie/n/N.Pfaffenzeller/results_project/10b10t/10b10t15c1000e_10-dt80-int,param_796_rep_9,/project/theorie/n/N.Pfaffenzeller/results_project/10b10t/10b10t15c1000e_10-dt80-int/data/param_796_rep_9,/project/theorie/n/N.Pfaffenzeller/results_project/10b10t/10b10t15c1000e_10-dt80-int/data/param_796_rep_9/event_log.csv,/project/theorie/n/N.Pfaffenzeller/results_project/10b10t/10b10t15c1000e_10-dt80-int/data/param_796_rep_9/config.json,"ArgumentError: invalid JSON at byte position 0 while parsing type Any: UnexpectedEOF

"
/project/theorie/n/N.Pfaffenzeller/results_project/10b10t/10b10t15c1000e_10-dt80-int,param_797_rep_1,/project/theorie/n/N.Pfaffenzeller/results_project/10b10t/10b10t15c1000e_10-dt80-int/data/param_797_rep_1,/project/theorie/n/N.Pfaffenzeller/results_project/10b10t/10b10t15c1000e_10-dt80-int/data/param_797_rep_1/event_log.csv,/project/theorie/n/N.Pfaffenzeller/results_project/10b10t/10b10t15c1000e_10-dt80-int/data/param_797_rep_1/config.json,"ArgumentError: invalid JSON at byte position 0 while parsing type Any: UnexpectedEOF

"
/project/theorie/n/N.Pfaffenzeller/results_project/10b10t/10b10t15c1000e_10-dt80-int,param_797_rep_10,/project/theorie/n/N.Pfaffenzeller/results_project/10b10t/10b10t15c1000e_10-dt80-int/data/param_797_rep_10,/project/theorie/n/N.Pfaffenzeller/results_project/10b10t/10b10t15c1000e_10-dt80-int/data/param_797_rep_10/event_log.csv,/project/theorie/n/N.Pfaffenzeller/results_project/10b10t/10b10t15c1000e_10-dt80-int/data/param_797_rep_10/config.json,"ArgumentError: invalid JSON at byte position 0 while parsing type Any: UnexpectedEOF

"
/project/theorie/n/N.Pfaffenzeller/results_project/10b10t/10b10t15c1000e_10-dt80-int,param_797_rep_2,/project/theorie/n/N.Pfaffenzeller/results_project/10b10t/10b10t15c1000e_10-dt80-int/data/param_797_rep_2,/project/theorie/n/N.Pfaffenzeller/results_project/10b10t/10b10t15c1000e_10-dt80-int/data/param_797_rep_2/event_log.csv,/project/theorie/n/N.Pfaffenzeller/results_project/10b10t/10b10t15c1000e_10-dt80-int/data/param_797_rep_2/config.json,"ArgumentError: invalid JSON at byte position 0 while parsing type Any: UnexpectedEOF

"
/project/theorie/n/N.Pfaffenzeller/results_project/10b10t/10b10t15c1000e_10-dt80-int,param_797_rep_3,/project/theorie/n/N.Pfaffenzeller/results_project/10b10t/10b10t15c1000e_10-dt80-int/data/param_797_rep_3,/project/theorie/n/N.Pfaffenzeller/results_project/10b10t/10b10t15c1000e_10-dt80-int/data/param_797_rep_3/event_log.csv,/project/theorie/n/N.Pfaffenzeller/results_project/10b10t/10b10t15c1000e_10-dt80-int/data/param_797_rep_3/config.json,"ArgumentError: invalid JSON at byte position 0 while parsing type Any: UnexpectedEOF

"
/project/theorie/n/N.Pfaffenzeller/results_project/10b10t/10b10t15c1000e_10-dt80-int,param_797_rep_4,/project/theorie/n/N.Pfaffenzeller/results_project/10b10t/10b10t15c1000e_10-dt80-int/data/param_797_rep_4,/project/theorie/n/N.Pfaffenzeller/results_project/10b10t/10b10t15c1000e_10-dt80-int/data/param_797_rep_4/event_log.csv,/project/theorie/n/N.Pfaffenzeller/results_project/10b10t/10b10t15c1000e_10-dt80-int/data/param_797_rep_4/config.json,"ArgumentError: invalid JSON at byte position 0 while parsing type Any: UnexpectedEOF

"
/project/theorie/n/N.Pfaffenzeller/results_project/10b10t/10b10t15c1000e_10-dt80-int,param_797_rep_5,/project/theorie/n/N.Pfaffenzeller/results_project/10b10t/10b10t15c1000e_10-dt80-int/data/param_797_rep_5,/project/theorie/n/N.Pfaffenzeller/results_project/10b10t/10b10t15c1000e_10-dt80-int/data/param_797_rep_5/event_log.csv,/project/theorie/n/N.Pfaffenzeller/results_project/10b10t/10b10t15c1000e_10-dt80-int/data/param_797_rep_5/config.json,"ArgumentError: invalid JSON at byte position 0 while parsing type Any: UnexpectedEOF

"
/project/theorie/n/N.Pfaffenzeller/results_project/10b10t/10b10t15c1000e_10-dt80-int,param_797_rep_6,/project/theorie/n/N.Pfaffenzeller/results_project/10b10t/10b10t15c1000e_10-dt80-int/data/param_797_rep_6,/project/theorie/n/N.Pfaffenzeller/results_project/10b10t/10b10t15c1000e_10-dt80-int/data/param_797_rep_6/event_log.csv,/project/theorie/n/N.Pfaffenzeller/results_project/10b10t/10b10t15c1000e_10-dt80-int/data/param_797_rep_6/config.json,"ArgumentError: invalid JSON at byte position 0 while parsing type Any: UnexpectedEOF

"
/project/theorie/n/N.Pfaffenzeller/results_project/10b10t/10b10t15c1000e_10-dt80-int,param_797_rep_7,/project/theorie/n/N.Pfaffenzeller/results_project/10b10t/10b10t15c1000e_10-dt80-int/data/param_797_rep_7,/project/theorie/n/N.Pfaffenzeller/results_project/10b10t/10b10t15c1000e_10-dt80-int/data/param_797_rep_7/event_log.csv,/project/theorie/n/N.Pfaffenzeller/results_project/10b10t/10b10t15c1000e_10-dt80-int/data/param_797_rep_7/config.json,"ArgumentError: invalid JSON at byte position 0 while parsing type Any: UnexpectedEOF

"
/project/theorie/n/N.Pfaffenzeller/results_project/10b10t/10b10t15c1000e_10-dt80-int,param_797_rep_8,/project/theorie/n/N.Pfaffenzeller/results_project/10b10t/10b10t15c1000e_10-dt80-int/data/param_797_rep_8,/project/theorie/n/N.Pfaffenzeller/results_project/10b10t/10b10t15c1000e_10-dt80-int/data/param_797_rep_8/event_log.csv,/project/theorie/n/N.Pfaffenzeller/results_project/10b10t/10b10t15c1000e_10-dt80-int/data/param_797_rep_8/config.json,"ArgumentError: invalid JSON at byte position 0 while parsing type Any: UnexpectedEOF

"
/project/theorie/n/N.Pfaffenzeller/results_project/10b10t/10b10t15c1000e_10-dt80-int,param_797_rep_9,/project/theorie/n/N.Pfaffenzeller/results_project/10b10t/10b10t15c1000e_10-dt80-int/data/param_797_rep_9,/project/theorie/n/N.Pfaffenzeller/results_project/10b10t/10b10t15c1000e_10-dt80-int/data/param_797_rep_9/event_log.csv,/project/theorie/n/N.Pfaffenzeller/results_project/10b10t/10b10t15c1000e_10-dt80-int/data/param_797_rep_9/config.json,"ArgumentError: invalid JSON at byte position 0 while parsing type Any: UnexpectedEOF

"
/project/theorie/n/N.Pfaffenzeller/results_project/10b10t/10b10t15c1000e_10-dt80-int,param_798_rep_1,/project/theorie/n/N.Pfaffenzeller/results_project/10b10t/10b10t15c1000e_10-dt80-int/data/param_798_rep_1,/project/theorie/n/N.Pfaffenzeller/results_project/10b10t/10b10t15c1000e_10-dt80-int/data/param_798_rep_1/event_log.csv,/project/theorie/n/N.Pfaffenzeller/results_project/10b10t/10b10t15c1000e_10-dt80-int/data/param_798_rep_1/config.json,"ArgumentError: invalid JSON at byte position 0 while parsing type Any: UnexpectedEOF

"
/project/theorie/n/N.Pfaffenzeller/results_project/10b10t/10b10t15c1000e_10-dt80-int,param_798_rep_10,/project/theorie/n/N.Pfaffenzeller/results_project/10b10t/10b10t15c1000e_10-dt80-int/data/param_798_rep_10,/project/theorie/n/N.Pfaffenzeller/results_project/10b10t/10b10t15c1000e_10-dt80-int/data/param_798_rep_10/event_log.csv,/project/theorie/n/N.Pfaffenzeller/results_project/10b10t/10b10t15c1000e_10-dt80-int/data/param_798_rep_10/config.json,"ArgumentError: invalid JSON at byte position 0 while parsing type Any: UnexpectedEOF

"
/project/theorie/n/N.Pfaffenzeller/results_project/10b10t/10b10t15c1000e_10-dt80-int,param_798_rep_2,/project/theorie/n/N.Pfaffenzeller/results_project/10b10t/10b10t15c1000e_10-dt80-int/data/param_798_rep_2,/project/theorie/n/N.Pfaffenzeller/results_project/10b10t/10b10t15c1000e_10-dt80-int/data/param_798_rep_2/event_log.csv,/project/theorie/n/N.Pfaffenzeller/results_project/10b10t/10b10t15c1000e_10-dt80-int/data/param_798_rep_2/config.json,"ArgumentError: invalid JSON at byte position 0 while parsing type Any: UnexpectedEOF

"
/project/theorie/n/N.Pfaffenzeller/results_project/10b10t/10b10t15c1000e_10-dt80-int,param_798_rep_3,/project/theorie/n/N.Pfaffenzeller/results_project/10b10t/10b10t15c1000e_10-dt80-int/data/param_798_rep_3,/project/theorie/n/N.Pfaffenzeller/results_project/10b10t/10b10t15c1000e_10-dt80-int/data/param_798_rep_3/event_log.csv,/project/theorie/n/N.Pfaffenzeller/results_project/10b10t/10b10t15c1000e_10-dt80-int/data/param_798_rep_3/config.json,"ArgumentError: invalid JSON at byte position 0 while parsing type Any: UnexpectedEOF

"
/project/theorie/n/N.Pfaffenzeller/results_project/10b10t/10b10t15c1000e_10-dt80-int,param_798_rep_4,/project/theorie/n/N.Pfaffenzeller/results_project/10b10t/10b10t15c1000e_10-dt80-int/data/param_798_rep_4,/project/theorie/n/N.Pfaffenzeller/results_project/10b10t/10b10t15c1000e_10-dt80-int/data/param_798_rep_4/event_log.csv,/project/theorie/n/N.Pfaffenzeller/results_project/10b10t/10b10t15c1000e_10-dt80-int/data/param_798_rep_4/config.json,"ArgumentError: invalid JSON at byte position 0 while parsing type Any: UnexpectedEOF

"
/project/theorie/n/N.Pfaffenzeller/results_project/10b10t/10b10t15c1000e_10-dt80-int,param_798_rep_5,/project/theorie/n/N.Pfaffenzeller/results_project/10b10t/10b10t15c1000e_10-dt80-int/data/param_798_rep_5,/project/theorie/n/N.Pfaffenzeller/results_project/10b10t/10b10t15c1000e_10-dt80-int/data/param_798_rep_5/event_log.csv,/project/theorie/n/N.Pfaffenzeller/results_project/10b10t/10b10t15c1000e_10-dt80-int/data/param_798_rep_5/config.json,"ArgumentError: invalid JSON at byte position 0 while parsing type Any: UnexpectedEOF

"
/project/theorie/n/N.Pfaffenzeller/results_project/10b10t/10b10t15c1000e_10-dt80-int,param_798_rep_6,/project/theorie/n/N.Pfaffenzeller/results_project/10b10t/10b10t15c1000e_10-dt80-int/data/param_798_rep_6,/project/theorie/n/N.Pfaffenzeller/results_project/10b10t/10b10t15c1000e_10-dt80-int/data/param_798_rep_6/event_log.csv,/project/theorie/n/N.Pfaffenzeller/results_project/10b10t/10b10t15c1000e_10-dt80-int/data/param_798_rep_6/config.json,"ArgumentError: invalid JSON at byte position 0 while parsing type Any: UnexpectedEOF

"
/project/theorie/n/N.Pfaffenzeller/results_project/10b10t/10b10t15c1000e_10-dt80-int,param_798_rep_7,/project/theorie/n/N.Pfaffenzeller/results_project/10b10t/10b10t15c1000e_10-dt80-int/data/param_798_rep_7,/project/theorie/n/N.Pfaffenzeller/results_project/10b10t/10b10t15c1000e_10-dt80-int/data/param_798_rep_7/event_log.csv,/project/theorie/n/N.Pfaffenzeller/results_project/10b10t/10b10t15c1000e_10-dt80-int/data/param_798_rep_7/config.json,"ArgumentError: invalid JSON at byte position 0 while parsing type Any: UnexpectedEOF

"
/project/theorie/n/N.Pfaffenzeller/results_project/10b10t/10b10t15c1000e_10-dt80-int,param_798_rep_8,/project/theorie/n/N.Pfaffenzeller/results_project/10b10t/10b10t15c1000e_10-dt80-int/data/param_798_rep_8,/project/theorie/n/N.Pfaffenzeller/results_project/10b10t/10b10t15c1000e_10-dt80-int/data/param_798_rep_8/event_log.csv,/project/theorie/n/N.Pfaffenzeller/results_project/10b10t/10b10t15c1000e_10-dt80-int/data/param_798_rep_8/config.json,"ArgumentError: invalid JSON at byte position 0 while parsing type Any: UnexpectedEOF

"
/project/theorie/n/N.Pfaffenzeller/results_project/10b10t/10b10t15c1000e_10-dt80-int,param_798_rep_9,/project/theorie/n/N.Pfaffenzeller/results_project/10b10t/10b10t15c1000e_10-dt80-int/data/param_798_rep_9,/project/theorie/n/N.Pfaffenzeller/results_project/10b10t/10b10t15c1000e_10-dt80-int/data/param_798_rep_9/event_log.csv,/project/theorie/n/N.Pfaffenzeller/results_project/10b10t/10b10t15c1000e_10-dt80-int/data/param_798_rep_9/config.json,"ArgumentError: invalid JSON at byte position 0 while parsing type Any: UnexpectedEOF

"
/project/theorie/n/N.Pfaffenzeller/results_project/10b10t/10b10t15c1000e_10-dt80-int,param_799_rep_1,/project/theorie/n/N.Pfaffenzeller/results_project/10b10t/10b10t15c1000e_10-dt80-int/data/param_799_rep_1,/project/theorie/n/N.Pfaffenzeller/results_project/10b10t/10b10t15c1000e_10-dt80-int/data/param_799_rep_1/event_log.csv,/project/theorie/n/N.Pfaffenzeller/results_project/10b10t/10b10t15c1000e_10-dt80-int/data/param_799_rep_1/config.json,"ArgumentError: invalid JSON at byte position 0 while parsing type Any: UnexpectedEOF

"
/project/theorie/n/N.Pfaffenzeller/results_project/10b10t/10b10t15c1000e_10-dt80-int,param_799_rep_10,/project/theorie/n/N.Pfaffenzeller/results_project/10b10t/10b10t15c1000e_10-dt80-int/data/param_799_rep_10,/project/theorie/n/N.Pfaffenzeller/results_project/10b10t/10b10t15c1000e_10-dt80-int/data/param_799_rep_10/event_log.csv,/project/theorie/n/N.Pfaffenzeller/results_project/10b10t/10b10t15c1000e_10-dt80-int/data/param_799_rep_10/config.json,"ArgumentError: invalid JSON at byte position 0 while parsing type Any: UnexpectedEOF

"
/project/theorie/n/N.Pfaffenzeller/results_project/10b10t/10b10t15c1000e_10-dt80-int,param_799_rep_2,/project/theorie/n/N.Pfaffenzeller/results_project/10b10t/10b10t15c1000e_10-dt80-int/data/param_799_rep_2,/project/theorie/n/N.Pfaffenzeller/results_project/10b10t/10b10t15c1000e_10-dt80-int/data/param_799_rep_2/event_log.csv,/project/theorie/n/N.Pfaffenzeller/results_project/10b10t/10b10t15c1000e_10-dt80-int/data/param_799_rep_2/config.json,"ArgumentError: invalid JSON at byte position 0 while parsing type Any: UnexpectedEOF

"
/project/theorie/n/N.Pfaffenzeller/results_project/10b10t/10b10t15c1000e_10-dt80-int,param_799_rep_3,/project/theorie/n/N.Pfaffenzeller/results_project/10b10t/10b10t15c1000e_10-dt80-int/data/param_799_rep_3,/project/theorie/n/N.Pfaffenzeller/results_project/10b10t/10b10t15c1000e_10-dt80-int/data/param_799_rep_3/event_log.csv,/project/theorie/n/N.Pfaffenzeller/results_project/10b10t/10b10t15c1000e_10-dt80-int/data/param_799_rep_3/config.json,"ArgumentError: invalid JSON at byte position 0 while parsing type Any: UnexpectedEOF

"
/project/theorie/n/N.Pfaffenzeller/results_project/10b10t/10b10t15c1000e_10-dt80-int,param_799_rep_4,/project/theorie/n/N.Pfaffenzeller/results_project/10b10t/10b10t15c1000e_10-dt80-int/data/param_799_rep_4,/project/theorie/n/N.Pfaffenzeller/results_project/10b10t/10b10t15c1000e_10-dt80-int/data/param_799_rep_4/event_log.csv,/project/theorie/n/N.Pfaffenzeller/results_project/10b10t/10b10t15c1000e_10-dt80-int/data/param_799_rep_4/config.json,"ArgumentError: invalid JSON at byte position 0 while parsing type Any: UnexpectedEOF

"
/project/theorie/n/N.Pfaffenzeller/results_project/10b10t/10b10t15c1000e_10-dt80-int,param_799_rep_5,/project/theorie/n/N.Pfaffenzeller/results_project/10b10t/10b10t15c1000e_10-dt80-int/data/param_799_rep_5,/project/theorie/n/N.Pfaffenzeller/results_project/10b10t/10b10t15c1000e_10-dt80-int/data/param_799_rep_5/event_log.csv,/project/theorie/n/N.Pfaffenzeller/results_project/10b10t/10b10t15c1000e_10-dt80-int/data/param_799_rep_5/config.json,"ArgumentError: invalid JSON at byte position 0 while parsing type Any: UnexpectedEOF

"
/project/theorie/n/N.Pfaffenzeller/results_project/10b10t/10b10t15c1000e_10-dt80-int,param_799_rep_6,/project/theorie/n/N.Pfaffenzeller/results_project/10b10t/10b10t15c1000e_10-dt80-int/data/param_799_rep_6,/project/theorie/n/N.Pfaffenzeller/results_project/10b10t/10b10t15c1000e_10-dt80-int/data/param_799_rep_6/event_log.csv,/project/theorie/n/N.Pfaffenzeller/results_project/10b10t/10b10t15c1000e_10-dt80-int/data/param_799_rep_6/config.json,"ArgumentError: invalid JSON at byte position 0 while parsing type Any: UnexpectedEOF

"
/project/theorie/n/N.Pfaffenzeller/results_project/10b10t/10b10t15c1000e_10-dt80-int,param_799_rep_7,/project/theorie/n/N.Pfaffenzeller/results_project/10b10t/10b10t15c1000e_10-dt80-int/data/param_799_rep_7,/project/theorie/n/N.Pfaffenzeller/results_project/10b10t/10b10t15c1000e_10-dt80-int/data/param_799_rep_7/event_log.csv,/project/theorie/n/N.Pfaffenzeller/results_project/10b10t/10b10t15c1000e_10-dt80-int/data/param_799_rep_7/config.json,"ArgumentError: invalid JSON at byte position 0 while parsing type Any: UnexpectedEOF

"
/project/theorie/n/N.Pfaffenzeller/results_project/10b10t/10b10t15c1000e_10-dt80-int,param_799_rep_8,/project/theorie/n/N.Pfaffenzeller/results_project/10b10t/10b10t15c1000e_10-dt80-int/data/param_799_rep_8,/project/theorie/n/N.Pfaffenzeller/results_project/10b10t/10b10t15c1000e_10-dt80-int/data/param_799_rep_8/event_log.csv,/project/theorie/n/N.Pfaffenzeller/results_project/10b10t/10b10t15c1000e_10-dt80-int/data/param_799_rep_8/config.json,"ArgumentError: invalid JSON at byte position 0 while parsing type Any: UnexpectedEOF

"
/project/theorie/n/N.Pfaffenzeller/results_project/10b10t/10b10t15c1000e_10-dt80-int,param_799_rep_9,/project/theorie/n/N.Pfaffenzeller/results_project/10b10t/10b10t15c1000e_10-dt80-int/data/param_799_rep_9,/project/theorie/n/N.Pfaffenzeller/results_project/10b10t/10b10t15c1000e_10-dt80-int/data/param_799_rep_9/event_log.csv,/project/theorie/n/N.Pfaffenzeller/results_project/10b10t/10b10t15c1000e_10-dt80-int/data/param_799_rep_9/config.json,"ArgumentError: invalid JSON at byte position 0 while parsing type Any: UnexpectedEOF

"
/project/theorie/n/N.Pfaffenzeller/results_project/10b10t/10b10t15c1000e_10-dt80-int,param_800_rep_1,/project/theorie/n/N.Pfaffenzeller/results_project/10b10t/10b10t15c1000e_10-dt80-int/data/param_800_rep_1,/project/theorie/n/N.Pfaffenzeller/results_project/10b10t/10b10t15c1000e_10-dt80-int/data/param_800_rep_1/event_log.csv,/project/theorie/n/N.Pfaffenzeller/results_project/10b10t/10b10t15c1000e_10-dt80-int/data/param_800_rep_1/config.json,"ArgumentError: invalid JSON at byte position 0 while parsing type Any: UnexpectedEOF

"
/project/theorie/n/N.Pfaffenzeller/results_project/10b10t/10b10t15c1000e_10-dt80-int,param_800_rep_10,/project/theorie/n/N.Pfaffenzeller/results_project/10b10t/10b10t15c1000e_10-dt80-int/data/param_800_rep_10,/project/theorie/n/N.Pfaffenzeller/results_project/10b10t/10b10t15c1000e_10-dt80-int/data/param_800_rep_10/event_log.csv,/project/theorie/n/N.Pfaffenzeller/results_project/10b10t/10b10t15c1000e_10-dt80-int/data/param_800_rep_10/config.json,"ArgumentError: invalid JSON at byte position 0 while parsing type Any: UnexpectedEOF

"
/project/theorie/n/N.Pfaffenzeller/results_project/10b10t/10b10t15c1000e_10-dt80-int,param_800_rep_2,/project/theorie/n/N.Pfaffenzeller/results_project/10b10t/10b10t15c1000e_10-dt80-int/data/param_800_rep_2,/project/theorie/n/N.Pfaffenzeller/results_project/10b10t/10b10t15c1000e_10-dt80-int/data/param_800_rep_2/event_log.csv,/project/theorie/n/N.Pfaffenzeller/results_project/10b10t/10b10t15c1000e_10-dt80-int/data/param_800_rep_2/config.json,"ArgumentError: invalid JSON at byte position 0 while parsing type Any: UnexpectedEOF

"
/project/theorie/n/N.Pfaffenzeller/results_project/10b10t/10b10t15c1000e_10-dt80-int,param_800_rep_3,/project/theorie/n/N.Pfaffenzeller/results_project/10b10t/10b10t15c1000e_10-dt80-int/data/param_800_rep_3,/project/theorie/n/N.Pfaffenzeller/results_project/10b10t/10b10t15c1000e_10-dt80-int/data/param_800_rep_3/event_log.csv,/project/theorie/n/N.Pfaffenzeller/results_project/10b10t/10b10t15c1000e_10-dt80-int/data/param_800_rep_3/config.json,"ArgumentError: invalid JSON at byte position 0 while parsing type Any: UnexpectedEOF

"
/project/theorie/n/N.Pfaffenzeller/results_project/10b10t/10b10t15c1000e_10-dt80-int,param_800_rep_4,/project/theorie/n/N.Pfaffenzeller/results_project/10b10t/10b10t15c1000e_10-dt80-int/data/param_800_rep_4,/project/theorie/n/N.Pfaffenzeller/results_project/10b10t/10b10t15c1000e_10-dt80-int/data/param_800_rep_4/event_log.csv,/project/theorie/n/N.Pfaffenzeller/results_project/10b10t/10b10t15c1000e_10-dt80-int/data/param_800_rep_4/config.json,"ArgumentError: invalid JSON at byte position 0 while parsing type Any: UnexpectedEOF

"
/project/theorie/n/N.Pfaffenzeller/results_project/10b10t/10b10t15c1000e_10-dt80-int,param_800_rep_5,/project/theorie/n/N.Pfaffenzeller/results_project/10b10t/10b10t15c1000e_10-dt80-int/data/param_800_rep_5,/project/theorie/n/N.Pfaffenzeller/results_project/10b10t/10b10t15c1000e_10-dt80-int/data/param_800_rep_5/event_log.csv,/project/theorie/n/N.Pfaffenzeller/results_project/10b10t/10b10t15c1000e_10-dt80-int/data/param_800_rep_5/config.json,"ArgumentError: invalid JSON at byte position 0 while parsing type Any: UnexpectedEOF

"
/project/theorie/n/N.Pfaffenzeller/results_project/10b10t/10b10t15c1000e_10-dt80-int,param_800_rep_6,/project/theorie/n/N.Pfaffenzeller/results_project/10b10t/10b10t15c1000e_10-dt80-int/data/param_800_rep_6,/project/theorie/n/N.Pfaffenzeller/results_project/10b10t/10b10t15c1000e_10-dt80-int/data/param_800_rep_6/event_log.csv,/project/theorie/n/N.Pfaffenzeller/results_project/10b10t/10b10t15c1000e_10-dt80-int/data/param_800_rep_6/config.json,"ArgumentError: invalid JSON at byte position 0 while parsing type Any: UnexpectedEOF

"
/project/theorie/n/N.Pfaffenzeller/results_project/10b10t/10b10t15c1000e_10-dt80-int,param_800_rep_7,/project/theorie/n/N.Pfaffenzeller/results_project/10b10t/10b10t15c1000e_10-dt80-int/data/param_800_rep_7,/project/theorie/n/N.Pfaffenzeller/results_project/10b10t/10b10t15c1000e_10-dt80-int/data/param_800_rep_7/event_log.csv,/project/theorie/n/N.Pfaffenzeller/results_project/10b10t/10b10t15c1000e_10-dt80-int/data/param_800_rep_7/config.json,"ArgumentError: invalid JSON at byte position 0 while parsing type Any: UnexpectedEOF

"
/project/theorie/n/N.Pfaffenzeller/results_project/10b10t/10b10t15c1000e_10-dt80-int,param_800_rep_8,/project/theorie/n/N.Pfaffenzeller/results_project/10b10t/10b10t15c1000e_10-dt80-int/data/param_800_rep_8,/project/theorie/n/N.Pfaffenzeller/results_project/10b10t/10b10t15c1000e_10-dt80-int/data/param_800_rep_8/event_log.csv,/project/theorie/n/N.Pfaffenzeller/results_project/10b10t/10b10t15c1000e_10-dt80-int/data/param_800_rep_8/config.json,"ArgumentError: invalid JSON at byte position 0 while parsing type Any: UnexpectedEOF

"
/project/theorie/n/N.Pfaffenzeller/results_project/10b10t/10b10t15c1000e_10-dt80-int,param_800_rep_9,/project/theorie/n/N.Pfaffenzeller/results_project/10b10t/10b10t15c1000e_10-dt80-int/data/param_800_rep_9,/project/theorie/n/N.Pfaffenzeller/results_project/10b10t/10b10t15c1000e_10-dt80-int/data/param_800_rep_9/event_log.csv,/project/theorie/n/N.Pfaffenzeller/results_project/10b10t/10b10t15c1000e_10-dt80-int/data/param_800_rep_9/config.json,"ArgumentError: invalid JSON at byte position 0 while parsing type Any: UnexpectedEOF

"
