root,param_folder,param_dir,n_epochs,learning_rate,interaction_rate,dead_time,lambda_sensitivity,n_bees,n_tasks,time,threshold,any_geq,exactly_one_geq,unique_specialist,avg_agents_geq_per_task
/project/theorie/n/N.Pfaffenzeller/results_project/checkpoint/3b3t2000e_car_iris_wine_sweep,param_10_rep_1,/project/theorie/n/N.Pfaffenzeller/results_project/checkpoint/3b3t2000e_car_iris_wine_sweep/data/param_10_rep_1,2000,1.0e-5,1,1,1000000,3,3,1000.0,0.8,1,1,1,0.3333333333333333
/project/theorie/n/N.Pfaffenzeller/results_project/checkpoint/3b3t2000e_car_iris_wine_sweep,param_10_rep_1,/project/theorie/n/N.Pfaffenzeller/results_project/checkpoint/3b3t2000e_car_iris_wine_sweep/data/param_10_rep_1,2000,1.0e-5,1,1,1000000,3,3,1000.0,0.9,0,0,0,0.0
/project/theorie/n/N.Pfaffenzeller/results_project/checkpoint/3b3t2000e_car_iris_wine_sweep,param_10_rep_1,/project/theorie/n/N.Pfaffenzeller/results_project/checkpoint/3b3t2000e_car_iris_wine_sweep/data/param_10_rep_1,2000,1.0e-5,1,1,1000000,3,3,2000.0,0.8,0,0,0,0.0
/project/theorie/n/N.Pfaffenzeller/results_project/checkpoint/3b3t2000e_car_iris_wine_sweep,param_10_rep_1,/project/theorie/n/N.Pfaffenzeller/results_project/checkpoint/3b3t2000e_car_iris_wine_sweep/data/param_10_rep_1,2000,1.0e-5,1,1,1000000,3,3,2000.0,0.9,0,0,0,0.0
/project/theorie/n/N.Pfaffenzeller/results_project/checkpoint/3b3t2000e_car_iris_wine_sweep,param_10_rep_2,/project/theorie/n/N.Pfaffenzeller/results_project/checkpoint/3b3t2000e_car_iris_wine_sweep/data/param_10_rep_2,2000,1.0e-5,1,1,1000000,3,3,1000.0,0.8,1,1,1,0.3333333333333333
/project/theorie/n/N.Pfaffenzeller/results_project/checkpoint/3b3t2000e_car_iris_wine_sweep,param_10_rep_2,/project/theorie/n/N.Pfaffenzeller/results_project/checkpoint/3b3t2000e_car_iris_wine_sweep/data/param_10_rep_2,2000,1.0e-5,1,1,1000000,3,3,1000.0,0.9,1,1,1,0.3333333333333333
/project/theorie/n/N.Pfaffenzeller/results_project/checkpoint/3b3t2000e_car_iris_wine_sweep,param_10_rep_2,/project/theorie/n/N.Pfaffenzeller/results_project/checkpoint/3b3t2000e_car_iris_wine_sweep/data/param_10_rep_2,2000,1.0e-5,1,1,1000000,3,3,2000.0,0.8,1,1,1,0.3333333333333333
/project/theorie/n/N.Pfaffenzeller/results_project/checkpoint/3b3t2000e_car_iris_wine_sweep,param_10_rep_2,/project/theorie/n/N.Pfaffenzeller/results_project/checkpoint/3b3t2000e_car_iris_wine_sweep/data/param_10_rep_2,2000,1.0e-5,1,1,1000000,3,3,2000.0,0.9,1,1,1,0.3333333333333333
/project/theorie/n/N.Pfaffenzeller/results_project/checkpoint/3b3t2000e_car_iris_wine_sweep,param_10_rep_3,/project/theorie/n/N.Pfaffenzeller/results_project/checkpoint/3b3t2000e_car_iris_wine_sweep/data/param_10_rep_3,2000,1.0e-5,1,1,1000000,3,3,1000.0,0.8,2,2,2,0.6666666666666666
/project/theorie/n/N.Pfaffenzeller/results_project/checkpoint/3b3t2000e_car_iris_wine_sweep,param_10_rep_3,/project/theorie/n/N.Pfaffenzeller/results_project/checkpoint/3b3t2000e_car_iris_wine_sweep/data/param_10_rep_3,2000,1.0e-5,1,1,1000000,3,3,1000.0,0.9,2,2,2,0.6666666666666666
/project/theorie/n/N.Pfaffenzeller/results_project/checkpoint/3b3t2000e_car_iris_wine_sweep,param_10_rep_3,/project/theorie/n/N.Pfaffenzeller/results_project/checkpoint/3b3t2000e_car_iris_wine_sweep/data/param_10_rep_3,2000,1.0e-5,1,1,1000000,3,3,2000.0,0.8,1,1,1,0.3333333333333333
/project/theorie/n/N.Pfaffenzeller/results_project/checkpoint/3b3t2000e_car_iris_wine_sweep,param_10_rep_3,/project/theorie/n/N.Pfaffenzeller/results_project/checkpoint/3b3t2000e_car_iris_wine_sweep/data/param_10_rep_3,2000,1.0e-5,1,1,1000000,3,3,2000.0,0.9,1,1,1,0.3333333333333333
/project/theorie/n/N.Pfaffenzeller/results_project/checkpoint/3b3t2000e_car_iris_wine_sweep,param_11_rep_1,/project/theorie/n/N.Pfaffenzeller/results_project/checkpoint/3b3t2000e_car_iris_wine_sweep/data/param_11_rep_1,2000,1.0e-5,1,10,1000000,3,3,1000.0,0.8,2,2,2,0.6666666666666666
/project/theorie/n/N.Pfaffenzeller/results_project/checkpoint/3b3t2000e_car_iris_wine_sweep,param_11_rep_1,/project/theorie/n/N.Pfaffenzeller/results_project/checkpoint/3b3t2000e_car_iris_wine_sweep/data/param_11_rep_1,2000,1.0e-5,1,10,1000000,3,3,1000.0,0.9,1,1,1,0.3333333333333333
/project/theorie/n/N.Pfaffenzeller/results_project/checkpoint/3b3t2000e_car_iris_wine_sweep,param_11_rep_1,/project/theorie/n/N.Pfaffenzeller/results_project/checkpoint/3b3t2000e_car_iris_wine_sweep/data/param_11_rep_1,2000,1.0e-5,1,10,1000000,3,3,2000.0,0.8,2,2,2,0.6666666666666666
/project/theorie/n/N.Pfaffenzeller/results_project/checkpoint/3b3t2000e_car_iris_wine_sweep,param_11_rep_1,/project/theorie/n/N.Pfaffenzeller/results_project/checkpoint/3b3t2000e_car_iris_wine_sweep/data/param_11_rep_1,2000,1.0e-5,1,10,1000000,3,3,2000.0,0.9,2,2,2,0.6666666666666666
/project/theorie/n/N.Pfaffenzeller/results_project/checkpoint/3b3t2000e_car_iris_wine_sweep,param_11_rep_2,/project/theorie/n/N.Pfaffenzeller/results_project/checkpoint/3b3t2000e_car_iris_wine_sweep/data/param_11_rep_2,2000,1.0e-5,1,10,1000000,3,3,1000.0,0.8,1,1,1,0.3333333333333333
/project/theorie/n/N.Pfaffenzeller/results_project/checkpoint/3b3t2000e_car_iris_wine_sweep,param_11_rep_2,/project/theorie/n/N.Pfaffenzeller/results_project/checkpoint/3b3t2000e_car_iris_wine_sweep/data/param_11_rep_2,2000,1.0e-5,1,10,1000000,3,3,1000.0,0.9,1,1,1,0.3333333333333333
/project/theorie/n/N.Pfaffenzeller/results_project/checkpoint/3b3t2000e_car_iris_wine_sweep,param_11_rep_2,/project/theorie/n/N.Pfaffenzeller/results_project/checkpoint/3b3t2000e_car_iris_wine_sweep/data/param_11_rep_2,2000,1.0e-5,1,10,1000000,3,3,2000.0,0.8,2,2,2,0.6666666666666666
/project/theorie/n/N.Pfaffenzeller/results_project/checkpoint/3b3t2000e_car_iris_wine_sweep,param_11_rep_2,/project/theorie/n/N.Pfaffenzeller/results_project/checkpoint/3b3t2000e_car_iris_wine_sweep/data/param_11_rep_2,2000,1.0e-5,1,10,1000000,3,3,2000.0,0.9,2,2,2,0.6666666666666666
/project/theorie/n/N.Pfaffenzeller/results_project/checkpoint/3b3t2000e_car_iris_wine_sweep,param_11_rep_3,/project/theorie/n/N.Pfaffenzeller/results_project/checkpoint/3b3t2000e_car_iris_wine_sweep/data/param_11_rep_3,2000,1.0e-5,1,10,1000000,3,3,1000.0,0.8,2,2,2,0.6666666666666666
/project/theorie/n/N.Pfaffenzeller/results_project/checkpoint/3b3t2000e_car_iris_wine_sweep,param_11_rep_3,/project/theorie/n/N.Pfaffenzeller/results_project/checkpoint/3b3t2000e_car_iris_wine_sweep/data/param_11_rep_3,2000,1.0e-5,1,10,1000000,3,3,1000.0,0.9,2,2,2,0.6666666666666666
/project/theorie/n/N.Pfaffenzeller/results_project/checkpoint/3b3t2000e_car_iris_wine_sweep,param_11_rep_3,/project/theorie/n/N.Pfaffenzeller/results_project/checkpoint/3b3t2000e_car_iris_wine_sweep/data/param_11_rep_3,2000,1.0e-5,1,10,1000000,3,3,2000.0,0.8,1,1,1,0.3333333333333333
/project/theorie/n/N.Pfaffenzeller/results_project/checkpoint/3b3t2000e_car_iris_wine_sweep,param_11_rep_3,/project/theorie/n/N.Pfaffenzeller/results_project/checkpoint/3b3t2000e_car_iris_wine_sweep/data/param_11_rep_3,2000,1.0e-5,1,10,1000000,3,3,2000.0,0.9,1,1,1,0.3333333333333333
/project/theorie/n/N.Pfaffenzeller/results_project/checkpoint/3b3t2000e_car_iris_wine_sweep,param_12_rep_1,/project/theorie/n/N.Pfaffenzeller/results_project/checkpoint/3b3t2000e_car_iris_wine_sweep/data/param_12_rep_1,2000,1.0e-5,1,100,1000000,3,3,1000.0,0.8,1,1,1,0.3333333333333333
/project/theorie/n/N.Pfaffenzeller/results_project/checkpoint/3b3t2000e_car_iris_wine_sweep,param_12_rep_1,/project/theorie/n/N.Pfaffenzeller/results_project/checkpoint/3b3t2000e_car_iris_wine_sweep/data/param_12_rep_1,2000,1.0e-5,1,100,1000000,3,3,1000.0,0.9,1,1,1,0.3333333333333333
/project/theorie/n/N.Pfaffenzeller/results_project/checkpoint/3b3t2000e_car_iris_wine_sweep,param_12_rep_1,/project/theorie/n/N.Pfaffenzeller/results_project/checkpoint/3b3t2000e_car_iris_wine_sweep/data/param_12_rep_1,2000,1.0e-5,1,100,1000000,3,3,2000.0,0.8,0,0,0,0.0
/project/theorie/n/N.Pfaffenzeller/results_project/checkpoint/3b3t2000e_car_iris_wine_sweep,param_12_rep_1,/project/theorie/n/N.Pfaffenzeller/results_project/checkpoint/3b3t2000e_car_iris_wine_sweep/data/param_12_rep_1,2000,1.0e-5,1,100,1000000,3,3,2000.0,0.9,0,0,0,0.0
/project/theorie/n/N.Pfaffenzeller/results_project/checkpoint/3b3t2000e_car_iris_wine_sweep,param_12_rep_2,/project/theorie/n/N.Pfaffenzeller/results_project/checkpoint/3b3t2000e_car_iris_wine_sweep/data/param_12_rep_2,2000,1.0e-5,1,100,1000000,3,3,1000.0,0.8,2,2,2,0.6666666666666666
/project/theorie/n/N.Pfaffenzeller/results_project/checkpoint/3b3t2000e_car_iris_wine_sweep,param_12_rep_2,/project/theorie/n/N.Pfaffenzeller/results_project/checkpoint/3b3t2000e_car_iris_wine_sweep/data/param_12_rep_2,2000,1.0e-5,1,100,1000000,3,3,1000.0,0.9,2,2,2,0.6666666666666666
/project/theorie/n/N.Pfaffenzeller/results_project/checkpoint/3b3t2000e_car_iris_wine_sweep,param_12_rep_2,/project/theorie/n/N.Pfaffenzeller/results_project/checkpoint/3b3t2000e_car_iris_wine_sweep/data/param_12_rep_2,2000,1.0e-5,1,100,1000000,3,3,2000.0,0.8,2,2,2,0.6666666666666666
/project/theorie/n/N.Pfaffenzeller/results_project/checkpoint/3b3t2000e_car_iris_wine_sweep,param_12_rep_2,/project/theorie/n/N.Pfaffenzeller/results_project/checkpoint/3b3t2000e_car_iris_wine_sweep/data/param_12_rep_2,2000,1.0e-5,1,100,1000000,3,3,2000.0,0.9,2,2,2,0.6666666666666666
/project/theorie/n/N.Pfaffenzeller/results_project/checkpoint/3b3t2000e_car_iris_wine_sweep,param_12_rep_3,/project/theorie/n/N.Pfaffenzeller/results_project/checkpoint/3b3t2000e_car_iris_wine_sweep/data/param_12_rep_3,2000,1.0e-5,1,100,1000000,3,3,1000.0,0.8,2,2,2,0.6666666666666666
/project/theorie/n/N.Pfaffenzeller/results_project/checkpoint/3b3t2000e_car_iris_wine_sweep,param_12_rep_3,/project/theorie/n/N.Pfaffenzeller/results_project/checkpoint/3b3t2000e_car_iris_wine_sweep/data/param_12_rep_3,2000,1.0e-5,1,100,1000000,3,3,1000.0,0.9,2,2,2,0.6666666666666666
/project/theorie/n/N.Pfaffenzeller/results_project/checkpoint/3b3t2000e_car_iris_wine_sweep,param_12_rep_3,/project/theorie/n/N.Pfaffenzeller/results_project/checkpoint/3b3t2000e_car_iris_wine_sweep/data/param_12_rep_3,2000,1.0e-5,1,100,1000000,3,3,2000.0,0.8,2,2,2,0.6666666666666666
/project/theorie/n/N.Pfaffenzeller/results_project/checkpoint/3b3t2000e_car_iris_wine_sweep,param_12_rep_3,/project/theorie/n/N.Pfaffenzeller/results_project/checkpoint/3b3t2000e_car_iris_wine_sweep/data/param_12_rep_3,2000,1.0e-5,1,100,1000000,3,3,2000.0,0.9,2,2,2,0.6666666666666666
/project/theorie/n/N.Pfaffenzeller/results_project/checkpoint/3b3t2000e_car_iris_wine_sweep,param_13_rep_1,/project/theorie/n/N.Pfaffenzeller/results_project/checkpoint/3b3t2000e_car_iris_wine_sweep/data/param_13_rep_1,2000,1.0e-5,10,1,1000000,3,3,1000.0,0.8,1,1,1,0.3333333333333333
/project/theorie/n/N.Pfaffenzeller/results_project/checkpoint/3b3t2000e_car_iris_wine_sweep,param_13_rep_1,/project/theorie/n/N.Pfaffenzeller/results_project/checkpoint/3b3t2000e_car_iris_wine_sweep/data/param_13_rep_1,2000,1.0e-5,10,1,1000000,3,3,1000.0,0.9,0,0,0,0.0
/project/theorie/n/N.Pfaffenzeller/results_project/checkpoint/3b3t2000e_car_iris_wine_sweep,param_13_rep_1,/project/theorie/n/N.Pfaffenzeller/results_project/checkpoint/3b3t2000e_car_iris_wine_sweep/data/param_13_rep_1,2000,1.0e-5,10,1,1000000,3,3,2000.0,0.8,2,2,1,0.6666666666666666
/project/theorie/n/N.Pfaffenzeller/results_project/checkpoint/3b3t2000e_car_iris_wine_sweep,param_13_rep_1,/project/theorie/n/N.Pfaffenzeller/results_project/checkpoint/3b3t2000e_car_iris_wine_sweep/data/param_13_rep_1,2000,1.0e-5,10,1,1000000,3,3,2000.0,0.9,1,1,1,0.3333333333333333
/project/theorie/n/N.Pfaffenzeller/results_project/checkpoint/3b3t2000e_car_iris_wine_sweep,param_13_rep_2,/project/theorie/n/N.Pfaffenzeller/results_project/checkpoint/3b3t2000e_car_iris_wine_sweep/data/param_13_rep_2,2000,1.0e-5,10,1,1000000,3,3,1000.0,0.8,1,1,1,0.3333333333333333
/project/theorie/n/N.Pfaffenzeller/results_project/checkpoint/3b3t2000e_car_iris_wine_sweep,param_13_rep_2,/project/theorie/n/N.Pfaffenzeller/results_project/checkpoint/3b3t2000e_car_iris_wine_sweep/data/param_13_rep_2,2000,1.0e-5,10,1,1000000,3,3,1000.0,0.9,0,0,0,0.0
/project/theorie/n/N.Pfaffenzeller/results_project/checkpoint/3b3t2000e_car_iris_wine_sweep,param_13_rep_2,/project/theorie/n/N.Pfaffenzeller/results_project/checkpoint/3b3t2000e_car_iris_wine_sweep/data/param_13_rep_2,2000,1.0e-5,10,1,1000000,3,3,2000.0,0.8,2,2,2,0.6666666666666666
/project/theorie/n/N.Pfaffenzeller/results_project/checkpoint/3b3t2000e_car_iris_wine_sweep,param_13_rep_2,/project/theorie/n/N.Pfaffenzeller/results_project/checkpoint/3b3t2000e_car_iris_wine_sweep/data/param_13_rep_2,2000,1.0e-5,10,1,1000000,3,3,2000.0,0.9,2,2,2,0.6666666666666666
/project/theorie/n/N.Pfaffenzeller/results_project/checkpoint/3b3t2000e_car_iris_wine_sweep,param_13_rep_3,/project/theorie/n/N.Pfaffenzeller/results_project/checkpoint/3b3t2000e_car_iris_wine_sweep/data/param_13_rep_3,2000,1.0e-5,10,1,1000000,3,3,1000.0,0.8,0,0,0,0.0
/project/theorie/n/N.Pfaffenzeller/results_project/checkpoint/3b3t2000e_car_iris_wine_sweep,param_13_rep_3,/project/theorie/n/N.Pfaffenzeller/results_project/checkpoint/3b3t2000e_car_iris_wine_sweep/data/param_13_rep_3,2000,1.0e-5,10,1,1000000,3,3,1000.0,0.9,0,0,0,0.0
/project/theorie/n/N.Pfaffenzeller/results_project/checkpoint/3b3t2000e_car_iris_wine_sweep,param_13_rep_3,/project/theorie/n/N.Pfaffenzeller/results_project/checkpoint/3b3t2000e_car_iris_wine_sweep/data/param_13_rep_3,2000,1.0e-5,10,1,1000000,3,3,2000.0,0.8,0,0,0,0.0
/project/theorie/n/N.Pfaffenzeller/results_project/checkpoint/3b3t2000e_car_iris_wine_sweep,param_13_rep_3,/project/theorie/n/N.Pfaffenzeller/results_project/checkpoint/3b3t2000e_car_iris_wine_sweep/data/param_13_rep_3,2000,1.0e-5,10,1,1000000,3,3,2000.0,0.9,0,0,0,0.0
/project/theorie/n/N.Pfaffenzeller/results_project/checkpoint/3b3t2000e_car_iris_wine_sweep,param_14_rep_1,/project/theorie/n/N.Pfaffenzeller/results_project/checkpoint/3b3t2000e_car_iris_wine_sweep/data/param_14_rep_1,2000,1.0e-5,10,10,1000000,3,3,1000.0,0.8,2,2,2,0.6666666666666666
/project/theorie/n/N.Pfaffenzeller/results_project/checkpoint/3b3t2000e_car_iris_wine_sweep,param_14_rep_1,/project/theorie/n/N.Pfaffenzeller/results_project/checkpoint/3b3t2000e_car_iris_wine_sweep/data/param_14_rep_1,2000,1.0e-5,10,10,1000000,3,3,1000.0,0.9,2,2,2,0.6666666666666666
/project/theorie/n/N.Pfaffenzeller/results_project/checkpoint/3b3t2000e_car_iris_wine_sweep,param_14_rep_1,/project/theorie/n/N.Pfaffenzeller/results_project/checkpoint/3b3t2000e_car_iris_wine_sweep/data/param_14_rep_1,2000,1.0e-5,10,10,1000000,3,3,2000.0,0.8,2,2,2,0.6666666666666666
/project/theorie/n/N.Pfaffenzeller/results_project/checkpoint/3b3t2000e_car_iris_wine_sweep,param_14_rep_1,/project/theorie/n/N.Pfaffenzeller/results_project/checkpoint/3b3t2000e_car_iris_wine_sweep/data/param_14_rep_1,2000,1.0e-5,10,10,1000000,3,3,2000.0,0.9,2,2,2,0.6666666666666666
/project/theorie/n/N.Pfaffenzeller/results_project/checkpoint/3b3t2000e_car_iris_wine_sweep,param_14_rep_2,/project/theorie/n/N.Pfaffenzeller/results_project/checkpoint/3b3t2000e_car_iris_wine_sweep/data/param_14_rep_2,2000,1.0e-5,10,10,1000000,3,3,1000.0,0.8,1,1,1,0.3333333333333333
/project/theorie/n/N.Pfaffenzeller/results_project/checkpoint/3b3t2000e_car_iris_wine_sweep,param_14_rep_2,/project/theorie/n/N.Pfaffenzeller/results_project/checkpoint/3b3t2000e_car_iris_wine_sweep/data/param_14_rep_2,2000,1.0e-5,10,10,1000000,3,3,1000.0,0.9,1,1,1,0.3333333333333333
/project/theorie/n/N.Pfaffenzeller/results_project/checkpoint/3b3t2000e_car_iris_wine_sweep,param_14_rep_2,/project/theorie/n/N.Pfaffenzeller/results_project/checkpoint/3b3t2000e_car_iris_wine_sweep/data/param_14_rep_2,2000,1.0e-5,10,10,1000000,3,3,2000.0,0.8,1,1,1,0.3333333333333333
/project/theorie/n/N.Pfaffenzeller/results_project/checkpoint/3b3t2000e_car_iris_wine_sweep,param_14_rep_2,/project/theorie/n/N.Pfaffenzeller/results_project/checkpoint/3b3t2000e_car_iris_wine_sweep/data/param_14_rep_2,2000,1.0e-5,10,10,1000000,3,3,2000.0,0.9,1,1,1,0.3333333333333333
/project/theorie/n/N.Pfaffenzeller/results_project/checkpoint/3b3t2000e_car_iris_wine_sweep,param_14_rep_3,/project/theorie/n/N.Pfaffenzeller/results_project/checkpoint/3b3t2000e_car_iris_wine_sweep/data/param_14_rep_3,2000,1.0e-5,10,10,1000000,3,3,1000.0,0.8,1,1,1,0.3333333333333333
/project/theorie/n/N.Pfaffenzeller/results_project/checkpoint/3b3t2000e_car_iris_wine_sweep,param_14_rep_3,/project/theorie/n/N.Pfaffenzeller/results_project/checkpoint/3b3t2000e_car_iris_wine_sweep/data/param_14_rep_3,2000,1.0e-5,10,10,1000000,3,3,1000.0,0.9,1,1,1,0.3333333333333333
/project/theorie/n/N.Pfaffenzeller/results_project/checkpoint/3b3t2000e_car_iris_wine_sweep,param_14_rep_3,/project/theorie/n/N.Pfaffenzeller/results_project/checkpoint/3b3t2000e_car_iris_wine_sweep/data/param_14_rep_3,2000,1.0e-5,10,10,1000000,3,3,2000.0,0.8,1,1,1,0.3333333333333333
/project/theorie/n/N.Pfaffenzeller/results_project/checkpoint/3b3t2000e_car_iris_wine_sweep,param_14_rep_3,/project/theorie/n/N.Pfaffenzeller/results_project/checkpoint/3b3t2000e_car_iris_wine_sweep/data/param_14_rep_3,2000,1.0e-5,10,10,1000000,3,3,2000.0,0.9,1,1,1,0.3333333333333333
/project/theorie/n/N.Pfaffenzeller/results_project/checkpoint/3b3t2000e_car_iris_wine_sweep,param_15_rep_1,/project/theorie/n/N.Pfaffenzeller/results_project/checkpoint/3b3t2000e_car_iris_wine_sweep/data/param_15_rep_1,2000,1.0e-5,10,100,1000000,3,3,1000.0,0.8,1,1,1,0.3333333333333333
/project/theorie/n/N.Pfaffenzeller/results_project/checkpoint/3b3t2000e_car_iris_wine_sweep,param_15_rep_1,/project/theorie/n/N.Pfaffenzeller/results_project/checkpoint/3b3t2000e_car_iris_wine_sweep/data/param_15_rep_1,2000,1.0e-5,10,100,1000000,3,3,1000.0,0.9,1,1,1,0.3333333333333333
/project/theorie/n/N.Pfaffenzeller/results_project/checkpoint/3b3t2000e_car_iris_wine_sweep,param_15_rep_1,/project/theorie/n/N.Pfaffenzeller/results_project/checkpoint/3b3t2000e_car_iris_wine_sweep/data/param_15_rep_1,2000,1.0e-5,10,100,1000000,3,3,2000.0,0.8,1,1,1,0.3333333333333333
/project/theorie/n/N.Pfaffenzeller/results_project/checkpoint/3b3t2000e_car_iris_wine_sweep,param_15_rep_1,/project/theorie/n/N.Pfaffenzeller/results_project/checkpoint/3b3t2000e_car_iris_wine_sweep/data/param_15_rep_1,2000,1.0e-5,10,100,1000000,3,3,2000.0,0.9,1,1,1,0.3333333333333333
/project/theorie/n/N.Pfaffenzeller/results_project/checkpoint/3b3t2000e_car_iris_wine_sweep,param_15_rep_2,/project/theorie/n/N.Pfaffenzeller/results_project/checkpoint/3b3t2000e_car_iris_wine_sweep/data/param_15_rep_2,2000,1.0e-5,10,100,1000000,3,3,1000.0,0.8,1,1,1,0.3333333333333333
/project/theorie/n/N.Pfaffenzeller/results_project/checkpoint/3b3t2000e_car_iris_wine_sweep,param_15_rep_2,/project/theorie/n/N.Pfaffenzeller/results_project/checkpoint/3b3t2000e_car_iris_wine_sweep/data/param_15_rep_2,2000,1.0e-5,10,100,1000000,3,3,1000.0,0.9,1,1,1,0.3333333333333333
/project/theorie/n/N.Pfaffenzeller/results_project/checkpoint/3b3t2000e_car_iris_wine_sweep,param_15_rep_2,/project/theorie/n/N.Pfaffenzeller/results_project/checkpoint/3b3t2000e_car_iris_wine_sweep/data/param_15_rep_2,2000,1.0e-5,10,100,1000000,3,3,2000.0,0.8,1,1,1,0.3333333333333333
/project/theorie/n/N.Pfaffenzeller/results_project/checkpoint/3b3t2000e_car_iris_wine_sweep,param_15_rep_2,/project/theorie/n/N.Pfaffenzeller/results_project/checkpoint/3b3t2000e_car_iris_wine_sweep/data/param_15_rep_2,2000,1.0e-5,10,100,1000000,3,3,2000.0,0.9,1,1,1,0.3333333333333333
/project/theorie/n/N.Pfaffenzeller/results_project/checkpoint/3b3t2000e_car_iris_wine_sweep,param_15_rep_3,/project/theorie/n/N.Pfaffenzeller/results_project/checkpoint/3b3t2000e_car_iris_wine_sweep/data/param_15_rep_3,2000,1.0e-5,10,100,1000000,3,3,1000.0,0.8,1,1,1,0.3333333333333333
/project/theorie/n/N.Pfaffenzeller/results_project/checkpoint/3b3t2000e_car_iris_wine_sweep,param_15_rep_3,/project/theorie/n/N.Pfaffenzeller/results_project/checkpoint/3b3t2000e_car_iris_wine_sweep/data/param_15_rep_3,2000,1.0e-5,10,100,1000000,3,3,1000.0,0.9,1,1,1,0.3333333333333333
/project/theorie/n/N.Pfaffenzeller/results_project/checkpoint/3b3t2000e_car_iris_wine_sweep,param_15_rep_3,/project/theorie/n/N.Pfaffenzeller/results_project/checkpoint/3b3t2000e_car_iris_wine_sweep/data/param_15_rep_3,2000,1.0e-5,10,100,1000000,3,3,2000.0,0.8,1,1,1,0.3333333333333333
/project/theorie/n/N.Pfaffenzeller/results_project/checkpoint/3b3t2000e_car_iris_wine_sweep,param_15_rep_3,/project/theorie/n/N.Pfaffenzeller/results_project/checkpoint/3b3t2000e_car_iris_wine_sweep/data/param_15_rep_3,2000,1.0e-5,10,100,1000000,3,3,2000.0,0.9,1,1,1,0.3333333333333333
/project/theorie/n/N.Pfaffenzeller/results_project/checkpoint/3b3t2000e_car_iris_wine_sweep,param_16_rep_1,/project/theorie/n/N.Pfaffenzeller/results_project/checkpoint/3b3t2000e_car_iris_wine_sweep/data/param_16_rep_1,2000,1.0e-5,100,1,1000000,3,3,1000.0,0.8,1,1,1,0.3333333333333333
/project/theorie/n/N.Pfaffenzeller/results_project/checkpoint/3b3t2000e_car_iris_wine_sweep,param_16_rep_1,/project/theorie/n/N.Pfaffenzeller/results_project/checkpoint/3b3t2000e_car_iris_wine_sweep/data/param_16_rep_1,2000,1.0e-5,100,1,1000000,3,3,1000.0,0.9,1,1,1,0.3333333333333333
/project/theorie/n/N.Pfaffenzeller/results_project/checkpoint/3b3t2000e_car_iris_wine_sweep,param_16_rep_1,/project/theorie/n/N.Pfaffenzeller/results_project/checkpoint/3b3t2000e_car_iris_wine_sweep/data/param_16_rep_1,2000,1.0e-5,100,1,1000000,3,3,2000.0,0.8,1,1,1,0.3333333333333333
/project/theorie/n/N.Pfaffenzeller/results_project/checkpoint/3b3t2000e_car_iris_wine_sweep,param_16_rep_1,/project/theorie/n/N.Pfaffenzeller/results_project/checkpoint/3b3t2000e_car_iris_wine_sweep/data/param_16_rep_1,2000,1.0e-5,100,1,1000000,3,3,2000.0,0.9,1,1,1,0.3333333333333333
/project/theorie/n/N.Pfaffenzeller/results_project/checkpoint/3b3t2000e_car_iris_wine_sweep,param_16_rep_2,/project/theorie/n/N.Pfaffenzeller/results_project/checkpoint/3b3t2000e_car_iris_wine_sweep/data/param_16_rep_2,2000,1.0e-5,100,1,1000000,3,3,1000.0,0.8,1,1,1,0.3333333333333333
/project/theorie/n/N.Pfaffenzeller/results_project/checkpoint/3b3t2000e_car_iris_wine_sweep,param_16_rep_2,/project/theorie/n/N.Pfaffenzeller/results_project/checkpoint/3b3t2000e_car_iris_wine_sweep/data/param_16_rep_2,2000,1.0e-5,100,1,1000000,3,3,1000.0,0.9,1,1,1,0.3333333333333333
/project/theorie/n/N.Pfaffenzeller/results_project/checkpoint/3b3t2000e_car_iris_wine_sweep,param_16_rep_2,/project/theorie/n/N.Pfaffenzeller/results_project/checkpoint/3b3t2000e_car_iris_wine_sweep/data/param_16_rep_2,2000,1.0e-5,100,1,1000000,3,3,2000.0,0.8,0,0,0,0.0
/project/theorie/n/N.Pfaffenzeller/results_project/checkpoint/3b3t2000e_car_iris_wine_sweep,param_16_rep_2,/project/theorie/n/N.Pfaffenzeller/results_project/checkpoint/3b3t2000e_car_iris_wine_sweep/data/param_16_rep_2,2000,1.0e-5,100,1,1000000,3,3,2000.0,0.9,0,0,0,0.0
/project/theorie/n/N.Pfaffenzeller/results_project/checkpoint/3b3t2000e_car_iris_wine_sweep,param_16_rep_3,/project/theorie/n/N.Pfaffenzeller/results_project/checkpoint/3b3t2000e_car_iris_wine_sweep/data/param_16_rep_3,2000,1.0e-5,100,1,1000000,3,3,1000.0,0.8,0,0,0,0.0
/project/theorie/n/N.Pfaffenzeller/results_project/checkpoint/3b3t2000e_car_iris_wine_sweep,param_16_rep_3,/project/theorie/n/N.Pfaffenzeller/results_project/checkpoint/3b3t2000e_car_iris_wine_sweep/data/param_16_rep_3,2000,1.0e-5,100,1,1000000,3,3,1000.0,0.9,0,0,0,0.0
/project/theorie/n/N.Pfaffenzeller/results_project/checkpoint/3b3t2000e_car_iris_wine_sweep,param_16_rep_3,/project/theorie/n/N.Pfaffenzeller/results_project/checkpoint/3b3t2000e_car_iris_wine_sweep/data/param_16_rep_3,2000,1.0e-5,100,1,1000000,3,3,2000.0,0.8,0,0,0,0.0
/project/theorie/n/N.Pfaffenzeller/results_project/checkpoint/3b3t2000e_car_iris_wine_sweep,param_16_rep_3,/project/theorie/n/N.Pfaffenzeller/results_project/checkpoint/3b3t2000e_car_iris_wine_sweep/data/param_16_rep_3,2000,1.0e-5,100,1,1000000,3,3,2000.0,0.9,0,0,0,0.0
/project/theorie/n/N.Pfaffenzeller/results_project/checkpoint/3b3t2000e_car_iris_wine_sweep,param_17_rep_1,/project/theorie/n/N.Pfaffenzeller/results_project/checkpoint/3b3t2000e_car_iris_wine_sweep/data/param_17_rep_1,2000,1.0e-5,100,10,1000000,3,3,1000.0,0.8,0,0,0,0.0
/project/theorie/n/N.Pfaffenzeller/results_project/checkpoint/3b3t2000e_car_iris_wine_sweep,param_17_rep_1,/project/theorie/n/N.Pfaffenzeller/results_project/checkpoint/3b3t2000e_car_iris_wine_sweep/data/param_17_rep_1,2000,1.0e-5,100,10,1000000,3,3,1000.0,0.9,0,0,0,0.0
/project/theorie/n/N.Pfaffenzeller/results_project/checkpoint/3b3t2000e_car_iris_wine_sweep,param_17_rep_1,/project/theorie/n/N.Pfaffenzeller/results_project/checkpoint/3b3t2000e_car_iris_wine_sweep/data/param_17_rep_1,2000,1.0e-5,100,10,1000000,3,3,2000.0,0.8,1,1,1,0.3333333333333333
/project/theorie/n/N.Pfaffenzeller/results_project/checkpoint/3b3t2000e_car_iris_wine_sweep,param_17_rep_1,/project/theorie/n/N.Pfaffenzeller/results_project/checkpoint/3b3t2000e_car_iris_wine_sweep/data/param_17_rep_1,2000,1.0e-5,100,10,1000000,3,3,2000.0,0.9,1,1,1,0.3333333333333333
/project/theorie/n/N.Pfaffenzeller/results_project/checkpoint/3b3t2000e_car_iris_wine_sweep,param_17_rep_2,/project/theorie/n/N.Pfaffenzeller/results_project/checkpoint/3b3t2000e_car_iris_wine_sweep/data/param_17_rep_2,2000,1.0e-5,100,10,1000000,3,3,1000.0,0.8,0,0,0,0.0
/project/theorie/n/N.Pfaffenzeller/results_project/checkpoint/3b3t2000e_car_iris_wine_sweep,param_17_rep_2,/project/theorie/n/N.Pfaffenzeller/results_project/checkpoint/3b3t2000e_car_iris_wine_sweep/data/param_17_rep_2,2000,1.0e-5,100,10,1000000,3,3,1000.0,0.9,0,0,0,0.0
/project/theorie/n/N.Pfaffenzeller/results_project/checkpoint/3b3t2000e_car_iris_wine_sweep,param_17_rep_2,/project/theorie/n/N.Pfaffenzeller/results_project/checkpoint/3b3t2000e_car_iris_wine_sweep/data/param_17_rep_2,2000,1.0e-5,100,10,1000000,3,3,2000.0,0.8,1,1,1,0.3333333333333333
/project/theorie/n/N.Pfaffenzeller/results_project/checkpoint/3b3t2000e_car_iris_wine_sweep,param_17_rep_2,/project/theorie/n/N.Pfaffenzeller/results_project/checkpoint/3b3t2000e_car_iris_wine_sweep/data/param_17_rep_2,2000,1.0e-5,100,10,1000000,3,3,2000.0,0.9,1,1,1,0.3333333333333333
/project/theorie/n/N.Pfaffenzeller/results_project/checkpoint/3b3t2000e_car_iris_wine_sweep,param_17_rep_3,/project/theorie/n/N.Pfaffenzeller/results_project/checkpoint/3b3t2000e_car_iris_wine_sweep/data/param_17_rep_3,2000,1.0e-5,100,10,1000000,3,3,1000.0,0.8,1,1,1,0.3333333333333333
/project/theorie/n/N.Pfaffenzeller/results_project/checkpoint/3b3t2000e_car_iris_wine_sweep,param_17_rep_3,/project/theorie/n/N.Pfaffenzeller/results_project/checkpoint/3b3t2000e_car_iris_wine_sweep/data/param_17_rep_3,2000,1.0e-5,100,10,1000000,3,3,1000.0,0.9,1,1,1,0.3333333333333333
/project/theorie/n/N.Pfaffenzeller/results_project/checkpoint/3b3t2000e_car_iris_wine_sweep,param_17_rep_3,/project/theorie/n/N.Pfaffenzeller/results_project/checkpoint/3b3t2000e_car_iris_wine_sweep/data/param_17_rep_3,2000,1.0e-5,100,10,1000000,3,3,2000.0,0.8,1,1,1,0.3333333333333333
/project/theorie/n/N.Pfaffenzeller/results_project/checkpoint/3b3t2000e_car_iris_wine_sweep,param_17_rep_3,/project/theorie/n/N.Pfaffenzeller/results_project/checkpoint/3b3t2000e_car_iris_wine_sweep/data/param_17_rep_3,2000,1.0e-5,100,10,1000000,3,3,2000.0,0.9,1,1,1,0.3333333333333333
/project/theorie/n/N.Pfaffenzeller/results_project/checkpoint/3b3t2000e_car_iris_wine_sweep,param_18_rep_1,/project/theorie/n/N.Pfaffenzeller/results_project/checkpoint/3b3t2000e_car_iris_wine_sweep/data/param_18_rep_1,2000,1.0e-5,100,100,1000000,3,3,1000.0,0.8,0,0,0,0.0
/project/theorie/n/N.Pfaffenzeller/results_project/checkpoint/3b3t2000e_car_iris_wine_sweep,param_18_rep_1,/project/theorie/n/N.Pfaffenzeller/results_project/checkpoint/3b3t2000e_car_iris_wine_sweep/data/param_18_rep_1,2000,1.0e-5,100,100,1000000,3,3,1000.0,0.9,0,0,0,0.0
/project/theorie/n/N.Pfaffenzeller/results_project/checkpoint/3b3t2000e_car_iris_wine_sweep,param_18_rep_1,/project/theorie/n/N.Pfaffenzeller/results_project/checkpoint/3b3t2000e_car_iris_wine_sweep/data/param_18_rep_1,2000,1.0e-5,100,100,1000000,3,3,2000.0,0.8,1,1,1,0.3333333333333333
/project/theorie/n/N.Pfaffenzeller/results_project/checkpoint/3b3t2000e_car_iris_wine_sweep,param_18_rep_1,/project/theorie/n/N.Pfaffenzeller/results_project/checkpoint/3b3t2000e_car_iris_wine_sweep/data/param_18_rep_1,2000,1.0e-5,100,100,1000000,3,3,2000.0,0.9,1,1,1,0.3333333333333333
/project/theorie/n/N.Pfaffenzeller/results_project/checkpoint/3b3t2000e_car_iris_wine_sweep,param_18_rep_2,/project/theorie/n/N.Pfaffenzeller/results_project/checkpoint/3b3t2000e_car_iris_wine_sweep/data/param_18_rep_2,2000,1.0e-5,100,100,1000000,3,3,1000.0,0.8,1,1,1,0.3333333333333333
/project/theorie/n/N.Pfaffenzeller/results_project/checkpoint/3b3t2000e_car_iris_wine_sweep,param_18_rep_2,/project/theorie/n/N.Pfaffenzeller/results_project/checkpoint/3b3t2000e_car_iris_wine_sweep/data/param_18_rep_2,2000,1.0e-5,100,100,1000000,3,3,1000.0,0.9,1,1,1,0.3333333333333333
/project/theorie/n/N.Pfaffenzeller/results_project/checkpoint/3b3t2000e_car_iris_wine_sweep,param_18_rep_2,/project/theorie/n/N.Pfaffenzeller/results_project/checkpoint/3b3t2000e_car_iris_wine_sweep/data/param_18_rep_2,2000,1.0e-5,100,100,1000000,3,3,2000.0,0.8,1,1,1,0.3333333333333333
/project/theorie/n/N.Pfaffenzeller/results_project/checkpoint/3b3t2000e_car_iris_wine_sweep,param_18_rep_2,/project/theorie/n/N.Pfaffenzeller/results_project/checkpoint/3b3t2000e_car_iris_wine_sweep/data/param_18_rep_2,2000,1.0e-5,100,100,1000000,3,3,2000.0,0.9,1,1,1,0.3333333333333333
/project/theorie/n/N.Pfaffenzeller/results_project/checkpoint/3b3t2000e_car_iris_wine_sweep,param_18_rep_3,/project/theorie/n/N.Pfaffenzeller/results_project/checkpoint/3b3t2000e_car_iris_wine_sweep/data/param_18_rep_3,2000,1.0e-5,100,100,1000000,3,3,1000.0,0.8,2,2,2,0.6666666666666666
/project/theorie/n/N.Pfaffenzeller/results_project/checkpoint/3b3t2000e_car_iris_wine_sweep,param_18_rep_3,/project/theorie/n/N.Pfaffenzeller/results_project/checkpoint/3b3t2000e_car_iris_wine_sweep/data/param_18_rep_3,2000,1.0e-5,100,100,1000000,3,3,1000.0,0.9,2,2,2,0.6666666666666666
/project/theorie/n/N.Pfaffenzeller/results_project/checkpoint/3b3t2000e_car_iris_wine_sweep,param_18_rep_3,/project/theorie/n/N.Pfaffenzeller/results_project/checkpoint/3b3t2000e_car_iris_wine_sweep/data/param_18_rep_3,2000,1.0e-5,100,100,1000000,3,3,2000.0,0.8,2,2,2,0.6666666666666666
/project/theorie/n/N.Pfaffenzeller/results_project/checkpoint/3b3t2000e_car_iris_wine_sweep,param_18_rep_3,/project/theorie/n/N.Pfaffenzeller/results_project/checkpoint/3b3t2000e_car_iris_wine_sweep/data/param_18_rep_3,2000,1.0e-5,100,100,1000000,3,3,2000.0,0.9,2,2,2,0.6666666666666666
/project/theorie/n/N.Pfaffenzeller/results_project/checkpoint/3b3t2000e_car_iris_wine_sweep,param_19_rep_1,/project/theorie/n/N.Pfaffenzeller/results_project/checkpoint/3b3t2000e_car_iris_wine_sweep/data/param_19_rep_1,2000,5.0e-5,1,1,1000000,3,3,1000.0,0.8,1,1,1,0.3333333333333333
/project/theorie/n/N.Pfaffenzeller/results_project/checkpoint/3b3t2000e_car_iris_wine_sweep,param_19_rep_1,/project/theorie/n/N.Pfaffenzeller/results_project/checkpoint/3b3t2000e_car_iris_wine_sweep/data/param_19_rep_1,2000,5.0e-5,1,1,1000000,3,3,1000.0,0.9,1,1,1,0.3333333333333333
/project/theorie/n/N.Pfaffenzeller/results_project/checkpoint/3b3t2000e_car_iris_wine_sweep,param_19_rep_1,/project/theorie/n/N.Pfaffenzeller/results_project/checkpoint/3b3t2000e_car_iris_wine_sweep/data/param_19_rep_1,2000,5.0e-5,1,1,1000000,3,3,2000.0,0.8,1,1,1,0.3333333333333333
/project/theorie/n/N.Pfaffenzeller/results_project/checkpoint/3b3t2000e_car_iris_wine_sweep,param_19_rep_1,/project/theorie/n/N.Pfaffenzeller/results_project/checkpoint/3b3t2000e_car_iris_wine_sweep/data/param_19_rep_1,2000,5.0e-5,1,1,1000000,3,3,2000.0,0.9,1,1,1,0.3333333333333333
/project/theorie/n/N.Pfaffenzeller/results_project/checkpoint/3b3t2000e_car_iris_wine_sweep,param_19_rep_2,/project/theorie/n/N.Pfaffenzeller/results_project/checkpoint/3b3t2000e_car_iris_wine_sweep/data/param_19_rep_2,2000,5.0e-5,1,1,1000000,3,3,1000.0,0.8,1,1,1,0.3333333333333333
/project/theorie/n/N.Pfaffenzeller/results_project/checkpoint/3b3t2000e_car_iris_wine_sweep,param_19_rep_2,/project/theorie/n/N.Pfaffenzeller/results_project/checkpoint/3b3t2000e_car_iris_wine_sweep/data/param_19_rep_2,2000,5.0e-5,1,1,1000000,3,3,1000.0,0.9,1,1,1,0.3333333333333333
/project/theorie/n/N.Pfaffenzeller/results_project/checkpoint/3b3t2000e_car_iris_wine_sweep,param_19_rep_2,/project/theorie/n/N.Pfaffenzeller/results_project/checkpoint/3b3t2000e_car_iris_wine_sweep/data/param_19_rep_2,2000,5.0e-5,1,1,1000000,3,3,2000.0,0.8,1,1,1,0.3333333333333333
/project/theorie/n/N.Pfaffenzeller/results_project/checkpoint/3b3t2000e_car_iris_wine_sweep,param_19_rep_2,/project/theorie/n/N.Pfaffenzeller/results_project/checkpoint/3b3t2000e_car_iris_wine_sweep/data/param_19_rep_2,2000,5.0e-5,1,1,1000000,3,3,2000.0,0.9,1,1,1,0.3333333333333333
/project/theorie/n/N.Pfaffenzeller/results_project/checkpoint/3b3t2000e_car_iris_wine_sweep,param_19_rep_3,/project/theorie/n/N.Pfaffenzeller/results_project/checkpoint/3b3t2000e_car_iris_wine_sweep/data/param_19_rep_3,2000,5.0e-5,1,1,1000000,3,3,1000.0,0.8,2,2,2,0.6666666666666666
/project/theorie/n/N.Pfaffenzeller/results_project/checkpoint/3b3t2000e_car_iris_wine_sweep,param_19_rep_3,/project/theorie/n/N.Pfaffenzeller/results_project/checkpoint/3b3t2000e_car_iris_wine_sweep/data/param_19_rep_3,2000,5.0e-5,1,1,1000000,3,3,1000.0,0.9,1,1,1,0.3333333333333333
/project/theorie/n/N.Pfaffenzeller/results_project/checkpoint/3b3t2000e_car_iris_wine_sweep,param_19_rep_3,/project/theorie/n/N.Pfaffenzeller/results_project/checkpoint/3b3t2000e_car_iris_wine_sweep/data/param_19_rep_3,2000,5.0e-5,1,1,1000000,3,3,2000.0,0.8,0,0,0,0.0
/project/theorie/n/N.Pfaffenzeller/results_project/checkpoint/3b3t2000e_car_iris_wine_sweep,param_19_rep_3,/project/theorie/n/N.Pfaffenzeller/results_project/checkpoint/3b3t2000e_car_iris_wine_sweep/data/param_19_rep_3,2000,5.0e-5,1,1,1000000,3,3,2000.0,0.9,0,0,0,0.0
/project/theorie/n/N.Pfaffenzeller/results_project/checkpoint/3b3t2000e_car_iris_wine_sweep,param_1_rep_1,/project/theorie/n/N.Pfaffenzeller/results_project/checkpoint/3b3t2000e_car_iris_wine_sweep/data/param_1_rep_1,2000,5.0e-6,1,1,1000000,3,3,1000.0,0.8,1,1,1,0.3333333333333333
/project/theorie/n/N.Pfaffenzeller/results_project/checkpoint/3b3t2000e_car_iris_wine_sweep,param_1_rep_1,/project/theorie/n/N.Pfaffenzeller/results_project/checkpoint/3b3t2000e_car_iris_wine_sweep/data/param_1_rep_1,2000,5.0e-6,1,1,1000000,3,3,1000.0,0.9,0,0,0,0.0
/project/theorie/n/N.Pfaffenzeller/results_project/checkpoint/3b3t2000e_car_iris_wine_sweep,param_1_rep_1,/project/theorie/n/N.Pfaffenzeller/results_project/checkpoint/3b3t2000e_car_iris_wine_sweep/data/param_1_rep_1,2000,5.0e-6,1,1,1000000,3,3,2000.0,0.8,1,0,0,0.6666666666666666
/project/theorie/n/N.Pfaffenzeller/results_project/checkpoint/3b3t2000e_car_iris_wine_sweep,param_1_rep_1,/project/theorie/n/N.Pfaffenzeller/results_project/checkpoint/3b3t2000e_car_iris_wine_sweep/data/param_1_rep_1,2000,5.0e-6,1,1,1000000,3,3,2000.0,0.9,1,1,1,0.3333333333333333
/project/theorie/n/N.Pfaffenzeller/results_project/checkpoint/3b3t2000e_car_iris_wine_sweep,param_1_rep_2,/project/theorie/n/N.Pfaffenzeller/results_project/checkpoint/3b3t2000e_car_iris_wine_sweep/data/param_1_rep_2,2000,5.0e-6,1,1,1000000,3,3,1000.0,0.8,1,0,0,0.6666666666666666
/project/theorie/n/N.Pfaffenzeller/results_project/checkpoint/3b3t2000e_car_iris_wine_sweep,param_1_rep_2,/project/theorie/n/N.Pfaffenzeller/results_project/checkpoint/3b3t2000e_car_iris_wine_sweep/data/param_1_rep_2,2000,5.0e-6,1,1,1000000,3,3,1000.0,0.9,1,0,0,0.6666666666666666
/project/theorie/n/N.Pfaffenzeller/results_project/checkpoint/3b3t2000e_car_iris_wine_sweep,param_1_rep_2,/project/theorie/n/N.Pfaffenzeller/results_project/checkpoint/3b3t2000e_car_iris_wine_sweep/data/param_1_rep_2,2000,5.0e-6,1,1,1000000,3,3,2000.0,0.8,0,0,0,0.0
/project/theorie/n/N.Pfaffenzeller/results_project/checkpoint/3b3t2000e_car_iris_wine_sweep,param_1_rep_2,/project/theorie/n/N.Pfaffenzeller/results_project/checkpoint/3b3t2000e_car_iris_wine_sweep/data/param_1_rep_2,2000,5.0e-6,1,1,1000000,3,3,2000.0,0.9,0,0,0,0.0
/project/theorie/n/N.Pfaffenzeller/results_project/checkpoint/3b3t2000e_car_iris_wine_sweep,param_1_rep_3,/project/theorie/n/N.Pfaffenzeller/results_project/checkpoint/3b3t2000e_car_iris_wine_sweep/data/param_1_rep_3,2000,5.0e-6,1,1,1000000,3,3,1000.0,0.8,0,0,0,0.0
/project/theorie/n/N.Pfaffenzeller/results_project/checkpoint/3b3t2000e_car_iris_wine_sweep,param_1_rep_3,/project/theorie/n/N.Pfaffenzeller/results_project/checkpoint/3b3t2000e_car_iris_wine_sweep/data/param_1_rep_3,2000,5.0e-6,1,1,1000000,3,3,1000.0,0.9,0,0,0,0.0
/project/theorie/n/N.Pfaffenzeller/results_project/checkpoint/3b3t2000e_car_iris_wine_sweep,param_1_rep_3,/project/theorie/n/N.Pfaffenzeller/results_project/checkpoint/3b3t2000e_car_iris_wine_sweep/data/param_1_rep_3,2000,5.0e-6,1,1,1000000,3,3,2000.0,0.8,2,2,1,0.6666666666666666
/project/theorie/n/N.Pfaffenzeller/results_project/checkpoint/3b3t2000e_car_iris_wine_sweep,param_1_rep_3,/project/theorie/n/N.Pfaffenzeller/results_project/checkpoint/3b3t2000e_car_iris_wine_sweep/data/param_1_rep_3,2000,5.0e-6,1,1,1000000,3,3,2000.0,0.9,1,1,1,0.3333333333333333
/project/theorie/n/N.Pfaffenzeller/results_project/checkpoint/3b3t2000e_car_iris_wine_sweep,param_20_rep_1,/project/theorie/n/N.Pfaffenzeller/results_project/checkpoint/3b3t2000e_car_iris_wine_sweep/data/param_20_rep_1,2000,5.0e-5,1,10,1000000,3,3,1000.0,0.8,2,2,2,0.6666666666666666
/project/theorie/n/N.Pfaffenzeller/results_project/checkpoint/3b3t2000e_car_iris_wine_sweep,param_20_rep_1,/project/theorie/n/N.Pfaffenzeller/results_project/checkpoint/3b3t2000e_car_iris_wine_sweep/data/param_20_rep_1,2000,5.0e-5,1,10,1000000,3,3,1000.0,0.9,2,2,2,0.6666666666666666
/project/theorie/n/N.Pfaffenzeller/results_project/checkpoint/3b3t2000e_car_iris_wine_sweep,param_20_rep_1,/project/theorie/n/N.Pfaffenzeller/results_project/checkpoint/3b3t2000e_car_iris_wine_sweep/data/param_20_rep_1,2000,5.0e-5,1,10,1000000,3,3,2000.0,0.8,2,2,2,0.6666666666666666
/project/theorie/n/N.Pfaffenzeller/results_project/checkpoint/3b3t2000e_car_iris_wine_sweep,param_20_rep_1,/project/theorie/n/N.Pfaffenzeller/results_project/checkpoint/3b3t2000e_car_iris_wine_sweep/data/param_20_rep_1,2000,5.0e-5,1,10,1000000,3,3,2000.0,0.9,2,2,2,0.6666666666666666
/project/theorie/n/N.Pfaffenzeller/results_project/checkpoint/3b3t2000e_car_iris_wine_sweep,param_20_rep_2,/project/theorie/n/N.Pfaffenzeller/results_project/checkpoint/3b3t2000e_car_iris_wine_sweep/data/param_20_rep_2,2000,5.0e-5,1,10,1000000,3,3,1000.0,0.8,1,1,1,0.3333333333333333
/project/theorie/n/N.Pfaffenzeller/results_project/checkpoint/3b3t2000e_car_iris_wine_sweep,param_20_rep_2,/project/theorie/n/N.Pfaffenzeller/results_project/checkpoint/3b3t2000e_car_iris_wine_sweep/data/param_20_rep_2,2000,5.0e-5,1,10,1000000,3,3,1000.0,0.9,1,1,1,0.3333333333333333
/project/theorie/n/N.Pfaffenzeller/results_project/checkpoint/3b3t2000e_car_iris_wine_sweep,param_20_rep_2,/project/theorie/n/N.Pfaffenzeller/results_project/checkpoint/3b3t2000e_car_iris_wine_sweep/data/param_20_rep_2,2000,5.0e-5,1,10,1000000,3,3,2000.0,0.8,0,0,0,0.0
/project/theorie/n/N.Pfaffenzeller/results_project/checkpoint/3b3t2000e_car_iris_wine_sweep,param_20_rep_2,/project/theorie/n/N.Pfaffenzeller/results_project/checkpoint/3b3t2000e_car_iris_wine_sweep/data/param_20_rep_2,2000,5.0e-5,1,10,1000000,3,3,2000.0,0.9,0,0,0,0.0
/project/theorie/n/N.Pfaffenzeller/results_project/checkpoint/3b3t2000e_car_iris_wine_sweep,param_20_rep_3,/project/theorie/n/N.Pfaffenzeller/results_project/checkpoint/3b3t2000e_car_iris_wine_sweep/data/param_20_rep_3,2000,5.0e-5,1,10,1000000,3,3,1000.0,0.8,2,2,2,0.6666666666666666
/project/theorie/n/N.Pfaffenzeller/results_project/checkpoint/3b3t2000e_car_iris_wine_sweep,param_20_rep_3,/project/theorie/n/N.Pfaffenzeller/results_project/checkpoint/3b3t2000e_car_iris_wine_sweep/data/param_20_rep_3,2000,5.0e-5,1,10,1000000,3,3,1000.0,0.9,2,2,2,0.6666666666666666
/project/theorie/n/N.Pfaffenzeller/results_project/checkpoint/3b3t2000e_car_iris_wine_sweep,param_20_rep_3,/project/theorie/n/N.Pfaffenzeller/results_project/checkpoint/3b3t2000e_car_iris_wine_sweep/data/param_20_rep_3,2000,5.0e-5,1,10,1000000,3,3,2000.0,0.8,1,1,1,0.3333333333333333
/project/theorie/n/N.Pfaffenzeller/results_project/checkpoint/3b3t2000e_car_iris_wine_sweep,param_20_rep_3,/project/theorie/n/N.Pfaffenzeller/results_project/checkpoint/3b3t2000e_car_iris_wine_sweep/data/param_20_rep_3,2000,5.0e-5,1,10,1000000,3,3,2000.0,0.9,1,1,1,0.3333333333333333
/project/theorie/n/N.Pfaffenzeller/results_project/checkpoint/3b3t2000e_car_iris_wine_sweep,param_21_rep_1,/project/theorie/n/N.Pfaffenzeller/results_project/checkpoint/3b3t2000e_car_iris_wine_sweep/data/param_21_rep_1,2000,5.0e-5,1,100,1000000,3,3,1000.0,0.8,1,1,1,0.3333333333333333
/project/theorie/n/N.Pfaffenzeller/results_project/checkpoint/3b3t2000e_car_iris_wine_sweep,param_21_rep_1,/project/theorie/n/N.Pfaffenzeller/results_project/checkpoint/3b3t2000e_car_iris_wine_sweep/data/param_21_rep_1,2000,5.0e-5,1,100,1000000,3,3,1000.0,0.9,1,1,1,0.3333333333333333
/project/theorie/n/N.Pfaffenzeller/results_project/checkpoint/3b3t2000e_car_iris_wine_sweep,param_21_rep_1,/project/theorie/n/N.Pfaffenzeller/results_project/checkpoint/3b3t2000e_car_iris_wine_sweep/data/param_21_rep_1,2000,5.0e-5,1,100,1000000,3,3,2000.0,0.8,1,1,1,0.3333333333333333
/project/theorie/n/N.Pfaffenzeller/results_project/checkpoint/3b3t2000e_car_iris_wine_sweep,param_21_rep_1,/project/theorie/n/N.Pfaffenzeller/results_project/checkpoint/3b3t2000e_car_iris_wine_sweep/data/param_21_rep_1,2000,5.0e-5,1,100,1000000,3,3,2000.0,0.9,1,1,1,0.3333333333333333
/project/theorie/n/N.Pfaffenzeller/results_project/checkpoint/3b3t2000e_car_iris_wine_sweep,param_21_rep_2,/project/theorie/n/N.Pfaffenzeller/results_project/checkpoint/3b3t2000e_car_iris_wine_sweep/data/param_21_rep_2,2000,5.0e-5,1,100,1000000,3,3,1000.0,0.8,1,1,1,0.3333333333333333
/project/theorie/n/N.Pfaffenzeller/results_project/checkpoint/3b3t2000e_car_iris_wine_sweep,param_21_rep_2,/project/theorie/n/N.Pfaffenzeller/results_project/checkpoint/3b3t2000e_car_iris_wine_sweep/data/param_21_rep_2,2000,5.0e-5,1,100,1000000,3,3,1000.0,0.9,1,1,1,0.3333333333333333
/project/theorie/n/N.Pfaffenzeller/results_project/checkpoint/3b3t2000e_car_iris_wine_sweep,param_21_rep_2,/project/theorie/n/N.Pfaffenzeller/results_project/checkpoint/3b3t2000e_car_iris_wine_sweep/data/param_21_rep_2,2000,5.0e-5,1,100,1000000,3,3,2000.0,0.8,1,1,1,0.3333333333333333
/project/theorie/n/N.Pfaffenzeller/results_project/checkpoint/3b3t2000e_car_iris_wine_sweep,param_21_rep_2,/project/theorie/n/N.Pfaffenzeller/results_project/checkpoint/3b3t2000e_car_iris_wine_sweep/data/param_21_rep_2,2000,5.0e-5,1,100,1000000,3,3,2000.0,0.9,1,1,1,0.3333333333333333
/project/theorie/n/N.Pfaffenzeller/results_project/checkpoint/3b3t2000e_car_iris_wine_sweep,param_21_rep_3,/project/theorie/n/N.Pfaffenzeller/results_project/checkpoint/3b3t2000e_car_iris_wine_sweep/data/param_21_rep_3,2000,5.0e-5,1,100,1000000,3,3,1000.0,0.8,1,1,1,0.3333333333333333
/project/theorie/n/N.Pfaffenzeller/results_project/checkpoint/3b3t2000e_car_iris_wine_sweep,param_21_rep_3,/project/theorie/n/N.Pfaffenzeller/results_project/checkpoint/3b3t2000e_car_iris_wine_sweep/data/param_21_rep_3,2000,5.0e-5,1,100,1000000,3,3,1000.0,0.9,1,1,1,0.3333333333333333
/project/theorie/n/N.Pfaffenzeller/results_project/checkpoint/3b3t2000e_car_iris_wine_sweep,param_21_rep_3,/project/theorie/n/N.Pfaffenzeller/results_project/checkpoint/3b3t2000e_car_iris_wine_sweep/data/param_21_rep_3,2000,5.0e-5,1,100,1000000,3,3,2000.0,0.8,1,1,1,0.3333333333333333
/project/theorie/n/N.Pfaffenzeller/results_project/checkpoint/3b3t2000e_car_iris_wine_sweep,param_21_rep_3,/project/theorie/n/N.Pfaffenzeller/results_project/checkpoint/3b3t2000e_car_iris_wine_sweep/data/param_21_rep_3,2000,5.0e-5,1,100,1000000,3,3,2000.0,0.9,1,1,1,0.3333333333333333
/project/theorie/n/N.Pfaffenzeller/results_project/checkpoint/3b3t2000e_car_iris_wine_sweep,param_22_rep_1,/project/theorie/n/N.Pfaffenzeller/results_project/checkpoint/3b3t2000e_car_iris_wine_sweep/data/param_22_rep_1,2000,5.0e-5,10,1,1000000,3,3,1000.0,0.8,1,1,1,0.3333333333333333
/project/theorie/n/N.Pfaffenzeller/results_project/checkpoint/3b3t2000e_car_iris_wine_sweep,param_22_rep_1,/project/theorie/n/N.Pfaffenzeller/results_project/checkpoint/3b3t2000e_car_iris_wine_sweep/data/param_22_rep_1,2000,5.0e-5,10,1,1000000,3,3,1000.0,0.9,1,1,1,0.3333333333333333
/project/theorie/n/N.Pfaffenzeller/results_project/checkpoint/3b3t2000e_car_iris_wine_sweep,param_22_rep_1,/project/theorie/n/N.Pfaffenzeller/results_project/checkpoint/3b3t2000e_car_iris_wine_sweep/data/param_22_rep_1,2000,5.0e-5,10,1,1000000,3,3,2000.0,0.8,0,0,0,0.0
/project/theorie/n/N.Pfaffenzeller/results_project/checkpoint/3b3t2000e_car_iris_wine_sweep,param_22_rep_1,/project/theorie/n/N.Pfaffenzeller/results_project/checkpoint/3b3t2000e_car_iris_wine_sweep/data/param_22_rep_1,2000,5.0e-5,10,1,1000000,3,3,2000.0,0.9,0,0,0,0.0
/project/theorie/n/N.Pfaffenzeller/results_project/checkpoint/3b3t2000e_car_iris_wine_sweep,param_22_rep_2,/project/theorie/n/N.Pfaffenzeller/results_project/checkpoint/3b3t2000e_car_iris_wine_sweep/data/param_22_rep_2,2000,5.0e-5,10,1,1000000,3,3,1000.0,0.8,1,1,1,0.3333333333333333
/project/theorie/n/N.Pfaffenzeller/results_project/checkpoint/3b3t2000e_car_iris_wine_sweep,param_22_rep_2,/project/theorie/n/N.Pfaffenzeller/results_project/checkpoint/3b3t2000e_car_iris_wine_sweep/data/param_22_rep_2,2000,5.0e-5,10,1,1000000,3,3,1000.0,0.9,1,1,1,0.3333333333333333
/project/theorie/n/N.Pfaffenzeller/results_project/checkpoint/3b3t2000e_car_iris_wine_sweep,param_22_rep_2,/project/theorie/n/N.Pfaffenzeller/results_project/checkpoint/3b3t2000e_car_iris_wine_sweep/data/param_22_rep_2,2000,5.0e-5,10,1,1000000,3,3,2000.0,0.8,1,0,0,0.6666666666666666
/project/theorie/n/N.Pfaffenzeller/results_project/checkpoint/3b3t2000e_car_iris_wine_sweep,param_22_rep_2,/project/theorie/n/N.Pfaffenzeller/results_project/checkpoint/3b3t2000e_car_iris_wine_sweep/data/param_22_rep_2,2000,5.0e-5,10,1,1000000,3,3,2000.0,0.9,0,0,0,0.0
/project/theorie/n/N.Pfaffenzeller/results_project/checkpoint/3b3t2000e_car_iris_wine_sweep,param_22_rep_3,/project/theorie/n/N.Pfaffenzeller/results_project/checkpoint/3b3t2000e_car_iris_wine_sweep/data/param_22_rep_3,2000,5.0e-5,10,1,1000000,3,3,1000.0,0.8,1,1,1,0.3333333333333333
/project/theorie/n/N.Pfaffenzeller/results_project/checkpoint/3b3t2000e_car_iris_wine_sweep,param_22_rep_3,/project/theorie/n/N.Pfaffenzeller/results_project/checkpoint/3b3t2000e_car_iris_wine_sweep/data/param_22_rep_3,2000,5.0e-5,10,1,1000000,3,3,1000.0,0.9,1,1,1,0.3333333333333333
/project/theorie/n/N.Pfaffenzeller/results_project/checkpoint/3b3t2000e_car_iris_wine_sweep,param_22_rep_3,/project/theorie/n/N.Pfaffenzeller/results_project/checkpoint/3b3t2000e_car_iris_wine_sweep/data/param_22_rep_3,2000,5.0e-5,10,1,1000000,3,3,2000.0,0.8,2,2,2,0.6666666666666666
/project/theorie/n/N.Pfaffenzeller/results_project/checkpoint/3b3t2000e_car_iris_wine_sweep,param_22_rep_3,/project/theorie/n/N.Pfaffenzeller/results_project/checkpoint/3b3t2000e_car_iris_wine_sweep/data/param_22_rep_3,2000,5.0e-5,10,1,1000000,3,3,2000.0,0.9,2,2,2,0.6666666666666666
/project/theorie/n/N.Pfaffenzeller/results_project/checkpoint/3b3t2000e_car_iris_wine_sweep,param_23_rep_1,/project/theorie/n/N.Pfaffenzeller/results_project/checkpoint/3b3t2000e_car_iris_wine_sweep/data/param_23_rep_1,2000,5.0e-5,10,10,1000000,3,3,1000.0,0.8,1,1,1,0.3333333333333333
/project/theorie/n/N.Pfaffenzeller/results_project/checkpoint/3b3t2000e_car_iris_wine_sweep,param_23_rep_1,/project/theorie/n/N.Pfaffenzeller/results_project/checkpoint/3b3t2000e_car_iris_wine_sweep/data/param_23_rep_1,2000,5.0e-5,10,10,1000000,3,3,1000.0,0.9,1,1,1,0.3333333333333333
/project/theorie/n/N.Pfaffenzeller/results_project/checkpoint/3b3t2000e_car_iris_wine_sweep,param_23_rep_1,/project/theorie/n/N.Pfaffenzeller/results_project/checkpoint/3b3t2000e_car_iris_wine_sweep/data/param_23_rep_1,2000,5.0e-5,10,10,1000000,3,3,2000.0,0.8,1,1,1,0.3333333333333333
/project/theorie/n/N.Pfaffenzeller/results_project/checkpoint/3b3t2000e_car_iris_wine_sweep,param_23_rep_1,/project/theorie/n/N.Pfaffenzeller/results_project/checkpoint/3b3t2000e_car_iris_wine_sweep/data/param_23_rep_1,2000,5.0e-5,10,10,1000000,3,3,2000.0,0.9,1,1,1,0.3333333333333333
/project/theorie/n/N.Pfaffenzeller/results_project/checkpoint/3b3t2000e_car_iris_wine_sweep,param_23_rep_2,/project/theorie/n/N.Pfaffenzeller/results_project/checkpoint/3b3t2000e_car_iris_wine_sweep/data/param_23_rep_2,2000,5.0e-5,10,10,1000000,3,3,1000.0,0.8,1,1,1,0.3333333333333333
/project/theorie/n/N.Pfaffenzeller/results_project/checkpoint/3b3t2000e_car_iris_wine_sweep,param_23_rep_2,/project/theorie/n/N.Pfaffenzeller/results_project/checkpoint/3b3t2000e_car_iris_wine_sweep/data/param_23_rep_2,2000,5.0e-5,10,10,1000000,3,3,1000.0,0.9,1,1,1,0.3333333333333333
/project/theorie/n/N.Pfaffenzeller/results_project/checkpoint/3b3t2000e_car_iris_wine_sweep,param_23_rep_2,/project/theorie/n/N.Pfaffenzeller/results_project/checkpoint/3b3t2000e_car_iris_wine_sweep/data/param_23_rep_2,2000,5.0e-5,10,10,1000000,3,3,2000.0,0.8,1,1,1,0.3333333333333333
/project/theorie/n/N.Pfaffenzeller/results_project/checkpoint/3b3t2000e_car_iris_wine_sweep,param_23_rep_2,/project/theorie/n/N.Pfaffenzeller/results_project/checkpoint/3b3t2000e_car_iris_wine_sweep/data/param_23_rep_2,2000,5.0e-5,10,10,1000000,3,3,2000.0,0.9,1,1,1,0.3333333333333333
/project/theorie/n/N.Pfaffenzeller/results_project/checkpoint/3b3t2000e_car_iris_wine_sweep,param_23_rep_3,/project/theorie/n/N.Pfaffenzeller/results_project/checkpoint/3b3t2000e_car_iris_wine_sweep/data/param_23_rep_3,2000,5.0e-5,10,10,1000000,3,3,1000.0,0.8,0,0,0,0.0
/project/theorie/n/N.Pfaffenzeller/results_project/checkpoint/3b3t2000e_car_iris_wine_sweep,param_23_rep_3,/project/theorie/n/N.Pfaffenzeller/results_project/checkpoint/3b3t2000e_car_iris_wine_sweep/data/param_23_rep_3,2000,5.0e-5,10,10,1000000,3,3,1000.0,0.9,0,0,0,0.0
/project/theorie/n/N.Pfaffenzeller/results_project/checkpoint/3b3t2000e_car_iris_wine_sweep,param_23_rep_3,/project/theorie/n/N.Pfaffenzeller/results_project/checkpoint/3b3t2000e_car_iris_wine_sweep/data/param_23_rep_3,2000,5.0e-5,10,10,1000000,3,3,2000.0,0.8,1,1,1,0.3333333333333333
/project/theorie/n/N.Pfaffenzeller/results_project/checkpoint/3b3t2000e_car_iris_wine_sweep,param_23_rep_3,/project/theorie/n/N.Pfaffenzeller/results_project/checkpoint/3b3t2000e_car_iris_wine_sweep/data/param_23_rep_3,2000,5.0e-5,10,10,1000000,3,3,2000.0,0.9,1,1,1,0.3333333333333333
/project/theorie/n/N.Pfaffenzeller/results_project/checkpoint/3b3t2000e_car_iris_wine_sweep,param_24_rep_1,/project/theorie/n/N.Pfaffenzeller/results_project/checkpoint/3b3t2000e_car_iris_wine_sweep/data/param_24_rep_1,2000,5.0e-5,10,100,1000000,3,3,1000.0,0.8,1,1,1,0.3333333333333333
/project/theorie/n/N.Pfaffenzeller/results_project/checkpoint/3b3t2000e_car_iris_wine_sweep,param_24_rep_1,/project/theorie/n/N.Pfaffenzeller/results_project/checkpoint/3b3t2000e_car_iris_wine_sweep/data/param_24_rep_1,2000,5.0e-5,10,100,1000000,3,3,1000.0,0.9,1,1,1,0.3333333333333333
/project/theorie/n/N.Pfaffenzeller/results_project/checkpoint/3b3t2000e_car_iris_wine_sweep,param_24_rep_1,/project/theorie/n/N.Pfaffenzeller/results_project/checkpoint/3b3t2000e_car_iris_wine_sweep/data/param_24_rep_1,2000,5.0e-5,10,100,1000000,3,3,2000.0,0.8,1,1,1,0.3333333333333333
/project/theorie/n/N.Pfaffenzeller/results_project/checkpoint/3b3t2000e_car_iris_wine_sweep,param_24_rep_1,/project/theorie/n/N.Pfaffenzeller/results_project/checkpoint/3b3t2000e_car_iris_wine_sweep/data/param_24_rep_1,2000,5.0e-5,10,100,1000000,3,3,2000.0,0.9,1,1,1,0.3333333333333333
/project/theorie/n/N.Pfaffenzeller/results_project/checkpoint/3b3t2000e_car_iris_wine_sweep,param_24_rep_2,/project/theorie/n/N.Pfaffenzeller/results_project/checkpoint/3b3t2000e_car_iris_wine_sweep/data/param_24_rep_2,2000,5.0e-5,10,100,1000000,3,3,1000.0,0.8,0,0,0,0.0
/project/theorie/n/N.Pfaffenzeller/results_project/checkpoint/3b3t2000e_car_iris_wine_sweep,param_24_rep_2,/project/theorie/n/N.Pfaffenzeller/results_project/checkpoint/3b3t2000e_car_iris_wine_sweep/data/param_24_rep_2,2000,5.0e-5,10,100,1000000,3,3,1000.0,0.9,0,0,0,0.0
/project/theorie/n/N.Pfaffenzeller/results_project/checkpoint/3b3t2000e_car_iris_wine_sweep,param_24_rep_2,/project/theorie/n/N.Pfaffenzeller/results_project/checkpoint/3b3t2000e_car_iris_wine_sweep/data/param_24_rep_2,2000,5.0e-5,10,100,1000000,3,3,2000.0,0.8,1,1,1,0.3333333333333333
/project/theorie/n/N.Pfaffenzeller/results_project/checkpoint/3b3t2000e_car_iris_wine_sweep,param_24_rep_2,/project/theorie/n/N.Pfaffenzeller/results_project/checkpoint/3b3t2000e_car_iris_wine_sweep/data/param_24_rep_2,2000,5.0e-5,10,100,1000000,3,3,2000.0,0.9,1,1,1,0.3333333333333333
/project/theorie/n/N.Pfaffenzeller/results_project/checkpoint/3b3t2000e_car_iris_wine_sweep,param_24_rep_3,/project/theorie/n/N.Pfaffenzeller/results_project/checkpoint/3b3t2000e_car_iris_wine_sweep/data/param_24_rep_3,2000,5.0e-5,10,100,1000000,3,3,1000.0,0.8,1,1,1,0.3333333333333333
/project/theorie/n/N.Pfaffenzeller/results_project/checkpoint/3b3t2000e_car_iris_wine_sweep,param_24_rep_3,/project/theorie/n/N.Pfaffenzeller/results_project/checkpoint/3b3t2000e_car_iris_wine_sweep/data/param_24_rep_3,2000,5.0e-5,10,100,1000000,3,3,1000.0,0.9,1,1,1,0.3333333333333333
/project/theorie/n/N.Pfaffenzeller/results_project/checkpoint/3b3t2000e_car_iris_wine_sweep,param_24_rep_3,/project/theorie/n/N.Pfaffenzeller/results_project/checkpoint/3b3t2000e_car_iris_wine_sweep/data/param_24_rep_3,2000,5.0e-5,10,100,1000000,3,3,2000.0,0.8,1,1,1,0.3333333333333333
/project/theorie/n/N.Pfaffenzeller/results_project/checkpoint/3b3t2000e_car_iris_wine_sweep,param_24_rep_3,/project/theorie/n/N.Pfaffenzeller/results_project/checkpoint/3b3t2000e_car_iris_wine_sweep/data/param_24_rep_3,2000,5.0e-5,10,100,1000000,3,3,2000.0,0.9,1,1,1,0.3333333333333333
/project/theorie/n/N.Pfaffenzeller/results_project/checkpoint/3b3t2000e_car_iris_wine_sweep,param_25_rep_1,/project/theorie/n/N.Pfaffenzeller/results_project/checkpoint/3b3t2000e_car_iris_wine_sweep/data/param_25_rep_1,2000,5.0e-5,100,1,1000000,3,3,1000.0,0.8,2,2,2,0.6666666666666666
/project/theorie/n/N.Pfaffenzeller/results_project/checkpoint/3b3t2000e_car_iris_wine_sweep,param_25_rep_1,/project/theorie/n/N.Pfaffenzeller/results_project/checkpoint/3b3t2000e_car_iris_wine_sweep/data/param_25_rep_1,2000,5.0e-5,100,1,1000000,3,3,1000.0,0.9,1,1,1,0.3333333333333333
/project/theorie/n/N.Pfaffenzeller/results_project/checkpoint/3b3t2000e_car_iris_wine_sweep,param_25_rep_1,/project/theorie/n/N.Pfaffenzeller/results_project/checkpoint/3b3t2000e_car_iris_wine_sweep/data/param_25_rep_1,2000,5.0e-5,100,1,1000000,3,3,2000.0,0.8,1,1,1,0.3333333333333333
/project/theorie/n/N.Pfaffenzeller/results_project/checkpoint/3b3t2000e_car_iris_wine_sweep,param_25_rep_1,/project/theorie/n/N.Pfaffenzeller/results_project/checkpoint/3b3t2000e_car_iris_wine_sweep/data/param_25_rep_1,2000,5.0e-5,100,1,1000000,3,3,2000.0,0.9,1,1,1,0.3333333333333333
/project/theorie/n/N.Pfaffenzeller/results_project/checkpoint/3b3t2000e_car_iris_wine_sweep,param_25_rep_2,/project/theorie/n/N.Pfaffenzeller/results_project/checkpoint/3b3t2000e_car_iris_wine_sweep/data/param_25_rep_2,2000,5.0e-5,100,1,1000000,3,3,1000.0,0.8,2,2,2,0.6666666666666666
/project/theorie/n/N.Pfaffenzeller/results_project/checkpoint/3b3t2000e_car_iris_wine_sweep,param_25_rep_2,/project/theorie/n/N.Pfaffenzeller/results_project/checkpoint/3b3t2000e_car_iris_wine_sweep/data/param_25_rep_2,2000,5.0e-5,100,1,1000000,3,3,1000.0,0.9,2,2,2,0.6666666666666666
/project/theorie/n/N.Pfaffenzeller/results_project/checkpoint/3b3t2000e_car_iris_wine_sweep,param_25_rep_2,/project/theorie/n/N.Pfaffenzeller/results_project/checkpoint/3b3t2000e_car_iris_wine_sweep/data/param_25_rep_2,2000,5.0e-5,100,1,1000000,3,3,2000.0,0.8,2,2,2,0.6666666666666666
/project/theorie/n/N.Pfaffenzeller/results_project/checkpoint/3b3t2000e_car_iris_wine_sweep,param_25_rep_2,/project/theorie/n/N.Pfaffenzeller/results_project/checkpoint/3b3t2000e_car_iris_wine_sweep/data/param_25_rep_2,2000,5.0e-5,100,1,1000000,3,3,2000.0,0.9,2,2,2,0.6666666666666666
/project/theorie/n/N.Pfaffenzeller/results_project/checkpoint/3b3t2000e_car_iris_wine_sweep,param_25_rep_3,/project/theorie/n/N.Pfaffenzeller/results_project/checkpoint/3b3t2000e_car_iris_wine_sweep/data/param_25_rep_3,2000,5.0e-5,100,1,1000000,3,3,1000.0,0.8,1,1,1,0.3333333333333333
/project/theorie/n/N.Pfaffenzeller/results_project/checkpoint/3b3t2000e_car_iris_wine_sweep,param_25_rep_3,/project/theorie/n/N.Pfaffenzeller/results_project/checkpoint/3b3t2000e_car_iris_wine_sweep/data/param_25_rep_3,2000,5.0e-5,100,1,1000000,3,3,1000.0,0.9,1,1,1,0.3333333333333333
/project/theorie/n/N.Pfaffenzeller/results_project/checkpoint/3b3t2000e_car_iris_wine_sweep,param_25_rep_3,/project/theorie/n/N.Pfaffenzeller/results_project/checkpoint/3b3t2000e_car_iris_wine_sweep/data/param_25_rep_3,2000,5.0e-5,100,1,1000000,3,3,2000.0,0.8,2,2,2,0.6666666666666666
/project/theorie/n/N.Pfaffenzeller/results_project/checkpoint/3b3t2000e_car_iris_wine_sweep,param_25_rep_3,/project/theorie/n/N.Pfaffenzeller/results_project/checkpoint/3b3t2000e_car_iris_wine_sweep/data/param_25_rep_3,2000,5.0e-5,100,1,1000000,3,3,2000.0,0.9,2,2,2,0.6666666666666666
/project/theorie/n/N.Pfaffenzeller/results_project/checkpoint/3b3t2000e_car_iris_wine_sweep,param_26_rep_1,/project/theorie/n/N.Pfaffenzeller/results_project/checkpoint/3b3t2000e_car_iris_wine_sweep/data/param_26_rep_1,2000,5.0e-5,100,10,1000000,3,3,1000.0,0.8,1,1,1,0.3333333333333333
/project/theorie/n/N.Pfaffenzeller/results_project/checkpoint/3b3t2000e_car_iris_wine_sweep,param_26_rep_1,/project/theorie/n/N.Pfaffenzeller/results_project/checkpoint/3b3t2000e_car_iris_wine_sweep/data/param_26_rep_1,2000,5.0e-5,100,10,1000000,3,3,1000.0,0.9,1,1,1,0.3333333333333333
/project/theorie/n/N.Pfaffenzeller/results_project/checkpoint/3b3t2000e_car_iris_wine_sweep,param_26_rep_1,/project/theorie/n/N.Pfaffenzeller/results_project/checkpoint/3b3t2000e_car_iris_wine_sweep/data/param_26_rep_1,2000,5.0e-5,100,10,1000000,3,3,2000.0,0.8,1,1,1,0.3333333333333333
/project/theorie/n/N.Pfaffenzeller/results_project/checkpoint/3b3t2000e_car_iris_wine_sweep,param_26_rep_1,/project/theorie/n/N.Pfaffenzeller/results_project/checkpoint/3b3t2000e_car_iris_wine_sweep/data/param_26_rep_1,2000,5.0e-5,100,10,1000000,3,3,2000.0,0.9,1,1,1,0.3333333333333333
/project/theorie/n/N.Pfaffenzeller/results_project/checkpoint/3b3t2000e_car_iris_wine_sweep,param_26_rep_2,/project/theorie/n/N.Pfaffenzeller/results_project/checkpoint/3b3t2000e_car_iris_wine_sweep/data/param_26_rep_2,2000,5.0e-5,100,10,1000000,3,3,1000.0,0.8,1,1,1,0.3333333333333333
/project/theorie/n/N.Pfaffenzeller/results_project/checkpoint/3b3t2000e_car_iris_wine_sweep,param_26_rep_2,/project/theorie/n/N.Pfaffenzeller/results_project/checkpoint/3b3t2000e_car_iris_wine_sweep/data/param_26_rep_2,2000,5.0e-5,100,10,1000000,3,3,1000.0,0.9,1,1,1,0.3333333333333333
/project/theorie/n/N.Pfaffenzeller/results_project/checkpoint/3b3t2000e_car_iris_wine_sweep,param_26_rep_2,/project/theorie/n/N.Pfaffenzeller/results_project/checkpoint/3b3t2000e_car_iris_wine_sweep/data/param_26_rep_2,2000,5.0e-5,100,10,1000000,3,3,2000.0,0.8,1,1,1,0.3333333333333333
/project/theorie/n/N.Pfaffenzeller/results_project/checkpoint/3b3t2000e_car_iris_wine_sweep,param_26_rep_2,/project/theorie/n/N.Pfaffenzeller/results_project/checkpoint/3b3t2000e_car_iris_wine_sweep/data/param_26_rep_2,2000,5.0e-5,100,10,1000000,3,3,2000.0,0.9,1,1,1,0.3333333333333333
/project/theorie/n/N.Pfaffenzeller/results_project/checkpoint/3b3t2000e_car_iris_wine_sweep,param_26_rep_3,/project/theorie/n/N.Pfaffenzeller/results_project/checkpoint/3b3t2000e_car_iris_wine_sweep/data/param_26_rep_3,2000,5.0e-5,100,10,1000000,3,3,1000.0,0.8,1,1,1,0.3333333333333333
/project/theorie/n/N.Pfaffenzeller/results_project/checkpoint/3b3t2000e_car_iris_wine_sweep,param_26_rep_3,/project/theorie/n/N.Pfaffenzeller/results_project/checkpoint/3b3t2000e_car_iris_wine_sweep/data/param_26_rep_3,2000,5.0e-5,100,10,1000000,3,3,1000.0,0.9,1,1,1,0.3333333333333333
/project/theorie/n/N.Pfaffenzeller/results_project/checkpoint/3b3t2000e_car_iris_wine_sweep,param_26_rep_3,/project/theorie/n/N.Pfaffenzeller/results_project/checkpoint/3b3t2000e_car_iris_wine_sweep/data/param_26_rep_3,2000,5.0e-5,100,10,1000000,3,3,2000.0,0.8,1,1,1,0.3333333333333333
/project/theorie/n/N.Pfaffenzeller/results_project/checkpoint/3b3t2000e_car_iris_wine_sweep,param_26_rep_3,/project/theorie/n/N.Pfaffenzeller/results_project/checkpoint/3b3t2000e_car_iris_wine_sweep/data/param_26_rep_3,2000,5.0e-5,100,10,1000000,3,3,2000.0,0.9,1,1,1,0.3333333333333333
/project/theorie/n/N.Pfaffenzeller/results_project/checkpoint/3b3t2000e_car_iris_wine_sweep,param_27_rep_1,/project/theorie/n/N.Pfaffenzeller/results_project/checkpoint/3b3t2000e_car_iris_wine_sweep/data/param_27_rep_1,2000,5.0e-5,100,100,1000000,3,3,1000.0,0.8,0,0,0,0.0
/project/theorie/n/N.Pfaffenzeller/results_project/checkpoint/3b3t2000e_car_iris_wine_sweep,param_27_rep_1,/project/theorie/n/N.Pfaffenzeller/results_project/checkpoint/3b3t2000e_car_iris_wine_sweep/data/param_27_rep_1,2000,5.0e-5,100,100,1000000,3,3,1000.0,0.9,0,0,0,0.0
/project/theorie/n/N.Pfaffenzeller/results_project/checkpoint/3b3t2000e_car_iris_wine_sweep,param_27_rep_1,/project/theorie/n/N.Pfaffenzeller/results_project/checkpoint/3b3t2000e_car_iris_wine_sweep/data/param_27_rep_1,2000,5.0e-5,100,100,1000000,3,3,2000.0,0.8,1,1,1,0.3333333333333333
/project/theorie/n/N.Pfaffenzeller/results_project/checkpoint/3b3t2000e_car_iris_wine_sweep,param_27_rep_1,/project/theorie/n/N.Pfaffenzeller/results_project/checkpoint/3b3t2000e_car_iris_wine_sweep/data/param_27_rep_1,2000,5.0e-5,100,100,1000000,3,3,2000.0,0.9,1,1,1,0.3333333333333333
/project/theorie/n/N.Pfaffenzeller/results_project/checkpoint/3b3t2000e_car_iris_wine_sweep,param_27_rep_2,/project/theorie/n/N.Pfaffenzeller/results_project/checkpoint/3b3t2000e_car_iris_wine_sweep/data/param_27_rep_2,2000,5.0e-5,100,100,1000000,3,3,1000.0,0.8,1,1,1,0.3333333333333333
/project/theorie/n/N.Pfaffenzeller/results_project/checkpoint/3b3t2000e_car_iris_wine_sweep,param_27_rep_2,/project/theorie/n/N.Pfaffenzeller/results_project/checkpoint/3b3t2000e_car_iris_wine_sweep/data/param_27_rep_2,2000,5.0e-5,100,100,1000000,3,3,1000.0,0.9,1,1,1,0.3333333333333333
/project/theorie/n/N.Pfaffenzeller/results_project/checkpoint/3b3t2000e_car_iris_wine_sweep,param_27_rep_2,/project/theorie/n/N.Pfaffenzeller/results_project/checkpoint/3b3t2000e_car_iris_wine_sweep/data/param_27_rep_2,2000,5.0e-5,100,100,1000000,3,3,2000.0,0.8,1,1,1,0.3333333333333333
/project/theorie/n/N.Pfaffenzeller/results_project/checkpoint/3b3t2000e_car_iris_wine_sweep,param_27_rep_2,/project/theorie/n/N.Pfaffenzeller/results_project/checkpoint/3b3t2000e_car_iris_wine_sweep/data/param_27_rep_2,2000,5.0e-5,100,100,1000000,3,3,2000.0,0.9,1,1,1,0.3333333333333333
/project/theorie/n/N.Pfaffenzeller/results_project/checkpoint/3b3t2000e_car_iris_wine_sweep,param_27_rep_3,/project/theorie/n/N.Pfaffenzeller/results_project/checkpoint/3b3t2000e_car_iris_wine_sweep/data/param_27_rep_3,2000,5.0e-5,100,100,1000000,3,3,1000.0,0.8,1,1,1,0.3333333333333333
/project/theorie/n/N.Pfaffenzeller/results_project/checkpoint/3b3t2000e_car_iris_wine_sweep,param_27_rep_3,/project/theorie/n/N.Pfaffenzeller/results_project/checkpoint/3b3t2000e_car_iris_wine_sweep/data/param_27_rep_3,2000,5.0e-5,100,100,1000000,3,3,1000.0,0.9,1,1,1,0.3333333333333333
/project/theorie/n/N.Pfaffenzeller/results_project/checkpoint/3b3t2000e_car_iris_wine_sweep,param_27_rep_3,/project/theorie/n/N.Pfaffenzeller/results_project/checkpoint/3b3t2000e_car_iris_wine_sweep/data/param_27_rep_3,2000,5.0e-5,100,100,1000000,3,3,2000.0,0.8,1,1,1,0.3333333333333333
/project/theorie/n/N.Pfaffenzeller/results_project/checkpoint/3b3t2000e_car_iris_wine_sweep,param_27_rep_3,/project/theorie/n/N.Pfaffenzeller/results_project/checkpoint/3b3t2000e_car_iris_wine_sweep/data/param_27_rep_3,2000,5.0e-5,100,100,1000000,3,3,2000.0,0.9,1,1,1,0.3333333333333333
/project/theorie/n/N.Pfaffenzeller/results_project/checkpoint/3b3t2000e_car_iris_wine_sweep,param_28_rep_1,/project/theorie/n/N.Pfaffenzeller/results_project/checkpoint/3b3t2000e_car_iris_wine_sweep/data/param_28_rep_1,2000,0.0001,1,1,1000000,3,3,1000.0,0.8,0,0,0,0.0
/project/theorie/n/N.Pfaffenzeller/results_project/checkpoint/3b3t2000e_car_iris_wine_sweep,param_28_rep_1,/project/theorie/n/N.Pfaffenzeller/results_project/checkpoint/3b3t2000e_car_iris_wine_sweep/data/param_28_rep_1,2000,0.0001,1,1,1000000,3,3,1000.0,0.9,0,0,0,0.0
/project/theorie/n/N.Pfaffenzeller/results_project/checkpoint/3b3t2000e_car_iris_wine_sweep,param_28_rep_1,/project/theorie/n/N.Pfaffenzeller/results_project/checkpoint/3b3t2000e_car_iris_wine_sweep/data/param_28_rep_1,2000,0.0001,1,1,1000000,3,3,2000.0,0.8,0,0,0,0.0
/project/theorie/n/N.Pfaffenzeller/results_project/checkpoint/3b3t2000e_car_iris_wine_sweep,param_28_rep_1,/project/theorie/n/N.Pfaffenzeller/results_project/checkpoint/3b3t2000e_car_iris_wine_sweep/data/param_28_rep_1,2000,0.0001,1,1,1000000,3,3,2000.0,0.9,0,0,0,0.0
/project/theorie/n/N.Pfaffenzeller/results_project/checkpoint/3b3t2000e_car_iris_wine_sweep,param_28_rep_2,/project/theorie/n/N.Pfaffenzeller/results_project/checkpoint/3b3t2000e_car_iris_wine_sweep/data/param_28_rep_2,2000,0.0001,1,1,1000000,3,3,1000.0,0.8,0,0,0,0.0
/project/theorie/n/N.Pfaffenzeller/results_project/checkpoint/3b3t2000e_car_iris_wine_sweep,param_28_rep_2,/project/theorie/n/N.Pfaffenzeller/results_project/checkpoint/3b3t2000e_car_iris_wine_sweep/data/param_28_rep_2,2000,0.0001,1,1,1000000,3,3,1000.0,0.9,0,0,0,0.0
/project/theorie/n/N.Pfaffenzeller/results_project/checkpoint/3b3t2000e_car_iris_wine_sweep,param_28_rep_2,/project/theorie/n/N.Pfaffenzeller/results_project/checkpoint/3b3t2000e_car_iris_wine_sweep/data/param_28_rep_2,2000,0.0001,1,1,1000000,3,3,2000.0,0.8,1,0,0,1.0
/project/theorie/n/N.Pfaffenzeller/results_project/checkpoint/3b3t2000e_car_iris_wine_sweep,param_28_rep_2,/project/theorie/n/N.Pfaffenzeller/results_project/checkpoint/3b3t2000e_car_iris_wine_sweep/data/param_28_rep_2,2000,0.0001,1,1,1000000,3,3,2000.0,0.9,1,0,0,1.0
/project/theorie/n/N.Pfaffenzeller/results_project/checkpoint/3b3t2000e_car_iris_wine_sweep,param_28_rep_3,/project/theorie/n/N.Pfaffenzeller/results_project/checkpoint/3b3t2000e_car_iris_wine_sweep/data/param_28_rep_3,2000,0.0001,1,1,1000000,3,3,1000.0,0.8,1,0,0,0.6666666666666666
/project/theorie/n/N.Pfaffenzeller/results_project/checkpoint/3b3t2000e_car_iris_wine_sweep,param_28_rep_3,/project/theorie/n/N.Pfaffenzeller/results_project/checkpoint/3b3t2000e_car_iris_wine_sweep/data/param_28_rep_3,2000,0.0001,1,1,1000000,3,3,1000.0,0.9,1,0,0,0.6666666666666666
/project/theorie/n/N.Pfaffenzeller/results_project/checkpoint/3b3t2000e_car_iris_wine_sweep,param_28_rep_3,/project/theorie/n/N.Pfaffenzeller/results_project/checkpoint/3b3t2000e_car_iris_wine_sweep/data/param_28_rep_3,2000,0.0001,1,1,1000000,3,3,2000.0,0.8,1,0,0,0.6666666666666666
/project/theorie/n/N.Pfaffenzeller/results_project/checkpoint/3b3t2000e_car_iris_wine_sweep,param_28_rep_3,/project/theorie/n/N.Pfaffenzeller/results_project/checkpoint/3b3t2000e_car_iris_wine_sweep/data/param_28_rep_3,2000,0.0001,1,1,1000000,3,3,2000.0,0.9,1,0,0,0.6666666666666666
/project/theorie/n/N.Pfaffenzeller/results_project/checkpoint/3b3t2000e_car_iris_wine_sweep,param_29_rep_1,/project/theorie/n/N.Pfaffenzeller/results_project/checkpoint/3b3t2000e_car_iris_wine_sweep/data/param_29_rep_1,2000,0.0001,1,10,1000000,3,3,1000.0,0.8,2,2,2,0.6666666666666666
/project/theorie/n/N.Pfaffenzeller/results_project/checkpoint/3b3t2000e_car_iris_wine_sweep,param_29_rep_1,/project/theorie/n/N.Pfaffenzeller/results_project/checkpoint/3b3t2000e_car_iris_wine_sweep/data/param_29_rep_1,2000,0.0001,1,10,1000000,3,3,1000.0,0.9,2,2,2,0.6666666666666666
/project/theorie/n/N.Pfaffenzeller/results_project/checkpoint/3b3t2000e_car_iris_wine_sweep,param_29_rep_1,/project/theorie/n/N.Pfaffenzeller/results_project/checkpoint/3b3t2000e_car_iris_wine_sweep/data/param_29_rep_1,2000,0.0001,1,10,1000000,3,3,2000.0,0.8,0,0,0,0.0
/project/theorie/n/N.Pfaffenzeller/results_project/checkpoint/3b3t2000e_car_iris_wine_sweep,param_29_rep_1,/project/theorie/n/N.Pfaffenzeller/results_project/checkpoint/3b3t2000e_car_iris_wine_sweep/data/param_29_rep_1,2000,0.0001,1,10,1000000,3,3,2000.0,0.9,0,0,0,0.0
/project/theorie/n/N.Pfaffenzeller/results_project/checkpoint/3b3t2000e_car_iris_wine_sweep,param_29_rep_2,/project/theorie/n/N.Pfaffenzeller/results_project/checkpoint/3b3t2000e_car_iris_wine_sweep/data/param_29_rep_2,2000,0.0001,1,10,1000000,3,3,1000.0,0.8,1,1,1,0.3333333333333333
/project/theorie/n/N.Pfaffenzeller/results_project/checkpoint/3b3t2000e_car_iris_wine_sweep,param_29_rep_2,/project/theorie/n/N.Pfaffenzeller/results_project/checkpoint/3b3t2000e_car_iris_wine_sweep/data/param_29_rep_2,2000,0.0001,1,10,1000000,3,3,1000.0,0.9,1,1,1,0.3333333333333333
/project/theorie/n/N.Pfaffenzeller/results_project/checkpoint/3b3t2000e_car_iris_wine_sweep,param_29_rep_2,/project/theorie/n/N.Pfaffenzeller/results_project/checkpoint/3b3t2000e_car_iris_wine_sweep/data/param_29_rep_2,2000,0.0001,1,10,1000000,3,3,2000.0,0.8,1,1,1,0.3333333333333333
/project/theorie/n/N.Pfaffenzeller/results_project/checkpoint/3b3t2000e_car_iris_wine_sweep,param_29_rep_2,/project/theorie/n/N.Pfaffenzeller/results_project/checkpoint/3b3t2000e_car_iris_wine_sweep/data/param_29_rep_2,2000,0.0001,1,10,1000000,3,3,2000.0,0.9,1,1,1,0.3333333333333333
/project/theorie/n/N.Pfaffenzeller/results_project/checkpoint/3b3t2000e_car_iris_wine_sweep,param_29_rep_3,/project/theorie/n/N.Pfaffenzeller/results_project/checkpoint/3b3t2000e_car_iris_wine_sweep/data/param_29_rep_3,2000,0.0001,1,10,1000000,3,3,1000.0,0.8,1,1,1,0.3333333333333333
/project/theorie/n/N.Pfaffenzeller/results_project/checkpoint/3b3t2000e_car_iris_wine_sweep,param_29_rep_3,/project/theorie/n/N.Pfaffenzeller/results_project/checkpoint/3b3t2000e_car_iris_wine_sweep/data/param_29_rep_3,2000,0.0001,1,10,1000000,3,3,1000.0,0.9,1,1,1,0.3333333333333333
/project/theorie/n/N.Pfaffenzeller/results_project/checkpoint/3b3t2000e_car_iris_wine_sweep,param_29_rep_3,/project/theorie/n/N.Pfaffenzeller/results_project/checkpoint/3b3t2000e_car_iris_wine_sweep/data/param_29_rep_3,2000,0.0001,1,10,1000000,3,3,2000.0,0.8,2,2,2,0.6666666666666666
/project/theorie/n/N.Pfaffenzeller/results_project/checkpoint/3b3t2000e_car_iris_wine_sweep,param_29_rep_3,/project/theorie/n/N.Pfaffenzeller/results_project/checkpoint/3b3t2000e_car_iris_wine_sweep/data/param_29_rep_3,2000,0.0001,1,10,1000000,3,3,2000.0,0.9,2,2,2,0.6666666666666666
/project/theorie/n/N.Pfaffenzeller/results_project/checkpoint/3b3t2000e_car_iris_wine_sweep,param_2_rep_1,/project/theorie/n/N.Pfaffenzeller/results_project/checkpoint/3b3t2000e_car_iris_wine_sweep/data/param_2_rep_1,2000,5.0e-6,1,10,1000000,3,3,1000.0,0.8,1,1,1,0.3333333333333333
/project/theorie/n/N.Pfaffenzeller/results_project/checkpoint/3b3t2000e_car_iris_wine_sweep,param_2_rep_1,/project/theorie/n/N.Pfaffenzeller/results_project/checkpoint/3b3t2000e_car_iris_wine_sweep/data/param_2_rep_1,2000,5.0e-6,1,10,1000000,3,3,1000.0,0.9,1,1,1,0.3333333333333333
/project/theorie/n/N.Pfaffenzeller/results_project/checkpoint/3b3t2000e_car_iris_wine_sweep,param_2_rep_1,/project/theorie/n/N.Pfaffenzeller/results_project/checkpoint/3b3t2000e_car_iris_wine_sweep/data/param_2_rep_1,2000,5.0e-6,1,10,1000000,3,3,2000.0,0.8,1,1,1,0.3333333333333333
/project/theorie/n/N.Pfaffenzeller/results_project/checkpoint/3b3t2000e_car_iris_wine_sweep,param_2_rep_1,/project/theorie/n/N.Pfaffenzeller/results_project/checkpoint/3b3t2000e_car_iris_wine_sweep/data/param_2_rep_1,2000,5.0e-6,1,10,1000000,3,3,2000.0,0.9,1,1,1,0.3333333333333333
/project/theorie/n/N.Pfaffenzeller/results_project/checkpoint/3b3t2000e_car_iris_wine_sweep,param_2_rep_2,/project/theorie/n/N.Pfaffenzeller/results_project/checkpoint/3b3t2000e_car_iris_wine_sweep/data/param_2_rep_2,2000,5.0e-6,1,10,1000000,3,3,1000.0,0.8,0,0,0,0.0
/project/theorie/n/N.Pfaffenzeller/results_project/checkpoint/3b3t2000e_car_iris_wine_sweep,param_2_rep_2,/project/theorie/n/N.Pfaffenzeller/results_project/checkpoint/3b3t2000e_car_iris_wine_sweep/data/param_2_rep_2,2000,5.0e-6,1,10,1000000,3,3,1000.0,0.9,0,0,0,0.0
/project/theorie/n/N.Pfaffenzeller/results_project/checkpoint/3b3t2000e_car_iris_wine_sweep,param_2_rep_2,/project/theorie/n/N.Pfaffenzeller/results_project/checkpoint/3b3t2000e_car_iris_wine_sweep/data/param_2_rep_2,2000,5.0e-6,1,10,1000000,3,3,2000.0,0.8,2,2,2,0.6666666666666666
/project/theorie/n/N.Pfaffenzeller/results_project/checkpoint/3b3t2000e_car_iris_wine_sweep,param_2_rep_2,/project/theorie/n/N.Pfaffenzeller/results_project/checkpoint/3b3t2000e_car_iris_wine_sweep/data/param_2_rep_2,2000,5.0e-6,1,10,1000000,3,3,2000.0,0.9,2,2,2,0.6666666666666666
/project/theorie/n/N.Pfaffenzeller/results_project/checkpoint/3b3t2000e_car_iris_wine_sweep,param_2_rep_3,/project/theorie/n/N.Pfaffenzeller/results_project/checkpoint/3b3t2000e_car_iris_wine_sweep/data/param_2_rep_3,2000,5.0e-6,1,10,1000000,3,3,1000.0,0.8,2,2,2,0.6666666666666666
/project/theorie/n/N.Pfaffenzeller/results_project/checkpoint/3b3t2000e_car_iris_wine_sweep,param_2_rep_3,/project/theorie/n/N.Pfaffenzeller/results_project/checkpoint/3b3t2000e_car_iris_wine_sweep/data/param_2_rep_3,2000,5.0e-6,1,10,1000000,3,3,1000.0,0.9,2,2,2,0.6666666666666666
/project/theorie/n/N.Pfaffenzeller/results_project/checkpoint/3b3t2000e_car_iris_wine_sweep,param_2_rep_3,/project/theorie/n/N.Pfaffenzeller/results_project/checkpoint/3b3t2000e_car_iris_wine_sweep/data/param_2_rep_3,2000,5.0e-6,1,10,1000000,3,3,2000.0,0.8,1,1,1,0.3333333333333333
/project/theorie/n/N.Pfaffenzeller/results_project/checkpoint/3b3t2000e_car_iris_wine_sweep,param_2_rep_3,/project/theorie/n/N.Pfaffenzeller/results_project/checkpoint/3b3t2000e_car_iris_wine_sweep/data/param_2_rep_3,2000,5.0e-6,1,10,1000000,3,3,2000.0,0.9,1,1,1,0.3333333333333333
/project/theorie/n/N.Pfaffenzeller/results_project/checkpoint/3b3t2000e_car_iris_wine_sweep,param_30_rep_1,/project/theorie/n/N.Pfaffenzeller/results_project/checkpoint/3b3t2000e_car_iris_wine_sweep/data/param_30_rep_1,2000,0.0001,1,100,1000000,3,3,1000.0,0.8,1,1,1,0.3333333333333333
/project/theorie/n/N.Pfaffenzeller/results_project/checkpoint/3b3t2000e_car_iris_wine_sweep,param_30_rep_1,/project/theorie/n/N.Pfaffenzeller/results_project/checkpoint/3b3t2000e_car_iris_wine_sweep/data/param_30_rep_1,2000,0.0001,1,100,1000000,3,3,1000.0,0.9,1,1,1,0.3333333333333333
/project/theorie/n/N.Pfaffenzeller/results_project/checkpoint/3b3t2000e_car_iris_wine_sweep,param_30_rep_1,/project/theorie/n/N.Pfaffenzeller/results_project/checkpoint/3b3t2000e_car_iris_wine_sweep/data/param_30_rep_1,2000,0.0001,1,100,1000000,3,3,2000.0,0.8,1,1,1,0.3333333333333333
/project/theorie/n/N.Pfaffenzeller/results_project/checkpoint/3b3t2000e_car_iris_wine_sweep,param_30_rep_1,/project/theorie/n/N.Pfaffenzeller/results_project/checkpoint/3b3t2000e_car_iris_wine_sweep/data/param_30_rep_1,2000,0.0001,1,100,1000000,3,3,2000.0,0.9,1,1,1,0.3333333333333333
/project/theorie/n/N.Pfaffenzeller/results_project/checkpoint/3b3t2000e_car_iris_wine_sweep,param_30_rep_2,/project/theorie/n/N.Pfaffenzeller/results_project/checkpoint/3b3t2000e_car_iris_wine_sweep/data/param_30_rep_2,2000,0.0001,1,100,1000000,3,3,1000.0,0.8,1,1,1,0.3333333333333333
/project/theorie/n/N.Pfaffenzeller/results_project/checkpoint/3b3t2000e_car_iris_wine_sweep,param_30_rep_2,/project/theorie/n/N.Pfaffenzeller/results_project/checkpoint/3b3t2000e_car_iris_wine_sweep/data/param_30_rep_2,2000,0.0001,1,100,1000000,3,3,1000.0,0.9,1,1,1,0.3333333333333333
/project/theorie/n/N.Pfaffenzeller/results_project/checkpoint/3b3t2000e_car_iris_wine_sweep,param_30_rep_2,/project/theorie/n/N.Pfaffenzeller/results_project/checkpoint/3b3t2000e_car_iris_wine_sweep/data/param_30_rep_2,2000,0.0001,1,100,1000000,3,3,2000.0,0.8,1,1,1,0.3333333333333333
/project/theorie/n/N.Pfaffenzeller/results_project/checkpoint/3b3t2000e_car_iris_wine_sweep,param_30_rep_2,/project/theorie/n/N.Pfaffenzeller/results_project/checkpoint/3b3t2000e_car_iris_wine_sweep/data/param_30_rep_2,2000,0.0001,1,100,1000000,3,3,2000.0,0.9,1,1,1,0.3333333333333333
/project/theorie/n/N.Pfaffenzeller/results_project/checkpoint/3b3t2000e_car_iris_wine_sweep,param_30_rep_3,/project/theorie/n/N.Pfaffenzeller/results_project/checkpoint/3b3t2000e_car_iris_wine_sweep/data/param_30_rep_3,2000,0.0001,1,100,1000000,3,3,1000.0,0.8,2,2,2,0.6666666666666666
/project/theorie/n/N.Pfaffenzeller/results_project/checkpoint/3b3t2000e_car_iris_wine_sweep,param_30_rep_3,/project/theorie/n/N.Pfaffenzeller/results_project/checkpoint/3b3t2000e_car_iris_wine_sweep/data/param_30_rep_3,2000,0.0001,1,100,1000000,3,3,1000.0,0.9,2,2,2,0.6666666666666666
/project/theorie/n/N.Pfaffenzeller/results_project/checkpoint/3b3t2000e_car_iris_wine_sweep,param_30_rep_3,/project/theorie/n/N.Pfaffenzeller/results_project/checkpoint/3b3t2000e_car_iris_wine_sweep/data/param_30_rep_3,2000,0.0001,1,100,1000000,3,3,2000.0,0.8,2,2,2,0.6666666666666666
/project/theorie/n/N.Pfaffenzeller/results_project/checkpoint/3b3t2000e_car_iris_wine_sweep,param_30_rep_3,/project/theorie/n/N.Pfaffenzeller/results_project/checkpoint/3b3t2000e_car_iris_wine_sweep/data/param_30_rep_3,2000,0.0001,1,100,1000000,3,3,2000.0,0.9,2,2,2,0.6666666666666666
/project/theorie/n/N.Pfaffenzeller/results_project/checkpoint/3b3t2000e_car_iris_wine_sweep,param_31_rep_1,/project/theorie/n/N.Pfaffenzeller/results_project/checkpoint/3b3t2000e_car_iris_wine_sweep/data/param_31_rep_1,2000,0.0001,10,1,1000000,3,3,1000.0,0.8,0,0,0,0.0
/project/theorie/n/N.Pfaffenzeller/results_project/checkpoint/3b3t2000e_car_iris_wine_sweep,param_31_rep_1,/project/theorie/n/N.Pfaffenzeller/results_project/checkpoint/3b3t2000e_car_iris_wine_sweep/data/param_31_rep_1,2000,0.0001,10,1,1000000,3,3,1000.0,0.9,0,0,0,0.0
/project/theorie/n/N.Pfaffenzeller/results_project/checkpoint/3b3t2000e_car_iris_wine_sweep,param_31_rep_1,/project/theorie/n/N.Pfaffenzeller/results_project/checkpoint/3b3t2000e_car_iris_wine_sweep/data/param_31_rep_1,2000,0.0001,10,1,1000000,3,3,2000.0,0.8,2,2,2,0.6666666666666666
/project/theorie/n/N.Pfaffenzeller/results_project/checkpoint/3b3t2000e_car_iris_wine_sweep,param_31_rep_1,/project/theorie/n/N.Pfaffenzeller/results_project/checkpoint/3b3t2000e_car_iris_wine_sweep/data/param_31_rep_1,2000,0.0001,10,1,1000000,3,3,2000.0,0.9,1,1,1,0.3333333333333333
/project/theorie/n/N.Pfaffenzeller/results_project/checkpoint/3b3t2000e_car_iris_wine_sweep,param_31_rep_2,/project/theorie/n/N.Pfaffenzeller/results_project/checkpoint/3b3t2000e_car_iris_wine_sweep/data/param_31_rep_2,2000,0.0001,10,1,1000000,3,3,1000.0,0.8,1,1,1,0.3333333333333333
/project/theorie/n/N.Pfaffenzeller/results_project/checkpoint/3b3t2000e_car_iris_wine_sweep,param_31_rep_2,/project/theorie/n/N.Pfaffenzeller/results_project/checkpoint/3b3t2000e_car_iris_wine_sweep/data/param_31_rep_2,2000,0.0001,10,1,1000000,3,3,1000.0,0.9,0,0,0,0.0
/project/theorie/n/N.Pfaffenzeller/results_project/checkpoint/3b3t2000e_car_iris_wine_sweep,param_31_rep_2,/project/theorie/n/N.Pfaffenzeller/results_project/checkpoint/3b3t2000e_car_iris_wine_sweep/data/param_31_rep_2,2000,0.0001,10,1,1000000,3,3,2000.0,0.8,2,2,2,0.6666666666666666
/project/theorie/n/N.Pfaffenzeller/results_project/checkpoint/3b3t2000e_car_iris_wine_sweep,param_31_rep_2,/project/theorie/n/N.Pfaffenzeller/results_project/checkpoint/3b3t2000e_car_iris_wine_sweep/data/param_31_rep_2,2000,0.0001,10,1,1000000,3,3,2000.0,0.9,2,2,2,0.6666666666666666
/project/theorie/n/N.Pfaffenzeller/results_project/checkpoint/3b3t2000e_car_iris_wine_sweep,param_31_rep_3,/project/theorie/n/N.Pfaffenzeller/results_project/checkpoint/3b3t2000e_car_iris_wine_sweep/data/param_31_rep_3,2000,0.0001,10,1,1000000,3,3,1000.0,0.8,1,1,1,0.3333333333333333
/project/theorie/n/N.Pfaffenzeller/results_project/checkpoint/3b3t2000e_car_iris_wine_sweep,param_31_rep_3,/project/theorie/n/N.Pfaffenzeller/results_project/checkpoint/3b3t2000e_car_iris_wine_sweep/data/param_31_rep_3,2000,0.0001,10,1,1000000,3,3,1000.0,0.9,1,1,1,0.3333333333333333
/project/theorie/n/N.Pfaffenzeller/results_project/checkpoint/3b3t2000e_car_iris_wine_sweep,param_31_rep_3,/project/theorie/n/N.Pfaffenzeller/results_project/checkpoint/3b3t2000e_car_iris_wine_sweep/data/param_31_rep_3,2000,0.0001,10,1,1000000,3,3,2000.0,0.8,1,1,1,0.3333333333333333
/project/theorie/n/N.Pfaffenzeller/results_project/checkpoint/3b3t2000e_car_iris_wine_sweep,param_31_rep_3,/project/theorie/n/N.Pfaffenzeller/results_project/checkpoint/3b3t2000e_car_iris_wine_sweep/data/param_31_rep_3,2000,0.0001,10,1,1000000,3,3,2000.0,0.9,1,1,1,0.3333333333333333
/project/theorie/n/N.Pfaffenzeller/results_project/checkpoint/3b3t2000e_car_iris_wine_sweep,param_32_rep_1,/project/theorie/n/N.Pfaffenzeller/results_project/checkpoint/3b3t2000e_car_iris_wine_sweep/data/param_32_rep_1,2000,0.0001,10,10,1000000,3,3,1000.0,0.8,2,2,2,0.6666666666666666
/project/theorie/n/N.Pfaffenzeller/results_project/checkpoint/3b3t2000e_car_iris_wine_sweep,param_32_rep_1,/project/theorie/n/N.Pfaffenzeller/results_project/checkpoint/3b3t2000e_car_iris_wine_sweep/data/param_32_rep_1,2000,0.0001,10,10,1000000,3,3,1000.0,0.9,2,2,2,0.6666666666666666
/project/theorie/n/N.Pfaffenzeller/results_project/checkpoint/3b3t2000e_car_iris_wine_sweep,param_32_rep_1,/project/theorie/n/N.Pfaffenzeller/results_project/checkpoint/3b3t2000e_car_iris_wine_sweep/data/param_32_rep_1,2000,0.0001,10,10,1000000,3,3,2000.0,0.8,1,1,1,0.3333333333333333
/project/theorie/n/N.Pfaffenzeller/results_project/checkpoint/3b3t2000e_car_iris_wine_sweep,param_32_rep_1,/project/theorie/n/N.Pfaffenzeller/results_project/checkpoint/3b3t2000e_car_iris_wine_sweep/data/param_32_rep_1,2000,0.0001,10,10,1000000,3,3,2000.0,0.9,1,1,1,0.3333333333333333
/project/theorie/n/N.Pfaffenzeller/results_project/checkpoint/3b3t2000e_car_iris_wine_sweep,param_32_rep_2,/project/theorie/n/N.Pfaffenzeller/results_project/checkpoint/3b3t2000e_car_iris_wine_sweep/data/param_32_rep_2,2000,0.0001,10,10,1000000,3,3,1000.0,0.8,1,1,1,0.3333333333333333
/project/theorie/n/N.Pfaffenzeller/results_project/checkpoint/3b3t2000e_car_iris_wine_sweep,param_32_rep_2,/project/theorie/n/N.Pfaffenzeller/results_project/checkpoint/3b3t2000e_car_iris_wine_sweep/data/param_32_rep_2,2000,0.0001,10,10,1000000,3,3,1000.0,0.9,1,1,1,0.3333333333333333
/project/theorie/n/N.Pfaffenzeller/results_project/checkpoint/3b3t2000e_car_iris_wine_sweep,param_32_rep_2,/project/theorie/n/N.Pfaffenzeller/results_project/checkpoint/3b3t2000e_car_iris_wine_sweep/data/param_32_rep_2,2000,0.0001,10,10,1000000,3,3,2000.0,0.8,2,2,2,0.6666666666666666
/project/theorie/n/N.Pfaffenzeller/results_project/checkpoint/3b3t2000e_car_iris_wine_sweep,param_32_rep_2,/project/theorie/n/N.Pfaffenzeller/results_project/checkpoint/3b3t2000e_car_iris_wine_sweep/data/param_32_rep_2,2000,0.0001,10,10,1000000,3,3,2000.0,0.9,2,2,2,0.6666666666666666
/project/theorie/n/N.Pfaffenzeller/results_project/checkpoint/3b3t2000e_car_iris_wine_sweep,param_32_rep_3,/project/theorie/n/N.Pfaffenzeller/results_project/checkpoint/3b3t2000e_car_iris_wine_sweep/data/param_32_rep_3,2000,0.0001,10,10,1000000,3,3,1000.0,0.8,1,1,1,0.3333333333333333
/project/theorie/n/N.Pfaffenzeller/results_project/checkpoint/3b3t2000e_car_iris_wine_sweep,param_32_rep_3,/project/theorie/n/N.Pfaffenzeller/results_project/checkpoint/3b3t2000e_car_iris_wine_sweep/data/param_32_rep_3,2000,0.0001,10,10,1000000,3,3,1000.0,0.9,1,1,1,0.3333333333333333
/project/theorie/n/N.Pfaffenzeller/results_project/checkpoint/3b3t2000e_car_iris_wine_sweep,param_32_rep_3,/project/theorie/n/N.Pfaffenzeller/results_project/checkpoint/3b3t2000e_car_iris_wine_sweep/data/param_32_rep_3,2000,0.0001,10,10,1000000,3,3,2000.0,0.8,1,1,1,0.3333333333333333
/project/theorie/n/N.Pfaffenzeller/results_project/checkpoint/3b3t2000e_car_iris_wine_sweep,param_32_rep_3,/project/theorie/n/N.Pfaffenzeller/results_project/checkpoint/3b3t2000e_car_iris_wine_sweep/data/param_32_rep_3,2000,0.0001,10,10,1000000,3,3,2000.0,0.9,1,1,1,0.3333333333333333
/project/theorie/n/N.Pfaffenzeller/results_project/checkpoint/3b3t2000e_car_iris_wine_sweep,param_33_rep_1,/project/theorie/n/N.Pfaffenzeller/results_project/checkpoint/3b3t2000e_car_iris_wine_sweep/data/param_33_rep_1,2000,0.0001,10,100,1000000,3,3,1000.0,0.8,1,1,1,0.3333333333333333
/project/theorie/n/N.Pfaffenzeller/results_project/checkpoint/3b3t2000e_car_iris_wine_sweep,param_33_rep_1,/project/theorie/n/N.Pfaffenzeller/results_project/checkpoint/3b3t2000e_car_iris_wine_sweep/data/param_33_rep_1,2000,0.0001,10,100,1000000,3,3,1000.0,0.9,1,1,1,0.3333333333333333
/project/theorie/n/N.Pfaffenzeller/results_project/checkpoint/3b3t2000e_car_iris_wine_sweep,param_33_rep_1,/project/theorie/n/N.Pfaffenzeller/results_project/checkpoint/3b3t2000e_car_iris_wine_sweep/data/param_33_rep_1,2000,0.0001,10,100,1000000,3,3,2000.0,0.8,1,1,1,0.3333333333333333
/project/theorie/n/N.Pfaffenzeller/results_project/checkpoint/3b3t2000e_car_iris_wine_sweep,param_33_rep_1,/project/theorie/n/N.Pfaffenzeller/results_project/checkpoint/3b3t2000e_car_iris_wine_sweep/data/param_33_rep_1,2000,0.0001,10,100,1000000,3,3,2000.0,0.9,1,1,1,0.3333333333333333
/project/theorie/n/N.Pfaffenzeller/results_project/checkpoint/3b3t2000e_car_iris_wine_sweep,param_33_rep_2,/project/theorie/n/N.Pfaffenzeller/results_project/checkpoint/3b3t2000e_car_iris_wine_sweep/data/param_33_rep_2,2000,0.0001,10,100,1000000,3,3,1000.0,0.8,0,0,0,0.0
/project/theorie/n/N.Pfaffenzeller/results_project/checkpoint/3b3t2000e_car_iris_wine_sweep,param_33_rep_2,/project/theorie/n/N.Pfaffenzeller/results_project/checkpoint/3b3t2000e_car_iris_wine_sweep/data/param_33_rep_2,2000,0.0001,10,100,1000000,3,3,1000.0,0.9,0,0,0,0.0
/project/theorie/n/N.Pfaffenzeller/results_project/checkpoint/3b3t2000e_car_iris_wine_sweep,param_33_rep_2,/project/theorie/n/N.Pfaffenzeller/results_project/checkpoint/3b3t2000e_car_iris_wine_sweep/data/param_33_rep_2,2000,0.0001,10,100,1000000,3,3,2000.0,0.8,1,1,1,0.3333333333333333
/project/theorie/n/N.Pfaffenzeller/results_project/checkpoint/3b3t2000e_car_iris_wine_sweep,param_33_rep_2,/project/theorie/n/N.Pfaffenzeller/results_project/checkpoint/3b3t2000e_car_iris_wine_sweep/data/param_33_rep_2,2000,0.0001,10,100,1000000,3,3,2000.0,0.9,1,1,1,0.3333333333333333
/project/theorie/n/N.Pfaffenzeller/results_project/checkpoint/3b3t2000e_car_iris_wine_sweep,param_33_rep_3,/project/theorie/n/N.Pfaffenzeller/results_project/checkpoint/3b3t2000e_car_iris_wine_sweep/data/param_33_rep_3,2000,0.0001,10,100,1000000,3,3,1000.0,0.8,2,2,2,0.6666666666666666
/project/theorie/n/N.Pfaffenzeller/results_project/checkpoint/3b3t2000e_car_iris_wine_sweep,param_33_rep_3,/project/theorie/n/N.Pfaffenzeller/results_project/checkpoint/3b3t2000e_car_iris_wine_sweep/data/param_33_rep_3,2000,0.0001,10,100,1000000,3,3,1000.0,0.9,2,2,2,0.6666666666666666
/project/theorie/n/N.Pfaffenzeller/results_project/checkpoint/3b3t2000e_car_iris_wine_sweep,param_33_rep_3,/project/theorie/n/N.Pfaffenzeller/results_project/checkpoint/3b3t2000e_car_iris_wine_sweep/data/param_33_rep_3,2000,0.0001,10,100,1000000,3,3,2000.0,0.8,2,2,2,0.6666666666666666
/project/theorie/n/N.Pfaffenzeller/results_project/checkpoint/3b3t2000e_car_iris_wine_sweep,param_33_rep_3,/project/theorie/n/N.Pfaffenzeller/results_project/checkpoint/3b3t2000e_car_iris_wine_sweep/data/param_33_rep_3,2000,0.0001,10,100,1000000,3,3,2000.0,0.9,2,2,2,0.6666666666666666
/project/theorie/n/N.Pfaffenzeller/results_project/checkpoint/3b3t2000e_car_iris_wine_sweep,param_34_rep_1,/project/theorie/n/N.Pfaffenzeller/results_project/checkpoint/3b3t2000e_car_iris_wine_sweep/data/param_34_rep_1,2000,0.0001,100,1,1000000,3,3,1000.0,0.8,1,1,1,0.3333333333333333
/project/theorie/n/N.Pfaffenzeller/results_project/checkpoint/3b3t2000e_car_iris_wine_sweep,param_34_rep_1,/project/theorie/n/N.Pfaffenzeller/results_project/checkpoint/3b3t2000e_car_iris_wine_sweep/data/param_34_rep_1,2000,0.0001,100,1,1000000,3,3,1000.0,0.9,1,1,1,0.3333333333333333
/project/theorie/n/N.Pfaffenzeller/results_project/checkpoint/3b3t2000e_car_iris_wine_sweep,param_34_rep_1,/project/theorie/n/N.Pfaffenzeller/results_project/checkpoint/3b3t2000e_car_iris_wine_sweep/data/param_34_rep_1,2000,0.0001,100,1,1000000,3,3,2000.0,0.8,1,1,1,0.3333333333333333
/project/theorie/n/N.Pfaffenzeller/results_project/checkpoint/3b3t2000e_car_iris_wine_sweep,param_34_rep_1,/project/theorie/n/N.Pfaffenzeller/results_project/checkpoint/3b3t2000e_car_iris_wine_sweep/data/param_34_rep_1,2000,0.0001,100,1,1000000,3,3,2000.0,0.9,1,1,1,0.3333333333333333
/project/theorie/n/N.Pfaffenzeller/results_project/checkpoint/3b3t2000e_car_iris_wine_sweep,param_34_rep_2,/project/theorie/n/N.Pfaffenzeller/results_project/checkpoint/3b3t2000e_car_iris_wine_sweep/data/param_34_rep_2,2000,0.0001,100,1,1000000,3,3,1000.0,0.8,2,2,2,0.6666666666666666
/project/theorie/n/N.Pfaffenzeller/results_project/checkpoint/3b3t2000e_car_iris_wine_sweep,param_34_rep_2,/project/theorie/n/N.Pfaffenzeller/results_project/checkpoint/3b3t2000e_car_iris_wine_sweep/data/param_34_rep_2,2000,0.0001,100,1,1000000,3,3,1000.0,0.9,2,2,2,0.6666666666666666
/project/theorie/n/N.Pfaffenzeller/results_project/checkpoint/3b3t2000e_car_iris_wine_sweep,param_34_rep_2,/project/theorie/n/N.Pfaffenzeller/results_project/checkpoint/3b3t2000e_car_iris_wine_sweep/data/param_34_rep_2,2000,0.0001,100,1,1000000,3,3,2000.0,0.8,1,1,1,0.3333333333333333
/project/theorie/n/N.Pfaffenzeller/results_project/checkpoint/3b3t2000e_car_iris_wine_sweep,param_34_rep_2,/project/theorie/n/N.Pfaffenzeller/results_project/checkpoint/3b3t2000e_car_iris_wine_sweep/data/param_34_rep_2,2000,0.0001,100,1,1000000,3,3,2000.0,0.9,1,1,1,0.3333333333333333
/project/theorie/n/N.Pfaffenzeller/results_project/checkpoint/3b3t2000e_car_iris_wine_sweep,param_34_rep_3,/project/theorie/n/N.Pfaffenzeller/results_project/checkpoint/3b3t2000e_car_iris_wine_sweep/data/param_34_rep_3,2000,0.0001,100,1,1000000,3,3,1000.0,0.8,1,1,1,0.3333333333333333
/project/theorie/n/N.Pfaffenzeller/results_project/checkpoint/3b3t2000e_car_iris_wine_sweep,param_34_rep_3,/project/theorie/n/N.Pfaffenzeller/results_project/checkpoint/3b3t2000e_car_iris_wine_sweep/data/param_34_rep_3,2000,0.0001,100,1,1000000,3,3,1000.0,0.9,1,1,1,0.3333333333333333
/project/theorie/n/N.Pfaffenzeller/results_project/checkpoint/3b3t2000e_car_iris_wine_sweep,param_34_rep_3,/project/theorie/n/N.Pfaffenzeller/results_project/checkpoint/3b3t2000e_car_iris_wine_sweep/data/param_34_rep_3,2000,0.0001,100,1,1000000,3,3,2000.0,0.8,1,1,1,0.3333333333333333
/project/theorie/n/N.Pfaffenzeller/results_project/checkpoint/3b3t2000e_car_iris_wine_sweep,param_34_rep_3,/project/theorie/n/N.Pfaffenzeller/results_project/checkpoint/3b3t2000e_car_iris_wine_sweep/data/param_34_rep_3,2000,0.0001,100,1,1000000,3,3,2000.0,0.9,1,1,1,0.3333333333333333
/project/theorie/n/N.Pfaffenzeller/results_project/checkpoint/3b3t2000e_car_iris_wine_sweep,param_35_rep_1,/project/theorie/n/N.Pfaffenzeller/results_project/checkpoint/3b3t2000e_car_iris_wine_sweep/data/param_35_rep_1,2000,0.0001,100,10,1000000,3,3,1000.0,0.8,1,1,1,0.3333333333333333
/project/theorie/n/N.Pfaffenzeller/results_project/checkpoint/3b3t2000e_car_iris_wine_sweep,param_35_rep_1,/project/theorie/n/N.Pfaffenzeller/results_project/checkpoint/3b3t2000e_car_iris_wine_sweep/data/param_35_rep_1,2000,0.0001,100,10,1000000,3,3,1000.0,0.9,1,1,1,0.3333333333333333
/project/theorie/n/N.Pfaffenzeller/results_project/checkpoint/3b3t2000e_car_iris_wine_sweep,param_35_rep_1,/project/theorie/n/N.Pfaffenzeller/results_project/checkpoint/3b3t2000e_car_iris_wine_sweep/data/param_35_rep_1,2000,0.0001,100,10,1000000,3,3,2000.0,0.8,1,1,1,0.3333333333333333
/project/theorie/n/N.Pfaffenzeller/results_project/checkpoint/3b3t2000e_car_iris_wine_sweep,param_35_rep_1,/project/theorie/n/N.Pfaffenzeller/results_project/checkpoint/3b3t2000e_car_iris_wine_sweep/data/param_35_rep_1,2000,0.0001,100,10,1000000,3,3,2000.0,0.9,1,1,1,0.3333333333333333
/project/theorie/n/N.Pfaffenzeller/results_project/checkpoint/3b3t2000e_car_iris_wine_sweep,param_35_rep_2,/project/theorie/n/N.Pfaffenzeller/results_project/checkpoint/3b3t2000e_car_iris_wine_sweep/data/param_35_rep_2,2000,0.0001,100,10,1000000,3,3,1000.0,0.8,1,1,1,0.3333333333333333
/project/theorie/n/N.Pfaffenzeller/results_project/checkpoint/3b3t2000e_car_iris_wine_sweep,param_35_rep_2,/project/theorie/n/N.Pfaffenzeller/results_project/checkpoint/3b3t2000e_car_iris_wine_sweep/data/param_35_rep_2,2000,0.0001,100,10,1000000,3,3,1000.0,0.9,1,1,1,0.3333333333333333
/project/theorie/n/N.Pfaffenzeller/results_project/checkpoint/3b3t2000e_car_iris_wine_sweep,param_35_rep_2,/project/theorie/n/N.Pfaffenzeller/results_project/checkpoint/3b3t2000e_car_iris_wine_sweep/data/param_35_rep_2,2000,0.0001,100,10,1000000,3,3,2000.0,0.8,1,1,1,0.3333333333333333
/project/theorie/n/N.Pfaffenzeller/results_project/checkpoint/3b3t2000e_car_iris_wine_sweep,param_35_rep_2,/project/theorie/n/N.Pfaffenzeller/results_project/checkpoint/3b3t2000e_car_iris_wine_sweep/data/param_35_rep_2,2000,0.0001,100,10,1000000,3,3,2000.0,0.9,1,1,1,0.3333333333333333
/project/theorie/n/N.Pfaffenzeller/results_project/checkpoint/3b3t2000e_car_iris_wine_sweep,param_35_rep_3,/project/theorie/n/N.Pfaffenzeller/results_project/checkpoint/3b3t2000e_car_iris_wine_sweep/data/param_35_rep_3,2000,0.0001,100,10,1000000,3,3,1000.0,0.8,1,1,1,0.3333333333333333
/project/theorie/n/N.Pfaffenzeller/results_project/checkpoint/3b3t2000e_car_iris_wine_sweep,param_35_rep_3,/project/theorie/n/N.Pfaffenzeller/results_project/checkpoint/3b3t2000e_car_iris_wine_sweep/data/param_35_rep_3,2000,0.0001,100,10,1000000,3,3,1000.0,0.9,1,1,1,0.3333333333333333
/project/theorie/n/N.Pfaffenzeller/results_project/checkpoint/3b3t2000e_car_iris_wine_sweep,param_35_rep_3,/project/theorie/n/N.Pfaffenzeller/results_project/checkpoint/3b3t2000e_car_iris_wine_sweep/data/param_35_rep_3,2000,0.0001,100,10,1000000,3,3,2000.0,0.8,1,1,1,0.3333333333333333
/project/theorie/n/N.Pfaffenzeller/results_project/checkpoint/3b3t2000e_car_iris_wine_sweep,param_35_rep_3,/project/theorie/n/N.Pfaffenzeller/results_project/checkpoint/3b3t2000e_car_iris_wine_sweep/data/param_35_rep_3,2000,0.0001,100,10,1000000,3,3,2000.0,0.9,1,1,1,0.3333333333333333
/project/theorie/n/N.Pfaffenzeller/results_project/checkpoint/3b3t2000e_car_iris_wine_sweep,param_36_rep_1,/project/theorie/n/N.Pfaffenzeller/results_project/checkpoint/3b3t2000e_car_iris_wine_sweep/data/param_36_rep_1,2000,0.0001,100,100,1000000,3,3,1000.0,0.8,1,1,1,0.3333333333333333
/project/theorie/n/N.Pfaffenzeller/results_project/checkpoint/3b3t2000e_car_iris_wine_sweep,param_36_rep_1,/project/theorie/n/N.Pfaffenzeller/results_project/checkpoint/3b3t2000e_car_iris_wine_sweep/data/param_36_rep_1,2000,0.0001,100,100,1000000,3,3,1000.0,0.9,1,1,1,0.3333333333333333
/project/theorie/n/N.Pfaffenzeller/results_project/checkpoint/3b3t2000e_car_iris_wine_sweep,param_36_rep_1,/project/theorie/n/N.Pfaffenzeller/results_project/checkpoint/3b3t2000e_car_iris_wine_sweep/data/param_36_rep_1,2000,0.0001,100,100,1000000,3,3,2000.0,0.8,0,0,0,0.0
/project/theorie/n/N.Pfaffenzeller/results_project/checkpoint/3b3t2000e_car_iris_wine_sweep,param_36_rep_1,/project/theorie/n/N.Pfaffenzeller/results_project/checkpoint/3b3t2000e_car_iris_wine_sweep/data/param_36_rep_1,2000,0.0001,100,100,1000000,3,3,2000.0,0.9,0,0,0,0.0
/project/theorie/n/N.Pfaffenzeller/results_project/checkpoint/3b3t2000e_car_iris_wine_sweep,param_36_rep_2,/project/theorie/n/N.Pfaffenzeller/results_project/checkpoint/3b3t2000e_car_iris_wine_sweep/data/param_36_rep_2,2000,0.0001,100,100,1000000,3,3,1000.0,0.8,1,1,1,0.3333333333333333
/project/theorie/n/N.Pfaffenzeller/results_project/checkpoint/3b3t2000e_car_iris_wine_sweep,param_36_rep_2,/project/theorie/n/N.Pfaffenzeller/results_project/checkpoint/3b3t2000e_car_iris_wine_sweep/data/param_36_rep_2,2000,0.0001,100,100,1000000,3,3,1000.0,0.9,1,1,1,0.3333333333333333
/project/theorie/n/N.Pfaffenzeller/results_project/checkpoint/3b3t2000e_car_iris_wine_sweep,param_36_rep_2,/project/theorie/n/N.Pfaffenzeller/results_project/checkpoint/3b3t2000e_car_iris_wine_sweep/data/param_36_rep_2,2000,0.0001,100,100,1000000,3,3,2000.0,0.8,1,1,1,0.3333333333333333
/project/theorie/n/N.Pfaffenzeller/results_project/checkpoint/3b3t2000e_car_iris_wine_sweep,param_36_rep_2,/project/theorie/n/N.Pfaffenzeller/results_project/checkpoint/3b3t2000e_car_iris_wine_sweep/data/param_36_rep_2,2000,0.0001,100,100,1000000,3,3,2000.0,0.9,1,1,1,0.3333333333333333
/project/theorie/n/N.Pfaffenzeller/results_project/checkpoint/3b3t2000e_car_iris_wine_sweep,param_36_rep_3,/project/theorie/n/N.Pfaffenzeller/results_project/checkpoint/3b3t2000e_car_iris_wine_sweep/data/param_36_rep_3,2000,0.0001,100,100,1000000,3,3,1000.0,0.8,1,1,1,0.3333333333333333
/project/theorie/n/N.Pfaffenzeller/results_project/checkpoint/3b3t2000e_car_iris_wine_sweep,param_36_rep_3,/project/theorie/n/N.Pfaffenzeller/results_project/checkpoint/3b3t2000e_car_iris_wine_sweep/data/param_36_rep_3,2000,0.0001,100,100,1000000,3,3,1000.0,0.9,1,1,1,0.3333333333333333
/project/theorie/n/N.Pfaffenzeller/results_project/checkpoint/3b3t2000e_car_iris_wine_sweep,param_36_rep_3,/project/theorie/n/N.Pfaffenzeller/results_project/checkpoint/3b3t2000e_car_iris_wine_sweep/data/param_36_rep_3,2000,0.0001,100,100,1000000,3,3,2000.0,0.8,1,1,1,0.3333333333333333
/project/theorie/n/N.Pfaffenzeller/results_project/checkpoint/3b3t2000e_car_iris_wine_sweep,param_36_rep_3,/project/theorie/n/N.Pfaffenzeller/results_project/checkpoint/3b3t2000e_car_iris_wine_sweep/data/param_36_rep_3,2000,0.0001,100,100,1000000,3,3,2000.0,0.9,1,1,1,0.3333333333333333
/project/theorie/n/N.Pfaffenzeller/results_project/checkpoint/3b3t2000e_car_iris_wine_sweep,param_3_rep_1,/project/theorie/n/N.Pfaffenzeller/results_project/checkpoint/3b3t2000e_car_iris_wine_sweep/data/param_3_rep_1,2000,5.0e-6,1,100,1000000,3,3,1000.0,0.8,1,1,1,0.3333333333333333
/project/theorie/n/N.Pfaffenzeller/results_project/checkpoint/3b3t2000e_car_iris_wine_sweep,param_3_rep_1,/project/theorie/n/N.Pfaffenzeller/results_project/checkpoint/3b3t2000e_car_iris_wine_sweep/data/param_3_rep_1,2000,5.0e-6,1,100,1000000,3,3,1000.0,0.9,1,1,1,0.3333333333333333
/project/theorie/n/N.Pfaffenzeller/results_project/checkpoint/3b3t2000e_car_iris_wine_sweep,param_3_rep_1,/project/theorie/n/N.Pfaffenzeller/results_project/checkpoint/3b3t2000e_car_iris_wine_sweep/data/param_3_rep_1,2000,5.0e-6,1,100,1000000,3,3,2000.0,0.8,1,1,1,0.3333333333333333
/project/theorie/n/N.Pfaffenzeller/results_project/checkpoint/3b3t2000e_car_iris_wine_sweep,param_3_rep_1,/project/theorie/n/N.Pfaffenzeller/results_project/checkpoint/3b3t2000e_car_iris_wine_sweep/data/param_3_rep_1,2000,5.0e-6,1,100,1000000,3,3,2000.0,0.9,1,1,1,0.3333333333333333
/project/theorie/n/N.Pfaffenzeller/results_project/checkpoint/3b3t2000e_car_iris_wine_sweep,param_3_rep_2,/project/theorie/n/N.Pfaffenzeller/results_project/checkpoint/3b3t2000e_car_iris_wine_sweep/data/param_3_rep_2,2000,5.0e-6,1,100,1000000,3,3,1000.0,0.8,1,1,1,0.3333333333333333
/project/theorie/n/N.Pfaffenzeller/results_project/checkpoint/3b3t2000e_car_iris_wine_sweep,param_3_rep_2,/project/theorie/n/N.Pfaffenzeller/results_project/checkpoint/3b3t2000e_car_iris_wine_sweep/data/param_3_rep_2,2000,5.0e-6,1,100,1000000,3,3,1000.0,0.9,1,1,1,0.3333333333333333
/project/theorie/n/N.Pfaffenzeller/results_project/checkpoint/3b3t2000e_car_iris_wine_sweep,param_3_rep_2,/project/theorie/n/N.Pfaffenzeller/results_project/checkpoint/3b3t2000e_car_iris_wine_sweep/data/param_3_rep_2,2000,5.0e-6,1,100,1000000,3,3,2000.0,0.8,1,1,1,0.3333333333333333
/project/theorie/n/N.Pfaffenzeller/results_project/checkpoint/3b3t2000e_car_iris_wine_sweep,param_3_rep_2,/project/theorie/n/N.Pfaffenzeller/results_project/checkpoint/3b3t2000e_car_iris_wine_sweep/data/param_3_rep_2,2000,5.0e-6,1,100,1000000,3,3,2000.0,0.9,1,1,1,0.3333333333333333
/project/theorie/n/N.Pfaffenzeller/results_project/checkpoint/3b3t2000e_car_iris_wine_sweep,param_3_rep_3,/project/theorie/n/N.Pfaffenzeller/results_project/checkpoint/3b3t2000e_car_iris_wine_sweep/data/param_3_rep_3,2000,5.0e-6,1,100,1000000,3,3,1000.0,0.8,2,2,2,0.6666666666666666
/project/theorie/n/N.Pfaffenzeller/results_project/checkpoint/3b3t2000e_car_iris_wine_sweep,param_3_rep_3,/project/theorie/n/N.Pfaffenzeller/results_project/checkpoint/3b3t2000e_car_iris_wine_sweep/data/param_3_rep_3,2000,5.0e-6,1,100,1000000,3,3,1000.0,0.9,2,2,2,0.6666666666666666
/project/theorie/n/N.Pfaffenzeller/results_project/checkpoint/3b3t2000e_car_iris_wine_sweep,param_3_rep_3,/project/theorie/n/N.Pfaffenzeller/results_project/checkpoint/3b3t2000e_car_iris_wine_sweep/data/param_3_rep_3,2000,5.0e-6,1,100,1000000,3,3,2000.0,0.8,2,2,2,0.6666666666666666
/project/theorie/n/N.Pfaffenzeller/results_project/checkpoint/3b3t2000e_car_iris_wine_sweep,param_3_rep_3,/project/theorie/n/N.Pfaffenzeller/results_project/checkpoint/3b3t2000e_car_iris_wine_sweep/data/param_3_rep_3,2000,5.0e-6,1,100,1000000,3,3,2000.0,0.9,2,2,2,0.6666666666666666
/project/theorie/n/N.Pfaffenzeller/results_project/checkpoint/3b3t2000e_car_iris_wine_sweep,param_4_rep_1,/project/theorie/n/N.Pfaffenzeller/results_project/checkpoint/3b3t2000e_car_iris_wine_sweep/data/param_4_rep_1,2000,5.0e-6,10,1,1000000,3,3,1000.0,0.8,0,0,0,0.0
/project/theorie/n/N.Pfaffenzeller/results_project/checkpoint/3b3t2000e_car_iris_wine_sweep,param_4_rep_1,/project/theorie/n/N.Pfaffenzeller/results_project/checkpoint/3b3t2000e_car_iris_wine_sweep/data/param_4_rep_1,2000,5.0e-6,10,1,1000000,3,3,1000.0,0.9,0,0,0,0.0
/project/theorie/n/N.Pfaffenzeller/results_project/checkpoint/3b3t2000e_car_iris_wine_sweep,param_4_rep_1,/project/theorie/n/N.Pfaffenzeller/results_project/checkpoint/3b3t2000e_car_iris_wine_sweep/data/param_4_rep_1,2000,5.0e-6,10,1,1000000,3,3,2000.0,0.8,2,2,2,0.6666666666666666
/project/theorie/n/N.Pfaffenzeller/results_project/checkpoint/3b3t2000e_car_iris_wine_sweep,param_4_rep_1,/project/theorie/n/N.Pfaffenzeller/results_project/checkpoint/3b3t2000e_car_iris_wine_sweep/data/param_4_rep_1,2000,5.0e-6,10,1,1000000,3,3,2000.0,0.9,1,1,1,0.3333333333333333
/project/theorie/n/N.Pfaffenzeller/results_project/checkpoint/3b3t2000e_car_iris_wine_sweep,param_4_rep_2,/project/theorie/n/N.Pfaffenzeller/results_project/checkpoint/3b3t2000e_car_iris_wine_sweep/data/param_4_rep_2,2000,5.0e-6,10,1,1000000,3,3,1000.0,0.8,2,2,2,0.6666666666666666
/project/theorie/n/N.Pfaffenzeller/results_project/checkpoint/3b3t2000e_car_iris_wine_sweep,param_4_rep_2,/project/theorie/n/N.Pfaffenzeller/results_project/checkpoint/3b3t2000e_car_iris_wine_sweep/data/param_4_rep_2,2000,5.0e-6,10,1,1000000,3,3,1000.0,0.9,0,0,0,0.0
/project/theorie/n/N.Pfaffenzeller/results_project/checkpoint/3b3t2000e_car_iris_wine_sweep,param_4_rep_2,/project/theorie/n/N.Pfaffenzeller/results_project/checkpoint/3b3t2000e_car_iris_wine_sweep/data/param_4_rep_2,2000,5.0e-6,10,1,1000000,3,3,2000.0,0.8,2,2,2,0.6666666666666666
/project/theorie/n/N.Pfaffenzeller/results_project/checkpoint/3b3t2000e_car_iris_wine_sweep,param_4_rep_2,/project/theorie/n/N.Pfaffenzeller/results_project/checkpoint/3b3t2000e_car_iris_wine_sweep/data/param_4_rep_2,2000,5.0e-6,10,1,1000000,3,3,2000.0,0.9,2,2,2,0.6666666666666666
/project/theorie/n/N.Pfaffenzeller/results_project/checkpoint/3b3t2000e_car_iris_wine_sweep,param_4_rep_3,/project/theorie/n/N.Pfaffenzeller/results_project/checkpoint/3b3t2000e_car_iris_wine_sweep/data/param_4_rep_3,2000,5.0e-6,10,1,1000000,3,3,1000.0,0.8,1,1,1,0.3333333333333333
/project/theorie/n/N.Pfaffenzeller/results_project/checkpoint/3b3t2000e_car_iris_wine_sweep,param_4_rep_3,/project/theorie/n/N.Pfaffenzeller/results_project/checkpoint/3b3t2000e_car_iris_wine_sweep/data/param_4_rep_3,2000,5.0e-6,10,1,1000000,3,3,1000.0,0.9,1,1,1,0.3333333333333333
/project/theorie/n/N.Pfaffenzeller/results_project/checkpoint/3b3t2000e_car_iris_wine_sweep,param_4_rep_3,/project/theorie/n/N.Pfaffenzeller/results_project/checkpoint/3b3t2000e_car_iris_wine_sweep/data/param_4_rep_3,2000,5.0e-6,10,1,1000000,3,3,2000.0,0.8,2,2,2,0.6666666666666666
/project/theorie/n/N.Pfaffenzeller/results_project/checkpoint/3b3t2000e_car_iris_wine_sweep,param_4_rep_3,/project/theorie/n/N.Pfaffenzeller/results_project/checkpoint/3b3t2000e_car_iris_wine_sweep/data/param_4_rep_3,2000,5.0e-6,10,1,1000000,3,3,2000.0,0.9,1,1,1,0.3333333333333333
/project/theorie/n/N.Pfaffenzeller/results_project/checkpoint/3b3t2000e_car_iris_wine_sweep,param_5_rep_1,/project/theorie/n/N.Pfaffenzeller/results_project/checkpoint/3b3t2000e_car_iris_wine_sweep/data/param_5_rep_1,2000,5.0e-6,10,10,1000000,3,3,1000.0,0.8,2,2,2,0.6666666666666666
/project/theorie/n/N.Pfaffenzeller/results_project/checkpoint/3b3t2000e_car_iris_wine_sweep,param_5_rep_1,/project/theorie/n/N.Pfaffenzeller/results_project/checkpoint/3b3t2000e_car_iris_wine_sweep/data/param_5_rep_1,2000,5.0e-6,10,10,1000000,3,3,1000.0,0.9,2,2,2,0.6666666666666666
/project/theorie/n/N.Pfaffenzeller/results_project/checkpoint/3b3t2000e_car_iris_wine_sweep,param_5_rep_1,/project/theorie/n/N.Pfaffenzeller/results_project/checkpoint/3b3t2000e_car_iris_wine_sweep/data/param_5_rep_1,2000,5.0e-6,10,10,1000000,3,3,2000.0,0.8,2,2,2,0.6666666666666666
/project/theorie/n/N.Pfaffenzeller/results_project/checkpoint/3b3t2000e_car_iris_wine_sweep,param_5_rep_1,/project/theorie/n/N.Pfaffenzeller/results_project/checkpoint/3b3t2000e_car_iris_wine_sweep/data/param_5_rep_1,2000,5.0e-6,10,10,1000000,3,3,2000.0,0.9,2,2,2,0.6666666666666666
/project/theorie/n/N.Pfaffenzeller/results_project/checkpoint/3b3t2000e_car_iris_wine_sweep,param_5_rep_2,/project/theorie/n/N.Pfaffenzeller/results_project/checkpoint/3b3t2000e_car_iris_wine_sweep/data/param_5_rep_2,2000,5.0e-6,10,10,1000000,3,3,1000.0,0.8,1,1,1,0.3333333333333333
/project/theorie/n/N.Pfaffenzeller/results_project/checkpoint/3b3t2000e_car_iris_wine_sweep,param_5_rep_2,/project/theorie/n/N.Pfaffenzeller/results_project/checkpoint/3b3t2000e_car_iris_wine_sweep/data/param_5_rep_2,2000,5.0e-6,10,10,1000000,3,3,1000.0,0.9,1,1,1,0.3333333333333333
/project/theorie/n/N.Pfaffenzeller/results_project/checkpoint/3b3t2000e_car_iris_wine_sweep,param_5_rep_2,/project/theorie/n/N.Pfaffenzeller/results_project/checkpoint/3b3t2000e_car_iris_wine_sweep/data/param_5_rep_2,2000,5.0e-6,10,10,1000000,3,3,2000.0,0.8,1,1,1,0.3333333333333333
/project/theorie/n/N.Pfaffenzeller/results_project/checkpoint/3b3t2000e_car_iris_wine_sweep,param_5_rep_2,/project/theorie/n/N.Pfaffenzeller/results_project/checkpoint/3b3t2000e_car_iris_wine_sweep/data/param_5_rep_2,2000,5.0e-6,10,10,1000000,3,3,2000.0,0.9,1,1,1,0.3333333333333333
/project/theorie/n/N.Pfaffenzeller/results_project/checkpoint/3b3t2000e_car_iris_wine_sweep,param_5_rep_3,/project/theorie/n/N.Pfaffenzeller/results_project/checkpoint/3b3t2000e_car_iris_wine_sweep/data/param_5_rep_3,2000,5.0e-6,10,10,1000000,3,3,1000.0,0.8,1,1,1,0.3333333333333333
/project/theorie/n/N.Pfaffenzeller/results_project/checkpoint/3b3t2000e_car_iris_wine_sweep,param_5_rep_3,/project/theorie/n/N.Pfaffenzeller/results_project/checkpoint/3b3t2000e_car_iris_wine_sweep/data/param_5_rep_3,2000,5.0e-6,10,10,1000000,3,3,1000.0,0.9,1,1,1,0.3333333333333333
/project/theorie/n/N.Pfaffenzeller/results_project/checkpoint/3b3t2000e_car_iris_wine_sweep,param_5_rep_3,/project/theorie/n/N.Pfaffenzeller/results_project/checkpoint/3b3t2000e_car_iris_wine_sweep/data/param_5_rep_3,2000,5.0e-6,10,10,1000000,3,3,2000.0,0.8,1,1,1,0.3333333333333333
/project/theorie/n/N.Pfaffenzeller/results_project/checkpoint/3b3t2000e_car_iris_wine_sweep,param_5_rep_3,/project/theorie/n/N.Pfaffenzeller/results_project/checkpoint/3b3t2000e_car_iris_wine_sweep/data/param_5_rep_3,2000,5.0e-6,10,10,1000000,3,3,2000.0,0.9,0,0,0,0.0
/project/theorie/n/N.Pfaffenzeller/results_project/checkpoint/3b3t2000e_car_iris_wine_sweep,param_6_rep_1,/project/theorie/n/N.Pfaffenzeller/results_project/checkpoint/3b3t2000e_car_iris_wine_sweep/data/param_6_rep_1,2000,5.0e-6,10,100,1000000,3,3,1000.0,0.8,1,1,1,0.3333333333333333
/project/theorie/n/N.Pfaffenzeller/results_project/checkpoint/3b3t2000e_car_iris_wine_sweep,param_6_rep_1,/project/theorie/n/N.Pfaffenzeller/results_project/checkpoint/3b3t2000e_car_iris_wine_sweep/data/param_6_rep_1,2000,5.0e-6,10,100,1000000,3,3,1000.0,0.9,1,1,1,0.3333333333333333
/project/theorie/n/N.Pfaffenzeller/results_project/checkpoint/3b3t2000e_car_iris_wine_sweep,param_6_rep_1,/project/theorie/n/N.Pfaffenzeller/results_project/checkpoint/3b3t2000e_car_iris_wine_sweep/data/param_6_rep_1,2000,5.0e-6,10,100,1000000,3,3,2000.0,0.8,1,1,1,0.3333333333333333
/project/theorie/n/N.Pfaffenzeller/results_project/checkpoint/3b3t2000e_car_iris_wine_sweep,param_6_rep_1,/project/theorie/n/N.Pfaffenzeller/results_project/checkpoint/3b3t2000e_car_iris_wine_sweep/data/param_6_rep_1,2000,5.0e-6,10,100,1000000,3,3,2000.0,0.9,1,1,1,0.3333333333333333
/project/theorie/n/N.Pfaffenzeller/results_project/checkpoint/3b3t2000e_car_iris_wine_sweep,param_6_rep_2,/project/theorie/n/N.Pfaffenzeller/results_project/checkpoint/3b3t2000e_car_iris_wine_sweep/data/param_6_rep_2,2000,5.0e-6,10,100,1000000,3,3,1000.0,0.8,0,0,0,0.0
/project/theorie/n/N.Pfaffenzeller/results_project/checkpoint/3b3t2000e_car_iris_wine_sweep,param_6_rep_2,/project/theorie/n/N.Pfaffenzeller/results_project/checkpoint/3b3t2000e_car_iris_wine_sweep/data/param_6_rep_2,2000,5.0e-6,10,100,1000000,3,3,1000.0,0.9,0,0,0,0.0
/project/theorie/n/N.Pfaffenzeller/results_project/checkpoint/3b3t2000e_car_iris_wine_sweep,param_6_rep_2,/project/theorie/n/N.Pfaffenzeller/results_project/checkpoint/3b3t2000e_car_iris_wine_sweep/data/param_6_rep_2,2000,5.0e-6,10,100,1000000,3,3,2000.0,0.8,1,1,1,0.3333333333333333
/project/theorie/n/N.Pfaffenzeller/results_project/checkpoint/3b3t2000e_car_iris_wine_sweep,param_6_rep_2,/project/theorie/n/N.Pfaffenzeller/results_project/checkpoint/3b3t2000e_car_iris_wine_sweep/data/param_6_rep_2,2000,5.0e-6,10,100,1000000,3,3,2000.0,0.9,0,0,0,0.0
/project/theorie/n/N.Pfaffenzeller/results_project/checkpoint/3b3t2000e_car_iris_wine_sweep,param_6_rep_3,/project/theorie/n/N.Pfaffenzeller/results_project/checkpoint/3b3t2000e_car_iris_wine_sweep/data/param_6_rep_3,2000,5.0e-6,10,100,1000000,3,3,1000.0,0.8,0,0,0,0.0
/project/theorie/n/N.Pfaffenzeller/results_project/checkpoint/3b3t2000e_car_iris_wine_sweep,param_6_rep_3,/project/theorie/n/N.Pfaffenzeller/results_project/checkpoint/3b3t2000e_car_iris_wine_sweep/data/param_6_rep_3,2000,5.0e-6,10,100,1000000,3,3,1000.0,0.9,0,0,0,0.0
/project/theorie/n/N.Pfaffenzeller/results_project/checkpoint/3b3t2000e_car_iris_wine_sweep,param_6_rep_3,/project/theorie/n/N.Pfaffenzeller/results_project/checkpoint/3b3t2000e_car_iris_wine_sweep/data/param_6_rep_3,2000,5.0e-6,10,100,1000000,3,3,2000.0,0.8,1,1,1,0.3333333333333333
/project/theorie/n/N.Pfaffenzeller/results_project/checkpoint/3b3t2000e_car_iris_wine_sweep,param_6_rep_3,/project/theorie/n/N.Pfaffenzeller/results_project/checkpoint/3b3t2000e_car_iris_wine_sweep/data/param_6_rep_3,2000,5.0e-6,10,100,1000000,3,3,2000.0,0.9,1,1,1,0.3333333333333333
/project/theorie/n/N.Pfaffenzeller/results_project/checkpoint/3b3t2000e_car_iris_wine_sweep,param_7_rep_1,/project/theorie/n/N.Pfaffenzeller/results_project/checkpoint/3b3t2000e_car_iris_wine_sweep/data/param_7_rep_1,2000,5.0e-6,100,1,1000000,3,3,1000.0,0.8,1,1,1,0.3333333333333333
/project/theorie/n/N.Pfaffenzeller/results_project/checkpoint/3b3t2000e_car_iris_wine_sweep,param_7_rep_1,/project/theorie/n/N.Pfaffenzeller/results_project/checkpoint/3b3t2000e_car_iris_wine_sweep/data/param_7_rep_1,2000,5.0e-6,100,1,1000000,3,3,1000.0,0.9,1,1,1,0.3333333333333333
/project/theorie/n/N.Pfaffenzeller/results_project/checkpoint/3b3t2000e_car_iris_wine_sweep,param_7_rep_1,/project/theorie/n/N.Pfaffenzeller/results_project/checkpoint/3b3t2000e_car_iris_wine_sweep/data/param_7_rep_1,2000,5.0e-6,100,1,1000000,3,3,2000.0,0.8,1,1,1,0.3333333333333333
/project/theorie/n/N.Pfaffenzeller/results_project/checkpoint/3b3t2000e_car_iris_wine_sweep,param_7_rep_1,/project/theorie/n/N.Pfaffenzeller/results_project/checkpoint/3b3t2000e_car_iris_wine_sweep/data/param_7_rep_1,2000,5.0e-6,100,1,1000000,3,3,2000.0,0.9,1,1,1,0.3333333333333333
/project/theorie/n/N.Pfaffenzeller/results_project/checkpoint/3b3t2000e_car_iris_wine_sweep,param_7_rep_2,/project/theorie/n/N.Pfaffenzeller/results_project/checkpoint/3b3t2000e_car_iris_wine_sweep/data/param_7_rep_2,2000,5.0e-6,100,1,1000000,3,3,1000.0,0.8,1,1,1,0.3333333333333333
/project/theorie/n/N.Pfaffenzeller/results_project/checkpoint/3b3t2000e_car_iris_wine_sweep,param_7_rep_2,/project/theorie/n/N.Pfaffenzeller/results_project/checkpoint/3b3t2000e_car_iris_wine_sweep/data/param_7_rep_2,2000,5.0e-6,100,1,1000000,3,3,1000.0,0.9,1,1,1,0.3333333333333333
/project/theorie/n/N.Pfaffenzeller/results_project/checkpoint/3b3t2000e_car_iris_wine_sweep,param_7_rep_2,/project/theorie/n/N.Pfaffenzeller/results_project/checkpoint/3b3t2000e_car_iris_wine_sweep/data/param_7_rep_2,2000,5.0e-6,100,1,1000000,3,3,2000.0,0.8,0,0,0,0.0
/project/theorie/n/N.Pfaffenzeller/results_project/checkpoint/3b3t2000e_car_iris_wine_sweep,param_7_rep_2,/project/theorie/n/N.Pfaffenzeller/results_project/checkpoint/3b3t2000e_car_iris_wine_sweep/data/param_7_rep_2,2000,5.0e-6,100,1,1000000,3,3,2000.0,0.9,0,0,0,0.0
/project/theorie/n/N.Pfaffenzeller/results_project/checkpoint/3b3t2000e_car_iris_wine_sweep,param_7_rep_3,/project/theorie/n/N.Pfaffenzeller/results_project/checkpoint/3b3t2000e_car_iris_wine_sweep/data/param_7_rep_3,2000,5.0e-6,100,1,1000000,3,3,1000.0,0.8,0,0,0,0.0
/project/theorie/n/N.Pfaffenzeller/results_project/checkpoint/3b3t2000e_car_iris_wine_sweep,param_7_rep_3,/project/theorie/n/N.Pfaffenzeller/results_project/checkpoint/3b3t2000e_car_iris_wine_sweep/data/param_7_rep_3,2000,5.0e-6,100,1,1000000,3,3,1000.0,0.9,0,0,0,0.0
/project/theorie/n/N.Pfaffenzeller/results_project/checkpoint/3b3t2000e_car_iris_wine_sweep,param_7_rep_3,/project/theorie/n/N.Pfaffenzeller/results_project/checkpoint/3b3t2000e_car_iris_wine_sweep/data/param_7_rep_3,2000,5.0e-6,100,1,1000000,3,3,2000.0,0.8,1,1,1,0.3333333333333333
/project/theorie/n/N.Pfaffenzeller/results_project/checkpoint/3b3t2000e_car_iris_wine_sweep,param_7_rep_3,/project/theorie/n/N.Pfaffenzeller/results_project/checkpoint/3b3t2000e_car_iris_wine_sweep/data/param_7_rep_3,2000,5.0e-6,100,1,1000000,3,3,2000.0,0.9,1,1,1,0.3333333333333333
/project/theorie/n/N.Pfaffenzeller/results_project/checkpoint/3b3t2000e_car_iris_wine_sweep,param_8_rep_1,/project/theorie/n/N.Pfaffenzeller/results_project/checkpoint/3b3t2000e_car_iris_wine_sweep/data/param_8_rep_1,2000,5.0e-6,100,10,1000000,3,3,1000.0,0.8,0,0,0,0.0
/project/theorie/n/N.Pfaffenzeller/results_project/checkpoint/3b3t2000e_car_iris_wine_sweep,param_8_rep_1,/project/theorie/n/N.Pfaffenzeller/results_project/checkpoint/3b3t2000e_car_iris_wine_sweep/data/param_8_rep_1,2000,5.0e-6,100,10,1000000,3,3,1000.0,0.9,0,0,0,0.0
/project/theorie/n/N.Pfaffenzeller/results_project/checkpoint/3b3t2000e_car_iris_wine_sweep,param_8_rep_1,/project/theorie/n/N.Pfaffenzeller/results_project/checkpoint/3b3t2000e_car_iris_wine_sweep/data/param_8_rep_1,2000,5.0e-6,100,10,1000000,3,3,2000.0,0.8,1,1,1,0.3333333333333333
/project/theorie/n/N.Pfaffenzeller/results_project/checkpoint/3b3t2000e_car_iris_wine_sweep,param_8_rep_1,/project/theorie/n/N.Pfaffenzeller/results_project/checkpoint/3b3t2000e_car_iris_wine_sweep/data/param_8_rep_1,2000,5.0e-6,100,10,1000000,3,3,2000.0,0.9,1,1,1,0.3333333333333333
/project/theorie/n/N.Pfaffenzeller/results_project/checkpoint/3b3t2000e_car_iris_wine_sweep,param_8_rep_2,/project/theorie/n/N.Pfaffenzeller/results_project/checkpoint/3b3t2000e_car_iris_wine_sweep/data/param_8_rep_2,2000,5.0e-6,100,10,1000000,3,3,1000.0,0.8,1,1,1,0.3333333333333333
/project/theorie/n/N.Pfaffenzeller/results_project/checkpoint/3b3t2000e_car_iris_wine_sweep,param_8_rep_2,/project/theorie/n/N.Pfaffenzeller/results_project/checkpoint/3b3t2000e_car_iris_wine_sweep/data/param_8_rep_2,2000,5.0e-6,100,10,1000000,3,3,1000.0,0.9,1,1,1,0.3333333333333333
/project/theorie/n/N.Pfaffenzeller/results_project/checkpoint/3b3t2000e_car_iris_wine_sweep,param_8_rep_2,/project/theorie/n/N.Pfaffenzeller/results_project/checkpoint/3b3t2000e_car_iris_wine_sweep/data/param_8_rep_2,2000,5.0e-6,100,10,1000000,3,3,2000.0,0.8,1,1,1,0.3333333333333333
/project/theorie/n/N.Pfaffenzeller/results_project/checkpoint/3b3t2000e_car_iris_wine_sweep,param_8_rep_2,/project/theorie/n/N.Pfaffenzeller/results_project/checkpoint/3b3t2000e_car_iris_wine_sweep/data/param_8_rep_2,2000,5.0e-6,100,10,1000000,3,3,2000.0,0.9,1,1,1,0.3333333333333333
/project/theorie/n/N.Pfaffenzeller/results_project/checkpoint/3b3t2000e_car_iris_wine_sweep,param_8_rep_3,/project/theorie/n/N.Pfaffenzeller/results_project/checkpoint/3b3t2000e_car_iris_wine_sweep/data/param_8_rep_3,2000,5.0e-6,100,10,1000000,3,3,1000.0,0.8,1,1,1,0.3333333333333333
/project/theorie/n/N.Pfaffenzeller/results_project/checkpoint/3b3t2000e_car_iris_wine_sweep,param_8_rep_3,/project/theorie/n/N.Pfaffenzeller/results_project/checkpoint/3b3t2000e_car_iris_wine_sweep/data/param_8_rep_3,2000,5.0e-6,100,10,1000000,3,3,1000.0,0.9,1,1,1,0.3333333333333333
/project/theorie/n/N.Pfaffenzeller/results_project/checkpoint/3b3t2000e_car_iris_wine_sweep,param_8_rep_3,/project/theorie/n/N.Pfaffenzeller/results_project/checkpoint/3b3t2000e_car_iris_wine_sweep/data/param_8_rep_3,2000,5.0e-6,100,10,1000000,3,3,2000.0,0.8,1,1,1,0.3333333333333333
/project/theorie/n/N.Pfaffenzeller/results_project/checkpoint/3b3t2000e_car_iris_wine_sweep,param_8_rep_3,/project/theorie/n/N.Pfaffenzeller/results_project/checkpoint/3b3t2000e_car_iris_wine_sweep/data/param_8_rep_3,2000,5.0e-6,100,10,1000000,3,3,2000.0,0.9,1,1,1,0.3333333333333333
/project/theorie/n/N.Pfaffenzeller/results_project/checkpoint/3b3t2000e_car_iris_wine_sweep,param_9_rep_1,/project/theorie/n/N.Pfaffenzeller/results_project/checkpoint/3b3t2000e_car_iris_wine_sweep/data/param_9_rep_1,2000,5.0e-6,100,100,1000000,3,3,1000.0,0.8,1,1,1,0.3333333333333333
/project/theorie/n/N.Pfaffenzeller/results_project/checkpoint/3b3t2000e_car_iris_wine_sweep,param_9_rep_1,/project/theorie/n/N.Pfaffenzeller/results_project/checkpoint/3b3t2000e_car_iris_wine_sweep/data/param_9_rep_1,2000,5.0e-6,100,100,1000000,3,3,1000.0,0.9,1,1,1,0.3333333333333333
/project/theorie/n/N.Pfaffenzeller/results_project/checkpoint/3b3t2000e_car_iris_wine_sweep,param_9_rep_1,/project/theorie/n/N.Pfaffenzeller/results_project/checkpoint/3b3t2000e_car_iris_wine_sweep/data/param_9_rep_1,2000,5.0e-6,100,100,1000000,3,3,2000.0,0.8,1,1,1,0.3333333333333333
/project/theorie/n/N.Pfaffenzeller/results_project/checkpoint/3b3t2000e_car_iris_wine_sweep,param_9_rep_1,/project/theorie/n/N.Pfaffenzeller/results_project/checkpoint/3b3t2000e_car_iris_wine_sweep/data/param_9_rep_1,2000,5.0e-6,100,100,1000000,3,3,2000.0,0.9,1,1,1,0.3333333333333333
/project/theorie/n/N.Pfaffenzeller/results_project/checkpoint/3b3t2000e_car_iris_wine_sweep,param_9_rep_2,/project/theorie/n/N.Pfaffenzeller/results_project/checkpoint/3b3t2000e_car_iris_wine_sweep/data/param_9_rep_2,2000,5.0e-6,100,100,1000000,3,3,1000.0,0.8,0,0,0,0.0
/project/theorie/n/N.Pfaffenzeller/results_project/checkpoint/3b3t2000e_car_iris_wine_sweep,param_9_rep_2,/project/theorie/n/N.Pfaffenzeller/results_project/checkpoint/3b3t2000e_car_iris_wine_sweep/data/param_9_rep_2,2000,5.0e-6,100,100,1000000,3,3,1000.0,0.9,0,0,0,0.0
/project/theorie/n/N.Pfaffenzeller/results_project/checkpoint/3b3t2000e_car_iris_wine_sweep,param_9_rep_2,/project/theorie/n/N.Pfaffenzeller/results_project/checkpoint/3b3t2000e_car_iris_wine_sweep/data/param_9_rep_2,2000,5.0e-6,100,100,1000000,3,3,2000.0,0.8,0,0,0,0.0
/project/theorie/n/N.Pfaffenzeller/results_project/checkpoint/3b3t2000e_car_iris_wine_sweep,param_9_rep_2,/project/theorie/n/N.Pfaffenzeller/results_project/checkpoint/3b3t2000e_car_iris_wine_sweep/data/param_9_rep_2,2000,5.0e-6,100,100,1000000,3,3,2000.0,0.9,0,0,0,0.0
/project/theorie/n/N.Pfaffenzeller/results_project/checkpoint/3b3t2000e_car_iris_wine_sweep,param_9_rep_3,/project/theorie/n/N.Pfaffenzeller/results_project/checkpoint/3b3t2000e_car_iris_wine_sweep/data/param_9_rep_3,2000,5.0e-6,100,100,1000000,3,3,1000.0,0.8,0,0,0,0.0
/project/theorie/n/N.Pfaffenzeller/results_project/checkpoint/3b3t2000e_car_iris_wine_sweep,param_9_rep_3,/project/theorie/n/N.Pfaffenzeller/results_project/checkpoint/3b3t2000e_car_iris_wine_sweep/data/param_9_rep_3,2000,5.0e-6,100,100,1000000,3,3,1000.0,0.9,0,0,0,0.0
/project/theorie/n/N.Pfaffenzeller/results_project/checkpoint/3b3t2000e_car_iris_wine_sweep,param_9_rep_3,/project/theorie/n/N.Pfaffenzeller/results_project/checkpoint/3b3t2000e_car_iris_wine_sweep/data/param_9_rep_3,2000,5.0e-6,100,100,1000000,3,3,2000.0,0.8,1,1,1,0.3333333333333333
/project/theorie/n/N.Pfaffenzeller/results_project/checkpoint/3b3t2000e_car_iris_wine_sweep,param_9_rep_3,/project/theorie/n/N.Pfaffenzeller/results_project/checkpoint/3b3t2000e_car_iris_wine_sweep/data/param_9_rep_3,2000,5.0e-6,100,100,1000000,3,3,2000.0,0.9,1,1,1,0.3333333333333333
