root,param_folder,param_dir,n_epochs,learning_rate,interaction_rate,dead_time,lambda_sensitivity,time,threshold,n_agents,n_tasks,any_geq,exactly_one_geq,unique_specialist,avg_agents_geq_per_task
/project/theorie/n/N.Pfaffenzeller/results_project/checkpoint/5b5t_sensitivity_sweep,param_10_rep_1,/project/theorie/n/N.Pfaffenzeller/results_project/checkpoint/5b5t_sensitivity_sweep/data/param_10_rep_1,10000,5.0e-6,0.1,1.0,100,5000.0,0.8,25,0,0,0,0,0.0
/project/theorie/n/N.Pfaffenzeller/results_project/checkpoint/5b5t_sensitivity_sweep,param_10_rep_1,/project/theorie/n/N.Pfaffenzeller/results_project/checkpoint/5b5t_sensitivity_sweep/data/param_10_rep_1,10000,5.0e-6,0.1,1.0,100,5000.0,0.9,25,0,0,0,0,0.0
/project/theorie/n/N.Pfaffenzeller/results_project/checkpoint/5b5t_sensitivity_sweep,param_10_rep_1,/project/theorie/n/N.Pfaffenzeller/results_project/checkpoint/5b5t_sensitivity_sweep/data/param_10_rep_1,10000,5.0e-6,0.1,1.0,100,10000.0,0.8,25,0,0,0,0,0.0
/project/theorie/n/N.Pfaffenzeller/results_project/checkpoint/5b5t_sensitivity_sweep,param_10_rep_1,/project/theorie/n/N.Pfaffenzeller/results_project/checkpoint/5b5t_sensitivity_sweep/data/param_10_rep_1,10000,5.0e-6,0.1,1.0,100,10000.0,0.9,25,0,0,0,0,0.0
/project/theorie/n/N.Pfaffenzeller/results_project/checkpoint/5b5t_sensitivity_sweep,param_10_rep_2,/project/theorie/n/N.Pfaffenzeller/results_project/checkpoint/5b5t_sensitivity_sweep/data/param_10_rep_2,10000,5.0e-6,0.1,1.0,100,5000.0,0.8,25,0,0,0,0,0.0
/project/theorie/n/N.Pfaffenzeller/results_project/checkpoint/5b5t_sensitivity_sweep,param_10_rep_2,/project/theorie/n/N.Pfaffenzeller/results_project/checkpoint/5b5t_sensitivity_sweep/data/param_10_rep_2,10000,5.0e-6,0.1,1.0,100,5000.0,0.9,25,0,0,0,0,0.0
/project/theorie/n/N.Pfaffenzeller/results_project/checkpoint/5b5t_sensitivity_sweep,param_10_rep_2,/project/theorie/n/N.Pfaffenzeller/results_project/checkpoint/5b5t_sensitivity_sweep/data/param_10_rep_2,10000,5.0e-6,0.1,1.0,100,10000.0,0.8,25,0,0,0,0,0.0
/project/theorie/n/N.Pfaffenzeller/results_project/checkpoint/5b5t_sensitivity_sweep,param_10_rep_2,/project/theorie/n/N.Pfaffenzeller/results_project/checkpoint/5b5t_sensitivity_sweep/data/param_10_rep_2,10000,5.0e-6,0.1,1.0,100,10000.0,0.9,25,0,0,0,0,0.0
/project/theorie/n/N.Pfaffenzeller/results_project/checkpoint/5b5t_sensitivity_sweep,param_10_rep_3,/project/theorie/n/N.Pfaffenzeller/results_project/checkpoint/5b5t_sensitivity_sweep/data/param_10_rep_3,10000,5.0e-6,0.1,1.0,100,5000.0,0.8,25,0,0,0,0,0.0
/project/theorie/n/N.Pfaffenzeller/results_project/checkpoint/5b5t_sensitivity_sweep,param_10_rep_3,/project/theorie/n/N.Pfaffenzeller/results_project/checkpoint/5b5t_sensitivity_sweep/data/param_10_rep_3,10000,5.0e-6,0.1,1.0,100,5000.0,0.9,25,0,0,0,0,0.0
/project/theorie/n/N.Pfaffenzeller/results_project/checkpoint/5b5t_sensitivity_sweep,param_10_rep_3,/project/theorie/n/N.Pfaffenzeller/results_project/checkpoint/5b5t_sensitivity_sweep/data/param_10_rep_3,10000,5.0e-6,0.1,1.0,100,10000.0,0.8,25,0,0,0,0,0.0
/project/theorie/n/N.Pfaffenzeller/results_project/checkpoint/5b5t_sensitivity_sweep,param_10_rep_3,/project/theorie/n/N.Pfaffenzeller/results_project/checkpoint/5b5t_sensitivity_sweep/data/param_10_rep_3,10000,5.0e-6,0.1,1.0,100,10000.0,0.9,25,0,0,0,0,0.0
/project/theorie/n/N.Pfaffenzeller/results_project/checkpoint/5b5t_sensitivity_sweep,param_10_rep_4,/project/theorie/n/N.Pfaffenzeller/results_project/checkpoint/5b5t_sensitivity_sweep/data/param_10_rep_4,10000,5.0e-6,0.1,1.0,100,5000.0,0.8,25,0,0,0,0,0.0
/project/theorie/n/N.Pfaffenzeller/results_project/checkpoint/5b5t_sensitivity_sweep,param_10_rep_4,/project/theorie/n/N.Pfaffenzeller/results_project/checkpoint/5b5t_sensitivity_sweep/data/param_10_rep_4,10000,5.0e-6,0.1,1.0,100,5000.0,0.9,25,0,0,0,0,0.0
/project/theorie/n/N.Pfaffenzeller/results_project/checkpoint/5b5t_sensitivity_sweep,param_10_rep_4,/project/theorie/n/N.Pfaffenzeller/results_project/checkpoint/5b5t_sensitivity_sweep/data/param_10_rep_4,10000,5.0e-6,0.1,1.0,100,10000.0,0.8,25,0,0,0,0,0.0
/project/theorie/n/N.Pfaffenzeller/results_project/checkpoint/5b5t_sensitivity_sweep,param_10_rep_4,/project/theorie/n/N.Pfaffenzeller/results_project/checkpoint/5b5t_sensitivity_sweep/data/param_10_rep_4,10000,5.0e-6,0.1,1.0,100,10000.0,0.9,25,0,0,0,0,0.0
/project/theorie/n/N.Pfaffenzeller/results_project/checkpoint/5b5t_sensitivity_sweep,param_10_rep_5,/project/theorie/n/N.Pfaffenzeller/results_project/checkpoint/5b5t_sensitivity_sweep/data/param_10_rep_5,10000,5.0e-6,0.1,1.0,100,5000.0,0.8,25,0,0,0,0,0.0
/project/theorie/n/N.Pfaffenzeller/results_project/checkpoint/5b5t_sensitivity_sweep,param_10_rep_5,/project/theorie/n/N.Pfaffenzeller/results_project/checkpoint/5b5t_sensitivity_sweep/data/param_10_rep_5,10000,5.0e-6,0.1,1.0,100,5000.0,0.9,25,0,0,0,0,0.0
/project/theorie/n/N.Pfaffenzeller/results_project/checkpoint/5b5t_sensitivity_sweep,param_10_rep_5,/project/theorie/n/N.Pfaffenzeller/results_project/checkpoint/5b5t_sensitivity_sweep/data/param_10_rep_5,10000,5.0e-6,0.1,1.0,100,10000.0,0.8,25,0,0,0,0,0.0
/project/theorie/n/N.Pfaffenzeller/results_project/checkpoint/5b5t_sensitivity_sweep,param_10_rep_5,/project/theorie/n/N.Pfaffenzeller/results_project/checkpoint/5b5t_sensitivity_sweep/data/param_10_rep_5,10000,5.0e-6,0.1,1.0,100,10000.0,0.9,25,0,0,0,0,0.0
/project/theorie/n/N.Pfaffenzeller/results_project/checkpoint/5b5t_sensitivity_sweep,param_11_rep_1,/project/theorie/n/N.Pfaffenzeller/results_project/checkpoint/5b5t_sensitivity_sweep/data/param_11_rep_1,10000,5.0e-6,0.1,10.0,100,5000.0,0.8,25,0,0,0,0,0.0
/project/theorie/n/N.Pfaffenzeller/results_project/checkpoint/5b5t_sensitivity_sweep,param_11_rep_1,/project/theorie/n/N.Pfaffenzeller/results_project/checkpoint/5b5t_sensitivity_sweep/data/param_11_rep_1,10000,5.0e-6,0.1,10.0,100,5000.0,0.9,25,0,0,0,0,0.0
/project/theorie/n/N.Pfaffenzeller/results_project/checkpoint/5b5t_sensitivity_sweep,param_11_rep_1,/project/theorie/n/N.Pfaffenzeller/results_project/checkpoint/5b5t_sensitivity_sweep/data/param_11_rep_1,10000,5.0e-6,0.1,10.0,100,10000.0,0.8,25,0,0,0,0,0.0
/project/theorie/n/N.Pfaffenzeller/results_project/checkpoint/5b5t_sensitivity_sweep,param_11_rep_1,/project/theorie/n/N.Pfaffenzeller/results_project/checkpoint/5b5t_sensitivity_sweep/data/param_11_rep_1,10000,5.0e-6,0.1,10.0,100,10000.0,0.9,25,0,0,0,0,0.0
/project/theorie/n/N.Pfaffenzeller/results_project/checkpoint/5b5t_sensitivity_sweep,param_11_rep_2,/project/theorie/n/N.Pfaffenzeller/results_project/checkpoint/5b5t_sensitivity_sweep/data/param_11_rep_2,10000,5.0e-6,0.1,10.0,100,5000.0,0.8,25,0,0,0,0,0.0
/project/theorie/n/N.Pfaffenzeller/results_project/checkpoint/5b5t_sensitivity_sweep,param_11_rep_2,/project/theorie/n/N.Pfaffenzeller/results_project/checkpoint/5b5t_sensitivity_sweep/data/param_11_rep_2,10000,5.0e-6,0.1,10.0,100,5000.0,0.9,25,0,0,0,0,0.0
/project/theorie/n/N.Pfaffenzeller/results_project/checkpoint/5b5t_sensitivity_sweep,param_11_rep_2,/project/theorie/n/N.Pfaffenzeller/results_project/checkpoint/5b5t_sensitivity_sweep/data/param_11_rep_2,10000,5.0e-6,0.1,10.0,100,10000.0,0.8,25,0,0,0,0,0.0
/project/theorie/n/N.Pfaffenzeller/results_project/checkpoint/5b5t_sensitivity_sweep,param_11_rep_2,/project/theorie/n/N.Pfaffenzeller/results_project/checkpoint/5b5t_sensitivity_sweep/data/param_11_rep_2,10000,5.0e-6,0.1,10.0,100,10000.0,0.9,25,0,0,0,0,0.0
/project/theorie/n/N.Pfaffenzeller/results_project/checkpoint/5b5t_sensitivity_sweep,param_11_rep_3,/project/theorie/n/N.Pfaffenzeller/results_project/checkpoint/5b5t_sensitivity_sweep/data/param_11_rep_3,10000,5.0e-6,0.1,10.0,100,5000.0,0.8,25,0,0,0,0,0.0
/project/theorie/n/N.Pfaffenzeller/results_project/checkpoint/5b5t_sensitivity_sweep,param_11_rep_3,/project/theorie/n/N.Pfaffenzeller/results_project/checkpoint/5b5t_sensitivity_sweep/data/param_11_rep_3,10000,5.0e-6,0.1,10.0,100,5000.0,0.9,25,0,0,0,0,0.0
/project/theorie/n/N.Pfaffenzeller/results_project/checkpoint/5b5t_sensitivity_sweep,param_11_rep_3,/project/theorie/n/N.Pfaffenzeller/results_project/checkpoint/5b5t_sensitivity_sweep/data/param_11_rep_3,10000,5.0e-6,0.1,10.0,100,10000.0,0.8,25,0,0,0,0,0.0
/project/theorie/n/N.Pfaffenzeller/results_project/checkpoint/5b5t_sensitivity_sweep,param_11_rep_3,/project/theorie/n/N.Pfaffenzeller/results_project/checkpoint/5b5t_sensitivity_sweep/data/param_11_rep_3,10000,5.0e-6,0.1,10.0,100,10000.0,0.9,25,0,0,0,0,0.0
/project/theorie/n/N.Pfaffenzeller/results_project/checkpoint/5b5t_sensitivity_sweep,param_11_rep_4,/project/theorie/n/N.Pfaffenzeller/results_project/checkpoint/5b5t_sensitivity_sweep/data/param_11_rep_4,10000,5.0e-6,0.1,10.0,100,5000.0,0.8,25,0,0,0,0,0.0
/project/theorie/n/N.Pfaffenzeller/results_project/checkpoint/5b5t_sensitivity_sweep,param_11_rep_4,/project/theorie/n/N.Pfaffenzeller/results_project/checkpoint/5b5t_sensitivity_sweep/data/param_11_rep_4,10000,5.0e-6,0.1,10.0,100,5000.0,0.9,25,0,0,0,0,0.0
/project/theorie/n/N.Pfaffenzeller/results_project/checkpoint/5b5t_sensitivity_sweep,param_11_rep_4,/project/theorie/n/N.Pfaffenzeller/results_project/checkpoint/5b5t_sensitivity_sweep/data/param_11_rep_4,10000,5.0e-6,0.1,10.0,100,10000.0,0.8,25,0,0,0,0,0.0
/project/theorie/n/N.Pfaffenzeller/results_project/checkpoint/5b5t_sensitivity_sweep,param_11_rep_4,/project/theorie/n/N.Pfaffenzeller/results_project/checkpoint/5b5t_sensitivity_sweep/data/param_11_rep_4,10000,5.0e-6,0.1,10.0,100,10000.0,0.9,25,0,0,0,0,0.0
/project/theorie/n/N.Pfaffenzeller/results_project/checkpoint/5b5t_sensitivity_sweep,param_11_rep_5,/project/theorie/n/N.Pfaffenzeller/results_project/checkpoint/5b5t_sensitivity_sweep/data/param_11_rep_5,10000,5.0e-6,0.1,10.0,100,5000.0,0.8,25,0,0,0,0,0.0
/project/theorie/n/N.Pfaffenzeller/results_project/checkpoint/5b5t_sensitivity_sweep,param_11_rep_5,/project/theorie/n/N.Pfaffenzeller/results_project/checkpoint/5b5t_sensitivity_sweep/data/param_11_rep_5,10000,5.0e-6,0.1,10.0,100,5000.0,0.9,25,0,0,0,0,0.0
/project/theorie/n/N.Pfaffenzeller/results_project/checkpoint/5b5t_sensitivity_sweep,param_11_rep_5,/project/theorie/n/N.Pfaffenzeller/results_project/checkpoint/5b5t_sensitivity_sweep/data/param_11_rep_5,10000,5.0e-6,0.1,10.0,100,10000.0,0.8,25,0,0,0,0,0.0
/project/theorie/n/N.Pfaffenzeller/results_project/checkpoint/5b5t_sensitivity_sweep,param_11_rep_5,/project/theorie/n/N.Pfaffenzeller/results_project/checkpoint/5b5t_sensitivity_sweep/data/param_11_rep_5,10000,5.0e-6,0.1,10.0,100,10000.0,0.9,25,0,0,0,0,0.0
/project/theorie/n/N.Pfaffenzeller/results_project/checkpoint/5b5t_sensitivity_sweep,param_12_rep_1,/project/theorie/n/N.Pfaffenzeller/results_project/checkpoint/5b5t_sensitivity_sweep/data/param_12_rep_1,10000,5.0e-6,0.1,100.0,100,5000.0,0.8,25,0,5,5,5,1.0
/project/theorie/n/N.Pfaffenzeller/results_project/checkpoint/5b5t_sensitivity_sweep,param_12_rep_1,/project/theorie/n/N.Pfaffenzeller/results_project/checkpoint/5b5t_sensitivity_sweep/data/param_12_rep_1,10000,5.0e-6,0.1,100.0,100,5000.0,0.9,25,0,3,3,3,0.6
/project/theorie/n/N.Pfaffenzeller/results_project/checkpoint/5b5t_sensitivity_sweep,param_12_rep_1,/project/theorie/n/N.Pfaffenzeller/results_project/checkpoint/5b5t_sensitivity_sweep/data/param_12_rep_1,10000,5.0e-6,0.1,100.0,100,10000.0,0.8,25,0,2,2,2,0.4
/project/theorie/n/N.Pfaffenzeller/results_project/checkpoint/5b5t_sensitivity_sweep,param_12_rep_1,/project/theorie/n/N.Pfaffenzeller/results_project/checkpoint/5b5t_sensitivity_sweep/data/param_12_rep_1,10000,5.0e-6,0.1,100.0,100,10000.0,0.9,25,0,1,1,1,0.2
/project/theorie/n/N.Pfaffenzeller/results_project/checkpoint/5b5t_sensitivity_sweep,param_12_rep_2,/project/theorie/n/N.Pfaffenzeller/results_project/checkpoint/5b5t_sensitivity_sweep/data/param_12_rep_2,10000,5.0e-6,0.1,100.0,100,5000.0,0.8,25,0,2,2,2,0.4
/project/theorie/n/N.Pfaffenzeller/results_project/checkpoint/5b5t_sensitivity_sweep,param_12_rep_2,/project/theorie/n/N.Pfaffenzeller/results_project/checkpoint/5b5t_sensitivity_sweep/data/param_12_rep_2,10000,5.0e-6,0.1,100.0,100,5000.0,0.9,25,0,1,1,1,0.2
/project/theorie/n/N.Pfaffenzeller/results_project/checkpoint/5b5t_sensitivity_sweep,param_12_rep_2,/project/theorie/n/N.Pfaffenzeller/results_project/checkpoint/5b5t_sensitivity_sweep/data/param_12_rep_2,10000,5.0e-6,0.1,100.0,100,10000.0,0.8,25,0,1,1,1,0.2
/project/theorie/n/N.Pfaffenzeller/results_project/checkpoint/5b5t_sensitivity_sweep,param_12_rep_2,/project/theorie/n/N.Pfaffenzeller/results_project/checkpoint/5b5t_sensitivity_sweep/data/param_12_rep_2,10000,5.0e-6,0.1,100.0,100,10000.0,0.9,25,0,1,1,1,0.2
/project/theorie/n/N.Pfaffenzeller/results_project/checkpoint/5b5t_sensitivity_sweep,param_12_rep_3,/project/theorie/n/N.Pfaffenzeller/results_project/checkpoint/5b5t_sensitivity_sweep/data/param_12_rep_3,10000,5.0e-6,0.1,100.0,100,5000.0,0.8,25,0,3,3,3,0.6
/project/theorie/n/N.Pfaffenzeller/results_project/checkpoint/5b5t_sensitivity_sweep,param_12_rep_3,/project/theorie/n/N.Pfaffenzeller/results_project/checkpoint/5b5t_sensitivity_sweep/data/param_12_rep_3,10000,5.0e-6,0.1,100.0,100,5000.0,0.9,25,0,3,3,3,0.6
/project/theorie/n/N.Pfaffenzeller/results_project/checkpoint/5b5t_sensitivity_sweep,param_12_rep_3,/project/theorie/n/N.Pfaffenzeller/results_project/checkpoint/5b5t_sensitivity_sweep/data/param_12_rep_3,10000,5.0e-6,0.1,100.0,100,10000.0,0.8,25,0,2,2,2,0.4
/project/theorie/n/N.Pfaffenzeller/results_project/checkpoint/5b5t_sensitivity_sweep,param_12_rep_3,/project/theorie/n/N.Pfaffenzeller/results_project/checkpoint/5b5t_sensitivity_sweep/data/param_12_rep_3,10000,5.0e-6,0.1,100.0,100,10000.0,0.9,25,0,1,1,1,0.2
/project/theorie/n/N.Pfaffenzeller/results_project/checkpoint/5b5t_sensitivity_sweep,param_12_rep_4,/project/theorie/n/N.Pfaffenzeller/results_project/checkpoint/5b5t_sensitivity_sweep/data/param_12_rep_4,10000,5.0e-6,0.1,100.0,100,5000.0,0.8,25,0,2,2,2,0.4
/project/theorie/n/N.Pfaffenzeller/results_project/checkpoint/5b5t_sensitivity_sweep,param_12_rep_4,/project/theorie/n/N.Pfaffenzeller/results_project/checkpoint/5b5t_sensitivity_sweep/data/param_12_rep_4,10000,5.0e-6,0.1,100.0,100,5000.0,0.9,25,0,1,1,1,0.2
/project/theorie/n/N.Pfaffenzeller/results_project/checkpoint/5b5t_sensitivity_sweep,param_12_rep_4,/project/theorie/n/N.Pfaffenzeller/results_project/checkpoint/5b5t_sensitivity_sweep/data/param_12_rep_4,10000,5.0e-6,0.1,100.0,100,10000.0,0.8,25,0,3,3,3,0.6
/project/theorie/n/N.Pfaffenzeller/results_project/checkpoint/5b5t_sensitivity_sweep,param_12_rep_4,/project/theorie/n/N.Pfaffenzeller/results_project/checkpoint/5b5t_sensitivity_sweep/data/param_12_rep_4,10000,5.0e-6,0.1,100.0,100,10000.0,0.9,25,0,1,1,1,0.2
/project/theorie/n/N.Pfaffenzeller/results_project/checkpoint/5b5t_sensitivity_sweep,param_12_rep_5,/project/theorie/n/N.Pfaffenzeller/results_project/checkpoint/5b5t_sensitivity_sweep/data/param_12_rep_5,10000,5.0e-6,0.1,100.0,100,5000.0,0.8,25,0,4,4,4,0.8
/project/theorie/n/N.Pfaffenzeller/results_project/checkpoint/5b5t_sensitivity_sweep,param_12_rep_5,/project/theorie/n/N.Pfaffenzeller/results_project/checkpoint/5b5t_sensitivity_sweep/data/param_12_rep_5,10000,5.0e-6,0.1,100.0,100,5000.0,0.9,25,0,2,2,2,0.4
/project/theorie/n/N.Pfaffenzeller/results_project/checkpoint/5b5t_sensitivity_sweep,param_12_rep_5,/project/theorie/n/N.Pfaffenzeller/results_project/checkpoint/5b5t_sensitivity_sweep/data/param_12_rep_5,10000,5.0e-6,0.1,100.0,100,10000.0,0.8,25,0,1,1,1,0.2
/project/theorie/n/N.Pfaffenzeller/results_project/checkpoint/5b5t_sensitivity_sweep,param_12_rep_5,/project/theorie/n/N.Pfaffenzeller/results_project/checkpoint/5b5t_sensitivity_sweep/data/param_12_rep_5,10000,5.0e-6,0.1,100.0,100,10000.0,0.9,25,0,0,0,0,0.0
/project/theorie/n/N.Pfaffenzeller/results_project/checkpoint/5b5t_sensitivity_sweep,param_13_rep_1,/project/theorie/n/N.Pfaffenzeller/results_project/checkpoint/5b5t_sensitivity_sweep/data/param_13_rep_1,10000,5.0e-6,0.1,0.1,1000,5000.0,0.8,25,0,0,0,0,0.0
/project/theorie/n/N.Pfaffenzeller/results_project/checkpoint/5b5t_sensitivity_sweep,param_13_rep_1,/project/theorie/n/N.Pfaffenzeller/results_project/checkpoint/5b5t_sensitivity_sweep/data/param_13_rep_1,10000,5.0e-6,0.1,0.1,1000,5000.0,0.9,25,0,0,0,0,0.0
/project/theorie/n/N.Pfaffenzeller/results_project/checkpoint/5b5t_sensitivity_sweep,param_13_rep_1,/project/theorie/n/N.Pfaffenzeller/results_project/checkpoint/5b5t_sensitivity_sweep/data/param_13_rep_1,10000,5.0e-6,0.1,0.1,1000,10000.0,0.8,25,0,0,0,0,0.0
/project/theorie/n/N.Pfaffenzeller/results_project/checkpoint/5b5t_sensitivity_sweep,param_13_rep_1,/project/theorie/n/N.Pfaffenzeller/results_project/checkpoint/5b5t_sensitivity_sweep/data/param_13_rep_1,10000,5.0e-6,0.1,0.1,1000,10000.0,0.9,25,0,0,0,0,0.0
/project/theorie/n/N.Pfaffenzeller/results_project/checkpoint/5b5t_sensitivity_sweep,param_13_rep_2,/project/theorie/n/N.Pfaffenzeller/results_project/checkpoint/5b5t_sensitivity_sweep/data/param_13_rep_2,10000,5.0e-6,0.1,0.1,1000,5000.0,0.8,25,0,0,0,0,0.0
/project/theorie/n/N.Pfaffenzeller/results_project/checkpoint/5b5t_sensitivity_sweep,param_13_rep_2,/project/theorie/n/N.Pfaffenzeller/results_project/checkpoint/5b5t_sensitivity_sweep/data/param_13_rep_2,10000,5.0e-6,0.1,0.1,1000,5000.0,0.9,25,0,0,0,0,0.0
/project/theorie/n/N.Pfaffenzeller/results_project/checkpoint/5b5t_sensitivity_sweep,param_13_rep_2,/project/theorie/n/N.Pfaffenzeller/results_project/checkpoint/5b5t_sensitivity_sweep/data/param_13_rep_2,10000,5.0e-6,0.1,0.1,1000,10000.0,0.8,25,0,0,0,0,0.0
/project/theorie/n/N.Pfaffenzeller/results_project/checkpoint/5b5t_sensitivity_sweep,param_13_rep_2,/project/theorie/n/N.Pfaffenzeller/results_project/checkpoint/5b5t_sensitivity_sweep/data/param_13_rep_2,10000,5.0e-6,0.1,0.1,1000,10000.0,0.9,25,0,0,0,0,0.0
/project/theorie/n/N.Pfaffenzeller/results_project/checkpoint/5b5t_sensitivity_sweep,param_13_rep_3,/project/theorie/n/N.Pfaffenzeller/results_project/checkpoint/5b5t_sensitivity_sweep/data/param_13_rep_3,10000,5.0e-6,0.1,0.1,1000,5000.0,0.8,25,0,0,0,0,0.0
/project/theorie/n/N.Pfaffenzeller/results_project/checkpoint/5b5t_sensitivity_sweep,param_13_rep_3,/project/theorie/n/N.Pfaffenzeller/results_project/checkpoint/5b5t_sensitivity_sweep/data/param_13_rep_3,10000,5.0e-6,0.1,0.1,1000,5000.0,0.9,25,0,0,0,0,0.0
/project/theorie/n/N.Pfaffenzeller/results_project/checkpoint/5b5t_sensitivity_sweep,param_13_rep_3,/project/theorie/n/N.Pfaffenzeller/results_project/checkpoint/5b5t_sensitivity_sweep/data/param_13_rep_3,10000,5.0e-6,0.1,0.1,1000,10000.0,0.8,25,0,0,0,0,0.0
/project/theorie/n/N.Pfaffenzeller/results_project/checkpoint/5b5t_sensitivity_sweep,param_13_rep_3,/project/theorie/n/N.Pfaffenzeller/results_project/checkpoint/5b5t_sensitivity_sweep/data/param_13_rep_3,10000,5.0e-6,0.1,0.1,1000,10000.0,0.9,25,0,0,0,0,0.0
/project/theorie/n/N.Pfaffenzeller/results_project/checkpoint/5b5t_sensitivity_sweep,param_13_rep_4,/project/theorie/n/N.Pfaffenzeller/results_project/checkpoint/5b5t_sensitivity_sweep/data/param_13_rep_4,10000,5.0e-6,0.1,0.1,1000,5000.0,0.8,25,0,0,0,0,0.0
/project/theorie/n/N.Pfaffenzeller/results_project/checkpoint/5b5t_sensitivity_sweep,param_13_rep_4,/project/theorie/n/N.Pfaffenzeller/results_project/checkpoint/5b5t_sensitivity_sweep/data/param_13_rep_4,10000,5.0e-6,0.1,0.1,1000,5000.0,0.9,25,0,0,0,0,0.0
/project/theorie/n/N.Pfaffenzeller/results_project/checkpoint/5b5t_sensitivity_sweep,param_13_rep_4,/project/theorie/n/N.Pfaffenzeller/results_project/checkpoint/5b5t_sensitivity_sweep/data/param_13_rep_4,10000,5.0e-6,0.1,0.1,1000,10000.0,0.8,25,0,0,0,0,0.0
/project/theorie/n/N.Pfaffenzeller/results_project/checkpoint/5b5t_sensitivity_sweep,param_13_rep_4,/project/theorie/n/N.Pfaffenzeller/results_project/checkpoint/5b5t_sensitivity_sweep/data/param_13_rep_4,10000,5.0e-6,0.1,0.1,1000,10000.0,0.9,25,0,0,0,0,0.0
/project/theorie/n/N.Pfaffenzeller/results_project/checkpoint/5b5t_sensitivity_sweep,param_13_rep_5,/project/theorie/n/N.Pfaffenzeller/results_project/checkpoint/5b5t_sensitivity_sweep/data/param_13_rep_5,10000,5.0e-6,0.1,0.1,1000,5000.0,0.8,25,0,0,0,0,0.0
/project/theorie/n/N.Pfaffenzeller/results_project/checkpoint/5b5t_sensitivity_sweep,param_13_rep_5,/project/theorie/n/N.Pfaffenzeller/results_project/checkpoint/5b5t_sensitivity_sweep/data/param_13_rep_5,10000,5.0e-6,0.1,0.1,1000,5000.0,0.9,25,0,0,0,0,0.0
/project/theorie/n/N.Pfaffenzeller/results_project/checkpoint/5b5t_sensitivity_sweep,param_13_rep_5,/project/theorie/n/N.Pfaffenzeller/results_project/checkpoint/5b5t_sensitivity_sweep/data/param_13_rep_5,10000,5.0e-6,0.1,0.1,1000,10000.0,0.8,25,0,0,0,0,0.0
/project/theorie/n/N.Pfaffenzeller/results_project/checkpoint/5b5t_sensitivity_sweep,param_13_rep_5,/project/theorie/n/N.Pfaffenzeller/results_project/checkpoint/5b5t_sensitivity_sweep/data/param_13_rep_5,10000,5.0e-6,0.1,0.1,1000,10000.0,0.9,25,0,0,0,0,0.0
/project/theorie/n/N.Pfaffenzeller/results_project/checkpoint/5b5t_sensitivity_sweep,param_14_rep_1,/project/theorie/n/N.Pfaffenzeller/results_project/checkpoint/5b5t_sensitivity_sweep/data/param_14_rep_1,10000,5.0e-6,0.1,1.0,1000,5000.0,0.8,25,0,0,0,0,0.0
/project/theorie/n/N.Pfaffenzeller/results_project/checkpoint/5b5t_sensitivity_sweep,param_14_rep_1,/project/theorie/n/N.Pfaffenzeller/results_project/checkpoint/5b5t_sensitivity_sweep/data/param_14_rep_1,10000,5.0e-6,0.1,1.0,1000,5000.0,0.9,25,0,0,0,0,0.0
/project/theorie/n/N.Pfaffenzeller/results_project/checkpoint/5b5t_sensitivity_sweep,param_14_rep_1,/project/theorie/n/N.Pfaffenzeller/results_project/checkpoint/5b5t_sensitivity_sweep/data/param_14_rep_1,10000,5.0e-6,0.1,1.0,1000,10000.0,0.8,25,0,0,0,0,0.0
/project/theorie/n/N.Pfaffenzeller/results_project/checkpoint/5b5t_sensitivity_sweep,param_14_rep_1,/project/theorie/n/N.Pfaffenzeller/results_project/checkpoint/5b5t_sensitivity_sweep/data/param_14_rep_1,10000,5.0e-6,0.1,1.0,1000,10000.0,0.9,25,0,0,0,0,0.0
/project/theorie/n/N.Pfaffenzeller/results_project/checkpoint/5b5t_sensitivity_sweep,param_14_rep_2,/project/theorie/n/N.Pfaffenzeller/results_project/checkpoint/5b5t_sensitivity_sweep/data/param_14_rep_2,10000,5.0e-6,0.1,1.0,1000,5000.0,0.8,25,0,0,0,0,0.0
/project/theorie/n/N.Pfaffenzeller/results_project/checkpoint/5b5t_sensitivity_sweep,param_14_rep_2,/project/theorie/n/N.Pfaffenzeller/results_project/checkpoint/5b5t_sensitivity_sweep/data/param_14_rep_2,10000,5.0e-6,0.1,1.0,1000,5000.0,0.9,25,0,0,0,0,0.0
/project/theorie/n/N.Pfaffenzeller/results_project/checkpoint/5b5t_sensitivity_sweep,param_14_rep_2,/project/theorie/n/N.Pfaffenzeller/results_project/checkpoint/5b5t_sensitivity_sweep/data/param_14_rep_2,10000,5.0e-6,0.1,1.0,1000,10000.0,0.8,25,0,0,0,0,0.0
/project/theorie/n/N.Pfaffenzeller/results_project/checkpoint/5b5t_sensitivity_sweep,param_14_rep_2,/project/theorie/n/N.Pfaffenzeller/results_project/checkpoint/5b5t_sensitivity_sweep/data/param_14_rep_2,10000,5.0e-6,0.1,1.0,1000,10000.0,0.9,25,0,0,0,0,0.0
/project/theorie/n/N.Pfaffenzeller/results_project/checkpoint/5b5t_sensitivity_sweep,param_14_rep_3,/project/theorie/n/N.Pfaffenzeller/results_project/checkpoint/5b5t_sensitivity_sweep/data/param_14_rep_3,10000,5.0e-6,0.1,1.0,1000,5000.0,0.8,25,0,0,0,0,0.0
/project/theorie/n/N.Pfaffenzeller/results_project/checkpoint/5b5t_sensitivity_sweep,param_14_rep_3,/project/theorie/n/N.Pfaffenzeller/results_project/checkpoint/5b5t_sensitivity_sweep/data/param_14_rep_3,10000,5.0e-6,0.1,1.0,1000,5000.0,0.9,25,0,0,0,0,0.0
/project/theorie/n/N.Pfaffenzeller/results_project/checkpoint/5b5t_sensitivity_sweep,param_14_rep_3,/project/theorie/n/N.Pfaffenzeller/results_project/checkpoint/5b5t_sensitivity_sweep/data/param_14_rep_3,10000,5.0e-6,0.1,1.0,1000,10000.0,0.8,25,0,0,0,0,0.0
/project/theorie/n/N.Pfaffenzeller/results_project/checkpoint/5b5t_sensitivity_sweep,param_14_rep_3,/project/theorie/n/N.Pfaffenzeller/results_project/checkpoint/5b5t_sensitivity_sweep/data/param_14_rep_3,10000,5.0e-6,0.1,1.0,1000,10000.0,0.9,25,0,0,0,0,0.0
/project/theorie/n/N.Pfaffenzeller/results_project/checkpoint/5b5t_sensitivity_sweep,param_14_rep_4,/project/theorie/n/N.Pfaffenzeller/results_project/checkpoint/5b5t_sensitivity_sweep/data/param_14_rep_4,10000,5.0e-6,0.1,1.0,1000,5000.0,0.8,25,0,0,0,0,0.0
/project/theorie/n/N.Pfaffenzeller/results_project/checkpoint/5b5t_sensitivity_sweep,param_14_rep_4,/project/theorie/n/N.Pfaffenzeller/results_project/checkpoint/5b5t_sensitivity_sweep/data/param_14_rep_4,10000,5.0e-6,0.1,1.0,1000,5000.0,0.9,25,0,0,0,0,0.0
/project/theorie/n/N.Pfaffenzeller/results_project/checkpoint/5b5t_sensitivity_sweep,param_14_rep_4,/project/theorie/n/N.Pfaffenzeller/results_project/checkpoint/5b5t_sensitivity_sweep/data/param_14_rep_4,10000,5.0e-6,0.1,1.0,1000,10000.0,0.8,25,0,0,0,0,0.0
/project/theorie/n/N.Pfaffenzeller/results_project/checkpoint/5b5t_sensitivity_sweep,param_14_rep_4,/project/theorie/n/N.Pfaffenzeller/results_project/checkpoint/5b5t_sensitivity_sweep/data/param_14_rep_4,10000,5.0e-6,0.1,1.0,1000,10000.0,0.9,25,0,0,0,0,0.0
/project/theorie/n/N.Pfaffenzeller/results_project/checkpoint/5b5t_sensitivity_sweep,param_14_rep_5,/project/theorie/n/N.Pfaffenzeller/results_project/checkpoint/5b5t_sensitivity_sweep/data/param_14_rep_5,10000,5.0e-6,0.1,1.0,1000,5000.0,0.8,25,0,0,0,0,0.0
/project/theorie/n/N.Pfaffenzeller/results_project/checkpoint/5b5t_sensitivity_sweep,param_14_rep_5,/project/theorie/n/N.Pfaffenzeller/results_project/checkpoint/5b5t_sensitivity_sweep/data/param_14_rep_5,10000,5.0e-6,0.1,1.0,1000,5000.0,0.9,25,0,0,0,0,0.0
/project/theorie/n/N.Pfaffenzeller/results_project/checkpoint/5b5t_sensitivity_sweep,param_14_rep_5,/project/theorie/n/N.Pfaffenzeller/results_project/checkpoint/5b5t_sensitivity_sweep/data/param_14_rep_5,10000,5.0e-6,0.1,1.0,1000,10000.0,0.8,25,0,0,0,0,0.0
/project/theorie/n/N.Pfaffenzeller/results_project/checkpoint/5b5t_sensitivity_sweep,param_14_rep_5,/project/theorie/n/N.Pfaffenzeller/results_project/checkpoint/5b5t_sensitivity_sweep/data/param_14_rep_5,10000,5.0e-6,0.1,1.0,1000,10000.0,0.9,25,0,0,0,0,0.0
/project/theorie/n/N.Pfaffenzeller/results_project/checkpoint/5b5t_sensitivity_sweep,param_15_rep_1,/project/theorie/n/N.Pfaffenzeller/results_project/checkpoint/5b5t_sensitivity_sweep/data/param_15_rep_1,10000,5.0e-6,0.1,10.0,1000,5000.0,0.8,25,0,0,0,0,0.0
/project/theorie/n/N.Pfaffenzeller/results_project/checkpoint/5b5t_sensitivity_sweep,param_15_rep_1,/project/theorie/n/N.Pfaffenzeller/results_project/checkpoint/5b5t_sensitivity_sweep/data/param_15_rep_1,10000,5.0e-6,0.1,10.0,1000,5000.0,0.9,25,0,0,0,0,0.0
/project/theorie/n/N.Pfaffenzeller/results_project/checkpoint/5b5t_sensitivity_sweep,param_15_rep_1,/project/theorie/n/N.Pfaffenzeller/results_project/checkpoint/5b5t_sensitivity_sweep/data/param_15_rep_1,10000,5.0e-6,0.1,10.0,1000,10000.0,0.8,25,0,0,0,0,0.0
/project/theorie/n/N.Pfaffenzeller/results_project/checkpoint/5b5t_sensitivity_sweep,param_15_rep_1,/project/theorie/n/N.Pfaffenzeller/results_project/checkpoint/5b5t_sensitivity_sweep/data/param_15_rep_1,10000,5.0e-6,0.1,10.0,1000,10000.0,0.9,25,0,0,0,0,0.0
/project/theorie/n/N.Pfaffenzeller/results_project/checkpoint/5b5t_sensitivity_sweep,param_15_rep_2,/project/theorie/n/N.Pfaffenzeller/results_project/checkpoint/5b5t_sensitivity_sweep/data/param_15_rep_2,10000,5.0e-6,0.1,10.0,1000,5000.0,0.8,25,0,0,0,0,0.0
/project/theorie/n/N.Pfaffenzeller/results_project/checkpoint/5b5t_sensitivity_sweep,param_15_rep_2,/project/theorie/n/N.Pfaffenzeller/results_project/checkpoint/5b5t_sensitivity_sweep/data/param_15_rep_2,10000,5.0e-6,0.1,10.0,1000,5000.0,0.9,25,0,0,0,0,0.0
/project/theorie/n/N.Pfaffenzeller/results_project/checkpoint/5b5t_sensitivity_sweep,param_15_rep_2,/project/theorie/n/N.Pfaffenzeller/results_project/checkpoint/5b5t_sensitivity_sweep/data/param_15_rep_2,10000,5.0e-6,0.1,10.0,1000,10000.0,0.8,25,0,0,0,0,0.0
/project/theorie/n/N.Pfaffenzeller/results_project/checkpoint/5b5t_sensitivity_sweep,param_15_rep_2,/project/theorie/n/N.Pfaffenzeller/results_project/checkpoint/5b5t_sensitivity_sweep/data/param_15_rep_2,10000,5.0e-6,0.1,10.0,1000,10000.0,0.9,25,0,0,0,0,0.0
/project/theorie/n/N.Pfaffenzeller/results_project/checkpoint/5b5t_sensitivity_sweep,param_15_rep_3,/project/theorie/n/N.Pfaffenzeller/results_project/checkpoint/5b5t_sensitivity_sweep/data/param_15_rep_3,10000,5.0e-6,0.1,10.0,1000,5000.0,0.8,25,0,0,0,0,0.0
/project/theorie/n/N.Pfaffenzeller/results_project/checkpoint/5b5t_sensitivity_sweep,param_15_rep_3,/project/theorie/n/N.Pfaffenzeller/results_project/checkpoint/5b5t_sensitivity_sweep/data/param_15_rep_3,10000,5.0e-6,0.1,10.0,1000,5000.0,0.9,25,0,0,0,0,0.0
/project/theorie/n/N.Pfaffenzeller/results_project/checkpoint/5b5t_sensitivity_sweep,param_15_rep_3,/project/theorie/n/N.Pfaffenzeller/results_project/checkpoint/5b5t_sensitivity_sweep/data/param_15_rep_3,10000,5.0e-6,0.1,10.0,1000,10000.0,0.8,25,0,0,0,0,0.0
/project/theorie/n/N.Pfaffenzeller/results_project/checkpoint/5b5t_sensitivity_sweep,param_15_rep_3,/project/theorie/n/N.Pfaffenzeller/results_project/checkpoint/5b5t_sensitivity_sweep/data/param_15_rep_3,10000,5.0e-6,0.1,10.0,1000,10000.0,0.9,25,0,0,0,0,0.0
/project/theorie/n/N.Pfaffenzeller/results_project/checkpoint/5b5t_sensitivity_sweep,param_15_rep_4,/project/theorie/n/N.Pfaffenzeller/results_project/checkpoint/5b5t_sensitivity_sweep/data/param_15_rep_4,10000,5.0e-6,0.1,10.0,1000,5000.0,0.8,25,0,0,0,0,0.0
/project/theorie/n/N.Pfaffenzeller/results_project/checkpoint/5b5t_sensitivity_sweep,param_15_rep_4,/project/theorie/n/N.Pfaffenzeller/results_project/checkpoint/5b5t_sensitivity_sweep/data/param_15_rep_4,10000,5.0e-6,0.1,10.0,1000,5000.0,0.9,25,0,0,0,0,0.0
/project/theorie/n/N.Pfaffenzeller/results_project/checkpoint/5b5t_sensitivity_sweep,param_15_rep_4,/project/theorie/n/N.Pfaffenzeller/results_project/checkpoint/5b5t_sensitivity_sweep/data/param_15_rep_4,10000,5.0e-6,0.1,10.0,1000,10000.0,0.8,25,0,0,0,0,0.0
/project/theorie/n/N.Pfaffenzeller/results_project/checkpoint/5b5t_sensitivity_sweep,param_15_rep_4,/project/theorie/n/N.Pfaffenzeller/results_project/checkpoint/5b5t_sensitivity_sweep/data/param_15_rep_4,10000,5.0e-6,0.1,10.0,1000,10000.0,0.9,25,0,0,0,0,0.0
/project/theorie/n/N.Pfaffenzeller/results_project/checkpoint/5b5t_sensitivity_sweep,param_15_rep_5,/project/theorie/n/N.Pfaffenzeller/results_project/checkpoint/5b5t_sensitivity_sweep/data/param_15_rep_5,10000,5.0e-6,0.1,10.0,1000,5000.0,0.8,25,0,0,0,0,0.0
/project/theorie/n/N.Pfaffenzeller/results_project/checkpoint/5b5t_sensitivity_sweep,param_15_rep_5,/project/theorie/n/N.Pfaffenzeller/results_project/checkpoint/5b5t_sensitivity_sweep/data/param_15_rep_5,10000,5.0e-6,0.1,10.0,1000,5000.0,0.9,25,0,0,0,0,0.0
/project/theorie/n/N.Pfaffenzeller/results_project/checkpoint/5b5t_sensitivity_sweep,param_15_rep_5,/project/theorie/n/N.Pfaffenzeller/results_project/checkpoint/5b5t_sensitivity_sweep/data/param_15_rep_5,10000,5.0e-6,0.1,10.0,1000,10000.0,0.8,25,0,0,0,0,0.0
/project/theorie/n/N.Pfaffenzeller/results_project/checkpoint/5b5t_sensitivity_sweep,param_15_rep_5,/project/theorie/n/N.Pfaffenzeller/results_project/checkpoint/5b5t_sensitivity_sweep/data/param_15_rep_5,10000,5.0e-6,0.1,10.0,1000,10000.0,0.9,25,0,0,0,0,0.0
/project/theorie/n/N.Pfaffenzeller/results_project/checkpoint/5b5t_sensitivity_sweep,param_16_rep_1,/project/theorie/n/N.Pfaffenzeller/results_project/checkpoint/5b5t_sensitivity_sweep/data/param_16_rep_1,10000,5.0e-6,0.1,100.0,1000,5000.0,0.8,25,0,3,3,3,0.6
/project/theorie/n/N.Pfaffenzeller/results_project/checkpoint/5b5t_sensitivity_sweep,param_16_rep_1,/project/theorie/n/N.Pfaffenzeller/results_project/checkpoint/5b5t_sensitivity_sweep/data/param_16_rep_1,10000,5.0e-6,0.1,100.0,1000,5000.0,0.9,25,0,3,3,3,0.6
/project/theorie/n/N.Pfaffenzeller/results_project/checkpoint/5b5t_sensitivity_sweep,param_16_rep_1,/project/theorie/n/N.Pfaffenzeller/results_project/checkpoint/5b5t_sensitivity_sweep/data/param_16_rep_1,10000,5.0e-6,0.1,100.0,1000,10000.0,0.8,25,0,1,0,0,0.4
/project/theorie/n/N.Pfaffenzeller/results_project/checkpoint/5b5t_sensitivity_sweep,param_16_rep_1,/project/theorie/n/N.Pfaffenzeller/results_project/checkpoint/5b5t_sensitivity_sweep/data/param_16_rep_1,10000,5.0e-6,0.1,100.0,1000,10000.0,0.9,25,0,1,1,1,0.2
/project/theorie/n/N.Pfaffenzeller/results_project/checkpoint/5b5t_sensitivity_sweep,param_16_rep_2,/project/theorie/n/N.Pfaffenzeller/results_project/checkpoint/5b5t_sensitivity_sweep/data/param_16_rep_2,10000,5.0e-6,0.1,100.0,1000,5000.0,0.8,25,0,2,2,2,0.4
/project/theorie/n/N.Pfaffenzeller/results_project/checkpoint/5b5t_sensitivity_sweep,param_16_rep_2,/project/theorie/n/N.Pfaffenzeller/results_project/checkpoint/5b5t_sensitivity_sweep/data/param_16_rep_2,10000,5.0e-6,0.1,100.0,1000,5000.0,0.9,25,0,2,2,2,0.4
/project/theorie/n/N.Pfaffenzeller/results_project/checkpoint/5b5t_sensitivity_sweep,param_16_rep_2,/project/theorie/n/N.Pfaffenzeller/results_project/checkpoint/5b5t_sensitivity_sweep/data/param_16_rep_2,10000,5.0e-6,0.1,100.0,1000,10000.0,0.8,25,0,4,4,4,0.8
/project/theorie/n/N.Pfaffenzeller/results_project/checkpoint/5b5t_sensitivity_sweep,param_16_rep_2,/project/theorie/n/N.Pfaffenzeller/results_project/checkpoint/5b5t_sensitivity_sweep/data/param_16_rep_2,10000,5.0e-6,0.1,100.0,1000,10000.0,0.9,25,0,3,3,3,0.6
/project/theorie/n/N.Pfaffenzeller/results_project/checkpoint/5b5t_sensitivity_sweep,param_16_rep_3,/project/theorie/n/N.Pfaffenzeller/results_project/checkpoint/5b5t_sensitivity_sweep/data/param_16_rep_3,10000,5.0e-6,0.1,100.0,1000,5000.0,0.8,25,0,1,1,1,0.2
/project/theorie/n/N.Pfaffenzeller/results_project/checkpoint/5b5t_sensitivity_sweep,param_16_rep_3,/project/theorie/n/N.Pfaffenzeller/results_project/checkpoint/5b5t_sensitivity_sweep/data/param_16_rep_3,10000,5.0e-6,0.1,100.0,1000,5000.0,0.9,25,0,1,1,1,0.2
/project/theorie/n/N.Pfaffenzeller/results_project/checkpoint/5b5t_sensitivity_sweep,param_16_rep_3,/project/theorie/n/N.Pfaffenzeller/results_project/checkpoint/5b5t_sensitivity_sweep/data/param_16_rep_3,10000,5.0e-6,0.1,100.0,1000,10000.0,0.8,25,0,1,1,1,0.2
/project/theorie/n/N.Pfaffenzeller/results_project/checkpoint/5b5t_sensitivity_sweep,param_16_rep_3,/project/theorie/n/N.Pfaffenzeller/results_project/checkpoint/5b5t_sensitivity_sweep/data/param_16_rep_3,10000,5.0e-6,0.1,100.0,1000,10000.0,0.9,25,0,1,1,1,0.2
/project/theorie/n/N.Pfaffenzeller/results_project/checkpoint/5b5t_sensitivity_sweep,param_16_rep_4,/project/theorie/n/N.Pfaffenzeller/results_project/checkpoint/5b5t_sensitivity_sweep/data/param_16_rep_4,10000,5.0e-6,0.1,100.0,1000,5000.0,0.8,25,0,3,3,3,0.6
/project/theorie/n/N.Pfaffenzeller/results_project/checkpoint/5b5t_sensitivity_sweep,param_16_rep_4,/project/theorie/n/N.Pfaffenzeller/results_project/checkpoint/5b5t_sensitivity_sweep/data/param_16_rep_4,10000,5.0e-6,0.1,100.0,1000,5000.0,0.9,25,0,3,3,3,0.6
/project/theorie/n/N.Pfaffenzeller/results_project/checkpoint/5b5t_sensitivity_sweep,param_16_rep_4,/project/theorie/n/N.Pfaffenzeller/results_project/checkpoint/5b5t_sensitivity_sweep/data/param_16_rep_4,10000,5.0e-6,0.1,100.0,1000,10000.0,0.8,25,0,2,2,2,0.4
/project/theorie/n/N.Pfaffenzeller/results_project/checkpoint/5b5t_sensitivity_sweep,param_16_rep_4,/project/theorie/n/N.Pfaffenzeller/results_project/checkpoint/5b5t_sensitivity_sweep/data/param_16_rep_4,10000,5.0e-6,0.1,100.0,1000,10000.0,0.9,25,0,1,1,1,0.2
/project/theorie/n/N.Pfaffenzeller/results_project/checkpoint/5b5t_sensitivity_sweep,param_16_rep_5,/project/theorie/n/N.Pfaffenzeller/results_project/checkpoint/5b5t_sensitivity_sweep/data/param_16_rep_5,10000,5.0e-6,0.1,100.0,1000,5000.0,0.8,25,0,3,3,3,0.6
/project/theorie/n/N.Pfaffenzeller/results_project/checkpoint/5b5t_sensitivity_sweep,param_16_rep_5,/project/theorie/n/N.Pfaffenzeller/results_project/checkpoint/5b5t_sensitivity_sweep/data/param_16_rep_5,10000,5.0e-6,0.1,100.0,1000,5000.0,0.9,25,0,2,2,2,0.4
/project/theorie/n/N.Pfaffenzeller/results_project/checkpoint/5b5t_sensitivity_sweep,param_16_rep_5,/project/theorie/n/N.Pfaffenzeller/results_project/checkpoint/5b5t_sensitivity_sweep/data/param_16_rep_5,10000,5.0e-6,0.1,100.0,1000,10000.0,0.8,25,0,1,1,1,0.2
/project/theorie/n/N.Pfaffenzeller/results_project/checkpoint/5b5t_sensitivity_sweep,param_16_rep_5,/project/theorie/n/N.Pfaffenzeller/results_project/checkpoint/5b5t_sensitivity_sweep/data/param_16_rep_5,10000,5.0e-6,0.1,100.0,1000,10000.0,0.9,25,0,0,0,0,0.0
/project/theorie/n/N.Pfaffenzeller/results_project/checkpoint/5b5t_sensitivity_sweep,param_17_rep_1,/project/theorie/n/N.Pfaffenzeller/results_project/checkpoint/5b5t_sensitivity_sweep/data/param_17_rep_1,10000,5.0e-6,0.1,0.1,10000,5000.0,0.8,25,0,0,0,0,0.0
/project/theorie/n/N.Pfaffenzeller/results_project/checkpoint/5b5t_sensitivity_sweep,param_17_rep_1,/project/theorie/n/N.Pfaffenzeller/results_project/checkpoint/5b5t_sensitivity_sweep/data/param_17_rep_1,10000,5.0e-6,0.1,0.1,10000,5000.0,0.9,25,0,0,0,0,0.0
/project/theorie/n/N.Pfaffenzeller/results_project/checkpoint/5b5t_sensitivity_sweep,param_17_rep_1,/project/theorie/n/N.Pfaffenzeller/results_project/checkpoint/5b5t_sensitivity_sweep/data/param_17_rep_1,10000,5.0e-6,0.1,0.1,10000,10000.0,0.8,25,0,0,0,0,0.0
/project/theorie/n/N.Pfaffenzeller/results_project/checkpoint/5b5t_sensitivity_sweep,param_17_rep_1,/project/theorie/n/N.Pfaffenzeller/results_project/checkpoint/5b5t_sensitivity_sweep/data/param_17_rep_1,10000,5.0e-6,0.1,0.1,10000,10000.0,0.9,25,0,0,0,0,0.0
/project/theorie/n/N.Pfaffenzeller/results_project/checkpoint/5b5t_sensitivity_sweep,param_17_rep_2,/project/theorie/n/N.Pfaffenzeller/results_project/checkpoint/5b5t_sensitivity_sweep/data/param_17_rep_2,10000,5.0e-6,0.1,0.1,10000,5000.0,0.8,25,0,0,0,0,0.0
/project/theorie/n/N.Pfaffenzeller/results_project/checkpoint/5b5t_sensitivity_sweep,param_17_rep_2,/project/theorie/n/N.Pfaffenzeller/results_project/checkpoint/5b5t_sensitivity_sweep/data/param_17_rep_2,10000,5.0e-6,0.1,0.1,10000,5000.0,0.9,25,0,0,0,0,0.0
/project/theorie/n/N.Pfaffenzeller/results_project/checkpoint/5b5t_sensitivity_sweep,param_17_rep_2,/project/theorie/n/N.Pfaffenzeller/results_project/checkpoint/5b5t_sensitivity_sweep/data/param_17_rep_2,10000,5.0e-6,0.1,0.1,10000,10000.0,0.8,25,0,0,0,0,0.0
/project/theorie/n/N.Pfaffenzeller/results_project/checkpoint/5b5t_sensitivity_sweep,param_17_rep_2,/project/theorie/n/N.Pfaffenzeller/results_project/checkpoint/5b5t_sensitivity_sweep/data/param_17_rep_2,10000,5.0e-6,0.1,0.1,10000,10000.0,0.9,25,0,0,0,0,0.0
/project/theorie/n/N.Pfaffenzeller/results_project/checkpoint/5b5t_sensitivity_sweep,param_17_rep_3,/project/theorie/n/N.Pfaffenzeller/results_project/checkpoint/5b5t_sensitivity_sweep/data/param_17_rep_3,10000,5.0e-6,0.1,0.1,10000,5000.0,0.8,25,0,0,0,0,0.0
/project/theorie/n/N.Pfaffenzeller/results_project/checkpoint/5b5t_sensitivity_sweep,param_17_rep_3,/project/theorie/n/N.Pfaffenzeller/results_project/checkpoint/5b5t_sensitivity_sweep/data/param_17_rep_3,10000,5.0e-6,0.1,0.1,10000,5000.0,0.9,25,0,0,0,0,0.0
/project/theorie/n/N.Pfaffenzeller/results_project/checkpoint/5b5t_sensitivity_sweep,param_17_rep_3,/project/theorie/n/N.Pfaffenzeller/results_project/checkpoint/5b5t_sensitivity_sweep/data/param_17_rep_3,10000,5.0e-6,0.1,0.1,10000,10000.0,0.8,25,0,0,0,0,0.0
/project/theorie/n/N.Pfaffenzeller/results_project/checkpoint/5b5t_sensitivity_sweep,param_17_rep_3,/project/theorie/n/N.Pfaffenzeller/results_project/checkpoint/5b5t_sensitivity_sweep/data/param_17_rep_3,10000,5.0e-6,0.1,0.1,10000,10000.0,0.9,25,0,0,0,0,0.0
/project/theorie/n/N.Pfaffenzeller/results_project/checkpoint/5b5t_sensitivity_sweep,param_17_rep_4,/project/theorie/n/N.Pfaffenzeller/results_project/checkpoint/5b5t_sensitivity_sweep/data/param_17_rep_4,10000,5.0e-6,0.1,0.1,10000,5000.0,0.8,25,0,0,0,0,0.0
/project/theorie/n/N.Pfaffenzeller/results_project/checkpoint/5b5t_sensitivity_sweep,param_17_rep_4,/project/theorie/n/N.Pfaffenzeller/results_project/checkpoint/5b5t_sensitivity_sweep/data/param_17_rep_4,10000,5.0e-6,0.1,0.1,10000,5000.0,0.9,25,0,0,0,0,0.0
/project/theorie/n/N.Pfaffenzeller/results_project/checkpoint/5b5t_sensitivity_sweep,param_17_rep_4,/project/theorie/n/N.Pfaffenzeller/results_project/checkpoint/5b5t_sensitivity_sweep/data/param_17_rep_4,10000,5.0e-6,0.1,0.1,10000,10000.0,0.8,25,0,0,0,0,0.0
/project/theorie/n/N.Pfaffenzeller/results_project/checkpoint/5b5t_sensitivity_sweep,param_17_rep_4,/project/theorie/n/N.Pfaffenzeller/results_project/checkpoint/5b5t_sensitivity_sweep/data/param_17_rep_4,10000,5.0e-6,0.1,0.1,10000,10000.0,0.9,25,0,0,0,0,0.0
/project/theorie/n/N.Pfaffenzeller/results_project/checkpoint/5b5t_sensitivity_sweep,param_17_rep_5,/project/theorie/n/N.Pfaffenzeller/results_project/checkpoint/5b5t_sensitivity_sweep/data/param_17_rep_5,10000,5.0e-6,0.1,0.1,10000,5000.0,0.8,25,0,0,0,0,0.0
/project/theorie/n/N.Pfaffenzeller/results_project/checkpoint/5b5t_sensitivity_sweep,param_17_rep_5,/project/theorie/n/N.Pfaffenzeller/results_project/checkpoint/5b5t_sensitivity_sweep/data/param_17_rep_5,10000,5.0e-6,0.1,0.1,10000,5000.0,0.9,25,0,0,0,0,0.0
/project/theorie/n/N.Pfaffenzeller/results_project/checkpoint/5b5t_sensitivity_sweep,param_17_rep_5,/project/theorie/n/N.Pfaffenzeller/results_project/checkpoint/5b5t_sensitivity_sweep/data/param_17_rep_5,10000,5.0e-6,0.1,0.1,10000,10000.0,0.8,25,0,0,0,0,0.0
/project/theorie/n/N.Pfaffenzeller/results_project/checkpoint/5b5t_sensitivity_sweep,param_17_rep_5,/project/theorie/n/N.Pfaffenzeller/results_project/checkpoint/5b5t_sensitivity_sweep/data/param_17_rep_5,10000,5.0e-6,0.1,0.1,10000,10000.0,0.9,25,0,0,0,0,0.0
/project/theorie/n/N.Pfaffenzeller/results_project/checkpoint/5b5t_sensitivity_sweep,param_18_rep_1,/project/theorie/n/N.Pfaffenzeller/results_project/checkpoint/5b5t_sensitivity_sweep/data/param_18_rep_1,10000,5.0e-6,0.1,1.0,10000,5000.0,0.8,25,0,0,0,0,0.0
/project/theorie/n/N.Pfaffenzeller/results_project/checkpoint/5b5t_sensitivity_sweep,param_18_rep_1,/project/theorie/n/N.Pfaffenzeller/results_project/checkpoint/5b5t_sensitivity_sweep/data/param_18_rep_1,10000,5.0e-6,0.1,1.0,10000,5000.0,0.9,25,0,0,0,0,0.0
/project/theorie/n/N.Pfaffenzeller/results_project/checkpoint/5b5t_sensitivity_sweep,param_18_rep_1,/project/theorie/n/N.Pfaffenzeller/results_project/checkpoint/5b5t_sensitivity_sweep/data/param_18_rep_1,10000,5.0e-6,0.1,1.0,10000,10000.0,0.8,25,0,0,0,0,0.0
/project/theorie/n/N.Pfaffenzeller/results_project/checkpoint/5b5t_sensitivity_sweep,param_18_rep_1,/project/theorie/n/N.Pfaffenzeller/results_project/checkpoint/5b5t_sensitivity_sweep/data/param_18_rep_1,10000,5.0e-6,0.1,1.0,10000,10000.0,0.9,25,0,0,0,0,0.0
/project/theorie/n/N.Pfaffenzeller/results_project/checkpoint/5b5t_sensitivity_sweep,param_18_rep_2,/project/theorie/n/N.Pfaffenzeller/results_project/checkpoint/5b5t_sensitivity_sweep/data/param_18_rep_2,10000,5.0e-6,0.1,1.0,10000,5000.0,0.8,25,0,0,0,0,0.0
/project/theorie/n/N.Pfaffenzeller/results_project/checkpoint/5b5t_sensitivity_sweep,param_18_rep_2,/project/theorie/n/N.Pfaffenzeller/results_project/checkpoint/5b5t_sensitivity_sweep/data/param_18_rep_2,10000,5.0e-6,0.1,1.0,10000,5000.0,0.9,25,0,0,0,0,0.0
/project/theorie/n/N.Pfaffenzeller/results_project/checkpoint/5b5t_sensitivity_sweep,param_18_rep_2,/project/theorie/n/N.Pfaffenzeller/results_project/checkpoint/5b5t_sensitivity_sweep/data/param_18_rep_2,10000,5.0e-6,0.1,1.0,10000,10000.0,0.8,25,0,0,0,0,0.0
/project/theorie/n/N.Pfaffenzeller/results_project/checkpoint/5b5t_sensitivity_sweep,param_18_rep_2,/project/theorie/n/N.Pfaffenzeller/results_project/checkpoint/5b5t_sensitivity_sweep/data/param_18_rep_2,10000,5.0e-6,0.1,1.0,10000,10000.0,0.9,25,0,0,0,0,0.0
/project/theorie/n/N.Pfaffenzeller/results_project/checkpoint/5b5t_sensitivity_sweep,param_18_rep_3,/project/theorie/n/N.Pfaffenzeller/results_project/checkpoint/5b5t_sensitivity_sweep/data/param_18_rep_3,10000,5.0e-6,0.1,1.0,10000,5000.0,0.8,25,0,0,0,0,0.0
/project/theorie/n/N.Pfaffenzeller/results_project/checkpoint/5b5t_sensitivity_sweep,param_18_rep_3,/project/theorie/n/N.Pfaffenzeller/results_project/checkpoint/5b5t_sensitivity_sweep/data/param_18_rep_3,10000,5.0e-6,0.1,1.0,10000,5000.0,0.9,25,0,0,0,0,0.0
/project/theorie/n/N.Pfaffenzeller/results_project/checkpoint/5b5t_sensitivity_sweep,param_18_rep_3,/project/theorie/n/N.Pfaffenzeller/results_project/checkpoint/5b5t_sensitivity_sweep/data/param_18_rep_3,10000,5.0e-6,0.1,1.0,10000,10000.0,0.8,25,0,0,0,0,0.0
/project/theorie/n/N.Pfaffenzeller/results_project/checkpoint/5b5t_sensitivity_sweep,param_18_rep_3,/project/theorie/n/N.Pfaffenzeller/results_project/checkpoint/5b5t_sensitivity_sweep/data/param_18_rep_3,10000,5.0e-6,0.1,1.0,10000,10000.0,0.9,25,0,0,0,0,0.0
/project/theorie/n/N.Pfaffenzeller/results_project/checkpoint/5b5t_sensitivity_sweep,param_18_rep_4,/project/theorie/n/N.Pfaffenzeller/results_project/checkpoint/5b5t_sensitivity_sweep/data/param_18_rep_4,10000,5.0e-6,0.1,1.0,10000,5000.0,0.8,25,0,0,0,0,0.0
/project/theorie/n/N.Pfaffenzeller/results_project/checkpoint/5b5t_sensitivity_sweep,param_18_rep_4,/project/theorie/n/N.Pfaffenzeller/results_project/checkpoint/5b5t_sensitivity_sweep/data/param_18_rep_4,10000,5.0e-6,0.1,1.0,10000,5000.0,0.9,25,0,0,0,0,0.0
/project/theorie/n/N.Pfaffenzeller/results_project/checkpoint/5b5t_sensitivity_sweep,param_18_rep_4,/project/theorie/n/N.Pfaffenzeller/results_project/checkpoint/5b5t_sensitivity_sweep/data/param_18_rep_4,10000,5.0e-6,0.1,1.0,10000,10000.0,0.8,25,0,0,0,0,0.0
/project/theorie/n/N.Pfaffenzeller/results_project/checkpoint/5b5t_sensitivity_sweep,param_18_rep_4,/project/theorie/n/N.Pfaffenzeller/results_project/checkpoint/5b5t_sensitivity_sweep/data/param_18_rep_4,10000,5.0e-6,0.1,1.0,10000,10000.0,0.9,25,0,0,0,0,0.0
/project/theorie/n/N.Pfaffenzeller/results_project/checkpoint/5b5t_sensitivity_sweep,param_18_rep_5,/project/theorie/n/N.Pfaffenzeller/results_project/checkpoint/5b5t_sensitivity_sweep/data/param_18_rep_5,10000,5.0e-6,0.1,1.0,10000,5000.0,0.8,25,0,0,0,0,0.0
/project/theorie/n/N.Pfaffenzeller/results_project/checkpoint/5b5t_sensitivity_sweep,param_18_rep_5,/project/theorie/n/N.Pfaffenzeller/results_project/checkpoint/5b5t_sensitivity_sweep/data/param_18_rep_5,10000,5.0e-6,0.1,1.0,10000,5000.0,0.9,25,0,0,0,0,0.0
/project/theorie/n/N.Pfaffenzeller/results_project/checkpoint/5b5t_sensitivity_sweep,param_18_rep_5,/project/theorie/n/N.Pfaffenzeller/results_project/checkpoint/5b5t_sensitivity_sweep/data/param_18_rep_5,10000,5.0e-6,0.1,1.0,10000,10000.0,0.8,25,0,0,0,0,0.0
/project/theorie/n/N.Pfaffenzeller/results_project/checkpoint/5b5t_sensitivity_sweep,param_18_rep_5,/project/theorie/n/N.Pfaffenzeller/results_project/checkpoint/5b5t_sensitivity_sweep/data/param_18_rep_5,10000,5.0e-6,0.1,1.0,10000,10000.0,0.9,25,0,0,0,0,0.0
/project/theorie/n/N.Pfaffenzeller/results_project/checkpoint/5b5t_sensitivity_sweep,param_19_rep_1,/project/theorie/n/N.Pfaffenzeller/results_project/checkpoint/5b5t_sensitivity_sweep/data/param_19_rep_1,10000,5.0e-6,0.1,10.0,10000,5000.0,0.8,25,0,0,0,0,0.0
/project/theorie/n/N.Pfaffenzeller/results_project/checkpoint/5b5t_sensitivity_sweep,param_19_rep_1,/project/theorie/n/N.Pfaffenzeller/results_project/checkpoint/5b5t_sensitivity_sweep/data/param_19_rep_1,10000,5.0e-6,0.1,10.0,10000,5000.0,0.9,25,0,0,0,0,0.0
/project/theorie/n/N.Pfaffenzeller/results_project/checkpoint/5b5t_sensitivity_sweep,param_19_rep_1,/project/theorie/n/N.Pfaffenzeller/results_project/checkpoint/5b5t_sensitivity_sweep/data/param_19_rep_1,10000,5.0e-6,0.1,10.0,10000,10000.0,0.8,25,0,0,0,0,0.0
/project/theorie/n/N.Pfaffenzeller/results_project/checkpoint/5b5t_sensitivity_sweep,param_19_rep_1,/project/theorie/n/N.Pfaffenzeller/results_project/checkpoint/5b5t_sensitivity_sweep/data/param_19_rep_1,10000,5.0e-6,0.1,10.0,10000,10000.0,0.9,25,0,0,0,0,0.0
/project/theorie/n/N.Pfaffenzeller/results_project/checkpoint/5b5t_sensitivity_sweep,param_19_rep_2,/project/theorie/n/N.Pfaffenzeller/results_project/checkpoint/5b5t_sensitivity_sweep/data/param_19_rep_2,10000,5.0e-6,0.1,10.0,10000,5000.0,0.8,25,0,0,0,0,0.0
/project/theorie/n/N.Pfaffenzeller/results_project/checkpoint/5b5t_sensitivity_sweep,param_19_rep_2,/project/theorie/n/N.Pfaffenzeller/results_project/checkpoint/5b5t_sensitivity_sweep/data/param_19_rep_2,10000,5.0e-6,0.1,10.0,10000,5000.0,0.9,25,0,0,0,0,0.0
/project/theorie/n/N.Pfaffenzeller/results_project/checkpoint/5b5t_sensitivity_sweep,param_19_rep_2,/project/theorie/n/N.Pfaffenzeller/results_project/checkpoint/5b5t_sensitivity_sweep/data/param_19_rep_2,10000,5.0e-6,0.1,10.0,10000,10000.0,0.8,25,0,0,0,0,0.0
/project/theorie/n/N.Pfaffenzeller/results_project/checkpoint/5b5t_sensitivity_sweep,param_19_rep_2,/project/theorie/n/N.Pfaffenzeller/results_project/checkpoint/5b5t_sensitivity_sweep/data/param_19_rep_2,10000,5.0e-6,0.1,10.0,10000,10000.0,0.9,25,0,0,0,0,0.0
/project/theorie/n/N.Pfaffenzeller/results_project/checkpoint/5b5t_sensitivity_sweep,param_19_rep_3,/project/theorie/n/N.Pfaffenzeller/results_project/checkpoint/5b5t_sensitivity_sweep/data/param_19_rep_3,10000,5.0e-6,0.1,10.0,10000,5000.0,0.8,25,0,0,0,0,0.0
/project/theorie/n/N.Pfaffenzeller/results_project/checkpoint/5b5t_sensitivity_sweep,param_19_rep_3,/project/theorie/n/N.Pfaffenzeller/results_project/checkpoint/5b5t_sensitivity_sweep/data/param_19_rep_3,10000,5.0e-6,0.1,10.0,10000,5000.0,0.9,25,0,0,0,0,0.0
/project/theorie/n/N.Pfaffenzeller/results_project/checkpoint/5b5t_sensitivity_sweep,param_19_rep_3,/project/theorie/n/N.Pfaffenzeller/results_project/checkpoint/5b5t_sensitivity_sweep/data/param_19_rep_3,10000,5.0e-6,0.1,10.0,10000,10000.0,0.8,25,0,0,0,0,0.0
/project/theorie/n/N.Pfaffenzeller/results_project/checkpoint/5b5t_sensitivity_sweep,param_19_rep_3,/project/theorie/n/N.Pfaffenzeller/results_project/checkpoint/5b5t_sensitivity_sweep/data/param_19_rep_3,10000,5.0e-6,0.1,10.0,10000,10000.0,0.9,25,0,0,0,0,0.0
/project/theorie/n/N.Pfaffenzeller/results_project/checkpoint/5b5t_sensitivity_sweep,param_19_rep_4,/project/theorie/n/N.Pfaffenzeller/results_project/checkpoint/5b5t_sensitivity_sweep/data/param_19_rep_4,10000,5.0e-6,0.1,10.0,10000,5000.0,0.8,25,0,0,0,0,0.0
/project/theorie/n/N.Pfaffenzeller/results_project/checkpoint/5b5t_sensitivity_sweep,param_19_rep_4,/project/theorie/n/N.Pfaffenzeller/results_project/checkpoint/5b5t_sensitivity_sweep/data/param_19_rep_4,10000,5.0e-6,0.1,10.0,10000,5000.0,0.9,25,0,0,0,0,0.0
/project/theorie/n/N.Pfaffenzeller/results_project/checkpoint/5b5t_sensitivity_sweep,param_19_rep_4,/project/theorie/n/N.Pfaffenzeller/results_project/checkpoint/5b5t_sensitivity_sweep/data/param_19_rep_4,10000,5.0e-6,0.1,10.0,10000,10000.0,0.8,25,0,0,0,0,0.0
/project/theorie/n/N.Pfaffenzeller/results_project/checkpoint/5b5t_sensitivity_sweep,param_19_rep_4,/project/theorie/n/N.Pfaffenzeller/results_project/checkpoint/5b5t_sensitivity_sweep/data/param_19_rep_4,10000,5.0e-6,0.1,10.0,10000,10000.0,0.9,25,0,0,0,0,0.0
/project/theorie/n/N.Pfaffenzeller/results_project/checkpoint/5b5t_sensitivity_sweep,param_19_rep_5,/project/theorie/n/N.Pfaffenzeller/results_project/checkpoint/5b5t_sensitivity_sweep/data/param_19_rep_5,10000,5.0e-6,0.1,10.0,10000,5000.0,0.8,25,0,0,0,0,0.0
/project/theorie/n/N.Pfaffenzeller/results_project/checkpoint/5b5t_sensitivity_sweep,param_19_rep_5,/project/theorie/n/N.Pfaffenzeller/results_project/checkpoint/5b5t_sensitivity_sweep/data/param_19_rep_5,10000,5.0e-6,0.1,10.0,10000,5000.0,0.9,25,0,0,0,0,0.0
/project/theorie/n/N.Pfaffenzeller/results_project/checkpoint/5b5t_sensitivity_sweep,param_19_rep_5,/project/theorie/n/N.Pfaffenzeller/results_project/checkpoint/5b5t_sensitivity_sweep/data/param_19_rep_5,10000,5.0e-6,0.1,10.0,10000,10000.0,0.8,25,0,0,0,0,0.0
/project/theorie/n/N.Pfaffenzeller/results_project/checkpoint/5b5t_sensitivity_sweep,param_19_rep_5,/project/theorie/n/N.Pfaffenzeller/results_project/checkpoint/5b5t_sensitivity_sweep/data/param_19_rep_5,10000,5.0e-6,0.1,10.0,10000,10000.0,0.9,25,0,0,0,0,0.0
/project/theorie/n/N.Pfaffenzeller/results_project/checkpoint/5b5t_sensitivity_sweep,param_1_rep_1,/project/theorie/n/N.Pfaffenzeller/results_project/checkpoint/5b5t_sensitivity_sweep/data/param_1_rep_1,10000,5.0e-6,0.1,0.1,1,5000.0,0.8,25,0,0,0,0,0.0
/project/theorie/n/N.Pfaffenzeller/results_project/checkpoint/5b5t_sensitivity_sweep,param_1_rep_1,/project/theorie/n/N.Pfaffenzeller/results_project/checkpoint/5b5t_sensitivity_sweep/data/param_1_rep_1,10000,5.0e-6,0.1,0.1,1,5000.0,0.9,25,0,0,0,0,0.0
/project/theorie/n/N.Pfaffenzeller/results_project/checkpoint/5b5t_sensitivity_sweep,param_1_rep_1,/project/theorie/n/N.Pfaffenzeller/results_project/checkpoint/5b5t_sensitivity_sweep/data/param_1_rep_1,10000,5.0e-6,0.1,0.1,1,10000.0,0.8,25,0,0,0,0,0.0
/project/theorie/n/N.Pfaffenzeller/results_project/checkpoint/5b5t_sensitivity_sweep,param_1_rep_1,/project/theorie/n/N.Pfaffenzeller/results_project/checkpoint/5b5t_sensitivity_sweep/data/param_1_rep_1,10000,5.0e-6,0.1,0.1,1,10000.0,0.9,25,0,0,0,0,0.0
/project/theorie/n/N.Pfaffenzeller/results_project/checkpoint/5b5t_sensitivity_sweep,param_1_rep_2,/project/theorie/n/N.Pfaffenzeller/results_project/checkpoint/5b5t_sensitivity_sweep/data/param_1_rep_2,10000,5.0e-6,0.1,0.1,1,5000.0,0.8,25,0,0,0,0,0.0
/project/theorie/n/N.Pfaffenzeller/results_project/checkpoint/5b5t_sensitivity_sweep,param_1_rep_2,/project/theorie/n/N.Pfaffenzeller/results_project/checkpoint/5b5t_sensitivity_sweep/data/param_1_rep_2,10000,5.0e-6,0.1,0.1,1,5000.0,0.9,25,0,0,0,0,0.0
/project/theorie/n/N.Pfaffenzeller/results_project/checkpoint/5b5t_sensitivity_sweep,param_1_rep_2,/project/theorie/n/N.Pfaffenzeller/results_project/checkpoint/5b5t_sensitivity_sweep/data/param_1_rep_2,10000,5.0e-6,0.1,0.1,1,10000.0,0.8,25,0,0,0,0,0.0
/project/theorie/n/N.Pfaffenzeller/results_project/checkpoint/5b5t_sensitivity_sweep,param_1_rep_2,/project/theorie/n/N.Pfaffenzeller/results_project/checkpoint/5b5t_sensitivity_sweep/data/param_1_rep_2,10000,5.0e-6,0.1,0.1,1,10000.0,0.9,25,0,0,0,0,0.0
/project/theorie/n/N.Pfaffenzeller/results_project/checkpoint/5b5t_sensitivity_sweep,param_1_rep_3,/project/theorie/n/N.Pfaffenzeller/results_project/checkpoint/5b5t_sensitivity_sweep/data/param_1_rep_3,10000,5.0e-6,0.1,0.1,1,5000.0,0.8,25,0,0,0,0,0.0
/project/theorie/n/N.Pfaffenzeller/results_project/checkpoint/5b5t_sensitivity_sweep,param_1_rep_3,/project/theorie/n/N.Pfaffenzeller/results_project/checkpoint/5b5t_sensitivity_sweep/data/param_1_rep_3,10000,5.0e-6,0.1,0.1,1,5000.0,0.9,25,0,0,0,0,0.0
/project/theorie/n/N.Pfaffenzeller/results_project/checkpoint/5b5t_sensitivity_sweep,param_1_rep_3,/project/theorie/n/N.Pfaffenzeller/results_project/checkpoint/5b5t_sensitivity_sweep/data/param_1_rep_3,10000,5.0e-6,0.1,0.1,1,10000.0,0.8,25,0,0,0,0,0.0
/project/theorie/n/N.Pfaffenzeller/results_project/checkpoint/5b5t_sensitivity_sweep,param_1_rep_3,/project/theorie/n/N.Pfaffenzeller/results_project/checkpoint/5b5t_sensitivity_sweep/data/param_1_rep_3,10000,5.0e-6,0.1,0.1,1,10000.0,0.9,25,0,0,0,0,0.0
/project/theorie/n/N.Pfaffenzeller/results_project/checkpoint/5b5t_sensitivity_sweep,param_1_rep_4,/project/theorie/n/N.Pfaffenzeller/results_project/checkpoint/5b5t_sensitivity_sweep/data/param_1_rep_4,10000,5.0e-6,0.1,0.1,1,5000.0,0.8,25,0,0,0,0,0.0
/project/theorie/n/N.Pfaffenzeller/results_project/checkpoint/5b5t_sensitivity_sweep,param_1_rep_4,/project/theorie/n/N.Pfaffenzeller/results_project/checkpoint/5b5t_sensitivity_sweep/data/param_1_rep_4,10000,5.0e-6,0.1,0.1,1,5000.0,0.9,25,0,0,0,0,0.0
/project/theorie/n/N.Pfaffenzeller/results_project/checkpoint/5b5t_sensitivity_sweep,param_1_rep_4,/project/theorie/n/N.Pfaffenzeller/results_project/checkpoint/5b5t_sensitivity_sweep/data/param_1_rep_4,10000,5.0e-6,0.1,0.1,1,10000.0,0.8,25,0,0,0,0,0.0
/project/theorie/n/N.Pfaffenzeller/results_project/checkpoint/5b5t_sensitivity_sweep,param_1_rep_4,/project/theorie/n/N.Pfaffenzeller/results_project/checkpoint/5b5t_sensitivity_sweep/data/param_1_rep_4,10000,5.0e-6,0.1,0.1,1,10000.0,0.9,25,0,0,0,0,0.0
/project/theorie/n/N.Pfaffenzeller/results_project/checkpoint/5b5t_sensitivity_sweep,param_1_rep_5,/project/theorie/n/N.Pfaffenzeller/results_project/checkpoint/5b5t_sensitivity_sweep/data/param_1_rep_5,10000,5.0e-6,0.1,0.1,1,5000.0,0.8,25,0,0,0,0,0.0
/project/theorie/n/N.Pfaffenzeller/results_project/checkpoint/5b5t_sensitivity_sweep,param_1_rep_5,/project/theorie/n/N.Pfaffenzeller/results_project/checkpoint/5b5t_sensitivity_sweep/data/param_1_rep_5,10000,5.0e-6,0.1,0.1,1,5000.0,0.9,25,0,0,0,0,0.0
/project/theorie/n/N.Pfaffenzeller/results_project/checkpoint/5b5t_sensitivity_sweep,param_1_rep_5,/project/theorie/n/N.Pfaffenzeller/results_project/checkpoint/5b5t_sensitivity_sweep/data/param_1_rep_5,10000,5.0e-6,0.1,0.1,1,10000.0,0.8,25,0,0,0,0,0.0
/project/theorie/n/N.Pfaffenzeller/results_project/checkpoint/5b5t_sensitivity_sweep,param_1_rep_5,/project/theorie/n/N.Pfaffenzeller/results_project/checkpoint/5b5t_sensitivity_sweep/data/param_1_rep_5,10000,5.0e-6,0.1,0.1,1,10000.0,0.9,25,0,0,0,0,0.0
/project/theorie/n/N.Pfaffenzeller/results_project/checkpoint/5b5t_sensitivity_sweep,param_20_rep_1,/project/theorie/n/N.Pfaffenzeller/results_project/checkpoint/5b5t_sensitivity_sweep/data/param_20_rep_1,10000,5.0e-6,0.1,100.0,10000,5000.0,0.8,25,0,3,3,3,0.6
/project/theorie/n/N.Pfaffenzeller/results_project/checkpoint/5b5t_sensitivity_sweep,param_20_rep_1,/project/theorie/n/N.Pfaffenzeller/results_project/checkpoint/5b5t_sensitivity_sweep/data/param_20_rep_1,10000,5.0e-6,0.1,100.0,10000,5000.0,0.9,25,0,1,1,1,0.2
/project/theorie/n/N.Pfaffenzeller/results_project/checkpoint/5b5t_sensitivity_sweep,param_20_rep_1,/project/theorie/n/N.Pfaffenzeller/results_project/checkpoint/5b5t_sensitivity_sweep/data/param_20_rep_1,10000,5.0e-6,0.1,100.0,10000,10000.0,0.8,25,0,2,2,2,0.4
/project/theorie/n/N.Pfaffenzeller/results_project/checkpoint/5b5t_sensitivity_sweep,param_20_rep_1,/project/theorie/n/N.Pfaffenzeller/results_project/checkpoint/5b5t_sensitivity_sweep/data/param_20_rep_1,10000,5.0e-6,0.1,100.0,10000,10000.0,0.9,25,0,1,1,1,0.2
/project/theorie/n/N.Pfaffenzeller/results_project/checkpoint/5b5t_sensitivity_sweep,param_20_rep_2,/project/theorie/n/N.Pfaffenzeller/results_project/checkpoint/5b5t_sensitivity_sweep/data/param_20_rep_2,10000,5.0e-6,0.1,100.0,10000,5000.0,0.8,25,0,3,3,3,0.6
/project/theorie/n/N.Pfaffenzeller/results_project/checkpoint/5b5t_sensitivity_sweep,param_20_rep_2,/project/theorie/n/N.Pfaffenzeller/results_project/checkpoint/5b5t_sensitivity_sweep/data/param_20_rep_2,10000,5.0e-6,0.1,100.0,10000,5000.0,0.9,25,0,3,3,3,0.6
/project/theorie/n/N.Pfaffenzeller/results_project/checkpoint/5b5t_sensitivity_sweep,param_20_rep_2,/project/theorie/n/N.Pfaffenzeller/results_project/checkpoint/5b5t_sensitivity_sweep/data/param_20_rep_2,10000,5.0e-6,0.1,100.0,10000,10000.0,0.8,25,0,0,0,0,0.0
/project/theorie/n/N.Pfaffenzeller/results_project/checkpoint/5b5t_sensitivity_sweep,param_20_rep_2,/project/theorie/n/N.Pfaffenzeller/results_project/checkpoint/5b5t_sensitivity_sweep/data/param_20_rep_2,10000,5.0e-6,0.1,100.0,10000,10000.0,0.9,25,0,0,0,0,0.0
/project/theorie/n/N.Pfaffenzeller/results_project/checkpoint/5b5t_sensitivity_sweep,param_20_rep_3,/project/theorie/n/N.Pfaffenzeller/results_project/checkpoint/5b5t_sensitivity_sweep/data/param_20_rep_3,10000,5.0e-6,0.1,100.0,10000,5000.0,0.8,25,0,3,3,3,0.6
/project/theorie/n/N.Pfaffenzeller/results_project/checkpoint/5b5t_sensitivity_sweep,param_20_rep_3,/project/theorie/n/N.Pfaffenzeller/results_project/checkpoint/5b5t_sensitivity_sweep/data/param_20_rep_3,10000,5.0e-6,0.1,100.0,10000,5000.0,0.9,25,0,2,2,2,0.4
/project/theorie/n/N.Pfaffenzeller/results_project/checkpoint/5b5t_sensitivity_sweep,param_20_rep_3,/project/theorie/n/N.Pfaffenzeller/results_project/checkpoint/5b5t_sensitivity_sweep/data/param_20_rep_3,10000,5.0e-6,0.1,100.0,10000,10000.0,0.8,25,0,2,2,2,0.4
/project/theorie/n/N.Pfaffenzeller/results_project/checkpoint/5b5t_sensitivity_sweep,param_20_rep_3,/project/theorie/n/N.Pfaffenzeller/results_project/checkpoint/5b5t_sensitivity_sweep/data/param_20_rep_3,10000,5.0e-6,0.1,100.0,10000,10000.0,0.9,25,0,2,2,2,0.4
/project/theorie/n/N.Pfaffenzeller/results_project/checkpoint/5b5t_sensitivity_sweep,param_20_rep_4,/project/theorie/n/N.Pfaffenzeller/results_project/checkpoint/5b5t_sensitivity_sweep/data/param_20_rep_4,10000,5.0e-6,0.1,100.0,10000,5000.0,0.8,25,0,3,3,3,0.6
/project/theorie/n/N.Pfaffenzeller/results_project/checkpoint/5b5t_sensitivity_sweep,param_20_rep_4,/project/theorie/n/N.Pfaffenzeller/results_project/checkpoint/5b5t_sensitivity_sweep/data/param_20_rep_4,10000,5.0e-6,0.1,100.0,10000,5000.0,0.9,25,0,3,3,3,0.6
/project/theorie/n/N.Pfaffenzeller/results_project/checkpoint/5b5t_sensitivity_sweep,param_20_rep_4,/project/theorie/n/N.Pfaffenzeller/results_project/checkpoint/5b5t_sensitivity_sweep/data/param_20_rep_4,10000,5.0e-6,0.1,100.0,10000,10000.0,0.8,25,0,1,1,1,0.2
/project/theorie/n/N.Pfaffenzeller/results_project/checkpoint/5b5t_sensitivity_sweep,param_20_rep_4,/project/theorie/n/N.Pfaffenzeller/results_project/checkpoint/5b5t_sensitivity_sweep/data/param_20_rep_4,10000,5.0e-6,0.1,100.0,10000,10000.0,0.9,25,0,0,0,0,0.0
/project/theorie/n/N.Pfaffenzeller/results_project/checkpoint/5b5t_sensitivity_sweep,param_20_rep_5,/project/theorie/n/N.Pfaffenzeller/results_project/checkpoint/5b5t_sensitivity_sweep/data/param_20_rep_5,10000,5.0e-6,0.1,100.0,10000,5000.0,0.8,25,0,4,4,4,0.8
/project/theorie/n/N.Pfaffenzeller/results_project/checkpoint/5b5t_sensitivity_sweep,param_20_rep_5,/project/theorie/n/N.Pfaffenzeller/results_project/checkpoint/5b5t_sensitivity_sweep/data/param_20_rep_5,10000,5.0e-6,0.1,100.0,10000,5000.0,0.9,25,0,3,3,3,0.6
/project/theorie/n/N.Pfaffenzeller/results_project/checkpoint/5b5t_sensitivity_sweep,param_20_rep_5,/project/theorie/n/N.Pfaffenzeller/results_project/checkpoint/5b5t_sensitivity_sweep/data/param_20_rep_5,10000,5.0e-6,0.1,100.0,10000,10000.0,0.8,25,0,2,2,2,0.4
/project/theorie/n/N.Pfaffenzeller/results_project/checkpoint/5b5t_sensitivity_sweep,param_20_rep_5,/project/theorie/n/N.Pfaffenzeller/results_project/checkpoint/5b5t_sensitivity_sweep/data/param_20_rep_5,10000,5.0e-6,0.1,100.0,10000,10000.0,0.9,25,0,1,1,1,0.2
/project/theorie/n/N.Pfaffenzeller/results_project/checkpoint/5b5t_sensitivity_sweep,param_21_rep_1,/project/theorie/n/N.Pfaffenzeller/results_project/checkpoint/5b5t_sensitivity_sweep/data/param_21_rep_1,10000,5.0e-6,0.1,0.1,100000,5000.0,0.8,25,0,0,0,0,0.0
/project/theorie/n/N.Pfaffenzeller/results_project/checkpoint/5b5t_sensitivity_sweep,param_21_rep_1,/project/theorie/n/N.Pfaffenzeller/results_project/checkpoint/5b5t_sensitivity_sweep/data/param_21_rep_1,10000,5.0e-6,0.1,0.1,100000,5000.0,0.9,25,0,0,0,0,0.0
/project/theorie/n/N.Pfaffenzeller/results_project/checkpoint/5b5t_sensitivity_sweep,param_21_rep_1,/project/theorie/n/N.Pfaffenzeller/results_project/checkpoint/5b5t_sensitivity_sweep/data/param_21_rep_1,10000,5.0e-6,0.1,0.1,100000,10000.0,0.8,25,0,0,0,0,0.0
/project/theorie/n/N.Pfaffenzeller/results_project/checkpoint/5b5t_sensitivity_sweep,param_21_rep_1,/project/theorie/n/N.Pfaffenzeller/results_project/checkpoint/5b5t_sensitivity_sweep/data/param_21_rep_1,10000,5.0e-6,0.1,0.1,100000,10000.0,0.9,25,0,0,0,0,0.0
/project/theorie/n/N.Pfaffenzeller/results_project/checkpoint/5b5t_sensitivity_sweep,param_21_rep_2,/project/theorie/n/N.Pfaffenzeller/results_project/checkpoint/5b5t_sensitivity_sweep/data/param_21_rep_2,10000,5.0e-6,0.1,0.1,100000,5000.0,0.8,25,0,0,0,0,0.0
/project/theorie/n/N.Pfaffenzeller/results_project/checkpoint/5b5t_sensitivity_sweep,param_21_rep_2,/project/theorie/n/N.Pfaffenzeller/results_project/checkpoint/5b5t_sensitivity_sweep/data/param_21_rep_2,10000,5.0e-6,0.1,0.1,100000,5000.0,0.9,25,0,0,0,0,0.0
/project/theorie/n/N.Pfaffenzeller/results_project/checkpoint/5b5t_sensitivity_sweep,param_21_rep_2,/project/theorie/n/N.Pfaffenzeller/results_project/checkpoint/5b5t_sensitivity_sweep/data/param_21_rep_2,10000,5.0e-6,0.1,0.1,100000,10000.0,0.8,25,0,0,0,0,0.0
/project/theorie/n/N.Pfaffenzeller/results_project/checkpoint/5b5t_sensitivity_sweep,param_21_rep_2,/project/theorie/n/N.Pfaffenzeller/results_project/checkpoint/5b5t_sensitivity_sweep/data/param_21_rep_2,10000,5.0e-6,0.1,0.1,100000,10000.0,0.9,25,0,0,0,0,0.0
/project/theorie/n/N.Pfaffenzeller/results_project/checkpoint/5b5t_sensitivity_sweep,param_21_rep_3,/project/theorie/n/N.Pfaffenzeller/results_project/checkpoint/5b5t_sensitivity_sweep/data/param_21_rep_3,10000,5.0e-6,0.1,0.1,100000,5000.0,0.8,25,0,0,0,0,0.0
/project/theorie/n/N.Pfaffenzeller/results_project/checkpoint/5b5t_sensitivity_sweep,param_21_rep_3,/project/theorie/n/N.Pfaffenzeller/results_project/checkpoint/5b5t_sensitivity_sweep/data/param_21_rep_3,10000,5.0e-6,0.1,0.1,100000,5000.0,0.9,25,0,0,0,0,0.0
/project/theorie/n/N.Pfaffenzeller/results_project/checkpoint/5b5t_sensitivity_sweep,param_21_rep_3,/project/theorie/n/N.Pfaffenzeller/results_project/checkpoint/5b5t_sensitivity_sweep/data/param_21_rep_3,10000,5.0e-6,0.1,0.1,100000,10000.0,0.8,25,0,0,0,0,0.0
/project/theorie/n/N.Pfaffenzeller/results_project/checkpoint/5b5t_sensitivity_sweep,param_21_rep_3,/project/theorie/n/N.Pfaffenzeller/results_project/checkpoint/5b5t_sensitivity_sweep/data/param_21_rep_3,10000,5.0e-6,0.1,0.1,100000,10000.0,0.9,25,0,0,0,0,0.0
/project/theorie/n/N.Pfaffenzeller/results_project/checkpoint/5b5t_sensitivity_sweep,param_21_rep_4,/project/theorie/n/N.Pfaffenzeller/results_project/checkpoint/5b5t_sensitivity_sweep/data/param_21_rep_4,10000,5.0e-6,0.1,0.1,100000,5000.0,0.8,25,0,0,0,0,0.0
/project/theorie/n/N.Pfaffenzeller/results_project/checkpoint/5b5t_sensitivity_sweep,param_21_rep_4,/project/theorie/n/N.Pfaffenzeller/results_project/checkpoint/5b5t_sensitivity_sweep/data/param_21_rep_4,10000,5.0e-6,0.1,0.1,100000,5000.0,0.9,25,0,0,0,0,0.0
/project/theorie/n/N.Pfaffenzeller/results_project/checkpoint/5b5t_sensitivity_sweep,param_21_rep_4,/project/theorie/n/N.Pfaffenzeller/results_project/checkpoint/5b5t_sensitivity_sweep/data/param_21_rep_4,10000,5.0e-6,0.1,0.1,100000,10000.0,0.8,25,0,0,0,0,0.0
/project/theorie/n/N.Pfaffenzeller/results_project/checkpoint/5b5t_sensitivity_sweep,param_21_rep_4,/project/theorie/n/N.Pfaffenzeller/results_project/checkpoint/5b5t_sensitivity_sweep/data/param_21_rep_4,10000,5.0e-6,0.1,0.1,100000,10000.0,0.9,25,0,0,0,0,0.0
/project/theorie/n/N.Pfaffenzeller/results_project/checkpoint/5b5t_sensitivity_sweep,param_21_rep_5,/project/theorie/n/N.Pfaffenzeller/results_project/checkpoint/5b5t_sensitivity_sweep/data/param_21_rep_5,10000,5.0e-6,0.1,0.1,100000,5000.0,0.8,25,0,0,0,0,0.0
/project/theorie/n/N.Pfaffenzeller/results_project/checkpoint/5b5t_sensitivity_sweep,param_21_rep_5,/project/theorie/n/N.Pfaffenzeller/results_project/checkpoint/5b5t_sensitivity_sweep/data/param_21_rep_5,10000,5.0e-6,0.1,0.1,100000,5000.0,0.9,25,0,0,0,0,0.0
/project/theorie/n/N.Pfaffenzeller/results_project/checkpoint/5b5t_sensitivity_sweep,param_21_rep_5,/project/theorie/n/N.Pfaffenzeller/results_project/checkpoint/5b5t_sensitivity_sweep/data/param_21_rep_5,10000,5.0e-6,0.1,0.1,100000,10000.0,0.8,25,0,0,0,0,0.0
/project/theorie/n/N.Pfaffenzeller/results_project/checkpoint/5b5t_sensitivity_sweep,param_21_rep_5,/project/theorie/n/N.Pfaffenzeller/results_project/checkpoint/5b5t_sensitivity_sweep/data/param_21_rep_5,10000,5.0e-6,0.1,0.1,100000,10000.0,0.9,25,0,0,0,0,0.0
/project/theorie/n/N.Pfaffenzeller/results_project/checkpoint/5b5t_sensitivity_sweep,param_22_rep_1,/project/theorie/n/N.Pfaffenzeller/results_project/checkpoint/5b5t_sensitivity_sweep/data/param_22_rep_1,10000,5.0e-6,0.1,1.0,100000,5000.0,0.8,25,0,0,0,0,0.0
/project/theorie/n/N.Pfaffenzeller/results_project/checkpoint/5b5t_sensitivity_sweep,param_22_rep_1,/project/theorie/n/N.Pfaffenzeller/results_project/checkpoint/5b5t_sensitivity_sweep/data/param_22_rep_1,10000,5.0e-6,0.1,1.0,100000,5000.0,0.9,25,0,0,0,0,0.0
/project/theorie/n/N.Pfaffenzeller/results_project/checkpoint/5b5t_sensitivity_sweep,param_22_rep_1,/project/theorie/n/N.Pfaffenzeller/results_project/checkpoint/5b5t_sensitivity_sweep/data/param_22_rep_1,10000,5.0e-6,0.1,1.0,100000,10000.0,0.8,25,0,0,0,0,0.0
/project/theorie/n/N.Pfaffenzeller/results_project/checkpoint/5b5t_sensitivity_sweep,param_22_rep_1,/project/theorie/n/N.Pfaffenzeller/results_project/checkpoint/5b5t_sensitivity_sweep/data/param_22_rep_1,10000,5.0e-6,0.1,1.0,100000,10000.0,0.9,25,0,0,0,0,0.0
/project/theorie/n/N.Pfaffenzeller/results_project/checkpoint/5b5t_sensitivity_sweep,param_22_rep_2,/project/theorie/n/N.Pfaffenzeller/results_project/checkpoint/5b5t_sensitivity_sweep/data/param_22_rep_2,10000,5.0e-6,0.1,1.0,100000,5000.0,0.8,25,0,0,0,0,0.0
/project/theorie/n/N.Pfaffenzeller/results_project/checkpoint/5b5t_sensitivity_sweep,param_22_rep_2,/project/theorie/n/N.Pfaffenzeller/results_project/checkpoint/5b5t_sensitivity_sweep/data/param_22_rep_2,10000,5.0e-6,0.1,1.0,100000,5000.0,0.9,25,0,0,0,0,0.0
/project/theorie/n/N.Pfaffenzeller/results_project/checkpoint/5b5t_sensitivity_sweep,param_22_rep_2,/project/theorie/n/N.Pfaffenzeller/results_project/checkpoint/5b5t_sensitivity_sweep/data/param_22_rep_2,10000,5.0e-6,0.1,1.0,100000,10000.0,0.8,25,0,0,0,0,0.0
/project/theorie/n/N.Pfaffenzeller/results_project/checkpoint/5b5t_sensitivity_sweep,param_22_rep_2,/project/theorie/n/N.Pfaffenzeller/results_project/checkpoint/5b5t_sensitivity_sweep/data/param_22_rep_2,10000,5.0e-6,0.1,1.0,100000,10000.0,0.9,25,0,0,0,0,0.0
/project/theorie/n/N.Pfaffenzeller/results_project/checkpoint/5b5t_sensitivity_sweep,param_22_rep_3,/project/theorie/n/N.Pfaffenzeller/results_project/checkpoint/5b5t_sensitivity_sweep/data/param_22_rep_3,10000,5.0e-6,0.1,1.0,100000,5000.0,0.8,25,0,0,0,0,0.0
/project/theorie/n/N.Pfaffenzeller/results_project/checkpoint/5b5t_sensitivity_sweep,param_22_rep_3,/project/theorie/n/N.Pfaffenzeller/results_project/checkpoint/5b5t_sensitivity_sweep/data/param_22_rep_3,10000,5.0e-6,0.1,1.0,100000,5000.0,0.9,25,0,0,0,0,0.0
/project/theorie/n/N.Pfaffenzeller/results_project/checkpoint/5b5t_sensitivity_sweep,param_22_rep_3,/project/theorie/n/N.Pfaffenzeller/results_project/checkpoint/5b5t_sensitivity_sweep/data/param_22_rep_3,10000,5.0e-6,0.1,1.0,100000,10000.0,0.8,25,0,0,0,0,0.0
/project/theorie/n/N.Pfaffenzeller/results_project/checkpoint/5b5t_sensitivity_sweep,param_22_rep_3,/project/theorie/n/N.Pfaffenzeller/results_project/checkpoint/5b5t_sensitivity_sweep/data/param_22_rep_3,10000,5.0e-6,0.1,1.0,100000,10000.0,0.9,25,0,0,0,0,0.0
/project/theorie/n/N.Pfaffenzeller/results_project/checkpoint/5b5t_sensitivity_sweep,param_22_rep_4,/project/theorie/n/N.Pfaffenzeller/results_project/checkpoint/5b5t_sensitivity_sweep/data/param_22_rep_4,10000,5.0e-6,0.1,1.0,100000,5000.0,0.8,25,0,0,0,0,0.0
/project/theorie/n/N.Pfaffenzeller/results_project/checkpoint/5b5t_sensitivity_sweep,param_22_rep_4,/project/theorie/n/N.Pfaffenzeller/results_project/checkpoint/5b5t_sensitivity_sweep/data/param_22_rep_4,10000,5.0e-6,0.1,1.0,100000,5000.0,0.9,25,0,0,0,0,0.0
/project/theorie/n/N.Pfaffenzeller/results_project/checkpoint/5b5t_sensitivity_sweep,param_22_rep_4,/project/theorie/n/N.Pfaffenzeller/results_project/checkpoint/5b5t_sensitivity_sweep/data/param_22_rep_4,10000,5.0e-6,0.1,1.0,100000,10000.0,0.8,25,0,0,0,0,0.0
/project/theorie/n/N.Pfaffenzeller/results_project/checkpoint/5b5t_sensitivity_sweep,param_22_rep_4,/project/theorie/n/N.Pfaffenzeller/results_project/checkpoint/5b5t_sensitivity_sweep/data/param_22_rep_4,10000,5.0e-6,0.1,1.0,100000,10000.0,0.9,25,0,0,0,0,0.0
/project/theorie/n/N.Pfaffenzeller/results_project/checkpoint/5b5t_sensitivity_sweep,param_22_rep_5,/project/theorie/n/N.Pfaffenzeller/results_project/checkpoint/5b5t_sensitivity_sweep/data/param_22_rep_5,10000,5.0e-6,0.1,1.0,100000,5000.0,0.8,25,0,0,0,0,0.0
/project/theorie/n/N.Pfaffenzeller/results_project/checkpoint/5b5t_sensitivity_sweep,param_22_rep_5,/project/theorie/n/N.Pfaffenzeller/results_project/checkpoint/5b5t_sensitivity_sweep/data/param_22_rep_5,10000,5.0e-6,0.1,1.0,100000,5000.0,0.9,25,0,0,0,0,0.0
/project/theorie/n/N.Pfaffenzeller/results_project/checkpoint/5b5t_sensitivity_sweep,param_22_rep_5,/project/theorie/n/N.Pfaffenzeller/results_project/checkpoint/5b5t_sensitivity_sweep/data/param_22_rep_5,10000,5.0e-6,0.1,1.0,100000,10000.0,0.8,25,0,0,0,0,0.0
/project/theorie/n/N.Pfaffenzeller/results_project/checkpoint/5b5t_sensitivity_sweep,param_22_rep_5,/project/theorie/n/N.Pfaffenzeller/results_project/checkpoint/5b5t_sensitivity_sweep/data/param_22_rep_5,10000,5.0e-6,0.1,1.0,100000,10000.0,0.9,25,0,0,0,0,0.0
/project/theorie/n/N.Pfaffenzeller/results_project/checkpoint/5b5t_sensitivity_sweep,param_23_rep_1,/project/theorie/n/N.Pfaffenzeller/results_project/checkpoint/5b5t_sensitivity_sweep/data/param_23_rep_1,10000,5.0e-6,0.1,10.0,100000,5000.0,0.8,25,0,0,0,0,0.0
/project/theorie/n/N.Pfaffenzeller/results_project/checkpoint/5b5t_sensitivity_sweep,param_23_rep_1,/project/theorie/n/N.Pfaffenzeller/results_project/checkpoint/5b5t_sensitivity_sweep/data/param_23_rep_1,10000,5.0e-6,0.1,10.0,100000,5000.0,0.9,25,0,0,0,0,0.0
/project/theorie/n/N.Pfaffenzeller/results_project/checkpoint/5b5t_sensitivity_sweep,param_23_rep_1,/project/theorie/n/N.Pfaffenzeller/results_project/checkpoint/5b5t_sensitivity_sweep/data/param_23_rep_1,10000,5.0e-6,0.1,10.0,100000,10000.0,0.8,25,0,0,0,0,0.0
/project/theorie/n/N.Pfaffenzeller/results_project/checkpoint/5b5t_sensitivity_sweep,param_23_rep_1,/project/theorie/n/N.Pfaffenzeller/results_project/checkpoint/5b5t_sensitivity_sweep/data/param_23_rep_1,10000,5.0e-6,0.1,10.0,100000,10000.0,0.9,25,0,0,0,0,0.0
/project/theorie/n/N.Pfaffenzeller/results_project/checkpoint/5b5t_sensitivity_sweep,param_23_rep_2,/project/theorie/n/N.Pfaffenzeller/results_project/checkpoint/5b5t_sensitivity_sweep/data/param_23_rep_2,10000,5.0e-6,0.1,10.0,100000,5000.0,0.8,25,0,0,0,0,0.0
/project/theorie/n/N.Pfaffenzeller/results_project/checkpoint/5b5t_sensitivity_sweep,param_23_rep_2,/project/theorie/n/N.Pfaffenzeller/results_project/checkpoint/5b5t_sensitivity_sweep/data/param_23_rep_2,10000,5.0e-6,0.1,10.0,100000,5000.0,0.9,25,0,0,0,0,0.0
/project/theorie/n/N.Pfaffenzeller/results_project/checkpoint/5b5t_sensitivity_sweep,param_23_rep_2,/project/theorie/n/N.Pfaffenzeller/results_project/checkpoint/5b5t_sensitivity_sweep/data/param_23_rep_2,10000,5.0e-6,0.1,10.0,100000,10000.0,0.8,25,0,0,0,0,0.0
/project/theorie/n/N.Pfaffenzeller/results_project/checkpoint/5b5t_sensitivity_sweep,param_23_rep_2,/project/theorie/n/N.Pfaffenzeller/results_project/checkpoint/5b5t_sensitivity_sweep/data/param_23_rep_2,10000,5.0e-6,0.1,10.0,100000,10000.0,0.9,25,0,0,0,0,0.0
/project/theorie/n/N.Pfaffenzeller/results_project/checkpoint/5b5t_sensitivity_sweep,param_23_rep_3,/project/theorie/n/N.Pfaffenzeller/results_project/checkpoint/5b5t_sensitivity_sweep/data/param_23_rep_3,10000,5.0e-6,0.1,10.0,100000,5000.0,0.8,25,0,0,0,0,0.0
/project/theorie/n/N.Pfaffenzeller/results_project/checkpoint/5b5t_sensitivity_sweep,param_23_rep_3,/project/theorie/n/N.Pfaffenzeller/results_project/checkpoint/5b5t_sensitivity_sweep/data/param_23_rep_3,10000,5.0e-6,0.1,10.0,100000,5000.0,0.9,25,0,0,0,0,0.0
/project/theorie/n/N.Pfaffenzeller/results_project/checkpoint/5b5t_sensitivity_sweep,param_23_rep_3,/project/theorie/n/N.Pfaffenzeller/results_project/checkpoint/5b5t_sensitivity_sweep/data/param_23_rep_3,10000,5.0e-6,0.1,10.0,100000,10000.0,0.8,25,0,0,0,0,0.0
/project/theorie/n/N.Pfaffenzeller/results_project/checkpoint/5b5t_sensitivity_sweep,param_23_rep_3,/project/theorie/n/N.Pfaffenzeller/results_project/checkpoint/5b5t_sensitivity_sweep/data/param_23_rep_3,10000,5.0e-6,0.1,10.0,100000,10000.0,0.9,25,0,0,0,0,0.0
/project/theorie/n/N.Pfaffenzeller/results_project/checkpoint/5b5t_sensitivity_sweep,param_23_rep_4,/project/theorie/n/N.Pfaffenzeller/results_project/checkpoint/5b5t_sensitivity_sweep/data/param_23_rep_4,10000,5.0e-6,0.1,10.0,100000,5000.0,0.8,25,0,0,0,0,0.0
/project/theorie/n/N.Pfaffenzeller/results_project/checkpoint/5b5t_sensitivity_sweep,param_23_rep_4,/project/theorie/n/N.Pfaffenzeller/results_project/checkpoint/5b5t_sensitivity_sweep/data/param_23_rep_4,10000,5.0e-6,0.1,10.0,100000,5000.0,0.9,25,0,0,0,0,0.0
/project/theorie/n/N.Pfaffenzeller/results_project/checkpoint/5b5t_sensitivity_sweep,param_23_rep_4,/project/theorie/n/N.Pfaffenzeller/results_project/checkpoint/5b5t_sensitivity_sweep/data/param_23_rep_4,10000,5.0e-6,0.1,10.0,100000,10000.0,0.8,25,0,0,0,0,0.0
/project/theorie/n/N.Pfaffenzeller/results_project/checkpoint/5b5t_sensitivity_sweep,param_23_rep_4,/project/theorie/n/N.Pfaffenzeller/results_project/checkpoint/5b5t_sensitivity_sweep/data/param_23_rep_4,10000,5.0e-6,0.1,10.0,100000,10000.0,0.9,25,0,0,0,0,0.0
/project/theorie/n/N.Pfaffenzeller/results_project/checkpoint/5b5t_sensitivity_sweep,param_23_rep_5,/project/theorie/n/N.Pfaffenzeller/results_project/checkpoint/5b5t_sensitivity_sweep/data/param_23_rep_5,10000,5.0e-6,0.1,10.0,100000,5000.0,0.8,25,0,0,0,0,0.0
/project/theorie/n/N.Pfaffenzeller/results_project/checkpoint/5b5t_sensitivity_sweep,param_23_rep_5,/project/theorie/n/N.Pfaffenzeller/results_project/checkpoint/5b5t_sensitivity_sweep/data/param_23_rep_5,10000,5.0e-6,0.1,10.0,100000,5000.0,0.9,25,0,0,0,0,0.0
/project/theorie/n/N.Pfaffenzeller/results_project/checkpoint/5b5t_sensitivity_sweep,param_23_rep_5,/project/theorie/n/N.Pfaffenzeller/results_project/checkpoint/5b5t_sensitivity_sweep/data/param_23_rep_5,10000,5.0e-6,0.1,10.0,100000,10000.0,0.8,25,0,0,0,0,0.0
/project/theorie/n/N.Pfaffenzeller/results_project/checkpoint/5b5t_sensitivity_sweep,param_23_rep_5,/project/theorie/n/N.Pfaffenzeller/results_project/checkpoint/5b5t_sensitivity_sweep/data/param_23_rep_5,10000,5.0e-6,0.1,10.0,100000,10000.0,0.9,25,0,0,0,0,0.0
/project/theorie/n/N.Pfaffenzeller/results_project/checkpoint/5b5t_sensitivity_sweep,param_24_rep_1,/project/theorie/n/N.Pfaffenzeller/results_project/checkpoint/5b5t_sensitivity_sweep/data/param_24_rep_1,10000,5.0e-6,0.1,100.0,100000,5000.0,0.8,25,0,5,5,5,1.0
/project/theorie/n/N.Pfaffenzeller/results_project/checkpoint/5b5t_sensitivity_sweep,param_24_rep_1,/project/theorie/n/N.Pfaffenzeller/results_project/checkpoint/5b5t_sensitivity_sweep/data/param_24_rep_1,10000,5.0e-6,0.1,100.0,100000,5000.0,0.9,25,0,3,3,3,0.6
/project/theorie/n/N.Pfaffenzeller/results_project/checkpoint/5b5t_sensitivity_sweep,param_24_rep_1,/project/theorie/n/N.Pfaffenzeller/results_project/checkpoint/5b5t_sensitivity_sweep/data/param_24_rep_1,10000,5.0e-6,0.1,100.0,100000,10000.0,0.8,25,0,5,5,5,1.0
/project/theorie/n/N.Pfaffenzeller/results_project/checkpoint/5b5t_sensitivity_sweep,param_24_rep_1,/project/theorie/n/N.Pfaffenzeller/results_project/checkpoint/5b5t_sensitivity_sweep/data/param_24_rep_1,10000,5.0e-6,0.1,100.0,100000,10000.0,0.9,25,0,3,3,3,0.6
/project/theorie/n/N.Pfaffenzeller/results_project/checkpoint/5b5t_sensitivity_sweep,param_24_rep_2,/project/theorie/n/N.Pfaffenzeller/results_project/checkpoint/5b5t_sensitivity_sweep/data/param_24_rep_2,10000,5.0e-6,0.1,100.0,100000,5000.0,0.8,25,0,4,4,4,0.8
/project/theorie/n/N.Pfaffenzeller/results_project/checkpoint/5b5t_sensitivity_sweep,param_24_rep_2,/project/theorie/n/N.Pfaffenzeller/results_project/checkpoint/5b5t_sensitivity_sweep/data/param_24_rep_2,10000,5.0e-6,0.1,100.0,100000,5000.0,0.9,25,0,1,1,1,0.2
/project/theorie/n/N.Pfaffenzeller/results_project/checkpoint/5b5t_sensitivity_sweep,param_24_rep_2,/project/theorie/n/N.Pfaffenzeller/results_project/checkpoint/5b5t_sensitivity_sweep/data/param_24_rep_2,10000,5.0e-6,0.1,100.0,100000,10000.0,0.8,25,0,1,1,1,0.2
/project/theorie/n/N.Pfaffenzeller/results_project/checkpoint/5b5t_sensitivity_sweep,param_24_rep_2,/project/theorie/n/N.Pfaffenzeller/results_project/checkpoint/5b5t_sensitivity_sweep/data/param_24_rep_2,10000,5.0e-6,0.1,100.0,100000,10000.0,0.9,25,0,1,1,1,0.2
/project/theorie/n/N.Pfaffenzeller/results_project/checkpoint/5b5t_sensitivity_sweep,param_24_rep_3,/project/theorie/n/N.Pfaffenzeller/results_project/checkpoint/5b5t_sensitivity_sweep/data/param_24_rep_3,10000,5.0e-6,0.1,100.0,100000,5000.0,0.8,25,0,1,1,1,0.2
/project/theorie/n/N.Pfaffenzeller/results_project/checkpoint/5b5t_sensitivity_sweep,param_24_rep_3,/project/theorie/n/N.Pfaffenzeller/results_project/checkpoint/5b5t_sensitivity_sweep/data/param_24_rep_3,10000,5.0e-6,0.1,100.0,100000,5000.0,0.9,25,0,1,1,1,0.2
/project/theorie/n/N.Pfaffenzeller/results_project/checkpoint/5b5t_sensitivity_sweep,param_24_rep_3,/project/theorie/n/N.Pfaffenzeller/results_project/checkpoint/5b5t_sensitivity_sweep/data/param_24_rep_3,10000,5.0e-6,0.1,100.0,100000,10000.0,0.8,25,0,1,1,1,0.2
/project/theorie/n/N.Pfaffenzeller/results_project/checkpoint/5b5t_sensitivity_sweep,param_24_rep_3,/project/theorie/n/N.Pfaffenzeller/results_project/checkpoint/5b5t_sensitivity_sweep/data/param_24_rep_3,10000,5.0e-6,0.1,100.0,100000,10000.0,0.9,25,0,0,0,0,0.0
/project/theorie/n/N.Pfaffenzeller/results_project/checkpoint/5b5t_sensitivity_sweep,param_24_rep_4,/project/theorie/n/N.Pfaffenzeller/results_project/checkpoint/5b5t_sensitivity_sweep/data/param_24_rep_4,10000,5.0e-6,0.1,100.0,100000,5000.0,0.8,25,0,2,2,2,0.4
/project/theorie/n/N.Pfaffenzeller/results_project/checkpoint/5b5t_sensitivity_sweep,param_24_rep_4,/project/theorie/n/N.Pfaffenzeller/results_project/checkpoint/5b5t_sensitivity_sweep/data/param_24_rep_4,10000,5.0e-6,0.1,100.0,100000,5000.0,0.9,25,0,1,1,1,0.2
/project/theorie/n/N.Pfaffenzeller/results_project/checkpoint/5b5t_sensitivity_sweep,param_24_rep_4,/project/theorie/n/N.Pfaffenzeller/results_project/checkpoint/5b5t_sensitivity_sweep/data/param_24_rep_4,10000,5.0e-6,0.1,100.0,100000,10000.0,0.8,25,0,1,1,1,0.2
/project/theorie/n/N.Pfaffenzeller/results_project/checkpoint/5b5t_sensitivity_sweep,param_24_rep_4,/project/theorie/n/N.Pfaffenzeller/results_project/checkpoint/5b5t_sensitivity_sweep/data/param_24_rep_4,10000,5.0e-6,0.1,100.0,100000,10000.0,0.9,25,0,1,1,1,0.2
/project/theorie/n/N.Pfaffenzeller/results_project/checkpoint/5b5t_sensitivity_sweep,param_24_rep_5,/project/theorie/n/N.Pfaffenzeller/results_project/checkpoint/5b5t_sensitivity_sweep/data/param_24_rep_5,10000,5.0e-6,0.1,100.0,100000,5000.0,0.8,25,0,4,4,4,0.8
/project/theorie/n/N.Pfaffenzeller/results_project/checkpoint/5b5t_sensitivity_sweep,param_24_rep_5,/project/theorie/n/N.Pfaffenzeller/results_project/checkpoint/5b5t_sensitivity_sweep/data/param_24_rep_5,10000,5.0e-6,0.1,100.0,100000,5000.0,0.9,25,0,4,4,4,0.8
/project/theorie/n/N.Pfaffenzeller/results_project/checkpoint/5b5t_sensitivity_sweep,param_24_rep_5,/project/theorie/n/N.Pfaffenzeller/results_project/checkpoint/5b5t_sensitivity_sweep/data/param_24_rep_5,10000,5.0e-6,0.1,100.0,100000,10000.0,0.8,25,0,3,3,3,0.6
/project/theorie/n/N.Pfaffenzeller/results_project/checkpoint/5b5t_sensitivity_sweep,param_24_rep_5,/project/theorie/n/N.Pfaffenzeller/results_project/checkpoint/5b5t_sensitivity_sweep/data/param_24_rep_5,10000,5.0e-6,0.1,100.0,100000,10000.0,0.9,25,0,3,3,3,0.6
/project/theorie/n/N.Pfaffenzeller/results_project/checkpoint/5b5t_sensitivity_sweep,param_25_rep_1,/project/theorie/n/N.Pfaffenzeller/results_project/checkpoint/5b5t_sensitivity_sweep/data/param_25_rep_1,10000,5.0e-6,1.0,0.1,1,5000.0,0.8,25,0,0,0,0,0.0
/project/theorie/n/N.Pfaffenzeller/results_project/checkpoint/5b5t_sensitivity_sweep,param_25_rep_1,/project/theorie/n/N.Pfaffenzeller/results_project/checkpoint/5b5t_sensitivity_sweep/data/param_25_rep_1,10000,5.0e-6,1.0,0.1,1,5000.0,0.9,25,0,0,0,0,0.0
/project/theorie/n/N.Pfaffenzeller/results_project/checkpoint/5b5t_sensitivity_sweep,param_25_rep_1,/project/theorie/n/N.Pfaffenzeller/results_project/checkpoint/5b5t_sensitivity_sweep/data/param_25_rep_1,10000,5.0e-6,1.0,0.1,1,10000.0,0.8,25,0,0,0,0,0.0
/project/theorie/n/N.Pfaffenzeller/results_project/checkpoint/5b5t_sensitivity_sweep,param_25_rep_1,/project/theorie/n/N.Pfaffenzeller/results_project/checkpoint/5b5t_sensitivity_sweep/data/param_25_rep_1,10000,5.0e-6,1.0,0.1,1,10000.0,0.9,25,0,0,0,0,0.0
/project/theorie/n/N.Pfaffenzeller/results_project/checkpoint/5b5t_sensitivity_sweep,param_25_rep_2,/project/theorie/n/N.Pfaffenzeller/results_project/checkpoint/5b5t_sensitivity_sweep/data/param_25_rep_2,10000,5.0e-6,1.0,0.1,1,5000.0,0.8,25,0,0,0,0,0.0
/project/theorie/n/N.Pfaffenzeller/results_project/checkpoint/5b5t_sensitivity_sweep,param_25_rep_2,/project/theorie/n/N.Pfaffenzeller/results_project/checkpoint/5b5t_sensitivity_sweep/data/param_25_rep_2,10000,5.0e-6,1.0,0.1,1,5000.0,0.9,25,0,0,0,0,0.0
/project/theorie/n/N.Pfaffenzeller/results_project/checkpoint/5b5t_sensitivity_sweep,param_25_rep_2,/project/theorie/n/N.Pfaffenzeller/results_project/checkpoint/5b5t_sensitivity_sweep/data/param_25_rep_2,10000,5.0e-6,1.0,0.1,1,10000.0,0.8,25,0,0,0,0,0.0
/project/theorie/n/N.Pfaffenzeller/results_project/checkpoint/5b5t_sensitivity_sweep,param_25_rep_2,/project/theorie/n/N.Pfaffenzeller/results_project/checkpoint/5b5t_sensitivity_sweep/data/param_25_rep_2,10000,5.0e-6,1.0,0.1,1,10000.0,0.9,25,0,0,0,0,0.0
/project/theorie/n/N.Pfaffenzeller/results_project/checkpoint/5b5t_sensitivity_sweep,param_25_rep_3,/project/theorie/n/N.Pfaffenzeller/results_project/checkpoint/5b5t_sensitivity_sweep/data/param_25_rep_3,10000,5.0e-6,1.0,0.1,1,5000.0,0.8,25,0,0,0,0,0.0
/project/theorie/n/N.Pfaffenzeller/results_project/checkpoint/5b5t_sensitivity_sweep,param_25_rep_3,/project/theorie/n/N.Pfaffenzeller/results_project/checkpoint/5b5t_sensitivity_sweep/data/param_25_rep_3,10000,5.0e-6,1.0,0.1,1,5000.0,0.9,25,0,0,0,0,0.0
/project/theorie/n/N.Pfaffenzeller/results_project/checkpoint/5b5t_sensitivity_sweep,param_25_rep_3,/project/theorie/n/N.Pfaffenzeller/results_project/checkpoint/5b5t_sensitivity_sweep/data/param_25_rep_3,10000,5.0e-6,1.0,0.1,1,10000.0,0.8,25,0,0,0,0,0.0
/project/theorie/n/N.Pfaffenzeller/results_project/checkpoint/5b5t_sensitivity_sweep,param_25_rep_3,/project/theorie/n/N.Pfaffenzeller/results_project/checkpoint/5b5t_sensitivity_sweep/data/param_25_rep_3,10000,5.0e-6,1.0,0.1,1,10000.0,0.9,25,0,0,0,0,0.0
/project/theorie/n/N.Pfaffenzeller/results_project/checkpoint/5b5t_sensitivity_sweep,param_25_rep_4,/project/theorie/n/N.Pfaffenzeller/results_project/checkpoint/5b5t_sensitivity_sweep/data/param_25_rep_4,10000,5.0e-6,1.0,0.1,1,5000.0,0.8,25,0,0,0,0,0.0
/project/theorie/n/N.Pfaffenzeller/results_project/checkpoint/5b5t_sensitivity_sweep,param_25_rep_4,/project/theorie/n/N.Pfaffenzeller/results_project/checkpoint/5b5t_sensitivity_sweep/data/param_25_rep_4,10000,5.0e-6,1.0,0.1,1,5000.0,0.9,25,0,0,0,0,0.0
/project/theorie/n/N.Pfaffenzeller/results_project/checkpoint/5b5t_sensitivity_sweep,param_25_rep_4,/project/theorie/n/N.Pfaffenzeller/results_project/checkpoint/5b5t_sensitivity_sweep/data/param_25_rep_4,10000,5.0e-6,1.0,0.1,1,10000.0,0.8,25,0,0,0,0,0.0
/project/theorie/n/N.Pfaffenzeller/results_project/checkpoint/5b5t_sensitivity_sweep,param_25_rep_4,/project/theorie/n/N.Pfaffenzeller/results_project/checkpoint/5b5t_sensitivity_sweep/data/param_25_rep_4,10000,5.0e-6,1.0,0.1,1,10000.0,0.9,25,0,0,0,0,0.0
/project/theorie/n/N.Pfaffenzeller/results_project/checkpoint/5b5t_sensitivity_sweep,param_25_rep_5,/project/theorie/n/N.Pfaffenzeller/results_project/checkpoint/5b5t_sensitivity_sweep/data/param_25_rep_5,10000,5.0e-6,1.0,0.1,1,5000.0,0.8,25,0,0,0,0,0.0
/project/theorie/n/N.Pfaffenzeller/results_project/checkpoint/5b5t_sensitivity_sweep,param_25_rep_5,/project/theorie/n/N.Pfaffenzeller/results_project/checkpoint/5b5t_sensitivity_sweep/data/param_25_rep_5,10000,5.0e-6,1.0,0.1,1,5000.0,0.9,25,0,0,0,0,0.0
/project/theorie/n/N.Pfaffenzeller/results_project/checkpoint/5b5t_sensitivity_sweep,param_25_rep_5,/project/theorie/n/N.Pfaffenzeller/results_project/checkpoint/5b5t_sensitivity_sweep/data/param_25_rep_5,10000,5.0e-6,1.0,0.1,1,10000.0,0.8,25,0,0,0,0,0.0
/project/theorie/n/N.Pfaffenzeller/results_project/checkpoint/5b5t_sensitivity_sweep,param_25_rep_5,/project/theorie/n/N.Pfaffenzeller/results_project/checkpoint/5b5t_sensitivity_sweep/data/param_25_rep_5,10000,5.0e-6,1.0,0.1,1,10000.0,0.9,25,0,0,0,0,0.0
/project/theorie/n/N.Pfaffenzeller/results_project/checkpoint/5b5t_sensitivity_sweep,param_26_rep_1,/project/theorie/n/N.Pfaffenzeller/results_project/checkpoint/5b5t_sensitivity_sweep/data/param_26_rep_1,10000,5.0e-6,1.0,1.0,1,5000.0,0.8,25,0,0,0,0,0.0
/project/theorie/n/N.Pfaffenzeller/results_project/checkpoint/5b5t_sensitivity_sweep,param_26_rep_1,/project/theorie/n/N.Pfaffenzeller/results_project/checkpoint/5b5t_sensitivity_sweep/data/param_26_rep_1,10000,5.0e-6,1.0,1.0,1,5000.0,0.9,25,0,0,0,0,0.0
/project/theorie/n/N.Pfaffenzeller/results_project/checkpoint/5b5t_sensitivity_sweep,param_26_rep_1,/project/theorie/n/N.Pfaffenzeller/results_project/checkpoint/5b5t_sensitivity_sweep/data/param_26_rep_1,10000,5.0e-6,1.0,1.0,1,10000.0,0.8,25,0,0,0,0,0.0
/project/theorie/n/N.Pfaffenzeller/results_project/checkpoint/5b5t_sensitivity_sweep,param_26_rep_1,/project/theorie/n/N.Pfaffenzeller/results_project/checkpoint/5b5t_sensitivity_sweep/data/param_26_rep_1,10000,5.0e-6,1.0,1.0,1,10000.0,0.9,25,0,0,0,0,0.0
/project/theorie/n/N.Pfaffenzeller/results_project/checkpoint/5b5t_sensitivity_sweep,param_26_rep_2,/project/theorie/n/N.Pfaffenzeller/results_project/checkpoint/5b5t_sensitivity_sweep/data/param_26_rep_2,10000,5.0e-6,1.0,1.0,1,5000.0,0.8,25,0,0,0,0,0.0
/project/theorie/n/N.Pfaffenzeller/results_project/checkpoint/5b5t_sensitivity_sweep,param_26_rep_2,/project/theorie/n/N.Pfaffenzeller/results_project/checkpoint/5b5t_sensitivity_sweep/data/param_26_rep_2,10000,5.0e-6,1.0,1.0,1,5000.0,0.9,25,0,0,0,0,0.0
/project/theorie/n/N.Pfaffenzeller/results_project/checkpoint/5b5t_sensitivity_sweep,param_26_rep_2,/project/theorie/n/N.Pfaffenzeller/results_project/checkpoint/5b5t_sensitivity_sweep/data/param_26_rep_2,10000,5.0e-6,1.0,1.0,1,10000.0,0.8,25,0,0,0,0,0.0
/project/theorie/n/N.Pfaffenzeller/results_project/checkpoint/5b5t_sensitivity_sweep,param_26_rep_2,/project/theorie/n/N.Pfaffenzeller/results_project/checkpoint/5b5t_sensitivity_sweep/data/param_26_rep_2,10000,5.0e-6,1.0,1.0,1,10000.0,0.9,25,0,0,0,0,0.0
/project/theorie/n/N.Pfaffenzeller/results_project/checkpoint/5b5t_sensitivity_sweep,param_26_rep_3,/project/theorie/n/N.Pfaffenzeller/results_project/checkpoint/5b5t_sensitivity_sweep/data/param_26_rep_3,10000,5.0e-6,1.0,1.0,1,5000.0,0.8,25,0,0,0,0,0.0
/project/theorie/n/N.Pfaffenzeller/results_project/checkpoint/5b5t_sensitivity_sweep,param_26_rep_3,/project/theorie/n/N.Pfaffenzeller/results_project/checkpoint/5b5t_sensitivity_sweep/data/param_26_rep_3,10000,5.0e-6,1.0,1.0,1,5000.0,0.9,25,0,0,0,0,0.0
/project/theorie/n/N.Pfaffenzeller/results_project/checkpoint/5b5t_sensitivity_sweep,param_26_rep_3,/project/theorie/n/N.Pfaffenzeller/results_project/checkpoint/5b5t_sensitivity_sweep/data/param_26_rep_3,10000,5.0e-6,1.0,1.0,1,10000.0,0.8,25,0,0,0,0,0.0
/project/theorie/n/N.Pfaffenzeller/results_project/checkpoint/5b5t_sensitivity_sweep,param_26_rep_3,/project/theorie/n/N.Pfaffenzeller/results_project/checkpoint/5b5t_sensitivity_sweep/data/param_26_rep_3,10000,5.0e-6,1.0,1.0,1,10000.0,0.9,25,0,0,0,0,0.0
/project/theorie/n/N.Pfaffenzeller/results_project/checkpoint/5b5t_sensitivity_sweep,param_26_rep_4,/project/theorie/n/N.Pfaffenzeller/results_project/checkpoint/5b5t_sensitivity_sweep/data/param_26_rep_4,10000,5.0e-6,1.0,1.0,1,5000.0,0.8,25,0,0,0,0,0.0
/project/theorie/n/N.Pfaffenzeller/results_project/checkpoint/5b5t_sensitivity_sweep,param_26_rep_4,/project/theorie/n/N.Pfaffenzeller/results_project/checkpoint/5b5t_sensitivity_sweep/data/param_26_rep_4,10000,5.0e-6,1.0,1.0,1,5000.0,0.9,25,0,0,0,0,0.0
/project/theorie/n/N.Pfaffenzeller/results_project/checkpoint/5b5t_sensitivity_sweep,param_26_rep_4,/project/theorie/n/N.Pfaffenzeller/results_project/checkpoint/5b5t_sensitivity_sweep/data/param_26_rep_4,10000,5.0e-6,1.0,1.0,1,10000.0,0.8,25,0,0,0,0,0.0
/project/theorie/n/N.Pfaffenzeller/results_project/checkpoint/5b5t_sensitivity_sweep,param_26_rep_4,/project/theorie/n/N.Pfaffenzeller/results_project/checkpoint/5b5t_sensitivity_sweep/data/param_26_rep_4,10000,5.0e-6,1.0,1.0,1,10000.0,0.9,25,0,0,0,0,0.0
/project/theorie/n/N.Pfaffenzeller/results_project/checkpoint/5b5t_sensitivity_sweep,param_26_rep_5,/project/theorie/n/N.Pfaffenzeller/results_project/checkpoint/5b5t_sensitivity_sweep/data/param_26_rep_5,10000,5.0e-6,1.0,1.0,1,5000.0,0.8,25,0,0,0,0,0.0
/project/theorie/n/N.Pfaffenzeller/results_project/checkpoint/5b5t_sensitivity_sweep,param_26_rep_5,/project/theorie/n/N.Pfaffenzeller/results_project/checkpoint/5b5t_sensitivity_sweep/data/param_26_rep_5,10000,5.0e-6,1.0,1.0,1,5000.0,0.9,25,0,0,0,0,0.0
/project/theorie/n/N.Pfaffenzeller/results_project/checkpoint/5b5t_sensitivity_sweep,param_26_rep_5,/project/theorie/n/N.Pfaffenzeller/results_project/checkpoint/5b5t_sensitivity_sweep/data/param_26_rep_5,10000,5.0e-6,1.0,1.0,1,10000.0,0.8,25,0,0,0,0,0.0
/project/theorie/n/N.Pfaffenzeller/results_project/checkpoint/5b5t_sensitivity_sweep,param_26_rep_5,/project/theorie/n/N.Pfaffenzeller/results_project/checkpoint/5b5t_sensitivity_sweep/data/param_26_rep_5,10000,5.0e-6,1.0,1.0,1,10000.0,0.9,25,0,0,0,0,0.0
/project/theorie/n/N.Pfaffenzeller/results_project/checkpoint/5b5t_sensitivity_sweep,param_27_rep_1,/project/theorie/n/N.Pfaffenzeller/results_project/checkpoint/5b5t_sensitivity_sweep/data/param_27_rep_1,10000,5.0e-6,1.0,10.0,1,5000.0,0.8,25,0,0,0,0,0.0
/project/theorie/n/N.Pfaffenzeller/results_project/checkpoint/5b5t_sensitivity_sweep,param_27_rep_1,/project/theorie/n/N.Pfaffenzeller/results_project/checkpoint/5b5t_sensitivity_sweep/data/param_27_rep_1,10000,5.0e-6,1.0,10.0,1,5000.0,0.9,25,0,0,0,0,0.0
/project/theorie/n/N.Pfaffenzeller/results_project/checkpoint/5b5t_sensitivity_sweep,param_27_rep_1,/project/theorie/n/N.Pfaffenzeller/results_project/checkpoint/5b5t_sensitivity_sweep/data/param_27_rep_1,10000,5.0e-6,1.0,10.0,1,10000.0,0.8,25,0,0,0,0,0.0
/project/theorie/n/N.Pfaffenzeller/results_project/checkpoint/5b5t_sensitivity_sweep,param_27_rep_1,/project/theorie/n/N.Pfaffenzeller/results_project/checkpoint/5b5t_sensitivity_sweep/data/param_27_rep_1,10000,5.0e-6,1.0,10.0,1,10000.0,0.9,25,0,0,0,0,0.0
/project/theorie/n/N.Pfaffenzeller/results_project/checkpoint/5b5t_sensitivity_sweep,param_27_rep_2,/project/theorie/n/N.Pfaffenzeller/results_project/checkpoint/5b5t_sensitivity_sweep/data/param_27_rep_2,10000,5.0e-6,1.0,10.0,1,5000.0,0.8,25,0,0,0,0,0.0
/project/theorie/n/N.Pfaffenzeller/results_project/checkpoint/5b5t_sensitivity_sweep,param_27_rep_2,/project/theorie/n/N.Pfaffenzeller/results_project/checkpoint/5b5t_sensitivity_sweep/data/param_27_rep_2,10000,5.0e-6,1.0,10.0,1,5000.0,0.9,25,0,0,0,0,0.0
/project/theorie/n/N.Pfaffenzeller/results_project/checkpoint/5b5t_sensitivity_sweep,param_27_rep_2,/project/theorie/n/N.Pfaffenzeller/results_project/checkpoint/5b5t_sensitivity_sweep/data/param_27_rep_2,10000,5.0e-6,1.0,10.0,1,10000.0,0.8,25,0,1,1,1,0.2
/project/theorie/n/N.Pfaffenzeller/results_project/checkpoint/5b5t_sensitivity_sweep,param_27_rep_2,/project/theorie/n/N.Pfaffenzeller/results_project/checkpoint/5b5t_sensitivity_sweep/data/param_27_rep_2,10000,5.0e-6,1.0,10.0,1,10000.0,0.9,25,0,0,0,0,0.0
/project/theorie/n/N.Pfaffenzeller/results_project/checkpoint/5b5t_sensitivity_sweep,param_27_rep_3,/project/theorie/n/N.Pfaffenzeller/results_project/checkpoint/5b5t_sensitivity_sweep/data/param_27_rep_3,10000,5.0e-6,1.0,10.0,1,5000.0,0.8,25,0,0,0,0,0.0
/project/theorie/n/N.Pfaffenzeller/results_project/checkpoint/5b5t_sensitivity_sweep,param_27_rep_3,/project/theorie/n/N.Pfaffenzeller/results_project/checkpoint/5b5t_sensitivity_sweep/data/param_27_rep_3,10000,5.0e-6,1.0,10.0,1,5000.0,0.9,25,0,0,0,0,0.0
/project/theorie/n/N.Pfaffenzeller/results_project/checkpoint/5b5t_sensitivity_sweep,param_27_rep_3,/project/theorie/n/N.Pfaffenzeller/results_project/checkpoint/5b5t_sensitivity_sweep/data/param_27_rep_3,10000,5.0e-6,1.0,10.0,1,10000.0,0.8,25,0,0,0,0,0.0
/project/theorie/n/N.Pfaffenzeller/results_project/checkpoint/5b5t_sensitivity_sweep,param_27_rep_3,/project/theorie/n/N.Pfaffenzeller/results_project/checkpoint/5b5t_sensitivity_sweep/data/param_27_rep_3,10000,5.0e-6,1.0,10.0,1,10000.0,0.9,25,0,0,0,0,0.0
/project/theorie/n/N.Pfaffenzeller/results_project/checkpoint/5b5t_sensitivity_sweep,param_27_rep_4,/project/theorie/n/N.Pfaffenzeller/results_project/checkpoint/5b5t_sensitivity_sweep/data/param_27_rep_4,10000,5.0e-6,1.0,10.0,1,5000.0,0.8,25,0,0,0,0,0.0
/project/theorie/n/N.Pfaffenzeller/results_project/checkpoint/5b5t_sensitivity_sweep,param_27_rep_4,/project/theorie/n/N.Pfaffenzeller/results_project/checkpoint/5b5t_sensitivity_sweep/data/param_27_rep_4,10000,5.0e-6,1.0,10.0,1,5000.0,0.9,25,0,0,0,0,0.0
/project/theorie/n/N.Pfaffenzeller/results_project/checkpoint/5b5t_sensitivity_sweep,param_27_rep_4,/project/theorie/n/N.Pfaffenzeller/results_project/checkpoint/5b5t_sensitivity_sweep/data/param_27_rep_4,10000,5.0e-6,1.0,10.0,1,10000.0,0.8,25,0,0,0,0,0.0
/project/theorie/n/N.Pfaffenzeller/results_project/checkpoint/5b5t_sensitivity_sweep,param_27_rep_4,/project/theorie/n/N.Pfaffenzeller/results_project/checkpoint/5b5t_sensitivity_sweep/data/param_27_rep_4,10000,5.0e-6,1.0,10.0,1,10000.0,0.9,25,0,0,0,0,0.0
/project/theorie/n/N.Pfaffenzeller/results_project/checkpoint/5b5t_sensitivity_sweep,param_27_rep_5,/project/theorie/n/N.Pfaffenzeller/results_project/checkpoint/5b5t_sensitivity_sweep/data/param_27_rep_5,10000,5.0e-6,1.0,10.0,1,5000.0,0.8,25,0,0,0,0,0.0
/project/theorie/n/N.Pfaffenzeller/results_project/checkpoint/5b5t_sensitivity_sweep,param_27_rep_5,/project/theorie/n/N.Pfaffenzeller/results_project/checkpoint/5b5t_sensitivity_sweep/data/param_27_rep_5,10000,5.0e-6,1.0,10.0,1,5000.0,0.9,25,0,0,0,0,0.0
/project/theorie/n/N.Pfaffenzeller/results_project/checkpoint/5b5t_sensitivity_sweep,param_27_rep_5,/project/theorie/n/N.Pfaffenzeller/results_project/checkpoint/5b5t_sensitivity_sweep/data/param_27_rep_5,10000,5.0e-6,1.0,10.0,1,10000.0,0.8,25,0,0,0,0,0.0
/project/theorie/n/N.Pfaffenzeller/results_project/checkpoint/5b5t_sensitivity_sweep,param_27_rep_5,/project/theorie/n/N.Pfaffenzeller/results_project/checkpoint/5b5t_sensitivity_sweep/data/param_27_rep_5,10000,5.0e-6,1.0,10.0,1,10000.0,0.9,25,0,0,0,0,0.0
/project/theorie/n/N.Pfaffenzeller/results_project/checkpoint/5b5t_sensitivity_sweep,param_28_rep_1,/project/theorie/n/N.Pfaffenzeller/results_project/checkpoint/5b5t_sensitivity_sweep/data/param_28_rep_1,10000,5.0e-6,1.0,100.0,1,5000.0,0.8,25,0,0,0,0,0.0
/project/theorie/n/N.Pfaffenzeller/results_project/checkpoint/5b5t_sensitivity_sweep,param_28_rep_1,/project/theorie/n/N.Pfaffenzeller/results_project/checkpoint/5b5t_sensitivity_sweep/data/param_28_rep_1,10000,5.0e-6,1.0,100.0,1,5000.0,0.9,25,0,0,0,0,0.0
/project/theorie/n/N.Pfaffenzeller/results_project/checkpoint/5b5t_sensitivity_sweep,param_28_rep_1,/project/theorie/n/N.Pfaffenzeller/results_project/checkpoint/5b5t_sensitivity_sweep/data/param_28_rep_1,10000,5.0e-6,1.0,100.0,1,10000.0,0.8,25,0,0,0,0,0.0
/project/theorie/n/N.Pfaffenzeller/results_project/checkpoint/5b5t_sensitivity_sweep,param_28_rep_1,/project/theorie/n/N.Pfaffenzeller/results_project/checkpoint/5b5t_sensitivity_sweep/data/param_28_rep_1,10000,5.0e-6,1.0,100.0,1,10000.0,0.9,25,0,0,0,0,0.0
/project/theorie/n/N.Pfaffenzeller/results_project/checkpoint/5b5t_sensitivity_sweep,param_28_rep_2,/project/theorie/n/N.Pfaffenzeller/results_project/checkpoint/5b5t_sensitivity_sweep/data/param_28_rep_2,10000,5.0e-6,1.0,100.0,1,5000.0,0.8,25,0,0,0,0,0.0
/project/theorie/n/N.Pfaffenzeller/results_project/checkpoint/5b5t_sensitivity_sweep,param_28_rep_2,/project/theorie/n/N.Pfaffenzeller/results_project/checkpoint/5b5t_sensitivity_sweep/data/param_28_rep_2,10000,5.0e-6,1.0,100.0,1,5000.0,0.9,25,0,0,0,0,0.0
/project/theorie/n/N.Pfaffenzeller/results_project/checkpoint/5b5t_sensitivity_sweep,param_28_rep_2,/project/theorie/n/N.Pfaffenzeller/results_project/checkpoint/5b5t_sensitivity_sweep/data/param_28_rep_2,10000,5.0e-6,1.0,100.0,1,10000.0,0.8,25,0,0,0,0,0.0
/project/theorie/n/N.Pfaffenzeller/results_project/checkpoint/5b5t_sensitivity_sweep,param_28_rep_2,/project/theorie/n/N.Pfaffenzeller/results_project/checkpoint/5b5t_sensitivity_sweep/data/param_28_rep_2,10000,5.0e-6,1.0,100.0,1,10000.0,0.9,25,0,0,0,0,0.0
/project/theorie/n/N.Pfaffenzeller/results_project/checkpoint/5b5t_sensitivity_sweep,param_28_rep_3,/project/theorie/n/N.Pfaffenzeller/results_project/checkpoint/5b5t_sensitivity_sweep/data/param_28_rep_3,10000,5.0e-6,1.0,100.0,1,5000.0,0.8,25,0,0,0,0,0.0
/project/theorie/n/N.Pfaffenzeller/results_project/checkpoint/5b5t_sensitivity_sweep,param_28_rep_3,/project/theorie/n/N.Pfaffenzeller/results_project/checkpoint/5b5t_sensitivity_sweep/data/param_28_rep_3,10000,5.0e-6,1.0,100.0,1,5000.0,0.9,25,0,0,0,0,0.0
/project/theorie/n/N.Pfaffenzeller/results_project/checkpoint/5b5t_sensitivity_sweep,param_28_rep_3,/project/theorie/n/N.Pfaffenzeller/results_project/checkpoint/5b5t_sensitivity_sweep/data/param_28_rep_3,10000,5.0e-6,1.0,100.0,1,10000.0,0.8,25,0,0,0,0,0.0
/project/theorie/n/N.Pfaffenzeller/results_project/checkpoint/5b5t_sensitivity_sweep,param_28_rep_3,/project/theorie/n/N.Pfaffenzeller/results_project/checkpoint/5b5t_sensitivity_sweep/data/param_28_rep_3,10000,5.0e-6,1.0,100.0,1,10000.0,0.9,25,0,0,0,0,0.0
/project/theorie/n/N.Pfaffenzeller/results_project/checkpoint/5b5t_sensitivity_sweep,param_28_rep_4,/project/theorie/n/N.Pfaffenzeller/results_project/checkpoint/5b5t_sensitivity_sweep/data/param_28_rep_4,10000,5.0e-6,1.0,100.0,1,5000.0,0.8,25,0,0,0,0,0.0
/project/theorie/n/N.Pfaffenzeller/results_project/checkpoint/5b5t_sensitivity_sweep,param_28_rep_4,/project/theorie/n/N.Pfaffenzeller/results_project/checkpoint/5b5t_sensitivity_sweep/data/param_28_rep_4,10000,5.0e-6,1.0,100.0,1,5000.0,0.9,25,0,0,0,0,0.0
/project/theorie/n/N.Pfaffenzeller/results_project/checkpoint/5b5t_sensitivity_sweep,param_28_rep_4,/project/theorie/n/N.Pfaffenzeller/results_project/checkpoint/5b5t_sensitivity_sweep/data/param_28_rep_4,10000,5.0e-6,1.0,100.0,1,10000.0,0.8,25,0,0,0,0,0.0
/project/theorie/n/N.Pfaffenzeller/results_project/checkpoint/5b5t_sensitivity_sweep,param_28_rep_4,/project/theorie/n/N.Pfaffenzeller/results_project/checkpoint/5b5t_sensitivity_sweep/data/param_28_rep_4,10000,5.0e-6,1.0,100.0,1,10000.0,0.9,25,0,0,0,0,0.0
/project/theorie/n/N.Pfaffenzeller/results_project/checkpoint/5b5t_sensitivity_sweep,param_28_rep_5,/project/theorie/n/N.Pfaffenzeller/results_project/checkpoint/5b5t_sensitivity_sweep/data/param_28_rep_5,10000,5.0e-6,1.0,100.0,1,5000.0,0.8,25,0,0,0,0,0.0
/project/theorie/n/N.Pfaffenzeller/results_project/checkpoint/5b5t_sensitivity_sweep,param_28_rep_5,/project/theorie/n/N.Pfaffenzeller/results_project/checkpoint/5b5t_sensitivity_sweep/data/param_28_rep_5,10000,5.0e-6,1.0,100.0,1,5000.0,0.9,25,0,0,0,0,0.0
/project/theorie/n/N.Pfaffenzeller/results_project/checkpoint/5b5t_sensitivity_sweep,param_28_rep_5,/project/theorie/n/N.Pfaffenzeller/results_project/checkpoint/5b5t_sensitivity_sweep/data/param_28_rep_5,10000,5.0e-6,1.0,100.0,1,10000.0,0.8,25,0,0,0,0,0.0
/project/theorie/n/N.Pfaffenzeller/results_project/checkpoint/5b5t_sensitivity_sweep,param_28_rep_5,/project/theorie/n/N.Pfaffenzeller/results_project/checkpoint/5b5t_sensitivity_sweep/data/param_28_rep_5,10000,5.0e-6,1.0,100.0,1,10000.0,0.9,25,0,0,0,0,0.0
/project/theorie/n/N.Pfaffenzeller/results_project/checkpoint/5b5t_sensitivity_sweep,param_29_rep_1,/project/theorie/n/N.Pfaffenzeller/results_project/checkpoint/5b5t_sensitivity_sweep/data/param_29_rep_1,10000,5.0e-6,1.0,0.1,10,5000.0,0.8,25,0,0,0,0,0.0
/project/theorie/n/N.Pfaffenzeller/results_project/checkpoint/5b5t_sensitivity_sweep,param_29_rep_1,/project/theorie/n/N.Pfaffenzeller/results_project/checkpoint/5b5t_sensitivity_sweep/data/param_29_rep_1,10000,5.0e-6,1.0,0.1,10,5000.0,0.9,25,0,0,0,0,0.0
/project/theorie/n/N.Pfaffenzeller/results_project/checkpoint/5b5t_sensitivity_sweep,param_29_rep_1,/project/theorie/n/N.Pfaffenzeller/results_project/checkpoint/5b5t_sensitivity_sweep/data/param_29_rep_1,10000,5.0e-6,1.0,0.1,10,10000.0,0.8,25,0,0,0,0,0.0
/project/theorie/n/N.Pfaffenzeller/results_project/checkpoint/5b5t_sensitivity_sweep,param_29_rep_1,/project/theorie/n/N.Pfaffenzeller/results_project/checkpoint/5b5t_sensitivity_sweep/data/param_29_rep_1,10000,5.0e-6,1.0,0.1,10,10000.0,0.9,25,0,0,0,0,0.0
/project/theorie/n/N.Pfaffenzeller/results_project/checkpoint/5b5t_sensitivity_sweep,param_29_rep_2,/project/theorie/n/N.Pfaffenzeller/results_project/checkpoint/5b5t_sensitivity_sweep/data/param_29_rep_2,10000,5.0e-6,1.0,0.1,10,5000.0,0.8,25,0,0,0,0,0.0
/project/theorie/n/N.Pfaffenzeller/results_project/checkpoint/5b5t_sensitivity_sweep,param_29_rep_2,/project/theorie/n/N.Pfaffenzeller/results_project/checkpoint/5b5t_sensitivity_sweep/data/param_29_rep_2,10000,5.0e-6,1.0,0.1,10,5000.0,0.9,25,0,0,0,0,0.0
/project/theorie/n/N.Pfaffenzeller/results_project/checkpoint/5b5t_sensitivity_sweep,param_29_rep_2,/project/theorie/n/N.Pfaffenzeller/results_project/checkpoint/5b5t_sensitivity_sweep/data/param_29_rep_2,10000,5.0e-6,1.0,0.1,10,10000.0,0.8,25,0,0,0,0,0.0
/project/theorie/n/N.Pfaffenzeller/results_project/checkpoint/5b5t_sensitivity_sweep,param_29_rep_2,/project/theorie/n/N.Pfaffenzeller/results_project/checkpoint/5b5t_sensitivity_sweep/data/param_29_rep_2,10000,5.0e-6,1.0,0.1,10,10000.0,0.9,25,0,0,0,0,0.0
/project/theorie/n/N.Pfaffenzeller/results_project/checkpoint/5b5t_sensitivity_sweep,param_29_rep_3,/project/theorie/n/N.Pfaffenzeller/results_project/checkpoint/5b5t_sensitivity_sweep/data/param_29_rep_3,10000,5.0e-6,1.0,0.1,10,5000.0,0.8,25,0,0,0,0,0.0
/project/theorie/n/N.Pfaffenzeller/results_project/checkpoint/5b5t_sensitivity_sweep,param_29_rep_3,/project/theorie/n/N.Pfaffenzeller/results_project/checkpoint/5b5t_sensitivity_sweep/data/param_29_rep_3,10000,5.0e-6,1.0,0.1,10,5000.0,0.9,25,0,0,0,0,0.0
/project/theorie/n/N.Pfaffenzeller/results_project/checkpoint/5b5t_sensitivity_sweep,param_29_rep_3,/project/theorie/n/N.Pfaffenzeller/results_project/checkpoint/5b5t_sensitivity_sweep/data/param_29_rep_3,10000,5.0e-6,1.0,0.1,10,10000.0,0.8,25,0,0,0,0,0.0
/project/theorie/n/N.Pfaffenzeller/results_project/checkpoint/5b5t_sensitivity_sweep,param_29_rep_3,/project/theorie/n/N.Pfaffenzeller/results_project/checkpoint/5b5t_sensitivity_sweep/data/param_29_rep_3,10000,5.0e-6,1.0,0.1,10,10000.0,0.9,25,0,0,0,0,0.0
/project/theorie/n/N.Pfaffenzeller/results_project/checkpoint/5b5t_sensitivity_sweep,param_29_rep_4,/project/theorie/n/N.Pfaffenzeller/results_project/checkpoint/5b5t_sensitivity_sweep/data/param_29_rep_4,10000,5.0e-6,1.0,0.1,10,5000.0,0.8,25,0,0,0,0,0.0
/project/theorie/n/N.Pfaffenzeller/results_project/checkpoint/5b5t_sensitivity_sweep,param_29_rep_4,/project/theorie/n/N.Pfaffenzeller/results_project/checkpoint/5b5t_sensitivity_sweep/data/param_29_rep_4,10000,5.0e-6,1.0,0.1,10,5000.0,0.9,25,0,0,0,0,0.0
/project/theorie/n/N.Pfaffenzeller/results_project/checkpoint/5b5t_sensitivity_sweep,param_29_rep_4,/project/theorie/n/N.Pfaffenzeller/results_project/checkpoint/5b5t_sensitivity_sweep/data/param_29_rep_4,10000,5.0e-6,1.0,0.1,10,10000.0,0.8,25,0,0,0,0,0.0
/project/theorie/n/N.Pfaffenzeller/results_project/checkpoint/5b5t_sensitivity_sweep,param_29_rep_4,/project/theorie/n/N.Pfaffenzeller/results_project/checkpoint/5b5t_sensitivity_sweep/data/param_29_rep_4,10000,5.0e-6,1.0,0.1,10,10000.0,0.9,25,0,0,0,0,0.0
/project/theorie/n/N.Pfaffenzeller/results_project/checkpoint/5b5t_sensitivity_sweep,param_29_rep_5,/project/theorie/n/N.Pfaffenzeller/results_project/checkpoint/5b5t_sensitivity_sweep/data/param_29_rep_5,10000,5.0e-6,1.0,0.1,10,5000.0,0.8,25,0,0,0,0,0.0
/project/theorie/n/N.Pfaffenzeller/results_project/checkpoint/5b5t_sensitivity_sweep,param_29_rep_5,/project/theorie/n/N.Pfaffenzeller/results_project/checkpoint/5b5t_sensitivity_sweep/data/param_29_rep_5,10000,5.0e-6,1.0,0.1,10,5000.0,0.9,25,0,0,0,0,0.0
/project/theorie/n/N.Pfaffenzeller/results_project/checkpoint/5b5t_sensitivity_sweep,param_29_rep_5,/project/theorie/n/N.Pfaffenzeller/results_project/checkpoint/5b5t_sensitivity_sweep/data/param_29_rep_5,10000,5.0e-6,1.0,0.1,10,10000.0,0.8,25,0,0,0,0,0.0
/project/theorie/n/N.Pfaffenzeller/results_project/checkpoint/5b5t_sensitivity_sweep,param_29_rep_5,/project/theorie/n/N.Pfaffenzeller/results_project/checkpoint/5b5t_sensitivity_sweep/data/param_29_rep_5,10000,5.0e-6,1.0,0.1,10,10000.0,0.9,25,0,0,0,0,0.0
/project/theorie/n/N.Pfaffenzeller/results_project/checkpoint/5b5t_sensitivity_sweep,param_2_rep_1,/project/theorie/n/N.Pfaffenzeller/results_project/checkpoint/5b5t_sensitivity_sweep/data/param_2_rep_1,10000,5.0e-6,0.1,1.0,1,5000.0,0.8,25,0,0,0,0,0.0
/project/theorie/n/N.Pfaffenzeller/results_project/checkpoint/5b5t_sensitivity_sweep,param_2_rep_1,/project/theorie/n/N.Pfaffenzeller/results_project/checkpoint/5b5t_sensitivity_sweep/data/param_2_rep_1,10000,5.0e-6,0.1,1.0,1,5000.0,0.9,25,0,0,0,0,0.0
/project/theorie/n/N.Pfaffenzeller/results_project/checkpoint/5b5t_sensitivity_sweep,param_2_rep_1,/project/theorie/n/N.Pfaffenzeller/results_project/checkpoint/5b5t_sensitivity_sweep/data/param_2_rep_1,10000,5.0e-6,0.1,1.0,1,10000.0,0.8,25,0,0,0,0,0.0
/project/theorie/n/N.Pfaffenzeller/results_project/checkpoint/5b5t_sensitivity_sweep,param_2_rep_1,/project/theorie/n/N.Pfaffenzeller/results_project/checkpoint/5b5t_sensitivity_sweep/data/param_2_rep_1,10000,5.0e-6,0.1,1.0,1,10000.0,0.9,25,0,0,0,0,0.0
/project/theorie/n/N.Pfaffenzeller/results_project/checkpoint/5b5t_sensitivity_sweep,param_2_rep_2,/project/theorie/n/N.Pfaffenzeller/results_project/checkpoint/5b5t_sensitivity_sweep/data/param_2_rep_2,10000,5.0e-6,0.1,1.0,1,5000.0,0.8,25,0,0,0,0,0.0
/project/theorie/n/N.Pfaffenzeller/results_project/checkpoint/5b5t_sensitivity_sweep,param_2_rep_2,/project/theorie/n/N.Pfaffenzeller/results_project/checkpoint/5b5t_sensitivity_sweep/data/param_2_rep_2,10000,5.0e-6,0.1,1.0,1,5000.0,0.9,25,0,0,0,0,0.0
/project/theorie/n/N.Pfaffenzeller/results_project/checkpoint/5b5t_sensitivity_sweep,param_2_rep_2,/project/theorie/n/N.Pfaffenzeller/results_project/checkpoint/5b5t_sensitivity_sweep/data/param_2_rep_2,10000,5.0e-6,0.1,1.0,1,10000.0,0.8,25,0,0,0,0,0.0
/project/theorie/n/N.Pfaffenzeller/results_project/checkpoint/5b5t_sensitivity_sweep,param_2_rep_2,/project/theorie/n/N.Pfaffenzeller/results_project/checkpoint/5b5t_sensitivity_sweep/data/param_2_rep_2,10000,5.0e-6,0.1,1.0,1,10000.0,0.9,25,0,0,0,0,0.0
/project/theorie/n/N.Pfaffenzeller/results_project/checkpoint/5b5t_sensitivity_sweep,param_2_rep_3,/project/theorie/n/N.Pfaffenzeller/results_project/checkpoint/5b5t_sensitivity_sweep/data/param_2_rep_3,10000,5.0e-6,0.1,1.0,1,5000.0,0.8,25,0,0,0,0,0.0
/project/theorie/n/N.Pfaffenzeller/results_project/checkpoint/5b5t_sensitivity_sweep,param_2_rep_3,/project/theorie/n/N.Pfaffenzeller/results_project/checkpoint/5b5t_sensitivity_sweep/data/param_2_rep_3,10000,5.0e-6,0.1,1.0,1,5000.0,0.9,25,0,0,0,0,0.0
/project/theorie/n/N.Pfaffenzeller/results_project/checkpoint/5b5t_sensitivity_sweep,param_2_rep_3,/project/theorie/n/N.Pfaffenzeller/results_project/checkpoint/5b5t_sensitivity_sweep/data/param_2_rep_3,10000,5.0e-6,0.1,1.0,1,10000.0,0.8,25,0,0,0,0,0.0
/project/theorie/n/N.Pfaffenzeller/results_project/checkpoint/5b5t_sensitivity_sweep,param_2_rep_3,/project/theorie/n/N.Pfaffenzeller/results_project/checkpoint/5b5t_sensitivity_sweep/data/param_2_rep_3,10000,5.0e-6,0.1,1.0,1,10000.0,0.9,25,0,0,0,0,0.0
/project/theorie/n/N.Pfaffenzeller/results_project/checkpoint/5b5t_sensitivity_sweep,param_2_rep_4,/project/theorie/n/N.Pfaffenzeller/results_project/checkpoint/5b5t_sensitivity_sweep/data/param_2_rep_4,10000,5.0e-6,0.1,1.0,1,5000.0,0.8,25,0,0,0,0,0.0
/project/theorie/n/N.Pfaffenzeller/results_project/checkpoint/5b5t_sensitivity_sweep,param_2_rep_4,/project/theorie/n/N.Pfaffenzeller/results_project/checkpoint/5b5t_sensitivity_sweep/data/param_2_rep_4,10000,5.0e-6,0.1,1.0,1,5000.0,0.9,25,0,0,0,0,0.0
/project/theorie/n/N.Pfaffenzeller/results_project/checkpoint/5b5t_sensitivity_sweep,param_2_rep_4,/project/theorie/n/N.Pfaffenzeller/results_project/checkpoint/5b5t_sensitivity_sweep/data/param_2_rep_4,10000,5.0e-6,0.1,1.0,1,10000.0,0.8,25,0,0,0,0,0.0
/project/theorie/n/N.Pfaffenzeller/results_project/checkpoint/5b5t_sensitivity_sweep,param_2_rep_4,/project/theorie/n/N.Pfaffenzeller/results_project/checkpoint/5b5t_sensitivity_sweep/data/param_2_rep_4,10000,5.0e-6,0.1,1.0,1,10000.0,0.9,25,0,0,0,0,0.0
/project/theorie/n/N.Pfaffenzeller/results_project/checkpoint/5b5t_sensitivity_sweep,param_2_rep_5,/project/theorie/n/N.Pfaffenzeller/results_project/checkpoint/5b5t_sensitivity_sweep/data/param_2_rep_5,10000,5.0e-6,0.1,1.0,1,5000.0,0.8,25,0,0,0,0,0.0
/project/theorie/n/N.Pfaffenzeller/results_project/checkpoint/5b5t_sensitivity_sweep,param_2_rep_5,/project/theorie/n/N.Pfaffenzeller/results_project/checkpoint/5b5t_sensitivity_sweep/data/param_2_rep_5,10000,5.0e-6,0.1,1.0,1,5000.0,0.9,25,0,0,0,0,0.0
/project/theorie/n/N.Pfaffenzeller/results_project/checkpoint/5b5t_sensitivity_sweep,param_2_rep_5,/project/theorie/n/N.Pfaffenzeller/results_project/checkpoint/5b5t_sensitivity_sweep/data/param_2_rep_5,10000,5.0e-6,0.1,1.0,1,10000.0,0.8,25,0,0,0,0,0.0
/project/theorie/n/N.Pfaffenzeller/results_project/checkpoint/5b5t_sensitivity_sweep,param_2_rep_5,/project/theorie/n/N.Pfaffenzeller/results_project/checkpoint/5b5t_sensitivity_sweep/data/param_2_rep_5,10000,5.0e-6,0.1,1.0,1,10000.0,0.9,25,0,0,0,0,0.0
/project/theorie/n/N.Pfaffenzeller/results_project/checkpoint/5b5t_sensitivity_sweep,param_30_rep_1,/project/theorie/n/N.Pfaffenzeller/results_project/checkpoint/5b5t_sensitivity_sweep/data/param_30_rep_1,10000,5.0e-6,1.0,1.0,10,5000.0,0.8,25,0,0,0,0,0.0
/project/theorie/n/N.Pfaffenzeller/results_project/checkpoint/5b5t_sensitivity_sweep,param_30_rep_1,/project/theorie/n/N.Pfaffenzeller/results_project/checkpoint/5b5t_sensitivity_sweep/data/param_30_rep_1,10000,5.0e-6,1.0,1.0,10,5000.0,0.9,25,0,0,0,0,0.0
/project/theorie/n/N.Pfaffenzeller/results_project/checkpoint/5b5t_sensitivity_sweep,param_30_rep_1,/project/theorie/n/N.Pfaffenzeller/results_project/checkpoint/5b5t_sensitivity_sweep/data/param_30_rep_1,10000,5.0e-6,1.0,1.0,10,10000.0,0.8,25,0,0,0,0,0.0
/project/theorie/n/N.Pfaffenzeller/results_project/checkpoint/5b5t_sensitivity_sweep,param_30_rep_1,/project/theorie/n/N.Pfaffenzeller/results_project/checkpoint/5b5t_sensitivity_sweep/data/param_30_rep_1,10000,5.0e-6,1.0,1.0,10,10000.0,0.9,25,0,0,0,0,0.0
/project/theorie/n/N.Pfaffenzeller/results_project/checkpoint/5b5t_sensitivity_sweep,param_30_rep_2,/project/theorie/n/N.Pfaffenzeller/results_project/checkpoint/5b5t_sensitivity_sweep/data/param_30_rep_2,10000,5.0e-6,1.0,1.0,10,5000.0,0.8,25,0,0,0,0,0.0
/project/theorie/n/N.Pfaffenzeller/results_project/checkpoint/5b5t_sensitivity_sweep,param_30_rep_2,/project/theorie/n/N.Pfaffenzeller/results_project/checkpoint/5b5t_sensitivity_sweep/data/param_30_rep_2,10000,5.0e-6,1.0,1.0,10,5000.0,0.9,25,0,0,0,0,0.0
/project/theorie/n/N.Pfaffenzeller/results_project/checkpoint/5b5t_sensitivity_sweep,param_30_rep_2,/project/theorie/n/N.Pfaffenzeller/results_project/checkpoint/5b5t_sensitivity_sweep/data/param_30_rep_2,10000,5.0e-6,1.0,1.0,10,10000.0,0.8,25,0,0,0,0,0.0
/project/theorie/n/N.Pfaffenzeller/results_project/checkpoint/5b5t_sensitivity_sweep,param_30_rep_2,/project/theorie/n/N.Pfaffenzeller/results_project/checkpoint/5b5t_sensitivity_sweep/data/param_30_rep_2,10000,5.0e-6,1.0,1.0,10,10000.0,0.9,25,0,0,0,0,0.0
/project/theorie/n/N.Pfaffenzeller/results_project/checkpoint/5b5t_sensitivity_sweep,param_30_rep_3,/project/theorie/n/N.Pfaffenzeller/results_project/checkpoint/5b5t_sensitivity_sweep/data/param_30_rep_3,10000,5.0e-6,1.0,1.0,10,5000.0,0.8,25,0,0,0,0,0.0
/project/theorie/n/N.Pfaffenzeller/results_project/checkpoint/5b5t_sensitivity_sweep,param_30_rep_3,/project/theorie/n/N.Pfaffenzeller/results_project/checkpoint/5b5t_sensitivity_sweep/data/param_30_rep_3,10000,5.0e-6,1.0,1.0,10,5000.0,0.9,25,0,0,0,0,0.0
/project/theorie/n/N.Pfaffenzeller/results_project/checkpoint/5b5t_sensitivity_sweep,param_30_rep_3,/project/theorie/n/N.Pfaffenzeller/results_project/checkpoint/5b5t_sensitivity_sweep/data/param_30_rep_3,10000,5.0e-6,1.0,1.0,10,10000.0,0.8,25,0,0,0,0,0.0
/project/theorie/n/N.Pfaffenzeller/results_project/checkpoint/5b5t_sensitivity_sweep,param_30_rep_3,/project/theorie/n/N.Pfaffenzeller/results_project/checkpoint/5b5t_sensitivity_sweep/data/param_30_rep_3,10000,5.0e-6,1.0,1.0,10,10000.0,0.9,25,0,0,0,0,0.0
/project/theorie/n/N.Pfaffenzeller/results_project/checkpoint/5b5t_sensitivity_sweep,param_30_rep_4,/project/theorie/n/N.Pfaffenzeller/results_project/checkpoint/5b5t_sensitivity_sweep/data/param_30_rep_4,10000,5.0e-6,1.0,1.0,10,5000.0,0.8,25,0,0,0,0,0.0
/project/theorie/n/N.Pfaffenzeller/results_project/checkpoint/5b5t_sensitivity_sweep,param_30_rep_4,/project/theorie/n/N.Pfaffenzeller/results_project/checkpoint/5b5t_sensitivity_sweep/data/param_30_rep_4,10000,5.0e-6,1.0,1.0,10,5000.0,0.9,25,0,0,0,0,0.0
/project/theorie/n/N.Pfaffenzeller/results_project/checkpoint/5b5t_sensitivity_sweep,param_30_rep_4,/project/theorie/n/N.Pfaffenzeller/results_project/checkpoint/5b5t_sensitivity_sweep/data/param_30_rep_4,10000,5.0e-6,1.0,1.0,10,10000.0,0.8,25,0,0,0,0,0.0
/project/theorie/n/N.Pfaffenzeller/results_project/checkpoint/5b5t_sensitivity_sweep,param_30_rep_4,/project/theorie/n/N.Pfaffenzeller/results_project/checkpoint/5b5t_sensitivity_sweep/data/param_30_rep_4,10000,5.0e-6,1.0,1.0,10,10000.0,0.9,25,0,0,0,0,0.0
/project/theorie/n/N.Pfaffenzeller/results_project/checkpoint/5b5t_sensitivity_sweep,param_30_rep_5,/project/theorie/n/N.Pfaffenzeller/results_project/checkpoint/5b5t_sensitivity_sweep/data/param_30_rep_5,10000,5.0e-6,1.0,1.0,10,5000.0,0.8,25,0,0,0,0,0.0
/project/theorie/n/N.Pfaffenzeller/results_project/checkpoint/5b5t_sensitivity_sweep,param_30_rep_5,/project/theorie/n/N.Pfaffenzeller/results_project/checkpoint/5b5t_sensitivity_sweep/data/param_30_rep_5,10000,5.0e-6,1.0,1.0,10,5000.0,0.9,25,0,0,0,0,0.0
/project/theorie/n/N.Pfaffenzeller/results_project/checkpoint/5b5t_sensitivity_sweep,param_30_rep_5,/project/theorie/n/N.Pfaffenzeller/results_project/checkpoint/5b5t_sensitivity_sweep/data/param_30_rep_5,10000,5.0e-6,1.0,1.0,10,10000.0,0.8,25,0,0,0,0,0.0
/project/theorie/n/N.Pfaffenzeller/results_project/checkpoint/5b5t_sensitivity_sweep,param_30_rep_5,/project/theorie/n/N.Pfaffenzeller/results_project/checkpoint/5b5t_sensitivity_sweep/data/param_30_rep_5,10000,5.0e-6,1.0,1.0,10,10000.0,0.9,25,0,0,0,0,0.0
/project/theorie/n/N.Pfaffenzeller/results_project/checkpoint/5b5t_sensitivity_sweep,param_31_rep_1,/project/theorie/n/N.Pfaffenzeller/results_project/checkpoint/5b5t_sensitivity_sweep/data/param_31_rep_1,10000,5.0e-6,1.0,10.0,10,5000.0,0.8,25,0,1,1,1,0.2
/project/theorie/n/N.Pfaffenzeller/results_project/checkpoint/5b5t_sensitivity_sweep,param_31_rep_1,/project/theorie/n/N.Pfaffenzeller/results_project/checkpoint/5b5t_sensitivity_sweep/data/param_31_rep_1,10000,5.0e-6,1.0,10.0,10,5000.0,0.9,25,0,0,0,0,0.0
/project/theorie/n/N.Pfaffenzeller/results_project/checkpoint/5b5t_sensitivity_sweep,param_31_rep_1,/project/theorie/n/N.Pfaffenzeller/results_project/checkpoint/5b5t_sensitivity_sweep/data/param_31_rep_1,10000,5.0e-6,1.0,10.0,10,10000.0,0.8,25,0,1,1,1,0.2
/project/theorie/n/N.Pfaffenzeller/results_project/checkpoint/5b5t_sensitivity_sweep,param_31_rep_1,/project/theorie/n/N.Pfaffenzeller/results_project/checkpoint/5b5t_sensitivity_sweep/data/param_31_rep_1,10000,5.0e-6,1.0,10.0,10,10000.0,0.9,25,0,0,0,0,0.0
/project/theorie/n/N.Pfaffenzeller/results_project/checkpoint/5b5t_sensitivity_sweep,param_31_rep_2,/project/theorie/n/N.Pfaffenzeller/results_project/checkpoint/5b5t_sensitivity_sweep/data/param_31_rep_2,10000,5.0e-6,1.0,10.0,10,5000.0,0.8,25,0,4,4,4,0.8
/project/theorie/n/N.Pfaffenzeller/results_project/checkpoint/5b5t_sensitivity_sweep,param_31_rep_2,/project/theorie/n/N.Pfaffenzeller/results_project/checkpoint/5b5t_sensitivity_sweep/data/param_31_rep_2,10000,5.0e-6,1.0,10.0,10,5000.0,0.9,25,0,1,1,1,0.2
/project/theorie/n/N.Pfaffenzeller/results_project/checkpoint/5b5t_sensitivity_sweep,param_31_rep_2,/project/theorie/n/N.Pfaffenzeller/results_project/checkpoint/5b5t_sensitivity_sweep/data/param_31_rep_2,10000,5.0e-6,1.0,10.0,10,10000.0,0.8,25,0,1,1,1,0.2
/project/theorie/n/N.Pfaffenzeller/results_project/checkpoint/5b5t_sensitivity_sweep,param_31_rep_2,/project/theorie/n/N.Pfaffenzeller/results_project/checkpoint/5b5t_sensitivity_sweep/data/param_31_rep_2,10000,5.0e-6,1.0,10.0,10,10000.0,0.9,25,0,0,0,0,0.0
/project/theorie/n/N.Pfaffenzeller/results_project/checkpoint/5b5t_sensitivity_sweep,param_31_rep_3,/project/theorie/n/N.Pfaffenzeller/results_project/checkpoint/5b5t_sensitivity_sweep/data/param_31_rep_3,10000,5.0e-6,1.0,10.0,10,5000.0,0.8,25,0,4,4,4,0.8
/project/theorie/n/N.Pfaffenzeller/results_project/checkpoint/5b5t_sensitivity_sweep,param_31_rep_3,/project/theorie/n/N.Pfaffenzeller/results_project/checkpoint/5b5t_sensitivity_sweep/data/param_31_rep_3,10000,5.0e-6,1.0,10.0,10,5000.0,0.9,25,0,2,2,2,0.4
/project/theorie/n/N.Pfaffenzeller/results_project/checkpoint/5b5t_sensitivity_sweep,param_31_rep_3,/project/theorie/n/N.Pfaffenzeller/results_project/checkpoint/5b5t_sensitivity_sweep/data/param_31_rep_3,10000,5.0e-6,1.0,10.0,10,10000.0,0.8,25,0,2,2,2,0.4
/project/theorie/n/N.Pfaffenzeller/results_project/checkpoint/5b5t_sensitivity_sweep,param_31_rep_3,/project/theorie/n/N.Pfaffenzeller/results_project/checkpoint/5b5t_sensitivity_sweep/data/param_31_rep_3,10000,5.0e-6,1.0,10.0,10,10000.0,0.9,25,0,0,0,0,0.0
/project/theorie/n/N.Pfaffenzeller/results_project/checkpoint/5b5t_sensitivity_sweep,param_31_rep_4,/project/theorie/n/N.Pfaffenzeller/results_project/checkpoint/5b5t_sensitivity_sweep/data/param_31_rep_4,10000,5.0e-6,1.0,10.0,10,5000.0,0.8,25,0,4,4,4,0.8
/project/theorie/n/N.Pfaffenzeller/results_project/checkpoint/5b5t_sensitivity_sweep,param_31_rep_4,/project/theorie/n/N.Pfaffenzeller/results_project/checkpoint/5b5t_sensitivity_sweep/data/param_31_rep_4,10000,5.0e-6,1.0,10.0,10,5000.0,0.9,25,0,1,1,1,0.2
/project/theorie/n/N.Pfaffenzeller/results_project/checkpoint/5b5t_sensitivity_sweep,param_31_rep_4,/project/theorie/n/N.Pfaffenzeller/results_project/checkpoint/5b5t_sensitivity_sweep/data/param_31_rep_4,10000,5.0e-6,1.0,10.0,10,10000.0,0.8,25,0,1,1,1,0.2
/project/theorie/n/N.Pfaffenzeller/results_project/checkpoint/5b5t_sensitivity_sweep,param_31_rep_4,/project/theorie/n/N.Pfaffenzeller/results_project/checkpoint/5b5t_sensitivity_sweep/data/param_31_rep_4,10000,5.0e-6,1.0,10.0,10,10000.0,0.9,25,0,0,0,0,0.0
/project/theorie/n/N.Pfaffenzeller/results_project/checkpoint/5b5t_sensitivity_sweep,param_31_rep_5,/project/theorie/n/N.Pfaffenzeller/results_project/checkpoint/5b5t_sensitivity_sweep/data/param_31_rep_5,10000,5.0e-6,1.0,10.0,10,5000.0,0.8,25,0,2,2,2,0.4
/project/theorie/n/N.Pfaffenzeller/results_project/checkpoint/5b5t_sensitivity_sweep,param_31_rep_5,/project/theorie/n/N.Pfaffenzeller/results_project/checkpoint/5b5t_sensitivity_sweep/data/param_31_rep_5,10000,5.0e-6,1.0,10.0,10,5000.0,0.9,25,0,0,0,0,0.0
/project/theorie/n/N.Pfaffenzeller/results_project/checkpoint/5b5t_sensitivity_sweep,param_31_rep_5,/project/theorie/n/N.Pfaffenzeller/results_project/checkpoint/5b5t_sensitivity_sweep/data/param_31_rep_5,10000,5.0e-6,1.0,10.0,10,10000.0,0.8,25,0,2,2,2,0.4
/project/theorie/n/N.Pfaffenzeller/results_project/checkpoint/5b5t_sensitivity_sweep,param_31_rep_5,/project/theorie/n/N.Pfaffenzeller/results_project/checkpoint/5b5t_sensitivity_sweep/data/param_31_rep_5,10000,5.0e-6,1.0,10.0,10,10000.0,0.9,25,0,0,0,0,0.0
/project/theorie/n/N.Pfaffenzeller/results_project/checkpoint/5b5t_sensitivity_sweep,param_32_rep_1,/project/theorie/n/N.Pfaffenzeller/results_project/checkpoint/5b5t_sensitivity_sweep/data/param_32_rep_1,10000,5.0e-6,1.0,100.0,10,5000.0,0.8,25,0,5,5,5,1.0
/project/theorie/n/N.Pfaffenzeller/results_project/checkpoint/5b5t_sensitivity_sweep,param_32_rep_1,/project/theorie/n/N.Pfaffenzeller/results_project/checkpoint/5b5t_sensitivity_sweep/data/param_32_rep_1,10000,5.0e-6,1.0,100.0,10,5000.0,0.9,25,0,4,4,4,0.8
/project/theorie/n/N.Pfaffenzeller/results_project/checkpoint/5b5t_sensitivity_sweep,param_32_rep_1,/project/theorie/n/N.Pfaffenzeller/results_project/checkpoint/5b5t_sensitivity_sweep/data/param_32_rep_1,10000,5.0e-6,1.0,100.0,10,10000.0,0.8,25,0,5,5,5,1.0
/project/theorie/n/N.Pfaffenzeller/results_project/checkpoint/5b5t_sensitivity_sweep,param_32_rep_1,/project/theorie/n/N.Pfaffenzeller/results_project/checkpoint/5b5t_sensitivity_sweep/data/param_32_rep_1,10000,5.0e-6,1.0,100.0,10,10000.0,0.9,25,0,5,5,5,1.0
/project/theorie/n/N.Pfaffenzeller/results_project/checkpoint/5b5t_sensitivity_sweep,param_32_rep_2,/project/theorie/n/N.Pfaffenzeller/results_project/checkpoint/5b5t_sensitivity_sweep/data/param_32_rep_2,10000,5.0e-6,1.0,100.0,10,5000.0,0.8,25,0,5,5,5,1.0
/project/theorie/n/N.Pfaffenzeller/results_project/checkpoint/5b5t_sensitivity_sweep,param_32_rep_2,/project/theorie/n/N.Pfaffenzeller/results_project/checkpoint/5b5t_sensitivity_sweep/data/param_32_rep_2,10000,5.0e-6,1.0,100.0,10,5000.0,0.9,25,0,5,5,5,1.0
/project/theorie/n/N.Pfaffenzeller/results_project/checkpoint/5b5t_sensitivity_sweep,param_32_rep_2,/project/theorie/n/N.Pfaffenzeller/results_project/checkpoint/5b5t_sensitivity_sweep/data/param_32_rep_2,10000,5.0e-6,1.0,100.0,10,10000.0,0.8,25,0,4,4,4,0.8
/project/theorie/n/N.Pfaffenzeller/results_project/checkpoint/5b5t_sensitivity_sweep,param_32_rep_2,/project/theorie/n/N.Pfaffenzeller/results_project/checkpoint/5b5t_sensitivity_sweep/data/param_32_rep_2,10000,5.0e-6,1.0,100.0,10,10000.0,0.9,25,0,3,3,3,0.6
/project/theorie/n/N.Pfaffenzeller/results_project/checkpoint/5b5t_sensitivity_sweep,param_32_rep_3,/project/theorie/n/N.Pfaffenzeller/results_project/checkpoint/5b5t_sensitivity_sweep/data/param_32_rep_3,10000,5.0e-6,1.0,100.0,10,5000.0,0.8,25,0,5,5,5,1.0
/project/theorie/n/N.Pfaffenzeller/results_project/checkpoint/5b5t_sensitivity_sweep,param_32_rep_3,/project/theorie/n/N.Pfaffenzeller/results_project/checkpoint/5b5t_sensitivity_sweep/data/param_32_rep_3,10000,5.0e-6,1.0,100.0,10,5000.0,0.9,25,0,5,5,5,1.0
/project/theorie/n/N.Pfaffenzeller/results_project/checkpoint/5b5t_sensitivity_sweep,param_32_rep_3,/project/theorie/n/N.Pfaffenzeller/results_project/checkpoint/5b5t_sensitivity_sweep/data/param_32_rep_3,10000,5.0e-6,1.0,100.0,10,10000.0,0.8,25,0,5,5,5,1.0
/project/theorie/n/N.Pfaffenzeller/results_project/checkpoint/5b5t_sensitivity_sweep,param_32_rep_3,/project/theorie/n/N.Pfaffenzeller/results_project/checkpoint/5b5t_sensitivity_sweep/data/param_32_rep_3,10000,5.0e-6,1.0,100.0,10,10000.0,0.9,25,0,3,3,3,0.6
/project/theorie/n/N.Pfaffenzeller/results_project/checkpoint/5b5t_sensitivity_sweep,param_32_rep_4,/project/theorie/n/N.Pfaffenzeller/results_project/checkpoint/5b5t_sensitivity_sweep/data/param_32_rep_4,10000,5.0e-6,1.0,100.0,10,5000.0,0.8,25,0,4,4,4,0.8
/project/theorie/n/N.Pfaffenzeller/results_project/checkpoint/5b5t_sensitivity_sweep,param_32_rep_4,/project/theorie/n/N.Pfaffenzeller/results_project/checkpoint/5b5t_sensitivity_sweep/data/param_32_rep_4,10000,5.0e-6,1.0,100.0,10,5000.0,0.9,25,0,4,4,4,0.8
/project/theorie/n/N.Pfaffenzeller/results_project/checkpoint/5b5t_sensitivity_sweep,param_32_rep_4,/project/theorie/n/N.Pfaffenzeller/results_project/checkpoint/5b5t_sensitivity_sweep/data/param_32_rep_4,10000,5.0e-6,1.0,100.0,10,10000.0,0.8,25,0,5,5,5,1.0
/project/theorie/n/N.Pfaffenzeller/results_project/checkpoint/5b5t_sensitivity_sweep,param_32_rep_4,/project/theorie/n/N.Pfaffenzeller/results_project/checkpoint/5b5t_sensitivity_sweep/data/param_32_rep_4,10000,5.0e-6,1.0,100.0,10,10000.0,0.9,25,0,4,4,4,0.8
/project/theorie/n/N.Pfaffenzeller/results_project/checkpoint/5b5t_sensitivity_sweep,param_32_rep_5,/project/theorie/n/N.Pfaffenzeller/results_project/checkpoint/5b5t_sensitivity_sweep/data/param_32_rep_5,10000,5.0e-6,1.0,100.0,10,5000.0,0.8,25,0,5,5,5,1.0
/project/theorie/n/N.Pfaffenzeller/results_project/checkpoint/5b5t_sensitivity_sweep,param_32_rep_5,/project/theorie/n/N.Pfaffenzeller/results_project/checkpoint/5b5t_sensitivity_sweep/data/param_32_rep_5,10000,5.0e-6,1.0,100.0,10,5000.0,0.9,25,0,5,5,5,1.0
/project/theorie/n/N.Pfaffenzeller/results_project/checkpoint/5b5t_sensitivity_sweep,param_32_rep_5,/project/theorie/n/N.Pfaffenzeller/results_project/checkpoint/5b5t_sensitivity_sweep/data/param_32_rep_5,10000,5.0e-6,1.0,100.0,10,10000.0,0.8,25,0,5,5,5,1.0
/project/theorie/n/N.Pfaffenzeller/results_project/checkpoint/5b5t_sensitivity_sweep,param_32_rep_5,/project/theorie/n/N.Pfaffenzeller/results_project/checkpoint/5b5t_sensitivity_sweep/data/param_32_rep_5,10000,5.0e-6,1.0,100.0,10,10000.0,0.9,25,0,5,5,5,1.0
/project/theorie/n/N.Pfaffenzeller/results_project/checkpoint/5b5t_sensitivity_sweep,param_33_rep_1,/project/theorie/n/N.Pfaffenzeller/results_project/checkpoint/5b5t_sensitivity_sweep/data/param_33_rep_1,10000,5.0e-6,1.0,0.1,100,5000.0,0.8,25,0,0,0,0,0.0
/project/theorie/n/N.Pfaffenzeller/results_project/checkpoint/5b5t_sensitivity_sweep,param_33_rep_1,/project/theorie/n/N.Pfaffenzeller/results_project/checkpoint/5b5t_sensitivity_sweep/data/param_33_rep_1,10000,5.0e-6,1.0,0.1,100,5000.0,0.9,25,0,0,0,0,0.0
/project/theorie/n/N.Pfaffenzeller/results_project/checkpoint/5b5t_sensitivity_sweep,param_33_rep_1,/project/theorie/n/N.Pfaffenzeller/results_project/checkpoint/5b5t_sensitivity_sweep/data/param_33_rep_1,10000,5.0e-6,1.0,0.1,100,10000.0,0.8,25,0,0,0,0,0.0
/project/theorie/n/N.Pfaffenzeller/results_project/checkpoint/5b5t_sensitivity_sweep,param_33_rep_1,/project/theorie/n/N.Pfaffenzeller/results_project/checkpoint/5b5t_sensitivity_sweep/data/param_33_rep_1,10000,5.0e-6,1.0,0.1,100,10000.0,0.9,25,0,0,0,0,0.0
/project/theorie/n/N.Pfaffenzeller/results_project/checkpoint/5b5t_sensitivity_sweep,param_33_rep_2,/project/theorie/n/N.Pfaffenzeller/results_project/checkpoint/5b5t_sensitivity_sweep/data/param_33_rep_2,10000,5.0e-6,1.0,0.1,100,5000.0,0.8,25,0,0,0,0,0.0
/project/theorie/n/N.Pfaffenzeller/results_project/checkpoint/5b5t_sensitivity_sweep,param_33_rep_2,/project/theorie/n/N.Pfaffenzeller/results_project/checkpoint/5b5t_sensitivity_sweep/data/param_33_rep_2,10000,5.0e-6,1.0,0.1,100,5000.0,0.9,25,0,0,0,0,0.0
/project/theorie/n/N.Pfaffenzeller/results_project/checkpoint/5b5t_sensitivity_sweep,param_33_rep_2,/project/theorie/n/N.Pfaffenzeller/results_project/checkpoint/5b5t_sensitivity_sweep/data/param_33_rep_2,10000,5.0e-6,1.0,0.1,100,10000.0,0.8,25,0,0,0,0,0.0
/project/theorie/n/N.Pfaffenzeller/results_project/checkpoint/5b5t_sensitivity_sweep,param_33_rep_2,/project/theorie/n/N.Pfaffenzeller/results_project/checkpoint/5b5t_sensitivity_sweep/data/param_33_rep_2,10000,5.0e-6,1.0,0.1,100,10000.0,0.9,25,0,0,0,0,0.0
/project/theorie/n/N.Pfaffenzeller/results_project/checkpoint/5b5t_sensitivity_sweep,param_33_rep_3,/project/theorie/n/N.Pfaffenzeller/results_project/checkpoint/5b5t_sensitivity_sweep/data/param_33_rep_3,10000,5.0e-6,1.0,0.1,100,5000.0,0.8,25,0,0,0,0,0.0
/project/theorie/n/N.Pfaffenzeller/results_project/checkpoint/5b5t_sensitivity_sweep,param_33_rep_3,/project/theorie/n/N.Pfaffenzeller/results_project/checkpoint/5b5t_sensitivity_sweep/data/param_33_rep_3,10000,5.0e-6,1.0,0.1,100,5000.0,0.9,25,0,0,0,0,0.0
/project/theorie/n/N.Pfaffenzeller/results_project/checkpoint/5b5t_sensitivity_sweep,param_33_rep_3,/project/theorie/n/N.Pfaffenzeller/results_project/checkpoint/5b5t_sensitivity_sweep/data/param_33_rep_3,10000,5.0e-6,1.0,0.1,100,10000.0,0.8,25,0,0,0,0,0.0
/project/theorie/n/N.Pfaffenzeller/results_project/checkpoint/5b5t_sensitivity_sweep,param_33_rep_3,/project/theorie/n/N.Pfaffenzeller/results_project/checkpoint/5b5t_sensitivity_sweep/data/param_33_rep_3,10000,5.0e-6,1.0,0.1,100,10000.0,0.9,25,0,0,0,0,0.0
/project/theorie/n/N.Pfaffenzeller/results_project/checkpoint/5b5t_sensitivity_sweep,param_33_rep_4,/project/theorie/n/N.Pfaffenzeller/results_project/checkpoint/5b5t_sensitivity_sweep/data/param_33_rep_4,10000,5.0e-6,1.0,0.1,100,5000.0,0.8,25,0,0,0,0,0.0
/project/theorie/n/N.Pfaffenzeller/results_project/checkpoint/5b5t_sensitivity_sweep,param_33_rep_4,/project/theorie/n/N.Pfaffenzeller/results_project/checkpoint/5b5t_sensitivity_sweep/data/param_33_rep_4,10000,5.0e-6,1.0,0.1,100,5000.0,0.9,25,0,0,0,0,0.0
/project/theorie/n/N.Pfaffenzeller/results_project/checkpoint/5b5t_sensitivity_sweep,param_33_rep_4,/project/theorie/n/N.Pfaffenzeller/results_project/checkpoint/5b5t_sensitivity_sweep/data/param_33_rep_4,10000,5.0e-6,1.0,0.1,100,10000.0,0.8,25,0,0,0,0,0.0
/project/theorie/n/N.Pfaffenzeller/results_project/checkpoint/5b5t_sensitivity_sweep,param_33_rep_4,/project/theorie/n/N.Pfaffenzeller/results_project/checkpoint/5b5t_sensitivity_sweep/data/param_33_rep_4,10000,5.0e-6,1.0,0.1,100,10000.0,0.9,25,0,0,0,0,0.0
/project/theorie/n/N.Pfaffenzeller/results_project/checkpoint/5b5t_sensitivity_sweep,param_33_rep_5,/project/theorie/n/N.Pfaffenzeller/results_project/checkpoint/5b5t_sensitivity_sweep/data/param_33_rep_5,10000,5.0e-6,1.0,0.1,100,5000.0,0.8,25,0,0,0,0,0.0
/project/theorie/n/N.Pfaffenzeller/results_project/checkpoint/5b5t_sensitivity_sweep,param_33_rep_5,/project/theorie/n/N.Pfaffenzeller/results_project/checkpoint/5b5t_sensitivity_sweep/data/param_33_rep_5,10000,5.0e-6,1.0,0.1,100,5000.0,0.9,25,0,0,0,0,0.0
/project/theorie/n/N.Pfaffenzeller/results_project/checkpoint/5b5t_sensitivity_sweep,param_33_rep_5,/project/theorie/n/N.Pfaffenzeller/results_project/checkpoint/5b5t_sensitivity_sweep/data/param_33_rep_5,10000,5.0e-6,1.0,0.1,100,10000.0,0.8,25,0,0,0,0,0.0
/project/theorie/n/N.Pfaffenzeller/results_project/checkpoint/5b5t_sensitivity_sweep,param_33_rep_5,/project/theorie/n/N.Pfaffenzeller/results_project/checkpoint/5b5t_sensitivity_sweep/data/param_33_rep_5,10000,5.0e-6,1.0,0.1,100,10000.0,0.9,25,0,0,0,0,0.0
/project/theorie/n/N.Pfaffenzeller/results_project/checkpoint/5b5t_sensitivity_sweep,param_34_rep_1,/project/theorie/n/N.Pfaffenzeller/results_project/checkpoint/5b5t_sensitivity_sweep/data/param_34_rep_1,10000,5.0e-6,1.0,1.0,100,5000.0,0.8,25,0,0,0,0,0.0
/project/theorie/n/N.Pfaffenzeller/results_project/checkpoint/5b5t_sensitivity_sweep,param_34_rep_1,/project/theorie/n/N.Pfaffenzeller/results_project/checkpoint/5b5t_sensitivity_sweep/data/param_34_rep_1,10000,5.0e-6,1.0,1.0,100,5000.0,0.9,25,0,0,0,0,0.0
/project/theorie/n/N.Pfaffenzeller/results_project/checkpoint/5b5t_sensitivity_sweep,param_34_rep_1,/project/theorie/n/N.Pfaffenzeller/results_project/checkpoint/5b5t_sensitivity_sweep/data/param_34_rep_1,10000,5.0e-6,1.0,1.0,100,10000.0,0.8,25,0,0,0,0,0.0
/project/theorie/n/N.Pfaffenzeller/results_project/checkpoint/5b5t_sensitivity_sweep,param_34_rep_1,/project/theorie/n/N.Pfaffenzeller/results_project/checkpoint/5b5t_sensitivity_sweep/data/param_34_rep_1,10000,5.0e-6,1.0,1.0,100,10000.0,0.9,25,0,0,0,0,0.0
/project/theorie/n/N.Pfaffenzeller/results_project/checkpoint/5b5t_sensitivity_sweep,param_34_rep_2,/project/theorie/n/N.Pfaffenzeller/results_project/checkpoint/5b5t_sensitivity_sweep/data/param_34_rep_2,10000,5.0e-6,1.0,1.0,100,5000.0,0.8,25,0,0,0,0,0.0
/project/theorie/n/N.Pfaffenzeller/results_project/checkpoint/5b5t_sensitivity_sweep,param_34_rep_2,/project/theorie/n/N.Pfaffenzeller/results_project/checkpoint/5b5t_sensitivity_sweep/data/param_34_rep_2,10000,5.0e-6,1.0,1.0,100,5000.0,0.9,25,0,0,0,0,0.0
/project/theorie/n/N.Pfaffenzeller/results_project/checkpoint/5b5t_sensitivity_sweep,param_34_rep_2,/project/theorie/n/N.Pfaffenzeller/results_project/checkpoint/5b5t_sensitivity_sweep/data/param_34_rep_2,10000,5.0e-6,1.0,1.0,100,10000.0,0.8,25,0,0,0,0,0.0
/project/theorie/n/N.Pfaffenzeller/results_project/checkpoint/5b5t_sensitivity_sweep,param_34_rep_2,/project/theorie/n/N.Pfaffenzeller/results_project/checkpoint/5b5t_sensitivity_sweep/data/param_34_rep_2,10000,5.0e-6,1.0,1.0,100,10000.0,0.9,25,0,0,0,0,0.0
/project/theorie/n/N.Pfaffenzeller/results_project/checkpoint/5b5t_sensitivity_sweep,param_34_rep_3,/project/theorie/n/N.Pfaffenzeller/results_project/checkpoint/5b5t_sensitivity_sweep/data/param_34_rep_3,10000,5.0e-6,1.0,1.0,100,5000.0,0.8,25,0,0,0,0,0.0
/project/theorie/n/N.Pfaffenzeller/results_project/checkpoint/5b5t_sensitivity_sweep,param_34_rep_3,/project/theorie/n/N.Pfaffenzeller/results_project/checkpoint/5b5t_sensitivity_sweep/data/param_34_rep_3,10000,5.0e-6,1.0,1.0,100,5000.0,0.9,25,0,0,0,0,0.0
/project/theorie/n/N.Pfaffenzeller/results_project/checkpoint/5b5t_sensitivity_sweep,param_34_rep_3,/project/theorie/n/N.Pfaffenzeller/results_project/checkpoint/5b5t_sensitivity_sweep/data/param_34_rep_3,10000,5.0e-6,1.0,1.0,100,10000.0,0.8,25,0,0,0,0,0.0
/project/theorie/n/N.Pfaffenzeller/results_project/checkpoint/5b5t_sensitivity_sweep,param_34_rep_3,/project/theorie/n/N.Pfaffenzeller/results_project/checkpoint/5b5t_sensitivity_sweep/data/param_34_rep_3,10000,5.0e-6,1.0,1.0,100,10000.0,0.9,25,0,0,0,0,0.0
/project/theorie/n/N.Pfaffenzeller/results_project/checkpoint/5b5t_sensitivity_sweep,param_34_rep_4,/project/theorie/n/N.Pfaffenzeller/results_project/checkpoint/5b5t_sensitivity_sweep/data/param_34_rep_4,10000,5.0e-6,1.0,1.0,100,5000.0,0.8,25,0,0,0,0,0.0
/project/theorie/n/N.Pfaffenzeller/results_project/checkpoint/5b5t_sensitivity_sweep,param_34_rep_4,/project/theorie/n/N.Pfaffenzeller/results_project/checkpoint/5b5t_sensitivity_sweep/data/param_34_rep_4,10000,5.0e-6,1.0,1.0,100,5000.0,0.9,25,0,0,0,0,0.0
/project/theorie/n/N.Pfaffenzeller/results_project/checkpoint/5b5t_sensitivity_sweep,param_34_rep_4,/project/theorie/n/N.Pfaffenzeller/results_project/checkpoint/5b5t_sensitivity_sweep/data/param_34_rep_4,10000,5.0e-6,1.0,1.0,100,10000.0,0.8,25,0,0,0,0,0.0
/project/theorie/n/N.Pfaffenzeller/results_project/checkpoint/5b5t_sensitivity_sweep,param_34_rep_4,/project/theorie/n/N.Pfaffenzeller/results_project/checkpoint/5b5t_sensitivity_sweep/data/param_34_rep_4,10000,5.0e-6,1.0,1.0,100,10000.0,0.9,25,0,0,0,0,0.0
/project/theorie/n/N.Pfaffenzeller/results_project/checkpoint/5b5t_sensitivity_sweep,param_34_rep_5,/project/theorie/n/N.Pfaffenzeller/results_project/checkpoint/5b5t_sensitivity_sweep/data/param_34_rep_5,10000,5.0e-6,1.0,1.0,100,5000.0,0.8,25,0,0,0,0,0.0
/project/theorie/n/N.Pfaffenzeller/results_project/checkpoint/5b5t_sensitivity_sweep,param_34_rep_5,/project/theorie/n/N.Pfaffenzeller/results_project/checkpoint/5b5t_sensitivity_sweep/data/param_34_rep_5,10000,5.0e-6,1.0,1.0,100,5000.0,0.9,25,0,0,0,0,0.0
/project/theorie/n/N.Pfaffenzeller/results_project/checkpoint/5b5t_sensitivity_sweep,param_34_rep_5,/project/theorie/n/N.Pfaffenzeller/results_project/checkpoint/5b5t_sensitivity_sweep/data/param_34_rep_5,10000,5.0e-6,1.0,1.0,100,10000.0,0.8,25,0,0,0,0,0.0
/project/theorie/n/N.Pfaffenzeller/results_project/checkpoint/5b5t_sensitivity_sweep,param_34_rep_5,/project/theorie/n/N.Pfaffenzeller/results_project/checkpoint/5b5t_sensitivity_sweep/data/param_34_rep_5,10000,5.0e-6,1.0,1.0,100,10000.0,0.9,25,0,0,0,0,0.0
/project/theorie/n/N.Pfaffenzeller/results_project/checkpoint/5b5t_sensitivity_sweep,param_35_rep_1,/project/theorie/n/N.Pfaffenzeller/results_project/checkpoint/5b5t_sensitivity_sweep/data/param_35_rep_1,10000,5.0e-6,1.0,10.0,100,5000.0,0.8,25,0,2,2,2,0.4
/project/theorie/n/N.Pfaffenzeller/results_project/checkpoint/5b5t_sensitivity_sweep,param_35_rep_1,/project/theorie/n/N.Pfaffenzeller/results_project/checkpoint/5b5t_sensitivity_sweep/data/param_35_rep_1,10000,5.0e-6,1.0,10.0,100,5000.0,0.9,25,0,0,0,0,0.0
/project/theorie/n/N.Pfaffenzeller/results_project/checkpoint/5b5t_sensitivity_sweep,param_35_rep_1,/project/theorie/n/N.Pfaffenzeller/results_project/checkpoint/5b5t_sensitivity_sweep/data/param_35_rep_1,10000,5.0e-6,1.0,10.0,100,10000.0,0.8,25,0,0,0,0,0.0
/project/theorie/n/N.Pfaffenzeller/results_project/checkpoint/5b5t_sensitivity_sweep,param_35_rep_1,/project/theorie/n/N.Pfaffenzeller/results_project/checkpoint/5b5t_sensitivity_sweep/data/param_35_rep_1,10000,5.0e-6,1.0,10.0,100,10000.0,0.9,25,0,0,0,0,0.0
/project/theorie/n/N.Pfaffenzeller/results_project/checkpoint/5b5t_sensitivity_sweep,param_35_rep_2,/project/theorie/n/N.Pfaffenzeller/results_project/checkpoint/5b5t_sensitivity_sweep/data/param_35_rep_2,10000,5.0e-6,1.0,10.0,100,5000.0,0.8,25,0,3,3,3,0.6
/project/theorie/n/N.Pfaffenzeller/results_project/checkpoint/5b5t_sensitivity_sweep,param_35_rep_2,/project/theorie/n/N.Pfaffenzeller/results_project/checkpoint/5b5t_sensitivity_sweep/data/param_35_rep_2,10000,5.0e-6,1.0,10.0,100,5000.0,0.9,25,0,1,1,1,0.2
/project/theorie/n/N.Pfaffenzeller/results_project/checkpoint/5b5t_sensitivity_sweep,param_35_rep_2,/project/theorie/n/N.Pfaffenzeller/results_project/checkpoint/5b5t_sensitivity_sweep/data/param_35_rep_2,10000,5.0e-6,1.0,10.0,100,10000.0,0.8,25,0,1,1,1,0.2
/project/theorie/n/N.Pfaffenzeller/results_project/checkpoint/5b5t_sensitivity_sweep,param_35_rep_2,/project/theorie/n/N.Pfaffenzeller/results_project/checkpoint/5b5t_sensitivity_sweep/data/param_35_rep_2,10000,5.0e-6,1.0,10.0,100,10000.0,0.9,25,0,0,0,0,0.0
/project/theorie/n/N.Pfaffenzeller/results_project/checkpoint/5b5t_sensitivity_sweep,param_35_rep_3,/project/theorie/n/N.Pfaffenzeller/results_project/checkpoint/5b5t_sensitivity_sweep/data/param_35_rep_3,10000,5.0e-6,1.0,10.0,100,5000.0,0.8,25,0,4,4,4,0.8
/project/theorie/n/N.Pfaffenzeller/results_project/checkpoint/5b5t_sensitivity_sweep,param_35_rep_3,/project/theorie/n/N.Pfaffenzeller/results_project/checkpoint/5b5t_sensitivity_sweep/data/param_35_rep_3,10000,5.0e-6,1.0,10.0,100,5000.0,0.9,25,0,0,0,0,0.0
/project/theorie/n/N.Pfaffenzeller/results_project/checkpoint/5b5t_sensitivity_sweep,param_35_rep_3,/project/theorie/n/N.Pfaffenzeller/results_project/checkpoint/5b5t_sensitivity_sweep/data/param_35_rep_3,10000,5.0e-6,1.0,10.0,100,10000.0,0.8,25,0,2,2,2,0.4
/project/theorie/n/N.Pfaffenzeller/results_project/checkpoint/5b5t_sensitivity_sweep,param_35_rep_3,/project/theorie/n/N.Pfaffenzeller/results_project/checkpoint/5b5t_sensitivity_sweep/data/param_35_rep_3,10000,5.0e-6,1.0,10.0,100,10000.0,0.9,25,0,0,0,0,0.0
/project/theorie/n/N.Pfaffenzeller/results_project/checkpoint/5b5t_sensitivity_sweep,param_35_rep_4,/project/theorie/n/N.Pfaffenzeller/results_project/checkpoint/5b5t_sensitivity_sweep/data/param_35_rep_4,10000,5.0e-6,1.0,10.0,100,5000.0,0.8,25,0,3,3,3,0.6
/project/theorie/n/N.Pfaffenzeller/results_project/checkpoint/5b5t_sensitivity_sweep,param_35_rep_4,/project/theorie/n/N.Pfaffenzeller/results_project/checkpoint/5b5t_sensitivity_sweep/data/param_35_rep_4,10000,5.0e-6,1.0,10.0,100,5000.0,0.9,25,0,1,1,1,0.2
/project/theorie/n/N.Pfaffenzeller/results_project/checkpoint/5b5t_sensitivity_sweep,param_35_rep_4,/project/theorie/n/N.Pfaffenzeller/results_project/checkpoint/5b5t_sensitivity_sweep/data/param_35_rep_4,10000,5.0e-6,1.0,10.0,100,10000.0,0.8,25,0,2,2,2,0.4
/project/theorie/n/N.Pfaffenzeller/results_project/checkpoint/5b5t_sensitivity_sweep,param_35_rep_4,/project/theorie/n/N.Pfaffenzeller/results_project/checkpoint/5b5t_sensitivity_sweep/data/param_35_rep_4,10000,5.0e-6,1.0,10.0,100,10000.0,0.9,25,0,1,1,1,0.2
/project/theorie/n/N.Pfaffenzeller/results_project/checkpoint/5b5t_sensitivity_sweep,param_35_rep_5,/project/theorie/n/N.Pfaffenzeller/results_project/checkpoint/5b5t_sensitivity_sweep/data/param_35_rep_5,10000,5.0e-6,1.0,10.0,100,5000.0,0.8,25,0,4,4,4,0.8
/project/theorie/n/N.Pfaffenzeller/results_project/checkpoint/5b5t_sensitivity_sweep,param_35_rep_5,/project/theorie/n/N.Pfaffenzeller/results_project/checkpoint/5b5t_sensitivity_sweep/data/param_35_rep_5,10000,5.0e-6,1.0,10.0,100,5000.0,0.9,25,0,1,1,1,0.2
/project/theorie/n/N.Pfaffenzeller/results_project/checkpoint/5b5t_sensitivity_sweep,param_35_rep_5,/project/theorie/n/N.Pfaffenzeller/results_project/checkpoint/5b5t_sensitivity_sweep/data/param_35_rep_5,10000,5.0e-6,1.0,10.0,100,10000.0,0.8,25,0,1,1,1,0.2
/project/theorie/n/N.Pfaffenzeller/results_project/checkpoint/5b5t_sensitivity_sweep,param_35_rep_5,/project/theorie/n/N.Pfaffenzeller/results_project/checkpoint/5b5t_sensitivity_sweep/data/param_35_rep_5,10000,5.0e-6,1.0,10.0,100,10000.0,0.9,25,0,0,0,0,0.0
/project/theorie/n/N.Pfaffenzeller/results_project/checkpoint/5b5t_sensitivity_sweep,param_36_rep_1,/project/theorie/n/N.Pfaffenzeller/results_project/checkpoint/5b5t_sensitivity_sweep/data/param_36_rep_1,10000,5.0e-6,1.0,100.0,100,5000.0,0.8,25,0,5,5,5,1.0
/project/theorie/n/N.Pfaffenzeller/results_project/checkpoint/5b5t_sensitivity_sweep,param_36_rep_1,/project/theorie/n/N.Pfaffenzeller/results_project/checkpoint/5b5t_sensitivity_sweep/data/param_36_rep_1,10000,5.0e-6,1.0,100.0,100,5000.0,0.9,25,0,5,5,5,1.0
/project/theorie/n/N.Pfaffenzeller/results_project/checkpoint/5b5t_sensitivity_sweep,param_36_rep_1,/project/theorie/n/N.Pfaffenzeller/results_project/checkpoint/5b5t_sensitivity_sweep/data/param_36_rep_1,10000,5.0e-6,1.0,100.0,100,10000.0,0.8,25,0,5,5,5,1.0
/project/theorie/n/N.Pfaffenzeller/results_project/checkpoint/5b5t_sensitivity_sweep,param_36_rep_1,/project/theorie/n/N.Pfaffenzeller/results_project/checkpoint/5b5t_sensitivity_sweep/data/param_36_rep_1,10000,5.0e-6,1.0,100.0,100,10000.0,0.9,25,0,5,5,5,1.0
/project/theorie/n/N.Pfaffenzeller/results_project/checkpoint/5b5t_sensitivity_sweep,param_36_rep_2,/project/theorie/n/N.Pfaffenzeller/results_project/checkpoint/5b5t_sensitivity_sweep/data/param_36_rep_2,10000,5.0e-6,1.0,100.0,100,5000.0,0.8,25,0,5,5,5,1.0
/project/theorie/n/N.Pfaffenzeller/results_project/checkpoint/5b5t_sensitivity_sweep,param_36_rep_2,/project/theorie/n/N.Pfaffenzeller/results_project/checkpoint/5b5t_sensitivity_sweep/data/param_36_rep_2,10000,5.0e-6,1.0,100.0,100,5000.0,0.9,25,0,5,5,5,1.0
/project/theorie/n/N.Pfaffenzeller/results_project/checkpoint/5b5t_sensitivity_sweep,param_36_rep_2,/project/theorie/n/N.Pfaffenzeller/results_project/checkpoint/5b5t_sensitivity_sweep/data/param_36_rep_2,10000,5.0e-6,1.0,100.0,100,10000.0,0.8,25,0,5,5,5,1.0
/project/theorie/n/N.Pfaffenzeller/results_project/checkpoint/5b5t_sensitivity_sweep,param_36_rep_2,/project/theorie/n/N.Pfaffenzeller/results_project/checkpoint/5b5t_sensitivity_sweep/data/param_36_rep_2,10000,5.0e-6,1.0,100.0,100,10000.0,0.9,25,0,5,5,5,1.0
/project/theorie/n/N.Pfaffenzeller/results_project/checkpoint/5b5t_sensitivity_sweep,param_36_rep_3,/project/theorie/n/N.Pfaffenzeller/results_project/checkpoint/5b5t_sensitivity_sweep/data/param_36_rep_3,10000,5.0e-6,1.0,100.0,100,5000.0,0.8,25,0,5,5,5,1.0
/project/theorie/n/N.Pfaffenzeller/results_project/checkpoint/5b5t_sensitivity_sweep,param_36_rep_3,/project/theorie/n/N.Pfaffenzeller/results_project/checkpoint/5b5t_sensitivity_sweep/data/param_36_rep_3,10000,5.0e-6,1.0,100.0,100,5000.0,0.9,25,0,5,5,5,1.0
/project/theorie/n/N.Pfaffenzeller/results_project/checkpoint/5b5t_sensitivity_sweep,param_36_rep_3,/project/theorie/n/N.Pfaffenzeller/results_project/checkpoint/5b5t_sensitivity_sweep/data/param_36_rep_3,10000,5.0e-6,1.0,100.0,100,10000.0,0.8,25,0,5,5,5,1.0
/project/theorie/n/N.Pfaffenzeller/results_project/checkpoint/5b5t_sensitivity_sweep,param_36_rep_3,/project/theorie/n/N.Pfaffenzeller/results_project/checkpoint/5b5t_sensitivity_sweep/data/param_36_rep_3,10000,5.0e-6,1.0,100.0,100,10000.0,0.9,25,0,5,5,5,1.0
/project/theorie/n/N.Pfaffenzeller/results_project/checkpoint/5b5t_sensitivity_sweep,param_36_rep_4,/project/theorie/n/N.Pfaffenzeller/results_project/checkpoint/5b5t_sensitivity_sweep/data/param_36_rep_4,10000,5.0e-6,1.0,100.0,100,5000.0,0.8,25,0,5,5,5,1.0
/project/theorie/n/N.Pfaffenzeller/results_project/checkpoint/5b5t_sensitivity_sweep,param_36_rep_4,/project/theorie/n/N.Pfaffenzeller/results_project/checkpoint/5b5t_sensitivity_sweep/data/param_36_rep_4,10000,5.0e-6,1.0,100.0,100,5000.0,0.9,25,0,4,4,4,0.8
/project/theorie/n/N.Pfaffenzeller/results_project/checkpoint/5b5t_sensitivity_sweep,param_36_rep_4,/project/theorie/n/N.Pfaffenzeller/results_project/checkpoint/5b5t_sensitivity_sweep/data/param_36_rep_4,10000,5.0e-6,1.0,100.0,100,10000.0,0.8,25,0,4,4,4,0.8
/project/theorie/n/N.Pfaffenzeller/results_project/checkpoint/5b5t_sensitivity_sweep,param_36_rep_4,/project/theorie/n/N.Pfaffenzeller/results_project/checkpoint/5b5t_sensitivity_sweep/data/param_36_rep_4,10000,5.0e-6,1.0,100.0,100,10000.0,0.9,25,0,3,3,3,0.6
/project/theorie/n/N.Pfaffenzeller/results_project/checkpoint/5b5t_sensitivity_sweep,param_36_rep_5,/project/theorie/n/N.Pfaffenzeller/results_project/checkpoint/5b5t_sensitivity_sweep/data/param_36_rep_5,10000,5.0e-6,1.0,100.0,100,5000.0,0.8,25,0,5,5,5,1.0
/project/theorie/n/N.Pfaffenzeller/results_project/checkpoint/5b5t_sensitivity_sweep,param_36_rep_5,/project/theorie/n/N.Pfaffenzeller/results_project/checkpoint/5b5t_sensitivity_sweep/data/param_36_rep_5,10000,5.0e-6,1.0,100.0,100,5000.0,0.9,25,0,5,5,5,1.0
/project/theorie/n/N.Pfaffenzeller/results_project/checkpoint/5b5t_sensitivity_sweep,param_36_rep_5,/project/theorie/n/N.Pfaffenzeller/results_project/checkpoint/5b5t_sensitivity_sweep/data/param_36_rep_5,10000,5.0e-6,1.0,100.0,100,10000.0,0.8,25,0,5,5,5,1.0
/project/theorie/n/N.Pfaffenzeller/results_project/checkpoint/5b5t_sensitivity_sweep,param_36_rep_5,/project/theorie/n/N.Pfaffenzeller/results_project/checkpoint/5b5t_sensitivity_sweep/data/param_36_rep_5,10000,5.0e-6,1.0,100.0,100,10000.0,0.9,25,0,5,5,5,1.0
/project/theorie/n/N.Pfaffenzeller/results_project/checkpoint/5b5t_sensitivity_sweep,param_37_rep_1,/project/theorie/n/N.Pfaffenzeller/results_project/checkpoint/5b5t_sensitivity_sweep/data/param_37_rep_1,10000,5.0e-6,1.0,0.1,1000,5000.0,0.8,25,0,0,0,0,0.0
/project/theorie/n/N.Pfaffenzeller/results_project/checkpoint/5b5t_sensitivity_sweep,param_37_rep_1,/project/theorie/n/N.Pfaffenzeller/results_project/checkpoint/5b5t_sensitivity_sweep/data/param_37_rep_1,10000,5.0e-6,1.0,0.1,1000,5000.0,0.9,25,0,0,0,0,0.0
/project/theorie/n/N.Pfaffenzeller/results_project/checkpoint/5b5t_sensitivity_sweep,param_37_rep_1,/project/theorie/n/N.Pfaffenzeller/results_project/checkpoint/5b5t_sensitivity_sweep/data/param_37_rep_1,10000,5.0e-6,1.0,0.1,1000,10000.0,0.8,25,0,0,0,0,0.0
/project/theorie/n/N.Pfaffenzeller/results_project/checkpoint/5b5t_sensitivity_sweep,param_37_rep_1,/project/theorie/n/N.Pfaffenzeller/results_project/checkpoint/5b5t_sensitivity_sweep/data/param_37_rep_1,10000,5.0e-6,1.0,0.1,1000,10000.0,0.9,25,0,0,0,0,0.0
/project/theorie/n/N.Pfaffenzeller/results_project/checkpoint/5b5t_sensitivity_sweep,param_37_rep_2,/project/theorie/n/N.Pfaffenzeller/results_project/checkpoint/5b5t_sensitivity_sweep/data/param_37_rep_2,10000,5.0e-6,1.0,0.1,1000,5000.0,0.8,25,0,0,0,0,0.0
/project/theorie/n/N.Pfaffenzeller/results_project/checkpoint/5b5t_sensitivity_sweep,param_37_rep_2,/project/theorie/n/N.Pfaffenzeller/results_project/checkpoint/5b5t_sensitivity_sweep/data/param_37_rep_2,10000,5.0e-6,1.0,0.1,1000,5000.0,0.9,25,0,0,0,0,0.0
/project/theorie/n/N.Pfaffenzeller/results_project/checkpoint/5b5t_sensitivity_sweep,param_37_rep_2,/project/theorie/n/N.Pfaffenzeller/results_project/checkpoint/5b5t_sensitivity_sweep/data/param_37_rep_2,10000,5.0e-6,1.0,0.1,1000,10000.0,0.8,25,0,0,0,0,0.0
/project/theorie/n/N.Pfaffenzeller/results_project/checkpoint/5b5t_sensitivity_sweep,param_37_rep_2,/project/theorie/n/N.Pfaffenzeller/results_project/checkpoint/5b5t_sensitivity_sweep/data/param_37_rep_2,10000,5.0e-6,1.0,0.1,1000,10000.0,0.9,25,0,0,0,0,0.0
/project/theorie/n/N.Pfaffenzeller/results_project/checkpoint/5b5t_sensitivity_sweep,param_37_rep_3,/project/theorie/n/N.Pfaffenzeller/results_project/checkpoint/5b5t_sensitivity_sweep/data/param_37_rep_3,10000,5.0e-6,1.0,0.1,1000,5000.0,0.8,25,0,0,0,0,0.0
/project/theorie/n/N.Pfaffenzeller/results_project/checkpoint/5b5t_sensitivity_sweep,param_37_rep_3,/project/theorie/n/N.Pfaffenzeller/results_project/checkpoint/5b5t_sensitivity_sweep/data/param_37_rep_3,10000,5.0e-6,1.0,0.1,1000,5000.0,0.9,25,0,0,0,0,0.0
/project/theorie/n/N.Pfaffenzeller/results_project/checkpoint/5b5t_sensitivity_sweep,param_37_rep_3,/project/theorie/n/N.Pfaffenzeller/results_project/checkpoint/5b5t_sensitivity_sweep/data/param_37_rep_3,10000,5.0e-6,1.0,0.1,1000,10000.0,0.8,25,0,0,0,0,0.0
/project/theorie/n/N.Pfaffenzeller/results_project/checkpoint/5b5t_sensitivity_sweep,param_37_rep_3,/project/theorie/n/N.Pfaffenzeller/results_project/checkpoint/5b5t_sensitivity_sweep/data/param_37_rep_3,10000,5.0e-6,1.0,0.1,1000,10000.0,0.9,25,0,0,0,0,0.0
/project/theorie/n/N.Pfaffenzeller/results_project/checkpoint/5b5t_sensitivity_sweep,param_37_rep_4,/project/theorie/n/N.Pfaffenzeller/results_project/checkpoint/5b5t_sensitivity_sweep/data/param_37_rep_4,10000,5.0e-6,1.0,0.1,1000,5000.0,0.8,25,0,0,0,0,0.0
/project/theorie/n/N.Pfaffenzeller/results_project/checkpoint/5b5t_sensitivity_sweep,param_37_rep_4,/project/theorie/n/N.Pfaffenzeller/results_project/checkpoint/5b5t_sensitivity_sweep/data/param_37_rep_4,10000,5.0e-6,1.0,0.1,1000,5000.0,0.9,25,0,0,0,0,0.0
/project/theorie/n/N.Pfaffenzeller/results_project/checkpoint/5b5t_sensitivity_sweep,param_37_rep_4,/project/theorie/n/N.Pfaffenzeller/results_project/checkpoint/5b5t_sensitivity_sweep/data/param_37_rep_4,10000,5.0e-6,1.0,0.1,1000,10000.0,0.8,25,0,0,0,0,0.0
/project/theorie/n/N.Pfaffenzeller/results_project/checkpoint/5b5t_sensitivity_sweep,param_37_rep_4,/project/theorie/n/N.Pfaffenzeller/results_project/checkpoint/5b5t_sensitivity_sweep/data/param_37_rep_4,10000,5.0e-6,1.0,0.1,1000,10000.0,0.9,25,0,0,0,0,0.0
/project/theorie/n/N.Pfaffenzeller/results_project/checkpoint/5b5t_sensitivity_sweep,param_37_rep_5,/project/theorie/n/N.Pfaffenzeller/results_project/checkpoint/5b5t_sensitivity_sweep/data/param_37_rep_5,10000,5.0e-6,1.0,0.1,1000,5000.0,0.8,25,0,0,0,0,0.0
/project/theorie/n/N.Pfaffenzeller/results_project/checkpoint/5b5t_sensitivity_sweep,param_37_rep_5,/project/theorie/n/N.Pfaffenzeller/results_project/checkpoint/5b5t_sensitivity_sweep/data/param_37_rep_5,10000,5.0e-6,1.0,0.1,1000,5000.0,0.9,25,0,0,0,0,0.0
/project/theorie/n/N.Pfaffenzeller/results_project/checkpoint/5b5t_sensitivity_sweep,param_37_rep_5,/project/theorie/n/N.Pfaffenzeller/results_project/checkpoint/5b5t_sensitivity_sweep/data/param_37_rep_5,10000,5.0e-6,1.0,0.1,1000,10000.0,0.8,25,0,0,0,0,0.0
/project/theorie/n/N.Pfaffenzeller/results_project/checkpoint/5b5t_sensitivity_sweep,param_37_rep_5,/project/theorie/n/N.Pfaffenzeller/results_project/checkpoint/5b5t_sensitivity_sweep/data/param_37_rep_5,10000,5.0e-6,1.0,0.1,1000,10000.0,0.9,25,0,0,0,0,0.0
/project/theorie/n/N.Pfaffenzeller/results_project/checkpoint/5b5t_sensitivity_sweep,param_38_rep_1,/project/theorie/n/N.Pfaffenzeller/results_project/checkpoint/5b5t_sensitivity_sweep/data/param_38_rep_1,10000,5.0e-6,1.0,1.0,1000,5000.0,0.8,25,0,0,0,0,0.0
/project/theorie/n/N.Pfaffenzeller/results_project/checkpoint/5b5t_sensitivity_sweep,param_38_rep_1,/project/theorie/n/N.Pfaffenzeller/results_project/checkpoint/5b5t_sensitivity_sweep/data/param_38_rep_1,10000,5.0e-6,1.0,1.0,1000,5000.0,0.9,25,0,0,0,0,0.0
/project/theorie/n/N.Pfaffenzeller/results_project/checkpoint/5b5t_sensitivity_sweep,param_38_rep_1,/project/theorie/n/N.Pfaffenzeller/results_project/checkpoint/5b5t_sensitivity_sweep/data/param_38_rep_1,10000,5.0e-6,1.0,1.0,1000,10000.0,0.8,25,0,0,0,0,0.0
/project/theorie/n/N.Pfaffenzeller/results_project/checkpoint/5b5t_sensitivity_sweep,param_38_rep_1,/project/theorie/n/N.Pfaffenzeller/results_project/checkpoint/5b5t_sensitivity_sweep/data/param_38_rep_1,10000,5.0e-6,1.0,1.0,1000,10000.0,0.9,25,0,0,0,0,0.0
/project/theorie/n/N.Pfaffenzeller/results_project/checkpoint/5b5t_sensitivity_sweep,param_38_rep_2,/project/theorie/n/N.Pfaffenzeller/results_project/checkpoint/5b5t_sensitivity_sweep/data/param_38_rep_2,10000,5.0e-6,1.0,1.0,1000,5000.0,0.8,25,0,0,0,0,0.0
/project/theorie/n/N.Pfaffenzeller/results_project/checkpoint/5b5t_sensitivity_sweep,param_38_rep_2,/project/theorie/n/N.Pfaffenzeller/results_project/checkpoint/5b5t_sensitivity_sweep/data/param_38_rep_2,10000,5.0e-6,1.0,1.0,1000,5000.0,0.9,25,0,0,0,0,0.0
/project/theorie/n/N.Pfaffenzeller/results_project/checkpoint/5b5t_sensitivity_sweep,param_38_rep_2,/project/theorie/n/N.Pfaffenzeller/results_project/checkpoint/5b5t_sensitivity_sweep/data/param_38_rep_2,10000,5.0e-6,1.0,1.0,1000,10000.0,0.8,25,0,0,0,0,0.0
/project/theorie/n/N.Pfaffenzeller/results_project/checkpoint/5b5t_sensitivity_sweep,param_38_rep_2,/project/theorie/n/N.Pfaffenzeller/results_project/checkpoint/5b5t_sensitivity_sweep/data/param_38_rep_2,10000,5.0e-6,1.0,1.0,1000,10000.0,0.9,25,0,0,0,0,0.0
/project/theorie/n/N.Pfaffenzeller/results_project/checkpoint/5b5t_sensitivity_sweep,param_38_rep_3,/project/theorie/n/N.Pfaffenzeller/results_project/checkpoint/5b5t_sensitivity_sweep/data/param_38_rep_3,10000,5.0e-6,1.0,1.0,1000,5000.0,0.8,25,0,0,0,0,0.0
/project/theorie/n/N.Pfaffenzeller/results_project/checkpoint/5b5t_sensitivity_sweep,param_38_rep_3,/project/theorie/n/N.Pfaffenzeller/results_project/checkpoint/5b5t_sensitivity_sweep/data/param_38_rep_3,10000,5.0e-6,1.0,1.0,1000,5000.0,0.9,25,0,0,0,0,0.0
/project/theorie/n/N.Pfaffenzeller/results_project/checkpoint/5b5t_sensitivity_sweep,param_38_rep_3,/project/theorie/n/N.Pfaffenzeller/results_project/checkpoint/5b5t_sensitivity_sweep/data/param_38_rep_3,10000,5.0e-6,1.0,1.0,1000,10000.0,0.8,25,0,0,0,0,0.0
/project/theorie/n/N.Pfaffenzeller/results_project/checkpoint/5b5t_sensitivity_sweep,param_38_rep_3,/project/theorie/n/N.Pfaffenzeller/results_project/checkpoint/5b5t_sensitivity_sweep/data/param_38_rep_3,10000,5.0e-6,1.0,1.0,1000,10000.0,0.9,25,0,0,0,0,0.0
/project/theorie/n/N.Pfaffenzeller/results_project/checkpoint/5b5t_sensitivity_sweep,param_38_rep_4,/project/theorie/n/N.Pfaffenzeller/results_project/checkpoint/5b5t_sensitivity_sweep/data/param_38_rep_4,10000,5.0e-6,1.0,1.0,1000,5000.0,0.8,25,0,0,0,0,0.0
/project/theorie/n/N.Pfaffenzeller/results_project/checkpoint/5b5t_sensitivity_sweep,param_38_rep_4,/project/theorie/n/N.Pfaffenzeller/results_project/checkpoint/5b5t_sensitivity_sweep/data/param_38_rep_4,10000,5.0e-6,1.0,1.0,1000,5000.0,0.9,25,0,0,0,0,0.0
/project/theorie/n/N.Pfaffenzeller/results_project/checkpoint/5b5t_sensitivity_sweep,param_38_rep_4,/project/theorie/n/N.Pfaffenzeller/results_project/checkpoint/5b5t_sensitivity_sweep/data/param_38_rep_4,10000,5.0e-6,1.0,1.0,1000,10000.0,0.8,25,0,0,0,0,0.0
/project/theorie/n/N.Pfaffenzeller/results_project/checkpoint/5b5t_sensitivity_sweep,param_38_rep_4,/project/theorie/n/N.Pfaffenzeller/results_project/checkpoint/5b5t_sensitivity_sweep/data/param_38_rep_4,10000,5.0e-6,1.0,1.0,1000,10000.0,0.9,25,0,0,0,0,0.0
/project/theorie/n/N.Pfaffenzeller/results_project/checkpoint/5b5t_sensitivity_sweep,param_38_rep_5,/project/theorie/n/N.Pfaffenzeller/results_project/checkpoint/5b5t_sensitivity_sweep/data/param_38_rep_5,10000,5.0e-6,1.0,1.0,1000,5000.0,0.8,25,0,0,0,0,0.0
/project/theorie/n/N.Pfaffenzeller/results_project/checkpoint/5b5t_sensitivity_sweep,param_38_rep_5,/project/theorie/n/N.Pfaffenzeller/results_project/checkpoint/5b5t_sensitivity_sweep/data/param_38_rep_5,10000,5.0e-6,1.0,1.0,1000,5000.0,0.9,25,0,0,0,0,0.0
/project/theorie/n/N.Pfaffenzeller/results_project/checkpoint/5b5t_sensitivity_sweep,param_38_rep_5,/project/theorie/n/N.Pfaffenzeller/results_project/checkpoint/5b5t_sensitivity_sweep/data/param_38_rep_5,10000,5.0e-6,1.0,1.0,1000,10000.0,0.8,25,0,0,0,0,0.0
/project/theorie/n/N.Pfaffenzeller/results_project/checkpoint/5b5t_sensitivity_sweep,param_38_rep_5,/project/theorie/n/N.Pfaffenzeller/results_project/checkpoint/5b5t_sensitivity_sweep/data/param_38_rep_5,10000,5.0e-6,1.0,1.0,1000,10000.0,0.9,25,0,0,0,0,0.0
/project/theorie/n/N.Pfaffenzeller/results_project/checkpoint/5b5t_sensitivity_sweep,param_39_rep_1,/project/theorie/n/N.Pfaffenzeller/results_project/checkpoint/5b5t_sensitivity_sweep/data/param_39_rep_1,10000,5.0e-6,1.0,10.0,1000,5000.0,0.8,25,0,2,2,2,0.4
/project/theorie/n/N.Pfaffenzeller/results_project/checkpoint/5b5t_sensitivity_sweep,param_39_rep_1,/project/theorie/n/N.Pfaffenzeller/results_project/checkpoint/5b5t_sensitivity_sweep/data/param_39_rep_1,10000,5.0e-6,1.0,10.0,1000,5000.0,0.9,25,0,2,2,2,0.4
/project/theorie/n/N.Pfaffenzeller/results_project/checkpoint/5b5t_sensitivity_sweep,param_39_rep_1,/project/theorie/n/N.Pfaffenzeller/results_project/checkpoint/5b5t_sensitivity_sweep/data/param_39_rep_1,10000,5.0e-6,1.0,10.0,1000,10000.0,0.8,25,0,1,1,1,0.2
/project/theorie/n/N.Pfaffenzeller/results_project/checkpoint/5b5t_sensitivity_sweep,param_39_rep_1,/project/theorie/n/N.Pfaffenzeller/results_project/checkpoint/5b5t_sensitivity_sweep/data/param_39_rep_1,10000,5.0e-6,1.0,10.0,1000,10000.0,0.9,25,0,0,0,0,0.0
/project/theorie/n/N.Pfaffenzeller/results_project/checkpoint/5b5t_sensitivity_sweep,param_39_rep_2,/project/theorie/n/N.Pfaffenzeller/results_project/checkpoint/5b5t_sensitivity_sweep/data/param_39_rep_2,10000,5.0e-6,1.0,10.0,1000,5000.0,0.8,25,0,3,3,3,0.6
/project/theorie/n/N.Pfaffenzeller/results_project/checkpoint/5b5t_sensitivity_sweep,param_39_rep_2,/project/theorie/n/N.Pfaffenzeller/results_project/checkpoint/5b5t_sensitivity_sweep/data/param_39_rep_2,10000,5.0e-6,1.0,10.0,1000,5000.0,0.9,25,0,1,1,1,0.2
/project/theorie/n/N.Pfaffenzeller/results_project/checkpoint/5b5t_sensitivity_sweep,param_39_rep_2,/project/theorie/n/N.Pfaffenzeller/results_project/checkpoint/5b5t_sensitivity_sweep/data/param_39_rep_2,10000,5.0e-6,1.0,10.0,1000,10000.0,0.8,25,0,3,3,3,0.6
/project/theorie/n/N.Pfaffenzeller/results_project/checkpoint/5b5t_sensitivity_sweep,param_39_rep_2,/project/theorie/n/N.Pfaffenzeller/results_project/checkpoint/5b5t_sensitivity_sweep/data/param_39_rep_2,10000,5.0e-6,1.0,10.0,1000,10000.0,0.9,25,0,0,0,0,0.0
/project/theorie/n/N.Pfaffenzeller/results_project/checkpoint/5b5t_sensitivity_sweep,param_39_rep_3,/project/theorie/n/N.Pfaffenzeller/results_project/checkpoint/5b5t_sensitivity_sweep/data/param_39_rep_3,10000,5.0e-6,1.0,10.0,1000,5000.0,0.8,25,0,3,3,3,0.6
/project/theorie/n/N.Pfaffenzeller/results_project/checkpoint/5b5t_sensitivity_sweep,param_39_rep_3,/project/theorie/n/N.Pfaffenzeller/results_project/checkpoint/5b5t_sensitivity_sweep/data/param_39_rep_3,10000,5.0e-6,1.0,10.0,1000,5000.0,0.9,25,0,0,0,0,0.0
/project/theorie/n/N.Pfaffenzeller/results_project/checkpoint/5b5t_sensitivity_sweep,param_39_rep_3,/project/theorie/n/N.Pfaffenzeller/results_project/checkpoint/5b5t_sensitivity_sweep/data/param_39_rep_3,10000,5.0e-6,1.0,10.0,1000,10000.0,0.8,25,0,1,1,1,0.2
/project/theorie/n/N.Pfaffenzeller/results_project/checkpoint/5b5t_sensitivity_sweep,param_39_rep_3,/project/theorie/n/N.Pfaffenzeller/results_project/checkpoint/5b5t_sensitivity_sweep/data/param_39_rep_3,10000,5.0e-6,1.0,10.0,1000,10000.0,0.9,25,0,0,0,0,0.0
/project/theorie/n/N.Pfaffenzeller/results_project/checkpoint/5b5t_sensitivity_sweep,param_39_rep_4,/project/theorie/n/N.Pfaffenzeller/results_project/checkpoint/5b5t_sensitivity_sweep/data/param_39_rep_4,10000,5.0e-6,1.0,10.0,1000,5000.0,0.8,25,0,3,3,3,0.6
/project/theorie/n/N.Pfaffenzeller/results_project/checkpoint/5b5t_sensitivity_sweep,param_39_rep_4,/project/theorie/n/N.Pfaffenzeller/results_project/checkpoint/5b5t_sensitivity_sweep/data/param_39_rep_4,10000,5.0e-6,1.0,10.0,1000,5000.0,0.9,25,0,0,0,0,0.0
/project/theorie/n/N.Pfaffenzeller/results_project/checkpoint/5b5t_sensitivity_sweep,param_39_rep_4,/project/theorie/n/N.Pfaffenzeller/results_project/checkpoint/5b5t_sensitivity_sweep/data/param_39_rep_4,10000,5.0e-6,1.0,10.0,1000,10000.0,0.8,25,0,1,1,1,0.2
/project/theorie/n/N.Pfaffenzeller/results_project/checkpoint/5b5t_sensitivity_sweep,param_39_rep_4,/project/theorie/n/N.Pfaffenzeller/results_project/checkpoint/5b5t_sensitivity_sweep/data/param_39_rep_4,10000,5.0e-6,1.0,10.0,1000,10000.0,0.9,25,0,0,0,0,0.0
/project/theorie/n/N.Pfaffenzeller/results_project/checkpoint/5b5t_sensitivity_sweep,param_39_rep_5,/project/theorie/n/N.Pfaffenzeller/results_project/checkpoint/5b5t_sensitivity_sweep/data/param_39_rep_5,10000,5.0e-6,1.0,10.0,1000,5000.0,0.8,25,0,3,3,3,0.6
/project/theorie/n/N.Pfaffenzeller/results_project/checkpoint/5b5t_sensitivity_sweep,param_39_rep_5,/project/theorie/n/N.Pfaffenzeller/results_project/checkpoint/5b5t_sensitivity_sweep/data/param_39_rep_5,10000,5.0e-6,1.0,10.0,1000,5000.0,0.9,25,0,0,0,0,0.0
/project/theorie/n/N.Pfaffenzeller/results_project/checkpoint/5b5t_sensitivity_sweep,param_39_rep_5,/project/theorie/n/N.Pfaffenzeller/results_project/checkpoint/5b5t_sensitivity_sweep/data/param_39_rep_5,10000,5.0e-6,1.0,10.0,1000,10000.0,0.8,25,0,2,2,2,0.4
/project/theorie/n/N.Pfaffenzeller/results_project/checkpoint/5b5t_sensitivity_sweep,param_39_rep_5,/project/theorie/n/N.Pfaffenzeller/results_project/checkpoint/5b5t_sensitivity_sweep/data/param_39_rep_5,10000,5.0e-6,1.0,10.0,1000,10000.0,0.9,25,0,1,1,1,0.2
/project/theorie/n/N.Pfaffenzeller/results_project/checkpoint/5b5t_sensitivity_sweep,param_3_rep_1,/project/theorie/n/N.Pfaffenzeller/results_project/checkpoint/5b5t_sensitivity_sweep/data/param_3_rep_1,10000,5.0e-6,0.1,10.0,1,5000.0,0.8,25,0,0,0,0,0.0
/project/theorie/n/N.Pfaffenzeller/results_project/checkpoint/5b5t_sensitivity_sweep,param_3_rep_1,/project/theorie/n/N.Pfaffenzeller/results_project/checkpoint/5b5t_sensitivity_sweep/data/param_3_rep_1,10000,5.0e-6,0.1,10.0,1,5000.0,0.9,25,0,0,0,0,0.0
/project/theorie/n/N.Pfaffenzeller/results_project/checkpoint/5b5t_sensitivity_sweep,param_3_rep_1,/project/theorie/n/N.Pfaffenzeller/results_project/checkpoint/5b5t_sensitivity_sweep/data/param_3_rep_1,10000,5.0e-6,0.1,10.0,1,10000.0,0.8,25,0,0,0,0,0.0
/project/theorie/n/N.Pfaffenzeller/results_project/checkpoint/5b5t_sensitivity_sweep,param_3_rep_1,/project/theorie/n/N.Pfaffenzeller/results_project/checkpoint/5b5t_sensitivity_sweep/data/param_3_rep_1,10000,5.0e-6,0.1,10.0,1,10000.0,0.9,25,0,0,0,0,0.0
/project/theorie/n/N.Pfaffenzeller/results_project/checkpoint/5b5t_sensitivity_sweep,param_3_rep_2,/project/theorie/n/N.Pfaffenzeller/results_project/checkpoint/5b5t_sensitivity_sweep/data/param_3_rep_2,10000,5.0e-6,0.1,10.0,1,5000.0,0.8,25,0,0,0,0,0.0
/project/theorie/n/N.Pfaffenzeller/results_project/checkpoint/5b5t_sensitivity_sweep,param_3_rep_2,/project/theorie/n/N.Pfaffenzeller/results_project/checkpoint/5b5t_sensitivity_sweep/data/param_3_rep_2,10000,5.0e-6,0.1,10.0,1,5000.0,0.9,25,0,0,0,0,0.0
/project/theorie/n/N.Pfaffenzeller/results_project/checkpoint/5b5t_sensitivity_sweep,param_3_rep_2,/project/theorie/n/N.Pfaffenzeller/results_project/checkpoint/5b5t_sensitivity_sweep/data/param_3_rep_2,10000,5.0e-6,0.1,10.0,1,10000.0,0.8,25,0,0,0,0,0.0
/project/theorie/n/N.Pfaffenzeller/results_project/checkpoint/5b5t_sensitivity_sweep,param_3_rep_2,/project/theorie/n/N.Pfaffenzeller/results_project/checkpoint/5b5t_sensitivity_sweep/data/param_3_rep_2,10000,5.0e-6,0.1,10.0,1,10000.0,0.9,25,0,0,0,0,0.0
/project/theorie/n/N.Pfaffenzeller/results_project/checkpoint/5b5t_sensitivity_sweep,param_3_rep_3,/project/theorie/n/N.Pfaffenzeller/results_project/checkpoint/5b5t_sensitivity_sweep/data/param_3_rep_3,10000,5.0e-6,0.1,10.0,1,5000.0,0.8,25,0,0,0,0,0.0
/project/theorie/n/N.Pfaffenzeller/results_project/checkpoint/5b5t_sensitivity_sweep,param_3_rep_3,/project/theorie/n/N.Pfaffenzeller/results_project/checkpoint/5b5t_sensitivity_sweep/data/param_3_rep_3,10000,5.0e-6,0.1,10.0,1,5000.0,0.9,25,0,0,0,0,0.0
/project/theorie/n/N.Pfaffenzeller/results_project/checkpoint/5b5t_sensitivity_sweep,param_3_rep_3,/project/theorie/n/N.Pfaffenzeller/results_project/checkpoint/5b5t_sensitivity_sweep/data/param_3_rep_3,10000,5.0e-6,0.1,10.0,1,10000.0,0.8,25,0,0,0,0,0.0
/project/theorie/n/N.Pfaffenzeller/results_project/checkpoint/5b5t_sensitivity_sweep,param_3_rep_3,/project/theorie/n/N.Pfaffenzeller/results_project/checkpoint/5b5t_sensitivity_sweep/data/param_3_rep_3,10000,5.0e-6,0.1,10.0,1,10000.0,0.9,25,0,0,0,0,0.0
/project/theorie/n/N.Pfaffenzeller/results_project/checkpoint/5b5t_sensitivity_sweep,param_3_rep_4,/project/theorie/n/N.Pfaffenzeller/results_project/checkpoint/5b5t_sensitivity_sweep/data/param_3_rep_4,10000,5.0e-6,0.1,10.0,1,5000.0,0.8,25,0,0,0,0,0.0
/project/theorie/n/N.Pfaffenzeller/results_project/checkpoint/5b5t_sensitivity_sweep,param_3_rep_4,/project/theorie/n/N.Pfaffenzeller/results_project/checkpoint/5b5t_sensitivity_sweep/data/param_3_rep_4,10000,5.0e-6,0.1,10.0,1,5000.0,0.9,25,0,0,0,0,0.0
/project/theorie/n/N.Pfaffenzeller/results_project/checkpoint/5b5t_sensitivity_sweep,param_3_rep_4,/project/theorie/n/N.Pfaffenzeller/results_project/checkpoint/5b5t_sensitivity_sweep/data/param_3_rep_4,10000,5.0e-6,0.1,10.0,1,10000.0,0.8,25,0,0,0,0,0.0
/project/theorie/n/N.Pfaffenzeller/results_project/checkpoint/5b5t_sensitivity_sweep,param_3_rep_4,/project/theorie/n/N.Pfaffenzeller/results_project/checkpoint/5b5t_sensitivity_sweep/data/param_3_rep_4,10000,5.0e-6,0.1,10.0,1,10000.0,0.9,25,0,0,0,0,0.0
/project/theorie/n/N.Pfaffenzeller/results_project/checkpoint/5b5t_sensitivity_sweep,param_3_rep_5,/project/theorie/n/N.Pfaffenzeller/results_project/checkpoint/5b5t_sensitivity_sweep/data/param_3_rep_5,10000,5.0e-6,0.1,10.0,1,5000.0,0.8,25,0,0,0,0,0.0
/project/theorie/n/N.Pfaffenzeller/results_project/checkpoint/5b5t_sensitivity_sweep,param_3_rep_5,/project/theorie/n/N.Pfaffenzeller/results_project/checkpoint/5b5t_sensitivity_sweep/data/param_3_rep_5,10000,5.0e-6,0.1,10.0,1,5000.0,0.9,25,0,0,0,0,0.0
/project/theorie/n/N.Pfaffenzeller/results_project/checkpoint/5b5t_sensitivity_sweep,param_3_rep_5,/project/theorie/n/N.Pfaffenzeller/results_project/checkpoint/5b5t_sensitivity_sweep/data/param_3_rep_5,10000,5.0e-6,0.1,10.0,1,10000.0,0.8,25,0,0,0,0,0.0
/project/theorie/n/N.Pfaffenzeller/results_project/checkpoint/5b5t_sensitivity_sweep,param_3_rep_5,/project/theorie/n/N.Pfaffenzeller/results_project/checkpoint/5b5t_sensitivity_sweep/data/param_3_rep_5,10000,5.0e-6,0.1,10.0,1,10000.0,0.9,25,0,0,0,0,0.0
/project/theorie/n/N.Pfaffenzeller/results_project/checkpoint/5b5t_sensitivity_sweep,param_40_rep_1,/project/theorie/n/N.Pfaffenzeller/results_project/checkpoint/5b5t_sensitivity_sweep/data/param_40_rep_1,10000,5.0e-6,1.0,100.0,1000,5000.0,0.8,25,0,5,5,5,1.0
/project/theorie/n/N.Pfaffenzeller/results_project/checkpoint/5b5t_sensitivity_sweep,param_40_rep_1,/project/theorie/n/N.Pfaffenzeller/results_project/checkpoint/5b5t_sensitivity_sweep/data/param_40_rep_1,10000,5.0e-6,1.0,100.0,1000,5000.0,0.9,25,0,5,5,5,1.0
/project/theorie/n/N.Pfaffenzeller/results_project/checkpoint/5b5t_sensitivity_sweep,param_40_rep_1,/project/theorie/n/N.Pfaffenzeller/results_project/checkpoint/5b5t_sensitivity_sweep/data/param_40_rep_1,10000,5.0e-6,1.0,100.0,1000,10000.0,0.8,25,0,5,5,5,1.0
/project/theorie/n/N.Pfaffenzeller/results_project/checkpoint/5b5t_sensitivity_sweep,param_40_rep_1,/project/theorie/n/N.Pfaffenzeller/results_project/checkpoint/5b5t_sensitivity_sweep/data/param_40_rep_1,10000,5.0e-6,1.0,100.0,1000,10000.0,0.9,25,0,4,4,4,0.8
/project/theorie/n/N.Pfaffenzeller/results_project/checkpoint/5b5t_sensitivity_sweep,param_40_rep_2,/project/theorie/n/N.Pfaffenzeller/results_project/checkpoint/5b5t_sensitivity_sweep/data/param_40_rep_2,10000,5.0e-6,1.0,100.0,1000,5000.0,0.8,25,0,5,5,5,1.0
/project/theorie/n/N.Pfaffenzeller/results_project/checkpoint/5b5t_sensitivity_sweep,param_40_rep_2,/project/theorie/n/N.Pfaffenzeller/results_project/checkpoint/5b5t_sensitivity_sweep/data/param_40_rep_2,10000,5.0e-6,1.0,100.0,1000,5000.0,0.9,25,0,4,4,4,0.8
/project/theorie/n/N.Pfaffenzeller/results_project/checkpoint/5b5t_sensitivity_sweep,param_40_rep_2,/project/theorie/n/N.Pfaffenzeller/results_project/checkpoint/5b5t_sensitivity_sweep/data/param_40_rep_2,10000,5.0e-6,1.0,100.0,1000,10000.0,0.8,25,0,5,5,5,1.0
/project/theorie/n/N.Pfaffenzeller/results_project/checkpoint/5b5t_sensitivity_sweep,param_40_rep_2,/project/theorie/n/N.Pfaffenzeller/results_project/checkpoint/5b5t_sensitivity_sweep/data/param_40_rep_2,10000,5.0e-6,1.0,100.0,1000,10000.0,0.9,25,0,4,4,4,0.8
/project/theorie/n/N.Pfaffenzeller/results_project/checkpoint/5b5t_sensitivity_sweep,param_40_rep_3,/project/theorie/n/N.Pfaffenzeller/results_project/checkpoint/5b5t_sensitivity_sweep/data/param_40_rep_3,10000,5.0e-6,1.0,100.0,1000,5000.0,0.8,25,0,5,5,5,1.0
/project/theorie/n/N.Pfaffenzeller/results_project/checkpoint/5b5t_sensitivity_sweep,param_40_rep_3,/project/theorie/n/N.Pfaffenzeller/results_project/checkpoint/5b5t_sensitivity_sweep/data/param_40_rep_3,10000,5.0e-6,1.0,100.0,1000,5000.0,0.9,25,0,5,5,5,1.0
/project/theorie/n/N.Pfaffenzeller/results_project/checkpoint/5b5t_sensitivity_sweep,param_40_rep_3,/project/theorie/n/N.Pfaffenzeller/results_project/checkpoint/5b5t_sensitivity_sweep/data/param_40_rep_3,10000,5.0e-6,1.0,100.0,1000,10000.0,0.8,25,0,5,5,5,1.0
/project/theorie/n/N.Pfaffenzeller/results_project/checkpoint/5b5t_sensitivity_sweep,param_40_rep_3,/project/theorie/n/N.Pfaffenzeller/results_project/checkpoint/5b5t_sensitivity_sweep/data/param_40_rep_3,10000,5.0e-6,1.0,100.0,1000,10000.0,0.9,25,0,4,4,4,0.8
/project/theorie/n/N.Pfaffenzeller/results_project/checkpoint/5b5t_sensitivity_sweep,param_40_rep_4,/project/theorie/n/N.Pfaffenzeller/results_project/checkpoint/5b5t_sensitivity_sweep/data/param_40_rep_4,10000,5.0e-6,1.0,100.0,1000,5000.0,0.8,25,0,5,5,5,1.0
/project/theorie/n/N.Pfaffenzeller/results_project/checkpoint/5b5t_sensitivity_sweep,param_40_rep_4,/project/theorie/n/N.Pfaffenzeller/results_project/checkpoint/5b5t_sensitivity_sweep/data/param_40_rep_4,10000,5.0e-6,1.0,100.0,1000,5000.0,0.9,25,0,5,5,5,1.0
/project/theorie/n/N.Pfaffenzeller/results_project/checkpoint/5b5t_sensitivity_sweep,param_40_rep_4,/project/theorie/n/N.Pfaffenzeller/results_project/checkpoint/5b5t_sensitivity_sweep/data/param_40_rep_4,10000,5.0e-6,1.0,100.0,1000,10000.0,0.8,25,0,5,5,5,1.0
/project/theorie/n/N.Pfaffenzeller/results_project/checkpoint/5b5t_sensitivity_sweep,param_40_rep_4,/project/theorie/n/N.Pfaffenzeller/results_project/checkpoint/5b5t_sensitivity_sweep/data/param_40_rep_4,10000,5.0e-6,1.0,100.0,1000,10000.0,0.9,25,0,5,5,5,1.0
/project/theorie/n/N.Pfaffenzeller/results_project/checkpoint/5b5t_sensitivity_sweep,param_40_rep_5,/project/theorie/n/N.Pfaffenzeller/results_project/checkpoint/5b5t_sensitivity_sweep/data/param_40_rep_5,10000,5.0e-6,1.0,100.0,1000,5000.0,0.8,25,0,4,4,4,0.8
/project/theorie/n/N.Pfaffenzeller/results_project/checkpoint/5b5t_sensitivity_sweep,param_40_rep_5,/project/theorie/n/N.Pfaffenzeller/results_project/checkpoint/5b5t_sensitivity_sweep/data/param_40_rep_5,10000,5.0e-6,1.0,100.0,1000,5000.0,0.9,25,0,4,4,4,0.8
/project/theorie/n/N.Pfaffenzeller/results_project/checkpoint/5b5t_sensitivity_sweep,param_40_rep_5,/project/theorie/n/N.Pfaffenzeller/results_project/checkpoint/5b5t_sensitivity_sweep/data/param_40_rep_5,10000,5.0e-6,1.0,100.0,1000,10000.0,0.8,25,0,5,5,5,1.0
/project/theorie/n/N.Pfaffenzeller/results_project/checkpoint/5b5t_sensitivity_sweep,param_40_rep_5,/project/theorie/n/N.Pfaffenzeller/results_project/checkpoint/5b5t_sensitivity_sweep/data/param_40_rep_5,10000,5.0e-6,1.0,100.0,1000,10000.0,0.9,25,0,5,5,5,1.0
/project/theorie/n/N.Pfaffenzeller/results_project/checkpoint/5b5t_sensitivity_sweep,param_41_rep_1,/project/theorie/n/N.Pfaffenzeller/results_project/checkpoint/5b5t_sensitivity_sweep/data/param_41_rep_1,10000,5.0e-6,1.0,0.1,10000,5000.0,0.8,25,0,0,0,0,0.0
/project/theorie/n/N.Pfaffenzeller/results_project/checkpoint/5b5t_sensitivity_sweep,param_41_rep_1,/project/theorie/n/N.Pfaffenzeller/results_project/checkpoint/5b5t_sensitivity_sweep/data/param_41_rep_1,10000,5.0e-6,1.0,0.1,10000,5000.0,0.9,25,0,0,0,0,0.0
/project/theorie/n/N.Pfaffenzeller/results_project/checkpoint/5b5t_sensitivity_sweep,param_41_rep_1,/project/theorie/n/N.Pfaffenzeller/results_project/checkpoint/5b5t_sensitivity_sweep/data/param_41_rep_1,10000,5.0e-6,1.0,0.1,10000,10000.0,0.8,25,0,0,0,0,0.0
/project/theorie/n/N.Pfaffenzeller/results_project/checkpoint/5b5t_sensitivity_sweep,param_41_rep_1,/project/theorie/n/N.Pfaffenzeller/results_project/checkpoint/5b5t_sensitivity_sweep/data/param_41_rep_1,10000,5.0e-6,1.0,0.1,10000,10000.0,0.9,25,0,0,0,0,0.0
/project/theorie/n/N.Pfaffenzeller/results_project/checkpoint/5b5t_sensitivity_sweep,param_41_rep_2,/project/theorie/n/N.Pfaffenzeller/results_project/checkpoint/5b5t_sensitivity_sweep/data/param_41_rep_2,10000,5.0e-6,1.0,0.1,10000,5000.0,0.8,25,0,0,0,0,0.0
/project/theorie/n/N.Pfaffenzeller/results_project/checkpoint/5b5t_sensitivity_sweep,param_41_rep_2,/project/theorie/n/N.Pfaffenzeller/results_project/checkpoint/5b5t_sensitivity_sweep/data/param_41_rep_2,10000,5.0e-6,1.0,0.1,10000,5000.0,0.9,25,0,0,0,0,0.0
/project/theorie/n/N.Pfaffenzeller/results_project/checkpoint/5b5t_sensitivity_sweep,param_41_rep_2,/project/theorie/n/N.Pfaffenzeller/results_project/checkpoint/5b5t_sensitivity_sweep/data/param_41_rep_2,10000,5.0e-6,1.0,0.1,10000,10000.0,0.8,25,0,0,0,0,0.0
/project/theorie/n/N.Pfaffenzeller/results_project/checkpoint/5b5t_sensitivity_sweep,param_41_rep_2,/project/theorie/n/N.Pfaffenzeller/results_project/checkpoint/5b5t_sensitivity_sweep/data/param_41_rep_2,10000,5.0e-6,1.0,0.1,10000,10000.0,0.9,25,0,0,0,0,0.0
/project/theorie/n/N.Pfaffenzeller/results_project/checkpoint/5b5t_sensitivity_sweep,param_41_rep_3,/project/theorie/n/N.Pfaffenzeller/results_project/checkpoint/5b5t_sensitivity_sweep/data/param_41_rep_3,10000,5.0e-6,1.0,0.1,10000,5000.0,0.8,25,0,0,0,0,0.0
/project/theorie/n/N.Pfaffenzeller/results_project/checkpoint/5b5t_sensitivity_sweep,param_41_rep_3,/project/theorie/n/N.Pfaffenzeller/results_project/checkpoint/5b5t_sensitivity_sweep/data/param_41_rep_3,10000,5.0e-6,1.0,0.1,10000,5000.0,0.9,25,0,0,0,0,0.0
/project/theorie/n/N.Pfaffenzeller/results_project/checkpoint/5b5t_sensitivity_sweep,param_41_rep_3,/project/theorie/n/N.Pfaffenzeller/results_project/checkpoint/5b5t_sensitivity_sweep/data/param_41_rep_3,10000,5.0e-6,1.0,0.1,10000,10000.0,0.8,25,0,0,0,0,0.0
/project/theorie/n/N.Pfaffenzeller/results_project/checkpoint/5b5t_sensitivity_sweep,param_41_rep_3,/project/theorie/n/N.Pfaffenzeller/results_project/checkpoint/5b5t_sensitivity_sweep/data/param_41_rep_3,10000,5.0e-6,1.0,0.1,10000,10000.0,0.9,25,0,0,0,0,0.0
/project/theorie/n/N.Pfaffenzeller/results_project/checkpoint/5b5t_sensitivity_sweep,param_41_rep_4,/project/theorie/n/N.Pfaffenzeller/results_project/checkpoint/5b5t_sensitivity_sweep/data/param_41_rep_4,10000,5.0e-6,1.0,0.1,10000,5000.0,0.8,25,0,0,0,0,0.0
/project/theorie/n/N.Pfaffenzeller/results_project/checkpoint/5b5t_sensitivity_sweep,param_41_rep_4,/project/theorie/n/N.Pfaffenzeller/results_project/checkpoint/5b5t_sensitivity_sweep/data/param_41_rep_4,10000,5.0e-6,1.0,0.1,10000,5000.0,0.9,25,0,0,0,0,0.0
/project/theorie/n/N.Pfaffenzeller/results_project/checkpoint/5b5t_sensitivity_sweep,param_41_rep_4,/project/theorie/n/N.Pfaffenzeller/results_project/checkpoint/5b5t_sensitivity_sweep/data/param_41_rep_4,10000,5.0e-6,1.0,0.1,10000,10000.0,0.8,25,0,0,0,0,0.0
/project/theorie/n/N.Pfaffenzeller/results_project/checkpoint/5b5t_sensitivity_sweep,param_41_rep_4,/project/theorie/n/N.Pfaffenzeller/results_project/checkpoint/5b5t_sensitivity_sweep/data/param_41_rep_4,10000,5.0e-6,1.0,0.1,10000,10000.0,0.9,25,0,0,0,0,0.0
/project/theorie/n/N.Pfaffenzeller/results_project/checkpoint/5b5t_sensitivity_sweep,param_41_rep_5,/project/theorie/n/N.Pfaffenzeller/results_project/checkpoint/5b5t_sensitivity_sweep/data/param_41_rep_5,10000,5.0e-6,1.0,0.1,10000,5000.0,0.8,25,0,0,0,0,0.0
/project/theorie/n/N.Pfaffenzeller/results_project/checkpoint/5b5t_sensitivity_sweep,param_41_rep_5,/project/theorie/n/N.Pfaffenzeller/results_project/checkpoint/5b5t_sensitivity_sweep/data/param_41_rep_5,10000,5.0e-6,1.0,0.1,10000,5000.0,0.9,25,0,0,0,0,0.0
/project/theorie/n/N.Pfaffenzeller/results_project/checkpoint/5b5t_sensitivity_sweep,param_41_rep_5,/project/theorie/n/N.Pfaffenzeller/results_project/checkpoint/5b5t_sensitivity_sweep/data/param_41_rep_5,10000,5.0e-6,1.0,0.1,10000,10000.0,0.8,25,0,0,0,0,0.0
/project/theorie/n/N.Pfaffenzeller/results_project/checkpoint/5b5t_sensitivity_sweep,param_41_rep_5,/project/theorie/n/N.Pfaffenzeller/results_project/checkpoint/5b5t_sensitivity_sweep/data/param_41_rep_5,10000,5.0e-6,1.0,0.1,10000,10000.0,0.9,25,0,0,0,0,0.0
/project/theorie/n/N.Pfaffenzeller/results_project/checkpoint/5b5t_sensitivity_sweep,param_42_rep_1,/project/theorie/n/N.Pfaffenzeller/results_project/checkpoint/5b5t_sensitivity_sweep/data/param_42_rep_1,10000,5.0e-6,1.0,1.0,10000,5000.0,0.8,25,0,0,0,0,0.0
/project/theorie/n/N.Pfaffenzeller/results_project/checkpoint/5b5t_sensitivity_sweep,param_42_rep_1,/project/theorie/n/N.Pfaffenzeller/results_project/checkpoint/5b5t_sensitivity_sweep/data/param_42_rep_1,10000,5.0e-6,1.0,1.0,10000,5000.0,0.9,25,0,0,0,0,0.0
/project/theorie/n/N.Pfaffenzeller/results_project/checkpoint/5b5t_sensitivity_sweep,param_42_rep_1,/project/theorie/n/N.Pfaffenzeller/results_project/checkpoint/5b5t_sensitivity_sweep/data/param_42_rep_1,10000,5.0e-6,1.0,1.0,10000,10000.0,0.8,25,0,0,0,0,0.0
/project/theorie/n/N.Pfaffenzeller/results_project/checkpoint/5b5t_sensitivity_sweep,param_42_rep_1,/project/theorie/n/N.Pfaffenzeller/results_project/checkpoint/5b5t_sensitivity_sweep/data/param_42_rep_1,10000,5.0e-6,1.0,1.0,10000,10000.0,0.9,25,0,0,0,0,0.0
/project/theorie/n/N.Pfaffenzeller/results_project/checkpoint/5b5t_sensitivity_sweep,param_42_rep_2,/project/theorie/n/N.Pfaffenzeller/results_project/checkpoint/5b5t_sensitivity_sweep/data/param_42_rep_2,10000,5.0e-6,1.0,1.0,10000,5000.0,0.8,25,0,0,0,0,0.0
/project/theorie/n/N.Pfaffenzeller/results_project/checkpoint/5b5t_sensitivity_sweep,param_42_rep_2,/project/theorie/n/N.Pfaffenzeller/results_project/checkpoint/5b5t_sensitivity_sweep/data/param_42_rep_2,10000,5.0e-6,1.0,1.0,10000,5000.0,0.9,25,0,0,0,0,0.0
/project/theorie/n/N.Pfaffenzeller/results_project/checkpoint/5b5t_sensitivity_sweep,param_42_rep_2,/project/theorie/n/N.Pfaffenzeller/results_project/checkpoint/5b5t_sensitivity_sweep/data/param_42_rep_2,10000,5.0e-6,1.0,1.0,10000,10000.0,0.8,25,0,0,0,0,0.0
/project/theorie/n/N.Pfaffenzeller/results_project/checkpoint/5b5t_sensitivity_sweep,param_42_rep_2,/project/theorie/n/N.Pfaffenzeller/results_project/checkpoint/5b5t_sensitivity_sweep/data/param_42_rep_2,10000,5.0e-6,1.0,1.0,10000,10000.0,0.9,25,0,0,0,0,0.0
/project/theorie/n/N.Pfaffenzeller/results_project/checkpoint/5b5t_sensitivity_sweep,param_42_rep_3,/project/theorie/n/N.Pfaffenzeller/results_project/checkpoint/5b5t_sensitivity_sweep/data/param_42_rep_3,10000,5.0e-6,1.0,1.0,10000,5000.0,0.8,25,0,0,0,0,0.0
/project/theorie/n/N.Pfaffenzeller/results_project/checkpoint/5b5t_sensitivity_sweep,param_42_rep_3,/project/theorie/n/N.Pfaffenzeller/results_project/checkpoint/5b5t_sensitivity_sweep/data/param_42_rep_3,10000,5.0e-6,1.0,1.0,10000,5000.0,0.9,25,0,0,0,0,0.0
/project/theorie/n/N.Pfaffenzeller/results_project/checkpoint/5b5t_sensitivity_sweep,param_42_rep_3,/project/theorie/n/N.Pfaffenzeller/results_project/checkpoint/5b5t_sensitivity_sweep/data/param_42_rep_3,10000,5.0e-6,1.0,1.0,10000,10000.0,0.8,25,0,0,0,0,0.0
/project/theorie/n/N.Pfaffenzeller/results_project/checkpoint/5b5t_sensitivity_sweep,param_42_rep_3,/project/theorie/n/N.Pfaffenzeller/results_project/checkpoint/5b5t_sensitivity_sweep/data/param_42_rep_3,10000,5.0e-6,1.0,1.0,10000,10000.0,0.9,25,0,0,0,0,0.0
/project/theorie/n/N.Pfaffenzeller/results_project/checkpoint/5b5t_sensitivity_sweep,param_42_rep_4,/project/theorie/n/N.Pfaffenzeller/results_project/checkpoint/5b5t_sensitivity_sweep/data/param_42_rep_4,10000,5.0e-6,1.0,1.0,10000,5000.0,0.8,25,0,0,0,0,0.0
/project/theorie/n/N.Pfaffenzeller/results_project/checkpoint/5b5t_sensitivity_sweep,param_42_rep_4,/project/theorie/n/N.Pfaffenzeller/results_project/checkpoint/5b5t_sensitivity_sweep/data/param_42_rep_4,10000,5.0e-6,1.0,1.0,10000,5000.0,0.9,25,0,0,0,0,0.0
/project/theorie/n/N.Pfaffenzeller/results_project/checkpoint/5b5t_sensitivity_sweep,param_42_rep_4,/project/theorie/n/N.Pfaffenzeller/results_project/checkpoint/5b5t_sensitivity_sweep/data/param_42_rep_4,10000,5.0e-6,1.0,1.0,10000,10000.0,0.8,25,0,0,0,0,0.0
/project/theorie/n/N.Pfaffenzeller/results_project/checkpoint/5b5t_sensitivity_sweep,param_42_rep_4,/project/theorie/n/N.Pfaffenzeller/results_project/checkpoint/5b5t_sensitivity_sweep/data/param_42_rep_4,10000,5.0e-6,1.0,1.0,10000,10000.0,0.9,25,0,0,0,0,0.0
/project/theorie/n/N.Pfaffenzeller/results_project/checkpoint/5b5t_sensitivity_sweep,param_42_rep_5,/project/theorie/n/N.Pfaffenzeller/results_project/checkpoint/5b5t_sensitivity_sweep/data/param_42_rep_5,10000,5.0e-6,1.0,1.0,10000,5000.0,0.8,25,0,0,0,0,0.0
/project/theorie/n/N.Pfaffenzeller/results_project/checkpoint/5b5t_sensitivity_sweep,param_42_rep_5,/project/theorie/n/N.Pfaffenzeller/results_project/checkpoint/5b5t_sensitivity_sweep/data/param_42_rep_5,10000,5.0e-6,1.0,1.0,10000,5000.0,0.9,25,0,0,0,0,0.0
/project/theorie/n/N.Pfaffenzeller/results_project/checkpoint/5b5t_sensitivity_sweep,param_42_rep_5,/project/theorie/n/N.Pfaffenzeller/results_project/checkpoint/5b5t_sensitivity_sweep/data/param_42_rep_5,10000,5.0e-6,1.0,1.0,10000,10000.0,0.8,25,0,0,0,0,0.0
/project/theorie/n/N.Pfaffenzeller/results_project/checkpoint/5b5t_sensitivity_sweep,param_42_rep_5,/project/theorie/n/N.Pfaffenzeller/results_project/checkpoint/5b5t_sensitivity_sweep/data/param_42_rep_5,10000,5.0e-6,1.0,1.0,10000,10000.0,0.9,25,0,0,0,0,0.0
/project/theorie/n/N.Pfaffenzeller/results_project/checkpoint/5b5t_sensitivity_sweep,param_43_rep_1,/project/theorie/n/N.Pfaffenzeller/results_project/checkpoint/5b5t_sensitivity_sweep/data/param_43_rep_1,10000,5.0e-6,1.0,10.0,10000,5000.0,0.8,25,0,1,1,1,0.2
/project/theorie/n/N.Pfaffenzeller/results_project/checkpoint/5b5t_sensitivity_sweep,param_43_rep_1,/project/theorie/n/N.Pfaffenzeller/results_project/checkpoint/5b5t_sensitivity_sweep/data/param_43_rep_1,10000,5.0e-6,1.0,10.0,10000,5000.0,0.9,25,0,0,0,0,0.0
/project/theorie/n/N.Pfaffenzeller/results_project/checkpoint/5b5t_sensitivity_sweep,param_43_rep_1,/project/theorie/n/N.Pfaffenzeller/results_project/checkpoint/5b5t_sensitivity_sweep/data/param_43_rep_1,10000,5.0e-6,1.0,10.0,10000,10000.0,0.8,25,0,1,1,1,0.2
/project/theorie/n/N.Pfaffenzeller/results_project/checkpoint/5b5t_sensitivity_sweep,param_43_rep_1,/project/theorie/n/N.Pfaffenzeller/results_project/checkpoint/5b5t_sensitivity_sweep/data/param_43_rep_1,10000,5.0e-6,1.0,10.0,10000,10000.0,0.9,25,0,0,0,0,0.0
/project/theorie/n/N.Pfaffenzeller/results_project/checkpoint/5b5t_sensitivity_sweep,param_43_rep_2,/project/theorie/n/N.Pfaffenzeller/results_project/checkpoint/5b5t_sensitivity_sweep/data/param_43_rep_2,10000,5.0e-6,1.0,10.0,10000,5000.0,0.8,25,0,3,3,3,0.6
/project/theorie/n/N.Pfaffenzeller/results_project/checkpoint/5b5t_sensitivity_sweep,param_43_rep_2,/project/theorie/n/N.Pfaffenzeller/results_project/checkpoint/5b5t_sensitivity_sweep/data/param_43_rep_2,10000,5.0e-6,1.0,10.0,10000,5000.0,0.9,25,0,2,2,2,0.4
/project/theorie/n/N.Pfaffenzeller/results_project/checkpoint/5b5t_sensitivity_sweep,param_43_rep_2,/project/theorie/n/N.Pfaffenzeller/results_project/checkpoint/5b5t_sensitivity_sweep/data/param_43_rep_2,10000,5.0e-6,1.0,10.0,10000,10000.0,0.8,25,0,2,2,2,0.4
/project/theorie/n/N.Pfaffenzeller/results_project/checkpoint/5b5t_sensitivity_sweep,param_43_rep_2,/project/theorie/n/N.Pfaffenzeller/results_project/checkpoint/5b5t_sensitivity_sweep/data/param_43_rep_2,10000,5.0e-6,1.0,10.0,10000,10000.0,0.9,25,0,1,1,1,0.2
/project/theorie/n/N.Pfaffenzeller/results_project/checkpoint/5b5t_sensitivity_sweep,param_43_rep_3,/project/theorie/n/N.Pfaffenzeller/results_project/checkpoint/5b5t_sensitivity_sweep/data/param_43_rep_3,10000,5.0e-6,1.0,10.0,10000,5000.0,0.8,25,0,3,3,3,0.6
/project/theorie/n/N.Pfaffenzeller/results_project/checkpoint/5b5t_sensitivity_sweep,param_43_rep_3,/project/theorie/n/N.Pfaffenzeller/results_project/checkpoint/5b5t_sensitivity_sweep/data/param_43_rep_3,10000,5.0e-6,1.0,10.0,10000,5000.0,0.9,25,0,1,1,1,0.2
/project/theorie/n/N.Pfaffenzeller/results_project/checkpoint/5b5t_sensitivity_sweep,param_43_rep_3,/project/theorie/n/N.Pfaffenzeller/results_project/checkpoint/5b5t_sensitivity_sweep/data/param_43_rep_3,10000,5.0e-6,1.0,10.0,10000,10000.0,0.8,25,0,1,1,1,0.2
/project/theorie/n/N.Pfaffenzeller/results_project/checkpoint/5b5t_sensitivity_sweep,param_43_rep_3,/project/theorie/n/N.Pfaffenzeller/results_project/checkpoint/5b5t_sensitivity_sweep/data/param_43_rep_3,10000,5.0e-6,1.0,10.0,10000,10000.0,0.9,25,0,0,0,0,0.0
/project/theorie/n/N.Pfaffenzeller/results_project/checkpoint/5b5t_sensitivity_sweep,param_43_rep_4,/project/theorie/n/N.Pfaffenzeller/results_project/checkpoint/5b5t_sensitivity_sweep/data/param_43_rep_4,10000,5.0e-6,1.0,10.0,10000,5000.0,0.8,25,0,5,5,5,1.0
/project/theorie/n/N.Pfaffenzeller/results_project/checkpoint/5b5t_sensitivity_sweep,param_43_rep_4,/project/theorie/n/N.Pfaffenzeller/results_project/checkpoint/5b5t_sensitivity_sweep/data/param_43_rep_4,10000,5.0e-6,1.0,10.0,10000,5000.0,0.9,25,0,2,2,2,0.4
/project/theorie/n/N.Pfaffenzeller/results_project/checkpoint/5b5t_sensitivity_sweep,param_43_rep_4,/project/theorie/n/N.Pfaffenzeller/results_project/checkpoint/5b5t_sensitivity_sweep/data/param_43_rep_4,10000,5.0e-6,1.0,10.0,10000,10000.0,0.8,25,0,2,2,2,0.4
/project/theorie/n/N.Pfaffenzeller/results_project/checkpoint/5b5t_sensitivity_sweep,param_43_rep_4,/project/theorie/n/N.Pfaffenzeller/results_project/checkpoint/5b5t_sensitivity_sweep/data/param_43_rep_4,10000,5.0e-6,1.0,10.0,10000,10000.0,0.9,25,0,0,0,0,0.0
/project/theorie/n/N.Pfaffenzeller/results_project/checkpoint/5b5t_sensitivity_sweep,param_43_rep_5,/project/theorie/n/N.Pfaffenzeller/results_project/checkpoint/5b5t_sensitivity_sweep/data/param_43_rep_5,10000,5.0e-6,1.0,10.0,10000,5000.0,0.8,25,0,2,2,2,0.4
/project/theorie/n/N.Pfaffenzeller/results_project/checkpoint/5b5t_sensitivity_sweep,param_43_rep_5,/project/theorie/n/N.Pfaffenzeller/results_project/checkpoint/5b5t_sensitivity_sweep/data/param_43_rep_5,10000,5.0e-6,1.0,10.0,10000,5000.0,0.9,25,0,1,1,1,0.2
/project/theorie/n/N.Pfaffenzeller/results_project/checkpoint/5b5t_sensitivity_sweep,param_43_rep_5,/project/theorie/n/N.Pfaffenzeller/results_project/checkpoint/5b5t_sensitivity_sweep/data/param_43_rep_5,10000,5.0e-6,1.0,10.0,10000,10000.0,0.8,25,0,3,3,3,0.6
/project/theorie/n/N.Pfaffenzeller/results_project/checkpoint/5b5t_sensitivity_sweep,param_43_rep_5,/project/theorie/n/N.Pfaffenzeller/results_project/checkpoint/5b5t_sensitivity_sweep/data/param_43_rep_5,10000,5.0e-6,1.0,10.0,10000,10000.0,0.9,25,0,0,0,0,0.0
/project/theorie/n/N.Pfaffenzeller/results_project/checkpoint/5b5t_sensitivity_sweep,param_44_rep_1,/project/theorie/n/N.Pfaffenzeller/results_project/checkpoint/5b5t_sensitivity_sweep/data/param_44_rep_1,10000,5.0e-6,1.0,100.0,10000,5000.0,0.8,25,0,5,5,5,1.0
/project/theorie/n/N.Pfaffenzeller/results_project/checkpoint/5b5t_sensitivity_sweep,param_44_rep_1,/project/theorie/n/N.Pfaffenzeller/results_project/checkpoint/5b5t_sensitivity_sweep/data/param_44_rep_1,10000,5.0e-6,1.0,100.0,10000,5000.0,0.9,25,0,5,5,5,1.0
/project/theorie/n/N.Pfaffenzeller/results_project/checkpoint/5b5t_sensitivity_sweep,param_44_rep_1,/project/theorie/n/N.Pfaffenzeller/results_project/checkpoint/5b5t_sensitivity_sweep/data/param_44_rep_1,10000,5.0e-6,1.0,100.0,10000,10000.0,0.8,25,0,5,5,5,1.0
/project/theorie/n/N.Pfaffenzeller/results_project/checkpoint/5b5t_sensitivity_sweep,param_44_rep_1,/project/theorie/n/N.Pfaffenzeller/results_project/checkpoint/5b5t_sensitivity_sweep/data/param_44_rep_1,10000,5.0e-6,1.0,100.0,10000,10000.0,0.9,25,0,4,4,4,0.8
/project/theorie/n/N.Pfaffenzeller/results_project/checkpoint/5b5t_sensitivity_sweep,param_44_rep_2,/project/theorie/n/N.Pfaffenzeller/results_project/checkpoint/5b5t_sensitivity_sweep/data/param_44_rep_2,10000,5.0e-6,1.0,100.0,10000,5000.0,0.8,25,0,4,4,4,0.8
/project/theorie/n/N.Pfaffenzeller/results_project/checkpoint/5b5t_sensitivity_sweep,param_44_rep_2,/project/theorie/n/N.Pfaffenzeller/results_project/checkpoint/5b5t_sensitivity_sweep/data/param_44_rep_2,10000,5.0e-6,1.0,100.0,10000,5000.0,0.9,25,0,4,4,4,0.8
/project/theorie/n/N.Pfaffenzeller/results_project/checkpoint/5b5t_sensitivity_sweep,param_44_rep_2,/project/theorie/n/N.Pfaffenzeller/results_project/checkpoint/5b5t_sensitivity_sweep/data/param_44_rep_2,10000,5.0e-6,1.0,100.0,10000,10000.0,0.8,25,0,5,5,5,1.0
/project/theorie/n/N.Pfaffenzeller/results_project/checkpoint/5b5t_sensitivity_sweep,param_44_rep_2,/project/theorie/n/N.Pfaffenzeller/results_project/checkpoint/5b5t_sensitivity_sweep/data/param_44_rep_2,10000,5.0e-6,1.0,100.0,10000,10000.0,0.9,25,0,5,5,5,1.0
/project/theorie/n/N.Pfaffenzeller/results_project/checkpoint/5b5t_sensitivity_sweep,param_44_rep_3,/project/theorie/n/N.Pfaffenzeller/results_project/checkpoint/5b5t_sensitivity_sweep/data/param_44_rep_3,10000,5.0e-6,1.0,100.0,10000,5000.0,0.8,25,0,5,5,5,1.0
/project/theorie/n/N.Pfaffenzeller/results_project/checkpoint/5b5t_sensitivity_sweep,param_44_rep_3,/project/theorie/n/N.Pfaffenzeller/results_project/checkpoint/5b5t_sensitivity_sweep/data/param_44_rep_3,10000,5.0e-6,1.0,100.0,10000,5000.0,0.9,25,0,5,5,5,1.0
/project/theorie/n/N.Pfaffenzeller/results_project/checkpoint/5b5t_sensitivity_sweep,param_44_rep_3,/project/theorie/n/N.Pfaffenzeller/results_project/checkpoint/5b5t_sensitivity_sweep/data/param_44_rep_3,10000,5.0e-6,1.0,100.0,10000,10000.0,0.8,25,0,5,5,5,1.0
/project/theorie/n/N.Pfaffenzeller/results_project/checkpoint/5b5t_sensitivity_sweep,param_44_rep_3,/project/theorie/n/N.Pfaffenzeller/results_project/checkpoint/5b5t_sensitivity_sweep/data/param_44_rep_3,10000,5.0e-6,1.0,100.0,10000,10000.0,0.9,25,0,3,3,3,0.6
/project/theorie/n/N.Pfaffenzeller/results_project/checkpoint/5b5t_sensitivity_sweep,param_44_rep_4,/project/theorie/n/N.Pfaffenzeller/results_project/checkpoint/5b5t_sensitivity_sweep/data/param_44_rep_4,10000,5.0e-6,1.0,100.0,10000,5000.0,0.8,25,0,5,5,5,1.0
/project/theorie/n/N.Pfaffenzeller/results_project/checkpoint/5b5t_sensitivity_sweep,param_44_rep_4,/project/theorie/n/N.Pfaffenzeller/results_project/checkpoint/5b5t_sensitivity_sweep/data/param_44_rep_4,10000,5.0e-6,1.0,100.0,10000,5000.0,0.9,25,0,4,4,4,0.8
/project/theorie/n/N.Pfaffenzeller/results_project/checkpoint/5b5t_sensitivity_sweep,param_44_rep_4,/project/theorie/n/N.Pfaffenzeller/results_project/checkpoint/5b5t_sensitivity_sweep/data/param_44_rep_4,10000,5.0e-6,1.0,100.0,10000,10000.0,0.8,25,0,4,4,4,0.8
/project/theorie/n/N.Pfaffenzeller/results_project/checkpoint/5b5t_sensitivity_sweep,param_44_rep_4,/project/theorie/n/N.Pfaffenzeller/results_project/checkpoint/5b5t_sensitivity_sweep/data/param_44_rep_4,10000,5.0e-6,1.0,100.0,10000,10000.0,0.9,25,0,3,3,3,0.6
/project/theorie/n/N.Pfaffenzeller/results_project/checkpoint/5b5t_sensitivity_sweep,param_44_rep_5,/project/theorie/n/N.Pfaffenzeller/results_project/checkpoint/5b5t_sensitivity_sweep/data/param_44_rep_5,10000,5.0e-6,1.0,100.0,10000,5000.0,0.8,25,0,5,5,5,1.0
/project/theorie/n/N.Pfaffenzeller/results_project/checkpoint/5b5t_sensitivity_sweep,param_44_rep_5,/project/theorie/n/N.Pfaffenzeller/results_project/checkpoint/5b5t_sensitivity_sweep/data/param_44_rep_5,10000,5.0e-6,1.0,100.0,10000,5000.0,0.9,25,0,5,5,5,1.0
/project/theorie/n/N.Pfaffenzeller/results_project/checkpoint/5b5t_sensitivity_sweep,param_44_rep_5,/project/theorie/n/N.Pfaffenzeller/results_project/checkpoint/5b5t_sensitivity_sweep/data/param_44_rep_5,10000,5.0e-6,1.0,100.0,10000,10000.0,0.8,25,0,5,5,5,1.0
/project/theorie/n/N.Pfaffenzeller/results_project/checkpoint/5b5t_sensitivity_sweep,param_44_rep_5,/project/theorie/n/N.Pfaffenzeller/results_project/checkpoint/5b5t_sensitivity_sweep/data/param_44_rep_5,10000,5.0e-6,1.0,100.0,10000,10000.0,0.9,25,0,4,4,4,0.8
/project/theorie/n/N.Pfaffenzeller/results_project/checkpoint/5b5t_sensitivity_sweep,param_45_rep_1,/project/theorie/n/N.Pfaffenzeller/results_project/checkpoint/5b5t_sensitivity_sweep/data/param_45_rep_1,10000,5.0e-6,1.0,0.1,100000,5000.0,0.8,25,0,0,0,0,0.0
/project/theorie/n/N.Pfaffenzeller/results_project/checkpoint/5b5t_sensitivity_sweep,param_45_rep_1,/project/theorie/n/N.Pfaffenzeller/results_project/checkpoint/5b5t_sensitivity_sweep/data/param_45_rep_1,10000,5.0e-6,1.0,0.1,100000,5000.0,0.9,25,0,0,0,0,0.0
/project/theorie/n/N.Pfaffenzeller/results_project/checkpoint/5b5t_sensitivity_sweep,param_45_rep_1,/project/theorie/n/N.Pfaffenzeller/results_project/checkpoint/5b5t_sensitivity_sweep/data/param_45_rep_1,10000,5.0e-6,1.0,0.1,100000,10000.0,0.8,25,0,0,0,0,0.0
/project/theorie/n/N.Pfaffenzeller/results_project/checkpoint/5b5t_sensitivity_sweep,param_45_rep_1,/project/theorie/n/N.Pfaffenzeller/results_project/checkpoint/5b5t_sensitivity_sweep/data/param_45_rep_1,10000,5.0e-6,1.0,0.1,100000,10000.0,0.9,25,0,0,0,0,0.0
/project/theorie/n/N.Pfaffenzeller/results_project/checkpoint/5b5t_sensitivity_sweep,param_45_rep_2,/project/theorie/n/N.Pfaffenzeller/results_project/checkpoint/5b5t_sensitivity_sweep/data/param_45_rep_2,10000,5.0e-6,1.0,0.1,100000,5000.0,0.8,25,0,0,0,0,0.0
/project/theorie/n/N.Pfaffenzeller/results_project/checkpoint/5b5t_sensitivity_sweep,param_45_rep_2,/project/theorie/n/N.Pfaffenzeller/results_project/checkpoint/5b5t_sensitivity_sweep/data/param_45_rep_2,10000,5.0e-6,1.0,0.1,100000,5000.0,0.9,25,0,0,0,0,0.0
/project/theorie/n/N.Pfaffenzeller/results_project/checkpoint/5b5t_sensitivity_sweep,param_45_rep_2,/project/theorie/n/N.Pfaffenzeller/results_project/checkpoint/5b5t_sensitivity_sweep/data/param_45_rep_2,10000,5.0e-6,1.0,0.1,100000,10000.0,0.8,25,0,0,0,0,0.0
/project/theorie/n/N.Pfaffenzeller/results_project/checkpoint/5b5t_sensitivity_sweep,param_45_rep_2,/project/theorie/n/N.Pfaffenzeller/results_project/checkpoint/5b5t_sensitivity_sweep/data/param_45_rep_2,10000,5.0e-6,1.0,0.1,100000,10000.0,0.9,25,0,0,0,0,0.0
/project/theorie/n/N.Pfaffenzeller/results_project/checkpoint/5b5t_sensitivity_sweep,param_45_rep_3,/project/theorie/n/N.Pfaffenzeller/results_project/checkpoint/5b5t_sensitivity_sweep/data/param_45_rep_3,10000,5.0e-6,1.0,0.1,100000,5000.0,0.8,25,0,0,0,0,0.0
/project/theorie/n/N.Pfaffenzeller/results_project/checkpoint/5b5t_sensitivity_sweep,param_45_rep_3,/project/theorie/n/N.Pfaffenzeller/results_project/checkpoint/5b5t_sensitivity_sweep/data/param_45_rep_3,10000,5.0e-6,1.0,0.1,100000,5000.0,0.9,25,0,0,0,0,0.0
/project/theorie/n/N.Pfaffenzeller/results_project/checkpoint/5b5t_sensitivity_sweep,param_45_rep_3,/project/theorie/n/N.Pfaffenzeller/results_project/checkpoint/5b5t_sensitivity_sweep/data/param_45_rep_3,10000,5.0e-6,1.0,0.1,100000,10000.0,0.8,25,0,0,0,0,0.0
/project/theorie/n/N.Pfaffenzeller/results_project/checkpoint/5b5t_sensitivity_sweep,param_45_rep_3,/project/theorie/n/N.Pfaffenzeller/results_project/checkpoint/5b5t_sensitivity_sweep/data/param_45_rep_3,10000,5.0e-6,1.0,0.1,100000,10000.0,0.9,25,0,0,0,0,0.0
/project/theorie/n/N.Pfaffenzeller/results_project/checkpoint/5b5t_sensitivity_sweep,param_45_rep_4,/project/theorie/n/N.Pfaffenzeller/results_project/checkpoint/5b5t_sensitivity_sweep/data/param_45_rep_4,10000,5.0e-6,1.0,0.1,100000,5000.0,0.8,25,0,0,0,0,0.0
/project/theorie/n/N.Pfaffenzeller/results_project/checkpoint/5b5t_sensitivity_sweep,param_45_rep_4,/project/theorie/n/N.Pfaffenzeller/results_project/checkpoint/5b5t_sensitivity_sweep/data/param_45_rep_4,10000,5.0e-6,1.0,0.1,100000,5000.0,0.9,25,0,0,0,0,0.0
/project/theorie/n/N.Pfaffenzeller/results_project/checkpoint/5b5t_sensitivity_sweep,param_45_rep_4,/project/theorie/n/N.Pfaffenzeller/results_project/checkpoint/5b5t_sensitivity_sweep/data/param_45_rep_4,10000,5.0e-6,1.0,0.1,100000,10000.0,0.8,25,0,0,0,0,0.0
/project/theorie/n/N.Pfaffenzeller/results_project/checkpoint/5b5t_sensitivity_sweep,param_45_rep_4,/project/theorie/n/N.Pfaffenzeller/results_project/checkpoint/5b5t_sensitivity_sweep/data/param_45_rep_4,10000,5.0e-6,1.0,0.1,100000,10000.0,0.9,25,0,0,0,0,0.0
/project/theorie/n/N.Pfaffenzeller/results_project/checkpoint/5b5t_sensitivity_sweep,param_45_rep_5,/project/theorie/n/N.Pfaffenzeller/results_project/checkpoint/5b5t_sensitivity_sweep/data/param_45_rep_5,10000,5.0e-6,1.0,0.1,100000,5000.0,0.8,25,0,0,0,0,0.0
/project/theorie/n/N.Pfaffenzeller/results_project/checkpoint/5b5t_sensitivity_sweep,param_45_rep_5,/project/theorie/n/N.Pfaffenzeller/results_project/checkpoint/5b5t_sensitivity_sweep/data/param_45_rep_5,10000,5.0e-6,1.0,0.1,100000,5000.0,0.9,25,0,0,0,0,0.0
/project/theorie/n/N.Pfaffenzeller/results_project/checkpoint/5b5t_sensitivity_sweep,param_45_rep_5,/project/theorie/n/N.Pfaffenzeller/results_project/checkpoint/5b5t_sensitivity_sweep/data/param_45_rep_5,10000,5.0e-6,1.0,0.1,100000,10000.0,0.8,25,0,0,0,0,0.0
/project/theorie/n/N.Pfaffenzeller/results_project/checkpoint/5b5t_sensitivity_sweep,param_45_rep_5,/project/theorie/n/N.Pfaffenzeller/results_project/checkpoint/5b5t_sensitivity_sweep/data/param_45_rep_5,10000,5.0e-6,1.0,0.1,100000,10000.0,0.9,25,0,0,0,0,0.0
/project/theorie/n/N.Pfaffenzeller/results_project/checkpoint/5b5t_sensitivity_sweep,param_46_rep_1,/project/theorie/n/N.Pfaffenzeller/results_project/checkpoint/5b5t_sensitivity_sweep/data/param_46_rep_1,10000,5.0e-6,1.0,1.0,100000,5000.0,0.8,25,0,0,0,0,0.0
/project/theorie/n/N.Pfaffenzeller/results_project/checkpoint/5b5t_sensitivity_sweep,param_46_rep_1,/project/theorie/n/N.Pfaffenzeller/results_project/checkpoint/5b5t_sensitivity_sweep/data/param_46_rep_1,10000,5.0e-6,1.0,1.0,100000,5000.0,0.9,25,0,0,0,0,0.0
/project/theorie/n/N.Pfaffenzeller/results_project/checkpoint/5b5t_sensitivity_sweep,param_46_rep_1,/project/theorie/n/N.Pfaffenzeller/results_project/checkpoint/5b5t_sensitivity_sweep/data/param_46_rep_1,10000,5.0e-6,1.0,1.0,100000,10000.0,0.8,25,0,0,0,0,0.0
/project/theorie/n/N.Pfaffenzeller/results_project/checkpoint/5b5t_sensitivity_sweep,param_46_rep_1,/project/theorie/n/N.Pfaffenzeller/results_project/checkpoint/5b5t_sensitivity_sweep/data/param_46_rep_1,10000,5.0e-6,1.0,1.0,100000,10000.0,0.9,25,0,0,0,0,0.0
/project/theorie/n/N.Pfaffenzeller/results_project/checkpoint/5b5t_sensitivity_sweep,param_46_rep_2,/project/theorie/n/N.Pfaffenzeller/results_project/checkpoint/5b5t_sensitivity_sweep/data/param_46_rep_2,10000,5.0e-6,1.0,1.0,100000,5000.0,0.8,25,0,0,0,0,0.0
/project/theorie/n/N.Pfaffenzeller/results_project/checkpoint/5b5t_sensitivity_sweep,param_46_rep_2,/project/theorie/n/N.Pfaffenzeller/results_project/checkpoint/5b5t_sensitivity_sweep/data/param_46_rep_2,10000,5.0e-6,1.0,1.0,100000,5000.0,0.9,25,0,0,0,0,0.0
/project/theorie/n/N.Pfaffenzeller/results_project/checkpoint/5b5t_sensitivity_sweep,param_46_rep_2,/project/theorie/n/N.Pfaffenzeller/results_project/checkpoint/5b5t_sensitivity_sweep/data/param_46_rep_2,10000,5.0e-6,1.0,1.0,100000,10000.0,0.8,25,0,0,0,0,0.0
/project/theorie/n/N.Pfaffenzeller/results_project/checkpoint/5b5t_sensitivity_sweep,param_46_rep_2,/project/theorie/n/N.Pfaffenzeller/results_project/checkpoint/5b5t_sensitivity_sweep/data/param_46_rep_2,10000,5.0e-6,1.0,1.0,100000,10000.0,0.9,25,0,0,0,0,0.0
/project/theorie/n/N.Pfaffenzeller/results_project/checkpoint/5b5t_sensitivity_sweep,param_46_rep_3,/project/theorie/n/N.Pfaffenzeller/results_project/checkpoint/5b5t_sensitivity_sweep/data/param_46_rep_3,10000,5.0e-6,1.0,1.0,100000,5000.0,0.8,25,0,0,0,0,0.0
/project/theorie/n/N.Pfaffenzeller/results_project/checkpoint/5b5t_sensitivity_sweep,param_46_rep_3,/project/theorie/n/N.Pfaffenzeller/results_project/checkpoint/5b5t_sensitivity_sweep/data/param_46_rep_3,10000,5.0e-6,1.0,1.0,100000,5000.0,0.9,25,0,0,0,0,0.0
/project/theorie/n/N.Pfaffenzeller/results_project/checkpoint/5b5t_sensitivity_sweep,param_46_rep_3,/project/theorie/n/N.Pfaffenzeller/results_project/checkpoint/5b5t_sensitivity_sweep/data/param_46_rep_3,10000,5.0e-6,1.0,1.0,100000,10000.0,0.8,25,0,0,0,0,0.0
/project/theorie/n/N.Pfaffenzeller/results_project/checkpoint/5b5t_sensitivity_sweep,param_46_rep_3,/project/theorie/n/N.Pfaffenzeller/results_project/checkpoint/5b5t_sensitivity_sweep/data/param_46_rep_3,10000,5.0e-6,1.0,1.0,100000,10000.0,0.9,25,0,0,0,0,0.0
/project/theorie/n/N.Pfaffenzeller/results_project/checkpoint/5b5t_sensitivity_sweep,param_46_rep_4,/project/theorie/n/N.Pfaffenzeller/results_project/checkpoint/5b5t_sensitivity_sweep/data/param_46_rep_4,10000,5.0e-6,1.0,1.0,100000,5000.0,0.8,25,0,0,0,0,0.0
/project/theorie/n/N.Pfaffenzeller/results_project/checkpoint/5b5t_sensitivity_sweep,param_46_rep_4,/project/theorie/n/N.Pfaffenzeller/results_project/checkpoint/5b5t_sensitivity_sweep/data/param_46_rep_4,10000,5.0e-6,1.0,1.0,100000,5000.0,0.9,25,0,0,0,0,0.0
/project/theorie/n/N.Pfaffenzeller/results_project/checkpoint/5b5t_sensitivity_sweep,param_46_rep_4,/project/theorie/n/N.Pfaffenzeller/results_project/checkpoint/5b5t_sensitivity_sweep/data/param_46_rep_4,10000,5.0e-6,1.0,1.0,100000,10000.0,0.8,25,0,0,0,0,0.0
/project/theorie/n/N.Pfaffenzeller/results_project/checkpoint/5b5t_sensitivity_sweep,param_46_rep_4,/project/theorie/n/N.Pfaffenzeller/results_project/checkpoint/5b5t_sensitivity_sweep/data/param_46_rep_4,10000,5.0e-6,1.0,1.0,100000,10000.0,0.9,25,0,0,0,0,0.0
/project/theorie/n/N.Pfaffenzeller/results_project/checkpoint/5b5t_sensitivity_sweep,param_46_rep_5,/project/theorie/n/N.Pfaffenzeller/results_project/checkpoint/5b5t_sensitivity_sweep/data/param_46_rep_5,10000,5.0e-6,1.0,1.0,100000,5000.0,0.8,25,0,0,0,0,0.0
/project/theorie/n/N.Pfaffenzeller/results_project/checkpoint/5b5t_sensitivity_sweep,param_46_rep_5,/project/theorie/n/N.Pfaffenzeller/results_project/checkpoint/5b5t_sensitivity_sweep/data/param_46_rep_5,10000,5.0e-6,1.0,1.0,100000,5000.0,0.9,25,0,0,0,0,0.0
/project/theorie/n/N.Pfaffenzeller/results_project/checkpoint/5b5t_sensitivity_sweep,param_46_rep_5,/project/theorie/n/N.Pfaffenzeller/results_project/checkpoint/5b5t_sensitivity_sweep/data/param_46_rep_5,10000,5.0e-6,1.0,1.0,100000,10000.0,0.8,25,0,0,0,0,0.0
/project/theorie/n/N.Pfaffenzeller/results_project/checkpoint/5b5t_sensitivity_sweep,param_46_rep_5,/project/theorie/n/N.Pfaffenzeller/results_project/checkpoint/5b5t_sensitivity_sweep/data/param_46_rep_5,10000,5.0e-6,1.0,1.0,100000,10000.0,0.9,25,0,0,0,0,0.0
/project/theorie/n/N.Pfaffenzeller/results_project/checkpoint/5b5t_sensitivity_sweep,param_47_rep_1,/project/theorie/n/N.Pfaffenzeller/results_project/checkpoint/5b5t_sensitivity_sweep/data/param_47_rep_1,10000,5.0e-6,1.0,10.0,100000,5000.0,0.8,25,0,5,5,5,1.0
/project/theorie/n/N.Pfaffenzeller/results_project/checkpoint/5b5t_sensitivity_sweep,param_47_rep_1,/project/theorie/n/N.Pfaffenzeller/results_project/checkpoint/5b5t_sensitivity_sweep/data/param_47_rep_1,10000,5.0e-6,1.0,10.0,100000,5000.0,0.9,25,0,0,0,0,0.0
/project/theorie/n/N.Pfaffenzeller/results_project/checkpoint/5b5t_sensitivity_sweep,param_47_rep_1,/project/theorie/n/N.Pfaffenzeller/results_project/checkpoint/5b5t_sensitivity_sweep/data/param_47_rep_1,10000,5.0e-6,1.0,10.0,100000,10000.0,0.8,25,0,0,0,0,0.0
/project/theorie/n/N.Pfaffenzeller/results_project/checkpoint/5b5t_sensitivity_sweep,param_47_rep_1,/project/theorie/n/N.Pfaffenzeller/results_project/checkpoint/5b5t_sensitivity_sweep/data/param_47_rep_1,10000,5.0e-6,1.0,10.0,100000,10000.0,0.9,25,0,0,0,0,0.0
/project/theorie/n/N.Pfaffenzeller/results_project/checkpoint/5b5t_sensitivity_sweep,param_47_rep_2,/project/theorie/n/N.Pfaffenzeller/results_project/checkpoint/5b5t_sensitivity_sweep/data/param_47_rep_2,10000,5.0e-6,1.0,10.0,100000,5000.0,0.8,25,0,5,5,5,1.0
/project/theorie/n/N.Pfaffenzeller/results_project/checkpoint/5b5t_sensitivity_sweep,param_47_rep_2,/project/theorie/n/N.Pfaffenzeller/results_project/checkpoint/5b5t_sensitivity_sweep/data/param_47_rep_2,10000,5.0e-6,1.0,10.0,100000,5000.0,0.9,25,0,0,0,0,0.0
/project/theorie/n/N.Pfaffenzeller/results_project/checkpoint/5b5t_sensitivity_sweep,param_47_rep_2,/project/theorie/n/N.Pfaffenzeller/results_project/checkpoint/5b5t_sensitivity_sweep/data/param_47_rep_2,10000,5.0e-6,1.0,10.0,100000,10000.0,0.8,25,0,2,2,2,0.4
/project/theorie/n/N.Pfaffenzeller/results_project/checkpoint/5b5t_sensitivity_sweep,param_47_rep_2,/project/theorie/n/N.Pfaffenzeller/results_project/checkpoint/5b5t_sensitivity_sweep/data/param_47_rep_2,10000,5.0e-6,1.0,10.0,100000,10000.0,0.9,25,0,0,0,0,0.0
/project/theorie/n/N.Pfaffenzeller/results_project/checkpoint/5b5t_sensitivity_sweep,param_47_rep_3,/project/theorie/n/N.Pfaffenzeller/results_project/checkpoint/5b5t_sensitivity_sweep/data/param_47_rep_3,10000,5.0e-6,1.0,10.0,100000,5000.0,0.8,25,0,3,3,3,0.6
/project/theorie/n/N.Pfaffenzeller/results_project/checkpoint/5b5t_sensitivity_sweep,param_47_rep_3,/project/theorie/n/N.Pfaffenzeller/results_project/checkpoint/5b5t_sensitivity_sweep/data/param_47_rep_3,10000,5.0e-6,1.0,10.0,100000,5000.0,0.9,25,0,1,1,1,0.2
/project/theorie/n/N.Pfaffenzeller/results_project/checkpoint/5b5t_sensitivity_sweep,param_47_rep_3,/project/theorie/n/N.Pfaffenzeller/results_project/checkpoint/5b5t_sensitivity_sweep/data/param_47_rep_3,10000,5.0e-6,1.0,10.0,100000,10000.0,0.8,25,0,1,1,1,0.2
/project/theorie/n/N.Pfaffenzeller/results_project/checkpoint/5b5t_sensitivity_sweep,param_47_rep_3,/project/theorie/n/N.Pfaffenzeller/results_project/checkpoint/5b5t_sensitivity_sweep/data/param_47_rep_3,10000,5.0e-6,1.0,10.0,100000,10000.0,0.9,25,0,0,0,0,0.0
/project/theorie/n/N.Pfaffenzeller/results_project/checkpoint/5b5t_sensitivity_sweep,param_47_rep_4,/project/theorie/n/N.Pfaffenzeller/results_project/checkpoint/5b5t_sensitivity_sweep/data/param_47_rep_4,10000,5.0e-6,1.0,10.0,100000,5000.0,0.8,25,0,4,4,4,0.8
/project/theorie/n/N.Pfaffenzeller/results_project/checkpoint/5b5t_sensitivity_sweep,param_47_rep_4,/project/theorie/n/N.Pfaffenzeller/results_project/checkpoint/5b5t_sensitivity_sweep/data/param_47_rep_4,10000,5.0e-6,1.0,10.0,100000,5000.0,0.9,25,0,1,1,1,0.2
/project/theorie/n/N.Pfaffenzeller/results_project/checkpoint/5b5t_sensitivity_sweep,param_47_rep_4,/project/theorie/n/N.Pfaffenzeller/results_project/checkpoint/5b5t_sensitivity_sweep/data/param_47_rep_4,10000,5.0e-6,1.0,10.0,100000,10000.0,0.8,25,0,1,1,1,0.2
/project/theorie/n/N.Pfaffenzeller/results_project/checkpoint/5b5t_sensitivity_sweep,param_47_rep_4,/project/theorie/n/N.Pfaffenzeller/results_project/checkpoint/5b5t_sensitivity_sweep/data/param_47_rep_4,10000,5.0e-6,1.0,10.0,100000,10000.0,0.9,25,0,0,0,0,0.0
/project/theorie/n/N.Pfaffenzeller/results_project/checkpoint/5b5t_sensitivity_sweep,param_47_rep_5,/project/theorie/n/N.Pfaffenzeller/results_project/checkpoint/5b5t_sensitivity_sweep/data/param_47_rep_5,10000,5.0e-6,1.0,10.0,100000,5000.0,0.8,25,0,3,3,3,0.6
/project/theorie/n/N.Pfaffenzeller/results_project/checkpoint/5b5t_sensitivity_sweep,param_47_rep_5,/project/theorie/n/N.Pfaffenzeller/results_project/checkpoint/5b5t_sensitivity_sweep/data/param_47_rep_5,10000,5.0e-6,1.0,10.0,100000,5000.0,0.9,25,0,0,0,0,0.0
/project/theorie/n/N.Pfaffenzeller/results_project/checkpoint/5b5t_sensitivity_sweep,param_47_rep_5,/project/theorie/n/N.Pfaffenzeller/results_project/checkpoint/5b5t_sensitivity_sweep/data/param_47_rep_5,10000,5.0e-6,1.0,10.0,100000,10000.0,0.8,25,0,1,1,1,0.2
/project/theorie/n/N.Pfaffenzeller/results_project/checkpoint/5b5t_sensitivity_sweep,param_47_rep_5,/project/theorie/n/N.Pfaffenzeller/results_project/checkpoint/5b5t_sensitivity_sweep/data/param_47_rep_5,10000,5.0e-6,1.0,10.0,100000,10000.0,0.9,25,0,0,0,0,0.0
/project/theorie/n/N.Pfaffenzeller/results_project/checkpoint/5b5t_sensitivity_sweep,param_48_rep_1,/project/theorie/n/N.Pfaffenzeller/results_project/checkpoint/5b5t_sensitivity_sweep/data/param_48_rep_1,10000,5.0e-6,1.0,100.0,100000,5000.0,0.8,25,0,5,5,5,1.0
/project/theorie/n/N.Pfaffenzeller/results_project/checkpoint/5b5t_sensitivity_sweep,param_48_rep_1,/project/theorie/n/N.Pfaffenzeller/results_project/checkpoint/5b5t_sensitivity_sweep/data/param_48_rep_1,10000,5.0e-6,1.0,100.0,100000,5000.0,0.9,25,0,4,4,4,0.8
/project/theorie/n/N.Pfaffenzeller/results_project/checkpoint/5b5t_sensitivity_sweep,param_48_rep_1,/project/theorie/n/N.Pfaffenzeller/results_project/checkpoint/5b5t_sensitivity_sweep/data/param_48_rep_1,10000,5.0e-6,1.0,100.0,100000,10000.0,0.8,25,0,5,5,5,1.0
/project/theorie/n/N.Pfaffenzeller/results_project/checkpoint/5b5t_sensitivity_sweep,param_48_rep_1,/project/theorie/n/N.Pfaffenzeller/results_project/checkpoint/5b5t_sensitivity_sweep/data/param_48_rep_1,10000,5.0e-6,1.0,100.0,100000,10000.0,0.9,25,0,4,4,4,0.8
/project/theorie/n/N.Pfaffenzeller/results_project/checkpoint/5b5t_sensitivity_sweep,param_48_rep_2,/project/theorie/n/N.Pfaffenzeller/results_project/checkpoint/5b5t_sensitivity_sweep/data/param_48_rep_2,10000,5.0e-6,1.0,100.0,100000,5000.0,0.8,25,0,5,5,5,1.0
/project/theorie/n/N.Pfaffenzeller/results_project/checkpoint/5b5t_sensitivity_sweep,param_48_rep_2,/project/theorie/n/N.Pfaffenzeller/results_project/checkpoint/5b5t_sensitivity_sweep/data/param_48_rep_2,10000,5.0e-6,1.0,100.0,100000,5000.0,0.9,25,0,5,5,5,1.0
/project/theorie/n/N.Pfaffenzeller/results_project/checkpoint/5b5t_sensitivity_sweep,param_48_rep_2,/project/theorie/n/N.Pfaffenzeller/results_project/checkpoint/5b5t_sensitivity_sweep/data/param_48_rep_2,10000,5.0e-6,1.0,100.0,100000,10000.0,0.8,25,0,5,5,5,1.0
/project/theorie/n/N.Pfaffenzeller/results_project/checkpoint/5b5t_sensitivity_sweep,param_48_rep_2,/project/theorie/n/N.Pfaffenzeller/results_project/checkpoint/5b5t_sensitivity_sweep/data/param_48_rep_2,10000,5.0e-6,1.0,100.0,100000,10000.0,0.9,25,0,5,5,5,1.0
/project/theorie/n/N.Pfaffenzeller/results_project/checkpoint/5b5t_sensitivity_sweep,param_48_rep_3,/project/theorie/n/N.Pfaffenzeller/results_project/checkpoint/5b5t_sensitivity_sweep/data/param_48_rep_3,10000,5.0e-6,1.0,100.0,100000,5000.0,0.8,25,0,5,5,5,1.0
/project/theorie/n/N.Pfaffenzeller/results_project/checkpoint/5b5t_sensitivity_sweep,param_48_rep_3,/project/theorie/n/N.Pfaffenzeller/results_project/checkpoint/5b5t_sensitivity_sweep/data/param_48_rep_3,10000,5.0e-6,1.0,100.0,100000,5000.0,0.9,25,0,5,5,5,1.0
/project/theorie/n/N.Pfaffenzeller/results_project/checkpoint/5b5t_sensitivity_sweep,param_48_rep_3,/project/theorie/n/N.Pfaffenzeller/results_project/checkpoint/5b5t_sensitivity_sweep/data/param_48_rep_3,10000,5.0e-6,1.0,100.0,100000,10000.0,0.8,25,0,5,5,5,1.0
/project/theorie/n/N.Pfaffenzeller/results_project/checkpoint/5b5t_sensitivity_sweep,param_48_rep_3,/project/theorie/n/N.Pfaffenzeller/results_project/checkpoint/5b5t_sensitivity_sweep/data/param_48_rep_3,10000,5.0e-6,1.0,100.0,100000,10000.0,0.9,25,0,5,5,5,1.0
/project/theorie/n/N.Pfaffenzeller/results_project/checkpoint/5b5t_sensitivity_sweep,param_48_rep_4,/project/theorie/n/N.Pfaffenzeller/results_project/checkpoint/5b5t_sensitivity_sweep/data/param_48_rep_4,10000,5.0e-6,1.0,100.0,100000,5000.0,0.8,25,0,5,5,5,1.0
/project/theorie/n/N.Pfaffenzeller/results_project/checkpoint/5b5t_sensitivity_sweep,param_48_rep_4,/project/theorie/n/N.Pfaffenzeller/results_project/checkpoint/5b5t_sensitivity_sweep/data/param_48_rep_4,10000,5.0e-6,1.0,100.0,100000,5000.0,0.9,25,0,5,5,5,1.0
/project/theorie/n/N.Pfaffenzeller/results_project/checkpoint/5b5t_sensitivity_sweep,param_48_rep_4,/project/theorie/n/N.Pfaffenzeller/results_project/checkpoint/5b5t_sensitivity_sweep/data/param_48_rep_4,10000,5.0e-6,1.0,100.0,100000,10000.0,0.8,25,0,5,5,5,1.0
/project/theorie/n/N.Pfaffenzeller/results_project/checkpoint/5b5t_sensitivity_sweep,param_48_rep_4,/project/theorie/n/N.Pfaffenzeller/results_project/checkpoint/5b5t_sensitivity_sweep/data/param_48_rep_4,10000,5.0e-6,1.0,100.0,100000,10000.0,0.9,25,0,5,5,5,1.0
/project/theorie/n/N.Pfaffenzeller/results_project/checkpoint/5b5t_sensitivity_sweep,param_48_rep_5,/project/theorie/n/N.Pfaffenzeller/results_project/checkpoint/5b5t_sensitivity_sweep/data/param_48_rep_5,10000,5.0e-6,1.0,100.0,100000,5000.0,0.8,25,0,5,5,5,1.0
/project/theorie/n/N.Pfaffenzeller/results_project/checkpoint/5b5t_sensitivity_sweep,param_48_rep_5,/project/theorie/n/N.Pfaffenzeller/results_project/checkpoint/5b5t_sensitivity_sweep/data/param_48_rep_5,10000,5.0e-6,1.0,100.0,100000,5000.0,0.9,25,0,5,5,5,1.0
/project/theorie/n/N.Pfaffenzeller/results_project/checkpoint/5b5t_sensitivity_sweep,param_48_rep_5,/project/theorie/n/N.Pfaffenzeller/results_project/checkpoint/5b5t_sensitivity_sweep/data/param_48_rep_5,10000,5.0e-6,1.0,100.0,100000,10000.0,0.8,25,0,5,5,5,1.0
/project/theorie/n/N.Pfaffenzeller/results_project/checkpoint/5b5t_sensitivity_sweep,param_48_rep_5,/project/theorie/n/N.Pfaffenzeller/results_project/checkpoint/5b5t_sensitivity_sweep/data/param_48_rep_5,10000,5.0e-6,1.0,100.0,100000,10000.0,0.9,25,0,5,5,5,1.0
/project/theorie/n/N.Pfaffenzeller/results_project/checkpoint/5b5t_sensitivity_sweep,param_49_rep_1,/project/theorie/n/N.Pfaffenzeller/results_project/checkpoint/5b5t_sensitivity_sweep/data/param_49_rep_1,10000,5.0e-6,10.0,0.1,1,5000.0,0.8,25,0,0,0,0,0.0
/project/theorie/n/N.Pfaffenzeller/results_project/checkpoint/5b5t_sensitivity_sweep,param_49_rep_1,/project/theorie/n/N.Pfaffenzeller/results_project/checkpoint/5b5t_sensitivity_sweep/data/param_49_rep_1,10000,5.0e-6,10.0,0.1,1,5000.0,0.9,25,0,0,0,0,0.0
/project/theorie/n/N.Pfaffenzeller/results_project/checkpoint/5b5t_sensitivity_sweep,param_49_rep_1,/project/theorie/n/N.Pfaffenzeller/results_project/checkpoint/5b5t_sensitivity_sweep/data/param_49_rep_1,10000,5.0e-6,10.0,0.1,1,10000.0,0.8,25,0,0,0,0,0.0
/project/theorie/n/N.Pfaffenzeller/results_project/checkpoint/5b5t_sensitivity_sweep,param_49_rep_1,/project/theorie/n/N.Pfaffenzeller/results_project/checkpoint/5b5t_sensitivity_sweep/data/param_49_rep_1,10000,5.0e-6,10.0,0.1,1,10000.0,0.9,25,0,0,0,0,0.0
/project/theorie/n/N.Pfaffenzeller/results_project/checkpoint/5b5t_sensitivity_sweep,param_49_rep_2,/project/theorie/n/N.Pfaffenzeller/results_project/checkpoint/5b5t_sensitivity_sweep/data/param_49_rep_2,10000,5.0e-6,10.0,0.1,1,5000.0,0.8,25,0,0,0,0,0.0
/project/theorie/n/N.Pfaffenzeller/results_project/checkpoint/5b5t_sensitivity_sweep,param_49_rep_2,/project/theorie/n/N.Pfaffenzeller/results_project/checkpoint/5b5t_sensitivity_sweep/data/param_49_rep_2,10000,5.0e-6,10.0,0.1,1,5000.0,0.9,25,0,0,0,0,0.0
/project/theorie/n/N.Pfaffenzeller/results_project/checkpoint/5b5t_sensitivity_sweep,param_49_rep_2,/project/theorie/n/N.Pfaffenzeller/results_project/checkpoint/5b5t_sensitivity_sweep/data/param_49_rep_2,10000,5.0e-6,10.0,0.1,1,10000.0,0.8,25,0,0,0,0,0.0
/project/theorie/n/N.Pfaffenzeller/results_project/checkpoint/5b5t_sensitivity_sweep,param_49_rep_2,/project/theorie/n/N.Pfaffenzeller/results_project/checkpoint/5b5t_sensitivity_sweep/data/param_49_rep_2,10000,5.0e-6,10.0,0.1,1,10000.0,0.9,25,0,0,0,0,0.0
/project/theorie/n/N.Pfaffenzeller/results_project/checkpoint/5b5t_sensitivity_sweep,param_49_rep_3,/project/theorie/n/N.Pfaffenzeller/results_project/checkpoint/5b5t_sensitivity_sweep/data/param_49_rep_3,10000,5.0e-6,10.0,0.1,1,5000.0,0.8,25,0,0,0,0,0.0
/project/theorie/n/N.Pfaffenzeller/results_project/checkpoint/5b5t_sensitivity_sweep,param_49_rep_3,/project/theorie/n/N.Pfaffenzeller/results_project/checkpoint/5b5t_sensitivity_sweep/data/param_49_rep_3,10000,5.0e-6,10.0,0.1,1,5000.0,0.9,25,0,0,0,0,0.0
/project/theorie/n/N.Pfaffenzeller/results_project/checkpoint/5b5t_sensitivity_sweep,param_49_rep_3,/project/theorie/n/N.Pfaffenzeller/results_project/checkpoint/5b5t_sensitivity_sweep/data/param_49_rep_3,10000,5.0e-6,10.0,0.1,1,10000.0,0.8,25,0,0,0,0,0.0
/project/theorie/n/N.Pfaffenzeller/results_project/checkpoint/5b5t_sensitivity_sweep,param_49_rep_3,/project/theorie/n/N.Pfaffenzeller/results_project/checkpoint/5b5t_sensitivity_sweep/data/param_49_rep_3,10000,5.0e-6,10.0,0.1,1,10000.0,0.9,25,0,0,0,0,0.0
/project/theorie/n/N.Pfaffenzeller/results_project/checkpoint/5b5t_sensitivity_sweep,param_49_rep_4,/project/theorie/n/N.Pfaffenzeller/results_project/checkpoint/5b5t_sensitivity_sweep/data/param_49_rep_4,10000,5.0e-6,10.0,0.1,1,5000.0,0.8,25,0,0,0,0,0.0
/project/theorie/n/N.Pfaffenzeller/results_project/checkpoint/5b5t_sensitivity_sweep,param_49_rep_4,/project/theorie/n/N.Pfaffenzeller/results_project/checkpoint/5b5t_sensitivity_sweep/data/param_49_rep_4,10000,5.0e-6,10.0,0.1,1,5000.0,0.9,25,0,0,0,0,0.0
/project/theorie/n/N.Pfaffenzeller/results_project/checkpoint/5b5t_sensitivity_sweep,param_49_rep_4,/project/theorie/n/N.Pfaffenzeller/results_project/checkpoint/5b5t_sensitivity_sweep/data/param_49_rep_4,10000,5.0e-6,10.0,0.1,1,10000.0,0.8,25,0,0,0,0,0.0
/project/theorie/n/N.Pfaffenzeller/results_project/checkpoint/5b5t_sensitivity_sweep,param_49_rep_4,/project/theorie/n/N.Pfaffenzeller/results_project/checkpoint/5b5t_sensitivity_sweep/data/param_49_rep_4,10000,5.0e-6,10.0,0.1,1,10000.0,0.9,25,0,0,0,0,0.0
/project/theorie/n/N.Pfaffenzeller/results_project/checkpoint/5b5t_sensitivity_sweep,param_49_rep_5,/project/theorie/n/N.Pfaffenzeller/results_project/checkpoint/5b5t_sensitivity_sweep/data/param_49_rep_5,10000,5.0e-6,10.0,0.1,1,5000.0,0.8,25,0,0,0,0,0.0
/project/theorie/n/N.Pfaffenzeller/results_project/checkpoint/5b5t_sensitivity_sweep,param_49_rep_5,/project/theorie/n/N.Pfaffenzeller/results_project/checkpoint/5b5t_sensitivity_sweep/data/param_49_rep_5,10000,5.0e-6,10.0,0.1,1,5000.0,0.9,25,0,0,0,0,0.0
/project/theorie/n/N.Pfaffenzeller/results_project/checkpoint/5b5t_sensitivity_sweep,param_49_rep_5,/project/theorie/n/N.Pfaffenzeller/results_project/checkpoint/5b5t_sensitivity_sweep/data/param_49_rep_5,10000,5.0e-6,10.0,0.1,1,10000.0,0.8,25,0,0,0,0,0.0
/project/theorie/n/N.Pfaffenzeller/results_project/checkpoint/5b5t_sensitivity_sweep,param_49_rep_5,/project/theorie/n/N.Pfaffenzeller/results_project/checkpoint/5b5t_sensitivity_sweep/data/param_49_rep_5,10000,5.0e-6,10.0,0.1,1,10000.0,0.9,25,0,0,0,0,0.0
/project/theorie/n/N.Pfaffenzeller/results_project/checkpoint/5b5t_sensitivity_sweep,param_4_rep_1,/project/theorie/n/N.Pfaffenzeller/results_project/checkpoint/5b5t_sensitivity_sweep/data/param_4_rep_1,10000,5.0e-6,0.1,100.0,1,5000.0,0.8,25,0,2,2,2,0.4
/project/theorie/n/N.Pfaffenzeller/results_project/checkpoint/5b5t_sensitivity_sweep,param_4_rep_1,/project/theorie/n/N.Pfaffenzeller/results_project/checkpoint/5b5t_sensitivity_sweep/data/param_4_rep_1,10000,5.0e-6,0.1,100.0,1,5000.0,0.9,25,0,0,0,0,0.0
/project/theorie/n/N.Pfaffenzeller/results_project/checkpoint/5b5t_sensitivity_sweep,param_4_rep_1,/project/theorie/n/N.Pfaffenzeller/results_project/checkpoint/5b5t_sensitivity_sweep/data/param_4_rep_1,10000,5.0e-6,0.1,100.0,1,10000.0,0.8,25,0,1,1,1,0.2
/project/theorie/n/N.Pfaffenzeller/results_project/checkpoint/5b5t_sensitivity_sweep,param_4_rep_1,/project/theorie/n/N.Pfaffenzeller/results_project/checkpoint/5b5t_sensitivity_sweep/data/param_4_rep_1,10000,5.0e-6,0.1,100.0,1,10000.0,0.9,25,0,0,0,0,0.0
/project/theorie/n/N.Pfaffenzeller/results_project/checkpoint/5b5t_sensitivity_sweep,param_4_rep_2,/project/theorie/n/N.Pfaffenzeller/results_project/checkpoint/5b5t_sensitivity_sweep/data/param_4_rep_2,10000,5.0e-6,0.1,100.0,1,5000.0,0.8,25,0,1,1,1,0.2
/project/theorie/n/N.Pfaffenzeller/results_project/checkpoint/5b5t_sensitivity_sweep,param_4_rep_2,/project/theorie/n/N.Pfaffenzeller/results_project/checkpoint/5b5t_sensitivity_sweep/data/param_4_rep_2,10000,5.0e-6,0.1,100.0,1,5000.0,0.9,25,0,0,0,0,0.0
/project/theorie/n/N.Pfaffenzeller/results_project/checkpoint/5b5t_sensitivity_sweep,param_4_rep_2,/project/theorie/n/N.Pfaffenzeller/results_project/checkpoint/5b5t_sensitivity_sweep/data/param_4_rep_2,10000,5.0e-6,0.1,100.0,1,10000.0,0.8,25,0,2,1,1,0.6
/project/theorie/n/N.Pfaffenzeller/results_project/checkpoint/5b5t_sensitivity_sweep,param_4_rep_2,/project/theorie/n/N.Pfaffenzeller/results_project/checkpoint/5b5t_sensitivity_sweep/data/param_4_rep_2,10000,5.0e-6,0.1,100.0,1,10000.0,0.9,25,0,0,0,0,0.0
/project/theorie/n/N.Pfaffenzeller/results_project/checkpoint/5b5t_sensitivity_sweep,param_4_rep_3,/project/theorie/n/N.Pfaffenzeller/results_project/checkpoint/5b5t_sensitivity_sweep/data/param_4_rep_3,10000,5.0e-6,0.1,100.0,1,5000.0,0.8,25,0,1,1,1,0.2
/project/theorie/n/N.Pfaffenzeller/results_project/checkpoint/5b5t_sensitivity_sweep,param_4_rep_3,/project/theorie/n/N.Pfaffenzeller/results_project/checkpoint/5b5t_sensitivity_sweep/data/param_4_rep_3,10000,5.0e-6,0.1,100.0,1,5000.0,0.9,25,0,0,0,0,0.0
/project/theorie/n/N.Pfaffenzeller/results_project/checkpoint/5b5t_sensitivity_sweep,param_4_rep_3,/project/theorie/n/N.Pfaffenzeller/results_project/checkpoint/5b5t_sensitivity_sweep/data/param_4_rep_3,10000,5.0e-6,0.1,100.0,1,10000.0,0.8,25,0,2,2,2,0.4
/project/theorie/n/N.Pfaffenzeller/results_project/checkpoint/5b5t_sensitivity_sweep,param_4_rep_3,/project/theorie/n/N.Pfaffenzeller/results_project/checkpoint/5b5t_sensitivity_sweep/data/param_4_rep_3,10000,5.0e-6,0.1,100.0,1,10000.0,0.9,25,0,1,1,1,0.2
/project/theorie/n/N.Pfaffenzeller/results_project/checkpoint/5b5t_sensitivity_sweep,param_4_rep_4,/project/theorie/n/N.Pfaffenzeller/results_project/checkpoint/5b5t_sensitivity_sweep/data/param_4_rep_4,10000,5.0e-6,0.1,100.0,1,5000.0,0.8,25,0,2,2,2,0.4
/project/theorie/n/N.Pfaffenzeller/results_project/checkpoint/5b5t_sensitivity_sweep,param_4_rep_4,/project/theorie/n/N.Pfaffenzeller/results_project/checkpoint/5b5t_sensitivity_sweep/data/param_4_rep_4,10000,5.0e-6,0.1,100.0,1,5000.0,0.9,25,0,1,1,1,0.2
/project/theorie/n/N.Pfaffenzeller/results_project/checkpoint/5b5t_sensitivity_sweep,param_4_rep_4,/project/theorie/n/N.Pfaffenzeller/results_project/checkpoint/5b5t_sensitivity_sweep/data/param_4_rep_4,10000,5.0e-6,0.1,100.0,1,10000.0,0.8,25,0,1,1,1,0.2
/project/theorie/n/N.Pfaffenzeller/results_project/checkpoint/5b5t_sensitivity_sweep,param_4_rep_4,/project/theorie/n/N.Pfaffenzeller/results_project/checkpoint/5b5t_sensitivity_sweep/data/param_4_rep_4,10000,5.0e-6,0.1,100.0,1,10000.0,0.9,25,0,1,1,1,0.2
/project/theorie/n/N.Pfaffenzeller/results_project/checkpoint/5b5t_sensitivity_sweep,param_4_rep_5,/project/theorie/n/N.Pfaffenzeller/results_project/checkpoint/5b5t_sensitivity_sweep/data/param_4_rep_5,10000,5.0e-6,0.1,100.0,1,5000.0,0.8,25,0,2,2,2,0.4
/project/theorie/n/N.Pfaffenzeller/results_project/checkpoint/5b5t_sensitivity_sweep,param_4_rep_5,/project/theorie/n/N.Pfaffenzeller/results_project/checkpoint/5b5t_sensitivity_sweep/data/param_4_rep_5,10000,5.0e-6,0.1,100.0,1,5000.0,0.9,25,0,1,1,1,0.2
/project/theorie/n/N.Pfaffenzeller/results_project/checkpoint/5b5t_sensitivity_sweep,param_4_rep_5,/project/theorie/n/N.Pfaffenzeller/results_project/checkpoint/5b5t_sensitivity_sweep/data/param_4_rep_5,10000,5.0e-6,0.1,100.0,1,10000.0,0.8,25,0,0,0,0,0.0
/project/theorie/n/N.Pfaffenzeller/results_project/checkpoint/5b5t_sensitivity_sweep,param_4_rep_5,/project/theorie/n/N.Pfaffenzeller/results_project/checkpoint/5b5t_sensitivity_sweep/data/param_4_rep_5,10000,5.0e-6,0.1,100.0,1,10000.0,0.9,25,0,0,0,0,0.0
/project/theorie/n/N.Pfaffenzeller/results_project/checkpoint/5b5t_sensitivity_sweep,param_50_rep_1,/project/theorie/n/N.Pfaffenzeller/results_project/checkpoint/5b5t_sensitivity_sweep/data/param_50_rep_1,10000,5.0e-6,10.0,1.0,1,5000.0,0.8,25,0,0,0,0,0.0
/project/theorie/n/N.Pfaffenzeller/results_project/checkpoint/5b5t_sensitivity_sweep,param_50_rep_1,/project/theorie/n/N.Pfaffenzeller/results_project/checkpoint/5b5t_sensitivity_sweep/data/param_50_rep_1,10000,5.0e-6,10.0,1.0,1,5000.0,0.9,25,0,0,0,0,0.0
/project/theorie/n/N.Pfaffenzeller/results_project/checkpoint/5b5t_sensitivity_sweep,param_50_rep_1,/project/theorie/n/N.Pfaffenzeller/results_project/checkpoint/5b5t_sensitivity_sweep/data/param_50_rep_1,10000,5.0e-6,10.0,1.0,1,10000.0,0.8,25,0,0,0,0,0.0
/project/theorie/n/N.Pfaffenzeller/results_project/checkpoint/5b5t_sensitivity_sweep,param_50_rep_1,/project/theorie/n/N.Pfaffenzeller/results_project/checkpoint/5b5t_sensitivity_sweep/data/param_50_rep_1,10000,5.0e-6,10.0,1.0,1,10000.0,0.9,25,0,0,0,0,0.0
/project/theorie/n/N.Pfaffenzeller/results_project/checkpoint/5b5t_sensitivity_sweep,param_50_rep_2,/project/theorie/n/N.Pfaffenzeller/results_project/checkpoint/5b5t_sensitivity_sweep/data/param_50_rep_2,10000,5.0e-6,10.0,1.0,1,5000.0,0.8,25,0,0,0,0,0.0
/project/theorie/n/N.Pfaffenzeller/results_project/checkpoint/5b5t_sensitivity_sweep,param_50_rep_2,/project/theorie/n/N.Pfaffenzeller/results_project/checkpoint/5b5t_sensitivity_sweep/data/param_50_rep_2,10000,5.0e-6,10.0,1.0,1,5000.0,0.9,25,0,0,0,0,0.0
/project/theorie/n/N.Pfaffenzeller/results_project/checkpoint/5b5t_sensitivity_sweep,param_50_rep_2,/project/theorie/n/N.Pfaffenzeller/results_project/checkpoint/5b5t_sensitivity_sweep/data/param_50_rep_2,10000,5.0e-6,10.0,1.0,1,10000.0,0.8,25,0,0,0,0,0.0
/project/theorie/n/N.Pfaffenzeller/results_project/checkpoint/5b5t_sensitivity_sweep,param_50_rep_2,/project/theorie/n/N.Pfaffenzeller/results_project/checkpoint/5b5t_sensitivity_sweep/data/param_50_rep_2,10000,5.0e-6,10.0,1.0,1,10000.0,0.9,25,0,0,0,0,0.0
/project/theorie/n/N.Pfaffenzeller/results_project/checkpoint/5b5t_sensitivity_sweep,param_50_rep_3,/project/theorie/n/N.Pfaffenzeller/results_project/checkpoint/5b5t_sensitivity_sweep/data/param_50_rep_3,10000,5.0e-6,10.0,1.0,1,5000.0,0.8,25,0,0,0,0,0.0
/project/theorie/n/N.Pfaffenzeller/results_project/checkpoint/5b5t_sensitivity_sweep,param_50_rep_3,/project/theorie/n/N.Pfaffenzeller/results_project/checkpoint/5b5t_sensitivity_sweep/data/param_50_rep_3,10000,5.0e-6,10.0,1.0,1,5000.0,0.9,25,0,0,0,0,0.0
/project/theorie/n/N.Pfaffenzeller/results_project/checkpoint/5b5t_sensitivity_sweep,param_50_rep_3,/project/theorie/n/N.Pfaffenzeller/results_project/checkpoint/5b5t_sensitivity_sweep/data/param_50_rep_3,10000,5.0e-6,10.0,1.0,1,10000.0,0.8,25,0,0,0,0,0.0
/project/theorie/n/N.Pfaffenzeller/results_project/checkpoint/5b5t_sensitivity_sweep,param_50_rep_3,/project/theorie/n/N.Pfaffenzeller/results_project/checkpoint/5b5t_sensitivity_sweep/data/param_50_rep_3,10000,5.0e-6,10.0,1.0,1,10000.0,0.9,25,0,0,0,0,0.0
/project/theorie/n/N.Pfaffenzeller/results_project/checkpoint/5b5t_sensitivity_sweep,param_50_rep_4,/project/theorie/n/N.Pfaffenzeller/results_project/checkpoint/5b5t_sensitivity_sweep/data/param_50_rep_4,10000,5.0e-6,10.0,1.0,1,5000.0,0.8,25,0,0,0,0,0.0
/project/theorie/n/N.Pfaffenzeller/results_project/checkpoint/5b5t_sensitivity_sweep,param_50_rep_4,/project/theorie/n/N.Pfaffenzeller/results_project/checkpoint/5b5t_sensitivity_sweep/data/param_50_rep_4,10000,5.0e-6,10.0,1.0,1,5000.0,0.9,25,0,0,0,0,0.0
/project/theorie/n/N.Pfaffenzeller/results_project/checkpoint/5b5t_sensitivity_sweep,param_50_rep_4,/project/theorie/n/N.Pfaffenzeller/results_project/checkpoint/5b5t_sensitivity_sweep/data/param_50_rep_4,10000,5.0e-6,10.0,1.0,1,10000.0,0.8,25,0,0,0,0,0.0
/project/theorie/n/N.Pfaffenzeller/results_project/checkpoint/5b5t_sensitivity_sweep,param_50_rep_4,/project/theorie/n/N.Pfaffenzeller/results_project/checkpoint/5b5t_sensitivity_sweep/data/param_50_rep_4,10000,5.0e-6,10.0,1.0,1,10000.0,0.9,25,0,0,0,0,0.0
/project/theorie/n/N.Pfaffenzeller/results_project/checkpoint/5b5t_sensitivity_sweep,param_50_rep_5,/project/theorie/n/N.Pfaffenzeller/results_project/checkpoint/5b5t_sensitivity_sweep/data/param_50_rep_5,10000,5.0e-6,10.0,1.0,1,5000.0,0.8,25,0,0,0,0,0.0
/project/theorie/n/N.Pfaffenzeller/results_project/checkpoint/5b5t_sensitivity_sweep,param_50_rep_5,/project/theorie/n/N.Pfaffenzeller/results_project/checkpoint/5b5t_sensitivity_sweep/data/param_50_rep_5,10000,5.0e-6,10.0,1.0,1,5000.0,0.9,25,0,0,0,0,0.0
/project/theorie/n/N.Pfaffenzeller/results_project/checkpoint/5b5t_sensitivity_sweep,param_50_rep_5,/project/theorie/n/N.Pfaffenzeller/results_project/checkpoint/5b5t_sensitivity_sweep/data/param_50_rep_5,10000,5.0e-6,10.0,1.0,1,10000.0,0.8,25,0,0,0,0,0.0
/project/theorie/n/N.Pfaffenzeller/results_project/checkpoint/5b5t_sensitivity_sweep,param_50_rep_5,/project/theorie/n/N.Pfaffenzeller/results_project/checkpoint/5b5t_sensitivity_sweep/data/param_50_rep_5,10000,5.0e-6,10.0,1.0,1,10000.0,0.9,25,0,0,0,0,0.0
/project/theorie/n/N.Pfaffenzeller/results_project/checkpoint/5b5t_sensitivity_sweep,param_51_rep_1,/project/theorie/n/N.Pfaffenzeller/results_project/checkpoint/5b5t_sensitivity_sweep/data/param_51_rep_1,10000,5.0e-6,10.0,10.0,1,5000.0,0.8,25,0,0,0,0,0.0
/project/theorie/n/N.Pfaffenzeller/results_project/checkpoint/5b5t_sensitivity_sweep,param_51_rep_1,/project/theorie/n/N.Pfaffenzeller/results_project/checkpoint/5b5t_sensitivity_sweep/data/param_51_rep_1,10000,5.0e-6,10.0,10.0,1,5000.0,0.9,25,0,0,0,0,0.0
/project/theorie/n/N.Pfaffenzeller/results_project/checkpoint/5b5t_sensitivity_sweep,param_51_rep_1,/project/theorie/n/N.Pfaffenzeller/results_project/checkpoint/5b5t_sensitivity_sweep/data/param_51_rep_1,10000,5.0e-6,10.0,10.0,1,10000.0,0.8,25,0,0,0,0,0.0
/project/theorie/n/N.Pfaffenzeller/results_project/checkpoint/5b5t_sensitivity_sweep,param_51_rep_1,/project/theorie/n/N.Pfaffenzeller/results_project/checkpoint/5b5t_sensitivity_sweep/data/param_51_rep_1,10000,5.0e-6,10.0,10.0,1,10000.0,0.9,25,0,0,0,0,0.0
/project/theorie/n/N.Pfaffenzeller/results_project/checkpoint/5b5t_sensitivity_sweep,param_51_rep_2,/project/theorie/n/N.Pfaffenzeller/results_project/checkpoint/5b5t_sensitivity_sweep/data/param_51_rep_2,10000,5.0e-6,10.0,10.0,1,5000.0,0.8,25,0,0,0,0,0.0
/project/theorie/n/N.Pfaffenzeller/results_project/checkpoint/5b5t_sensitivity_sweep,param_51_rep_2,/project/theorie/n/N.Pfaffenzeller/results_project/checkpoint/5b5t_sensitivity_sweep/data/param_51_rep_2,10000,5.0e-6,10.0,10.0,1,5000.0,0.9,25,0,0,0,0,0.0
/project/theorie/n/N.Pfaffenzeller/results_project/checkpoint/5b5t_sensitivity_sweep,param_51_rep_2,/project/theorie/n/N.Pfaffenzeller/results_project/checkpoint/5b5t_sensitivity_sweep/data/param_51_rep_2,10000,5.0e-6,10.0,10.0,1,10000.0,0.8,25,0,0,0,0,0.0
/project/theorie/n/N.Pfaffenzeller/results_project/checkpoint/5b5t_sensitivity_sweep,param_51_rep_2,/project/theorie/n/N.Pfaffenzeller/results_project/checkpoint/5b5t_sensitivity_sweep/data/param_51_rep_2,10000,5.0e-6,10.0,10.0,1,10000.0,0.9,25,0,0,0,0,0.0
/project/theorie/n/N.Pfaffenzeller/results_project/checkpoint/5b5t_sensitivity_sweep,param_51_rep_3,/project/theorie/n/N.Pfaffenzeller/results_project/checkpoint/5b5t_sensitivity_sweep/data/param_51_rep_3,10000,5.0e-6,10.0,10.0,1,5000.0,0.8,25,0,0,0,0,0.0
/project/theorie/n/N.Pfaffenzeller/results_project/checkpoint/5b5t_sensitivity_sweep,param_51_rep_3,/project/theorie/n/N.Pfaffenzeller/results_project/checkpoint/5b5t_sensitivity_sweep/data/param_51_rep_3,10000,5.0e-6,10.0,10.0,1,5000.0,0.9,25,0,0,0,0,0.0
/project/theorie/n/N.Pfaffenzeller/results_project/checkpoint/5b5t_sensitivity_sweep,param_51_rep_3,/project/theorie/n/N.Pfaffenzeller/results_project/checkpoint/5b5t_sensitivity_sweep/data/param_51_rep_3,10000,5.0e-6,10.0,10.0,1,10000.0,0.8,25,0,0,0,0,0.0
/project/theorie/n/N.Pfaffenzeller/results_project/checkpoint/5b5t_sensitivity_sweep,param_51_rep_3,/project/theorie/n/N.Pfaffenzeller/results_project/checkpoint/5b5t_sensitivity_sweep/data/param_51_rep_3,10000,5.0e-6,10.0,10.0,1,10000.0,0.9,25,0,0,0,0,0.0
/project/theorie/n/N.Pfaffenzeller/results_project/checkpoint/5b5t_sensitivity_sweep,param_51_rep_4,/project/theorie/n/N.Pfaffenzeller/results_project/checkpoint/5b5t_sensitivity_sweep/data/param_51_rep_4,10000,5.0e-6,10.0,10.0,1,5000.0,0.8,25,0,0,0,0,0.0
/project/theorie/n/N.Pfaffenzeller/results_project/checkpoint/5b5t_sensitivity_sweep,param_51_rep_4,/project/theorie/n/N.Pfaffenzeller/results_project/checkpoint/5b5t_sensitivity_sweep/data/param_51_rep_4,10000,5.0e-6,10.0,10.0,1,5000.0,0.9,25,0,0,0,0,0.0
/project/theorie/n/N.Pfaffenzeller/results_project/checkpoint/5b5t_sensitivity_sweep,param_51_rep_4,/project/theorie/n/N.Pfaffenzeller/results_project/checkpoint/5b5t_sensitivity_sweep/data/param_51_rep_4,10000,5.0e-6,10.0,10.0,1,10000.0,0.8,25,0,0,0,0,0.0
/project/theorie/n/N.Pfaffenzeller/results_project/checkpoint/5b5t_sensitivity_sweep,param_51_rep_4,/project/theorie/n/N.Pfaffenzeller/results_project/checkpoint/5b5t_sensitivity_sweep/data/param_51_rep_4,10000,5.0e-6,10.0,10.0,1,10000.0,0.9,25,0,0,0,0,0.0
/project/theorie/n/N.Pfaffenzeller/results_project/checkpoint/5b5t_sensitivity_sweep,param_51_rep_5,/project/theorie/n/N.Pfaffenzeller/results_project/checkpoint/5b5t_sensitivity_sweep/data/param_51_rep_5,10000,5.0e-6,10.0,10.0,1,5000.0,0.8,25,0,0,0,0,0.0
/project/theorie/n/N.Pfaffenzeller/results_project/checkpoint/5b5t_sensitivity_sweep,param_51_rep_5,/project/theorie/n/N.Pfaffenzeller/results_project/checkpoint/5b5t_sensitivity_sweep/data/param_51_rep_5,10000,5.0e-6,10.0,10.0,1,5000.0,0.9,25,0,0,0,0,0.0
/project/theorie/n/N.Pfaffenzeller/results_project/checkpoint/5b5t_sensitivity_sweep,param_51_rep_5,/project/theorie/n/N.Pfaffenzeller/results_project/checkpoint/5b5t_sensitivity_sweep/data/param_51_rep_5,10000,5.0e-6,10.0,10.0,1,10000.0,0.8,25,0,0,0,0,0.0
/project/theorie/n/N.Pfaffenzeller/results_project/checkpoint/5b5t_sensitivity_sweep,param_51_rep_5,/project/theorie/n/N.Pfaffenzeller/results_project/checkpoint/5b5t_sensitivity_sweep/data/param_51_rep_5,10000,5.0e-6,10.0,10.0,1,10000.0,0.9,25,0,0,0,0,0.0
/project/theorie/n/N.Pfaffenzeller/results_project/checkpoint/5b5t_sensitivity_sweep,param_52_rep_1,/project/theorie/n/N.Pfaffenzeller/results_project/checkpoint/5b5t_sensitivity_sweep/data/param_52_rep_1,10000,5.0e-6,10.0,100.0,1,5000.0,0.8,25,0,0,0,0,0.0
/project/theorie/n/N.Pfaffenzeller/results_project/checkpoint/5b5t_sensitivity_sweep,param_52_rep_1,/project/theorie/n/N.Pfaffenzeller/results_project/checkpoint/5b5t_sensitivity_sweep/data/param_52_rep_1,10000,5.0e-6,10.0,100.0,1,5000.0,0.9,25,0,0,0,0,0.0
/project/theorie/n/N.Pfaffenzeller/results_project/checkpoint/5b5t_sensitivity_sweep,param_52_rep_1,/project/theorie/n/N.Pfaffenzeller/results_project/checkpoint/5b5t_sensitivity_sweep/data/param_52_rep_1,10000,5.0e-6,10.0,100.0,1,10000.0,0.8,25,0,0,0,0,0.0
/project/theorie/n/N.Pfaffenzeller/results_project/checkpoint/5b5t_sensitivity_sweep,param_52_rep_1,/project/theorie/n/N.Pfaffenzeller/results_project/checkpoint/5b5t_sensitivity_sweep/data/param_52_rep_1,10000,5.0e-6,10.0,100.0,1,10000.0,0.9,25,0,0,0,0,0.0
/project/theorie/n/N.Pfaffenzeller/results_project/checkpoint/5b5t_sensitivity_sweep,param_52_rep_2,/project/theorie/n/N.Pfaffenzeller/results_project/checkpoint/5b5t_sensitivity_sweep/data/param_52_rep_2,10000,5.0e-6,10.0,100.0,1,5000.0,0.8,25,0,0,0,0,0.0
/project/theorie/n/N.Pfaffenzeller/results_project/checkpoint/5b5t_sensitivity_sweep,param_52_rep_2,/project/theorie/n/N.Pfaffenzeller/results_project/checkpoint/5b5t_sensitivity_sweep/data/param_52_rep_2,10000,5.0e-6,10.0,100.0,1,5000.0,0.9,25,0,0,0,0,0.0
/project/theorie/n/N.Pfaffenzeller/results_project/checkpoint/5b5t_sensitivity_sweep,param_52_rep_2,/project/theorie/n/N.Pfaffenzeller/results_project/checkpoint/5b5t_sensitivity_sweep/data/param_52_rep_2,10000,5.0e-6,10.0,100.0,1,10000.0,0.8,25,0,0,0,0,0.0
/project/theorie/n/N.Pfaffenzeller/results_project/checkpoint/5b5t_sensitivity_sweep,param_52_rep_2,/project/theorie/n/N.Pfaffenzeller/results_project/checkpoint/5b5t_sensitivity_sweep/data/param_52_rep_2,10000,5.0e-6,10.0,100.0,1,10000.0,0.9,25,0,0,0,0,0.0
/project/theorie/n/N.Pfaffenzeller/results_project/checkpoint/5b5t_sensitivity_sweep,param_52_rep_3,/project/theorie/n/N.Pfaffenzeller/results_project/checkpoint/5b5t_sensitivity_sweep/data/param_52_rep_3,10000,5.0e-6,10.0,100.0,1,5000.0,0.8,25,0,0,0,0,0.0
/project/theorie/n/N.Pfaffenzeller/results_project/checkpoint/5b5t_sensitivity_sweep,param_52_rep_3,/project/theorie/n/N.Pfaffenzeller/results_project/checkpoint/5b5t_sensitivity_sweep/data/param_52_rep_3,10000,5.0e-6,10.0,100.0,1,5000.0,0.9,25,0,0,0,0,0.0
/project/theorie/n/N.Pfaffenzeller/results_project/checkpoint/5b5t_sensitivity_sweep,param_52_rep_3,/project/theorie/n/N.Pfaffenzeller/results_project/checkpoint/5b5t_sensitivity_sweep/data/param_52_rep_3,10000,5.0e-6,10.0,100.0,1,10000.0,0.8,25,0,0,0,0,0.0
/project/theorie/n/N.Pfaffenzeller/results_project/checkpoint/5b5t_sensitivity_sweep,param_52_rep_3,/project/theorie/n/N.Pfaffenzeller/results_project/checkpoint/5b5t_sensitivity_sweep/data/param_52_rep_3,10000,5.0e-6,10.0,100.0,1,10000.0,0.9,25,0,0,0,0,0.0
/project/theorie/n/N.Pfaffenzeller/results_project/checkpoint/5b5t_sensitivity_sweep,param_52_rep_4,/project/theorie/n/N.Pfaffenzeller/results_project/checkpoint/5b5t_sensitivity_sweep/data/param_52_rep_4,10000,5.0e-6,10.0,100.0,1,5000.0,0.8,25,0,0,0,0,0.0
/project/theorie/n/N.Pfaffenzeller/results_project/checkpoint/5b5t_sensitivity_sweep,param_52_rep_4,/project/theorie/n/N.Pfaffenzeller/results_project/checkpoint/5b5t_sensitivity_sweep/data/param_52_rep_4,10000,5.0e-6,10.0,100.0,1,5000.0,0.9,25,0,0,0,0,0.0
/project/theorie/n/N.Pfaffenzeller/results_project/checkpoint/5b5t_sensitivity_sweep,param_52_rep_4,/project/theorie/n/N.Pfaffenzeller/results_project/checkpoint/5b5t_sensitivity_sweep/data/param_52_rep_4,10000,5.0e-6,10.0,100.0,1,10000.0,0.8,25,0,0,0,0,0.0
/project/theorie/n/N.Pfaffenzeller/results_project/checkpoint/5b5t_sensitivity_sweep,param_52_rep_4,/project/theorie/n/N.Pfaffenzeller/results_project/checkpoint/5b5t_sensitivity_sweep/data/param_52_rep_4,10000,5.0e-6,10.0,100.0,1,10000.0,0.9,25,0,0,0,0,0.0
/project/theorie/n/N.Pfaffenzeller/results_project/checkpoint/5b5t_sensitivity_sweep,param_52_rep_5,/project/theorie/n/N.Pfaffenzeller/results_project/checkpoint/5b5t_sensitivity_sweep/data/param_52_rep_5,10000,5.0e-6,10.0,100.0,1,5000.0,0.8,25,0,0,0,0,0.0
/project/theorie/n/N.Pfaffenzeller/results_project/checkpoint/5b5t_sensitivity_sweep,param_52_rep_5,/project/theorie/n/N.Pfaffenzeller/results_project/checkpoint/5b5t_sensitivity_sweep/data/param_52_rep_5,10000,5.0e-6,10.0,100.0,1,5000.0,0.9,25,0,0,0,0,0.0
/project/theorie/n/N.Pfaffenzeller/results_project/checkpoint/5b5t_sensitivity_sweep,param_52_rep_5,/project/theorie/n/N.Pfaffenzeller/results_project/checkpoint/5b5t_sensitivity_sweep/data/param_52_rep_5,10000,5.0e-6,10.0,100.0,1,10000.0,0.8,25,0,0,0,0,0.0
/project/theorie/n/N.Pfaffenzeller/results_project/checkpoint/5b5t_sensitivity_sweep,param_52_rep_5,/project/theorie/n/N.Pfaffenzeller/results_project/checkpoint/5b5t_sensitivity_sweep/data/param_52_rep_5,10000,5.0e-6,10.0,100.0,1,10000.0,0.9,25,0,0,0,0,0.0
/project/theorie/n/N.Pfaffenzeller/results_project/checkpoint/5b5t_sensitivity_sweep,param_53_rep_1,/project/theorie/n/N.Pfaffenzeller/results_project/checkpoint/5b5t_sensitivity_sweep/data/param_53_rep_1,10000,5.0e-6,10.0,0.1,10,5000.0,0.8,25,0,0,0,0,0.0
/project/theorie/n/N.Pfaffenzeller/results_project/checkpoint/5b5t_sensitivity_sweep,param_53_rep_1,/project/theorie/n/N.Pfaffenzeller/results_project/checkpoint/5b5t_sensitivity_sweep/data/param_53_rep_1,10000,5.0e-6,10.0,0.1,10,5000.0,0.9,25,0,0,0,0,0.0
/project/theorie/n/N.Pfaffenzeller/results_project/checkpoint/5b5t_sensitivity_sweep,param_53_rep_1,/project/theorie/n/N.Pfaffenzeller/results_project/checkpoint/5b5t_sensitivity_sweep/data/param_53_rep_1,10000,5.0e-6,10.0,0.1,10,10000.0,0.8,25,0,0,0,0,0.0
/project/theorie/n/N.Pfaffenzeller/results_project/checkpoint/5b5t_sensitivity_sweep,param_53_rep_1,/project/theorie/n/N.Pfaffenzeller/results_project/checkpoint/5b5t_sensitivity_sweep/data/param_53_rep_1,10000,5.0e-6,10.0,0.1,10,10000.0,0.9,25,0,0,0,0,0.0
/project/theorie/n/N.Pfaffenzeller/results_project/checkpoint/5b5t_sensitivity_sweep,param_53_rep_2,/project/theorie/n/N.Pfaffenzeller/results_project/checkpoint/5b5t_sensitivity_sweep/data/param_53_rep_2,10000,5.0e-6,10.0,0.1,10,5000.0,0.8,25,0,0,0,0,0.0
/project/theorie/n/N.Pfaffenzeller/results_project/checkpoint/5b5t_sensitivity_sweep,param_53_rep_2,/project/theorie/n/N.Pfaffenzeller/results_project/checkpoint/5b5t_sensitivity_sweep/data/param_53_rep_2,10000,5.0e-6,10.0,0.1,10,5000.0,0.9,25,0,0,0,0,0.0
/project/theorie/n/N.Pfaffenzeller/results_project/checkpoint/5b5t_sensitivity_sweep,param_53_rep_2,/project/theorie/n/N.Pfaffenzeller/results_project/checkpoint/5b5t_sensitivity_sweep/data/param_53_rep_2,10000,5.0e-6,10.0,0.1,10,10000.0,0.8,25,0,0,0,0,0.0
/project/theorie/n/N.Pfaffenzeller/results_project/checkpoint/5b5t_sensitivity_sweep,param_53_rep_2,/project/theorie/n/N.Pfaffenzeller/results_project/checkpoint/5b5t_sensitivity_sweep/data/param_53_rep_2,10000,5.0e-6,10.0,0.1,10,10000.0,0.9,25,0,0,0,0,0.0
/project/theorie/n/N.Pfaffenzeller/results_project/checkpoint/5b5t_sensitivity_sweep,param_53_rep_3,/project/theorie/n/N.Pfaffenzeller/results_project/checkpoint/5b5t_sensitivity_sweep/data/param_53_rep_3,10000,5.0e-6,10.0,0.1,10,5000.0,0.8,25,0,0,0,0,0.0
/project/theorie/n/N.Pfaffenzeller/results_project/checkpoint/5b5t_sensitivity_sweep,param_53_rep_3,/project/theorie/n/N.Pfaffenzeller/results_project/checkpoint/5b5t_sensitivity_sweep/data/param_53_rep_3,10000,5.0e-6,10.0,0.1,10,5000.0,0.9,25,0,0,0,0,0.0
/project/theorie/n/N.Pfaffenzeller/results_project/checkpoint/5b5t_sensitivity_sweep,param_53_rep_3,/project/theorie/n/N.Pfaffenzeller/results_project/checkpoint/5b5t_sensitivity_sweep/data/param_53_rep_3,10000,5.0e-6,10.0,0.1,10,10000.0,0.8,25,0,0,0,0,0.0
/project/theorie/n/N.Pfaffenzeller/results_project/checkpoint/5b5t_sensitivity_sweep,param_53_rep_3,/project/theorie/n/N.Pfaffenzeller/results_project/checkpoint/5b5t_sensitivity_sweep/data/param_53_rep_3,10000,5.0e-6,10.0,0.1,10,10000.0,0.9,25,0,0,0,0,0.0
/project/theorie/n/N.Pfaffenzeller/results_project/checkpoint/5b5t_sensitivity_sweep,param_53_rep_4,/project/theorie/n/N.Pfaffenzeller/results_project/checkpoint/5b5t_sensitivity_sweep/data/param_53_rep_4,10000,5.0e-6,10.0,0.1,10,5000.0,0.8,25,0,0,0,0,0.0
/project/theorie/n/N.Pfaffenzeller/results_project/checkpoint/5b5t_sensitivity_sweep,param_53_rep_4,/project/theorie/n/N.Pfaffenzeller/results_project/checkpoint/5b5t_sensitivity_sweep/data/param_53_rep_4,10000,5.0e-6,10.0,0.1,10,5000.0,0.9,25,0,0,0,0,0.0
/project/theorie/n/N.Pfaffenzeller/results_project/checkpoint/5b5t_sensitivity_sweep,param_53_rep_4,/project/theorie/n/N.Pfaffenzeller/results_project/checkpoint/5b5t_sensitivity_sweep/data/param_53_rep_4,10000,5.0e-6,10.0,0.1,10,10000.0,0.8,25,0,0,0,0,0.0
/project/theorie/n/N.Pfaffenzeller/results_project/checkpoint/5b5t_sensitivity_sweep,param_53_rep_4,/project/theorie/n/N.Pfaffenzeller/results_project/checkpoint/5b5t_sensitivity_sweep/data/param_53_rep_4,10000,5.0e-6,10.0,0.1,10,10000.0,0.9,25,0,0,0,0,0.0
/project/theorie/n/N.Pfaffenzeller/results_project/checkpoint/5b5t_sensitivity_sweep,param_53_rep_5,/project/theorie/n/N.Pfaffenzeller/results_project/checkpoint/5b5t_sensitivity_sweep/data/param_53_rep_5,10000,5.0e-6,10.0,0.1,10,5000.0,0.8,25,0,0,0,0,0.0
/project/theorie/n/N.Pfaffenzeller/results_project/checkpoint/5b5t_sensitivity_sweep,param_53_rep_5,/project/theorie/n/N.Pfaffenzeller/results_project/checkpoint/5b5t_sensitivity_sweep/data/param_53_rep_5,10000,5.0e-6,10.0,0.1,10,5000.0,0.9,25,0,0,0,0,0.0
/project/theorie/n/N.Pfaffenzeller/results_project/checkpoint/5b5t_sensitivity_sweep,param_53_rep_5,/project/theorie/n/N.Pfaffenzeller/results_project/checkpoint/5b5t_sensitivity_sweep/data/param_53_rep_5,10000,5.0e-6,10.0,0.1,10,10000.0,0.8,25,0,0,0,0,0.0
/project/theorie/n/N.Pfaffenzeller/results_project/checkpoint/5b5t_sensitivity_sweep,param_53_rep_5,/project/theorie/n/N.Pfaffenzeller/results_project/checkpoint/5b5t_sensitivity_sweep/data/param_53_rep_5,10000,5.0e-6,10.0,0.1,10,10000.0,0.9,25,0,0,0,0,0.0
/project/theorie/n/N.Pfaffenzeller/results_project/checkpoint/5b5t_sensitivity_sweep,param_54_rep_1,/project/theorie/n/N.Pfaffenzeller/results_project/checkpoint/5b5t_sensitivity_sweep/data/param_54_rep_1,10000,5.0e-6,10.0,1.0,10,5000.0,0.8,25,0,3,3,3,0.6
/project/theorie/n/N.Pfaffenzeller/results_project/checkpoint/5b5t_sensitivity_sweep,param_54_rep_1,/project/theorie/n/N.Pfaffenzeller/results_project/checkpoint/5b5t_sensitivity_sweep/data/param_54_rep_1,10000,5.0e-6,10.0,1.0,10,5000.0,0.9,25,0,0,0,0,0.0
/project/theorie/n/N.Pfaffenzeller/results_project/checkpoint/5b5t_sensitivity_sweep,param_54_rep_1,/project/theorie/n/N.Pfaffenzeller/results_project/checkpoint/5b5t_sensitivity_sweep/data/param_54_rep_1,10000,5.0e-6,10.0,1.0,10,10000.0,0.8,25,0,1,1,1,0.2
/project/theorie/n/N.Pfaffenzeller/results_project/checkpoint/5b5t_sensitivity_sweep,param_54_rep_1,/project/theorie/n/N.Pfaffenzeller/results_project/checkpoint/5b5t_sensitivity_sweep/data/param_54_rep_1,10000,5.0e-6,10.0,1.0,10,10000.0,0.9,25,0,0,0,0,0.0
/project/theorie/n/N.Pfaffenzeller/results_project/checkpoint/5b5t_sensitivity_sweep,param_54_rep_2,/project/theorie/n/N.Pfaffenzeller/results_project/checkpoint/5b5t_sensitivity_sweep/data/param_54_rep_2,10000,5.0e-6,10.0,1.0,10,5000.0,0.8,25,0,3,3,3,0.6
/project/theorie/n/N.Pfaffenzeller/results_project/checkpoint/5b5t_sensitivity_sweep,param_54_rep_2,/project/theorie/n/N.Pfaffenzeller/results_project/checkpoint/5b5t_sensitivity_sweep/data/param_54_rep_2,10000,5.0e-6,10.0,1.0,10,5000.0,0.9,25,0,1,1,1,0.2
/project/theorie/n/N.Pfaffenzeller/results_project/checkpoint/5b5t_sensitivity_sweep,param_54_rep_2,/project/theorie/n/N.Pfaffenzeller/results_project/checkpoint/5b5t_sensitivity_sweep/data/param_54_rep_2,10000,5.0e-6,10.0,1.0,10,10000.0,0.8,25,0,0,0,0,0.0
/project/theorie/n/N.Pfaffenzeller/results_project/checkpoint/5b5t_sensitivity_sweep,param_54_rep_2,/project/theorie/n/N.Pfaffenzeller/results_project/checkpoint/5b5t_sensitivity_sweep/data/param_54_rep_2,10000,5.0e-6,10.0,1.0,10,10000.0,0.9,25,0,0,0,0,0.0
/project/theorie/n/N.Pfaffenzeller/results_project/checkpoint/5b5t_sensitivity_sweep,param_54_rep_3,/project/theorie/n/N.Pfaffenzeller/results_project/checkpoint/5b5t_sensitivity_sweep/data/param_54_rep_3,10000,5.0e-6,10.0,1.0,10,5000.0,0.8,25,0,2,2,2,0.4
/project/theorie/n/N.Pfaffenzeller/results_project/checkpoint/5b5t_sensitivity_sweep,param_54_rep_3,/project/theorie/n/N.Pfaffenzeller/results_project/checkpoint/5b5t_sensitivity_sweep/data/param_54_rep_3,10000,5.0e-6,10.0,1.0,10,5000.0,0.9,25,0,0,0,0,0.0
/project/theorie/n/N.Pfaffenzeller/results_project/checkpoint/5b5t_sensitivity_sweep,param_54_rep_3,/project/theorie/n/N.Pfaffenzeller/results_project/checkpoint/5b5t_sensitivity_sweep/data/param_54_rep_3,10000,5.0e-6,10.0,1.0,10,10000.0,0.8,25,0,3,3,3,0.6
/project/theorie/n/N.Pfaffenzeller/results_project/checkpoint/5b5t_sensitivity_sweep,param_54_rep_3,/project/theorie/n/N.Pfaffenzeller/results_project/checkpoint/5b5t_sensitivity_sweep/data/param_54_rep_3,10000,5.0e-6,10.0,1.0,10,10000.0,0.9,25,0,1,1,1,0.2
/project/theorie/n/N.Pfaffenzeller/results_project/checkpoint/5b5t_sensitivity_sweep,param_54_rep_4,/project/theorie/n/N.Pfaffenzeller/results_project/checkpoint/5b5t_sensitivity_sweep/data/param_54_rep_4,10000,5.0e-6,10.0,1.0,10,5000.0,0.8,25,0,3,3,3,0.6
/project/theorie/n/N.Pfaffenzeller/results_project/checkpoint/5b5t_sensitivity_sweep,param_54_rep_4,/project/theorie/n/N.Pfaffenzeller/results_project/checkpoint/5b5t_sensitivity_sweep/data/param_54_rep_4,10000,5.0e-6,10.0,1.0,10,5000.0,0.9,25,0,0,0,0,0.0
/project/theorie/n/N.Pfaffenzeller/results_project/checkpoint/5b5t_sensitivity_sweep,param_54_rep_4,/project/theorie/n/N.Pfaffenzeller/results_project/checkpoint/5b5t_sensitivity_sweep/data/param_54_rep_4,10000,5.0e-6,10.0,1.0,10,10000.0,0.8,25,0,1,1,1,0.2
/project/theorie/n/N.Pfaffenzeller/results_project/checkpoint/5b5t_sensitivity_sweep,param_54_rep_4,/project/theorie/n/N.Pfaffenzeller/results_project/checkpoint/5b5t_sensitivity_sweep/data/param_54_rep_4,10000,5.0e-6,10.0,1.0,10,10000.0,0.9,25,0,0,0,0,0.0
/project/theorie/n/N.Pfaffenzeller/results_project/checkpoint/5b5t_sensitivity_sweep,param_54_rep_5,/project/theorie/n/N.Pfaffenzeller/results_project/checkpoint/5b5t_sensitivity_sweep/data/param_54_rep_5,10000,5.0e-6,10.0,1.0,10,5000.0,0.8,25,0,4,4,4,0.8
/project/theorie/n/N.Pfaffenzeller/results_project/checkpoint/5b5t_sensitivity_sweep,param_54_rep_5,/project/theorie/n/N.Pfaffenzeller/results_project/checkpoint/5b5t_sensitivity_sweep/data/param_54_rep_5,10000,5.0e-6,10.0,1.0,10,5000.0,0.9,25,0,1,1,1,0.2
/project/theorie/n/N.Pfaffenzeller/results_project/checkpoint/5b5t_sensitivity_sweep,param_54_rep_5,/project/theorie/n/N.Pfaffenzeller/results_project/checkpoint/5b5t_sensitivity_sweep/data/param_54_rep_5,10000,5.0e-6,10.0,1.0,10,10000.0,0.8,25,0,1,1,1,0.2
/project/theorie/n/N.Pfaffenzeller/results_project/checkpoint/5b5t_sensitivity_sweep,param_54_rep_5,/project/theorie/n/N.Pfaffenzeller/results_project/checkpoint/5b5t_sensitivity_sweep/data/param_54_rep_5,10000,5.0e-6,10.0,1.0,10,10000.0,0.9,25,0,0,0,0,0.0
/project/theorie/n/N.Pfaffenzeller/results_project/checkpoint/5b5t_sensitivity_sweep,param_55_rep_1,/project/theorie/n/N.Pfaffenzeller/results_project/checkpoint/5b5t_sensitivity_sweep/data/param_55_rep_1,10000,5.0e-6,10.0,10.0,10,5000.0,0.8,25,0,5,5,5,1.0
/project/theorie/n/N.Pfaffenzeller/results_project/checkpoint/5b5t_sensitivity_sweep,param_55_rep_1,/project/theorie/n/N.Pfaffenzeller/results_project/checkpoint/5b5t_sensitivity_sweep/data/param_55_rep_1,10000,5.0e-6,10.0,10.0,10,5000.0,0.9,25,0,5,5,5,1.0
/project/theorie/n/N.Pfaffenzeller/results_project/checkpoint/5b5t_sensitivity_sweep,param_55_rep_1,/project/theorie/n/N.Pfaffenzeller/results_project/checkpoint/5b5t_sensitivity_sweep/data/param_55_rep_1,10000,5.0e-6,10.0,10.0,10,10000.0,0.8,25,0,5,5,5,1.0
/project/theorie/n/N.Pfaffenzeller/results_project/checkpoint/5b5t_sensitivity_sweep,param_55_rep_1,/project/theorie/n/N.Pfaffenzeller/results_project/checkpoint/5b5t_sensitivity_sweep/data/param_55_rep_1,10000,5.0e-6,10.0,10.0,10,10000.0,0.9,25,0,5,5,5,1.0
/project/theorie/n/N.Pfaffenzeller/results_project/checkpoint/5b5t_sensitivity_sweep,param_55_rep_2,/project/theorie/n/N.Pfaffenzeller/results_project/checkpoint/5b5t_sensitivity_sweep/data/param_55_rep_2,10000,5.0e-6,10.0,10.0,10,5000.0,0.8,25,0,5,5,5,1.0
/project/theorie/n/N.Pfaffenzeller/results_project/checkpoint/5b5t_sensitivity_sweep,param_55_rep_2,/project/theorie/n/N.Pfaffenzeller/results_project/checkpoint/5b5t_sensitivity_sweep/data/param_55_rep_2,10000,5.0e-6,10.0,10.0,10,5000.0,0.9,25,0,5,5,5,1.0
/project/theorie/n/N.Pfaffenzeller/results_project/checkpoint/5b5t_sensitivity_sweep,param_55_rep_2,/project/theorie/n/N.Pfaffenzeller/results_project/checkpoint/5b5t_sensitivity_sweep/data/param_55_rep_2,10000,5.0e-6,10.0,10.0,10,10000.0,0.8,25,0,5,5,5,1.0
/project/theorie/n/N.Pfaffenzeller/results_project/checkpoint/5b5t_sensitivity_sweep,param_55_rep_2,/project/theorie/n/N.Pfaffenzeller/results_project/checkpoint/5b5t_sensitivity_sweep/data/param_55_rep_2,10000,5.0e-6,10.0,10.0,10,10000.0,0.9,25,0,5,5,5,1.0
/project/theorie/n/N.Pfaffenzeller/results_project/checkpoint/5b5t_sensitivity_sweep,param_55_rep_3,/project/theorie/n/N.Pfaffenzeller/results_project/checkpoint/5b5t_sensitivity_sweep/data/param_55_rep_3,10000,5.0e-6,10.0,10.0,10,5000.0,0.8,25,0,5,5,5,1.0
/project/theorie/n/N.Pfaffenzeller/results_project/checkpoint/5b5t_sensitivity_sweep,param_55_rep_3,/project/theorie/n/N.Pfaffenzeller/results_project/checkpoint/5b5t_sensitivity_sweep/data/param_55_rep_3,10000,5.0e-6,10.0,10.0,10,5000.0,0.9,25,0,5,5,5,1.0
/project/theorie/n/N.Pfaffenzeller/results_project/checkpoint/5b5t_sensitivity_sweep,param_55_rep_3,/project/theorie/n/N.Pfaffenzeller/results_project/checkpoint/5b5t_sensitivity_sweep/data/param_55_rep_3,10000,5.0e-6,10.0,10.0,10,10000.0,0.8,25,0,5,5,5,1.0
/project/theorie/n/N.Pfaffenzeller/results_project/checkpoint/5b5t_sensitivity_sweep,param_55_rep_3,/project/theorie/n/N.Pfaffenzeller/results_project/checkpoint/5b5t_sensitivity_sweep/data/param_55_rep_3,10000,5.0e-6,10.0,10.0,10,10000.0,0.9,25,0,5,5,5,1.0
/project/theorie/n/N.Pfaffenzeller/results_project/checkpoint/5b5t_sensitivity_sweep,param_55_rep_4,/project/theorie/n/N.Pfaffenzeller/results_project/checkpoint/5b5t_sensitivity_sweep/data/param_55_rep_4,10000,5.0e-6,10.0,10.0,10,5000.0,0.8,25,0,5,5,5,1.0
/project/theorie/n/N.Pfaffenzeller/results_project/checkpoint/5b5t_sensitivity_sweep,param_55_rep_4,/project/theorie/n/N.Pfaffenzeller/results_project/checkpoint/5b5t_sensitivity_sweep/data/param_55_rep_4,10000,5.0e-6,10.0,10.0,10,5000.0,0.9,25,0,5,5,5,1.0
/project/theorie/n/N.Pfaffenzeller/results_project/checkpoint/5b5t_sensitivity_sweep,param_55_rep_4,/project/theorie/n/N.Pfaffenzeller/results_project/checkpoint/5b5t_sensitivity_sweep/data/param_55_rep_4,10000,5.0e-6,10.0,10.0,10,10000.0,0.8,25,0,5,5,5,1.0
/project/theorie/n/N.Pfaffenzeller/results_project/checkpoint/5b5t_sensitivity_sweep,param_55_rep_4,/project/theorie/n/N.Pfaffenzeller/results_project/checkpoint/5b5t_sensitivity_sweep/data/param_55_rep_4,10000,5.0e-6,10.0,10.0,10,10000.0,0.9,25,0,5,5,5,1.0
/project/theorie/n/N.Pfaffenzeller/results_project/checkpoint/5b5t_sensitivity_sweep,param_55_rep_5,/project/theorie/n/N.Pfaffenzeller/results_project/checkpoint/5b5t_sensitivity_sweep/data/param_55_rep_5,10000,5.0e-6,10.0,10.0,10,5000.0,0.8,25,0,5,5,5,1.0
/project/theorie/n/N.Pfaffenzeller/results_project/checkpoint/5b5t_sensitivity_sweep,param_55_rep_5,/project/theorie/n/N.Pfaffenzeller/results_project/checkpoint/5b5t_sensitivity_sweep/data/param_55_rep_5,10000,5.0e-6,10.0,10.0,10,5000.0,0.9,25,0,5,5,5,1.0
/project/theorie/n/N.Pfaffenzeller/results_project/checkpoint/5b5t_sensitivity_sweep,param_55_rep_5,/project/theorie/n/N.Pfaffenzeller/results_project/checkpoint/5b5t_sensitivity_sweep/data/param_55_rep_5,10000,5.0e-6,10.0,10.0,10,10000.0,0.8,25,0,5,5,5,1.0
/project/theorie/n/N.Pfaffenzeller/results_project/checkpoint/5b5t_sensitivity_sweep,param_55_rep_5,/project/theorie/n/N.Pfaffenzeller/results_project/checkpoint/5b5t_sensitivity_sweep/data/param_55_rep_5,10000,5.0e-6,10.0,10.0,10,10000.0,0.9,25,0,5,5,5,1.0
/project/theorie/n/N.Pfaffenzeller/results_project/checkpoint/5b5t_sensitivity_sweep,param_56_rep_1,/project/theorie/n/N.Pfaffenzeller/results_project/checkpoint/5b5t_sensitivity_sweep/data/param_56_rep_1,10000,5.0e-6,10.0,100.0,10,5000.0,0.8,25,0,0,0,0,0.0
/project/theorie/n/N.Pfaffenzeller/results_project/checkpoint/5b5t_sensitivity_sweep,param_56_rep_1,/project/theorie/n/N.Pfaffenzeller/results_project/checkpoint/5b5t_sensitivity_sweep/data/param_56_rep_1,10000,5.0e-6,10.0,100.0,10,5000.0,0.9,25,0,0,0,0,0.0
/project/theorie/n/N.Pfaffenzeller/results_project/checkpoint/5b5t_sensitivity_sweep,param_56_rep_1,/project/theorie/n/N.Pfaffenzeller/results_project/checkpoint/5b5t_sensitivity_sweep/data/param_56_rep_1,10000,5.0e-6,10.0,100.0,10,10000.0,0.8,25,0,0,0,0,0.0
/project/theorie/n/N.Pfaffenzeller/results_project/checkpoint/5b5t_sensitivity_sweep,param_56_rep_1,/project/theorie/n/N.Pfaffenzeller/results_project/checkpoint/5b5t_sensitivity_sweep/data/param_56_rep_1,10000,5.0e-6,10.0,100.0,10,10000.0,0.9,25,0,0,0,0,0.0
/project/theorie/n/N.Pfaffenzeller/results_project/checkpoint/5b5t_sensitivity_sweep,param_56_rep_2,/project/theorie/n/N.Pfaffenzeller/results_project/checkpoint/5b5t_sensitivity_sweep/data/param_56_rep_2,10000,5.0e-6,10.0,100.0,10,5000.0,0.8,25,0,0,0,0,0.0
/project/theorie/n/N.Pfaffenzeller/results_project/checkpoint/5b5t_sensitivity_sweep,param_56_rep_2,/project/theorie/n/N.Pfaffenzeller/results_project/checkpoint/5b5t_sensitivity_sweep/data/param_56_rep_2,10000,5.0e-6,10.0,100.0,10,5000.0,0.9,25,0,0,0,0,0.0
/project/theorie/n/N.Pfaffenzeller/results_project/checkpoint/5b5t_sensitivity_sweep,param_56_rep_2,/project/theorie/n/N.Pfaffenzeller/results_project/checkpoint/5b5t_sensitivity_sweep/data/param_56_rep_2,10000,5.0e-6,10.0,100.0,10,10000.0,0.8,25,0,0,0,0,0.0
/project/theorie/n/N.Pfaffenzeller/results_project/checkpoint/5b5t_sensitivity_sweep,param_56_rep_2,/project/theorie/n/N.Pfaffenzeller/results_project/checkpoint/5b5t_sensitivity_sweep/data/param_56_rep_2,10000,5.0e-6,10.0,100.0,10,10000.0,0.9,25,0,0,0,0,0.0
/project/theorie/n/N.Pfaffenzeller/results_project/checkpoint/5b5t_sensitivity_sweep,param_56_rep_3,/project/theorie/n/N.Pfaffenzeller/results_project/checkpoint/5b5t_sensitivity_sweep/data/param_56_rep_3,10000,5.0e-6,10.0,100.0,10,5000.0,0.8,25,0,0,0,0,0.0
/project/theorie/n/N.Pfaffenzeller/results_project/checkpoint/5b5t_sensitivity_sweep,param_56_rep_3,/project/theorie/n/N.Pfaffenzeller/results_project/checkpoint/5b5t_sensitivity_sweep/data/param_56_rep_3,10000,5.0e-6,10.0,100.0,10,5000.0,0.9,25,0,0,0,0,0.0
/project/theorie/n/N.Pfaffenzeller/results_project/checkpoint/5b5t_sensitivity_sweep,param_56_rep_3,/project/theorie/n/N.Pfaffenzeller/results_project/checkpoint/5b5t_sensitivity_sweep/data/param_56_rep_3,10000,5.0e-6,10.0,100.0,10,10000.0,0.8,25,0,0,0,0,0.0
/project/theorie/n/N.Pfaffenzeller/results_project/checkpoint/5b5t_sensitivity_sweep,param_56_rep_3,/project/theorie/n/N.Pfaffenzeller/results_project/checkpoint/5b5t_sensitivity_sweep/data/param_56_rep_3,10000,5.0e-6,10.0,100.0,10,10000.0,0.9,25,0,0,0,0,0.0
/project/theorie/n/N.Pfaffenzeller/results_project/checkpoint/5b5t_sensitivity_sweep,param_56_rep_4,/project/theorie/n/N.Pfaffenzeller/results_project/checkpoint/5b5t_sensitivity_sweep/data/param_56_rep_4,10000,5.0e-6,10.0,100.0,10,5000.0,0.8,25,0,0,0,0,0.0
/project/theorie/n/N.Pfaffenzeller/results_project/checkpoint/5b5t_sensitivity_sweep,param_56_rep_4,/project/theorie/n/N.Pfaffenzeller/results_project/checkpoint/5b5t_sensitivity_sweep/data/param_56_rep_4,10000,5.0e-6,10.0,100.0,10,5000.0,0.9,25,0,0,0,0,0.0
/project/theorie/n/N.Pfaffenzeller/results_project/checkpoint/5b5t_sensitivity_sweep,param_56_rep_4,/project/theorie/n/N.Pfaffenzeller/results_project/checkpoint/5b5t_sensitivity_sweep/data/param_56_rep_4,10000,5.0e-6,10.0,100.0,10,10000.0,0.8,25,0,0,0,0,0.0
/project/theorie/n/N.Pfaffenzeller/results_project/checkpoint/5b5t_sensitivity_sweep,param_56_rep_4,/project/theorie/n/N.Pfaffenzeller/results_project/checkpoint/5b5t_sensitivity_sweep/data/param_56_rep_4,10000,5.0e-6,10.0,100.0,10,10000.0,0.9,25,0,0,0,0,0.0
/project/theorie/n/N.Pfaffenzeller/results_project/checkpoint/5b5t_sensitivity_sweep,param_56_rep_5,/project/theorie/n/N.Pfaffenzeller/results_project/checkpoint/5b5t_sensitivity_sweep/data/param_56_rep_5,10000,5.0e-6,10.0,100.0,10,5000.0,0.8,25,0,0,0,0,0.0
/project/theorie/n/N.Pfaffenzeller/results_project/checkpoint/5b5t_sensitivity_sweep,param_56_rep_5,/project/theorie/n/N.Pfaffenzeller/results_project/checkpoint/5b5t_sensitivity_sweep/data/param_56_rep_5,10000,5.0e-6,10.0,100.0,10,5000.0,0.9,25,0,0,0,0,0.0
/project/theorie/n/N.Pfaffenzeller/results_project/checkpoint/5b5t_sensitivity_sweep,param_56_rep_5,/project/theorie/n/N.Pfaffenzeller/results_project/checkpoint/5b5t_sensitivity_sweep/data/param_56_rep_5,10000,5.0e-6,10.0,100.0,10,10000.0,0.8,25,0,0,0,0,0.0
/project/theorie/n/N.Pfaffenzeller/results_project/checkpoint/5b5t_sensitivity_sweep,param_56_rep_5,/project/theorie/n/N.Pfaffenzeller/results_project/checkpoint/5b5t_sensitivity_sweep/data/param_56_rep_5,10000,5.0e-6,10.0,100.0,10,10000.0,0.9,25,0,0,0,0,0.0
/project/theorie/n/N.Pfaffenzeller/results_project/checkpoint/5b5t_sensitivity_sweep,param_57_rep_1,/project/theorie/n/N.Pfaffenzeller/results_project/checkpoint/5b5t_sensitivity_sweep/data/param_57_rep_1,10000,5.0e-6,10.0,0.1,100,5000.0,0.8,25,0,0,0,0,0.0
/project/theorie/n/N.Pfaffenzeller/results_project/checkpoint/5b5t_sensitivity_sweep,param_57_rep_1,/project/theorie/n/N.Pfaffenzeller/results_project/checkpoint/5b5t_sensitivity_sweep/data/param_57_rep_1,10000,5.0e-6,10.0,0.1,100,5000.0,0.9,25,0,0,0,0,0.0
/project/theorie/n/N.Pfaffenzeller/results_project/checkpoint/5b5t_sensitivity_sweep,param_57_rep_1,/project/theorie/n/N.Pfaffenzeller/results_project/checkpoint/5b5t_sensitivity_sweep/data/param_57_rep_1,10000,5.0e-6,10.0,0.1,100,10000.0,0.8,25,0,0,0,0,0.0
/project/theorie/n/N.Pfaffenzeller/results_project/checkpoint/5b5t_sensitivity_sweep,param_57_rep_1,/project/theorie/n/N.Pfaffenzeller/results_project/checkpoint/5b5t_sensitivity_sweep/data/param_57_rep_1,10000,5.0e-6,10.0,0.1,100,10000.0,0.9,25,0,0,0,0,0.0
/project/theorie/n/N.Pfaffenzeller/results_project/checkpoint/5b5t_sensitivity_sweep,param_57_rep_2,/project/theorie/n/N.Pfaffenzeller/results_project/checkpoint/5b5t_sensitivity_sweep/data/param_57_rep_2,10000,5.0e-6,10.0,0.1,100,5000.0,0.8,25,0,0,0,0,0.0
/project/theorie/n/N.Pfaffenzeller/results_project/checkpoint/5b5t_sensitivity_sweep,param_57_rep_2,/project/theorie/n/N.Pfaffenzeller/results_project/checkpoint/5b5t_sensitivity_sweep/data/param_57_rep_2,10000,5.0e-6,10.0,0.1,100,5000.0,0.9,25,0,0,0,0,0.0
/project/theorie/n/N.Pfaffenzeller/results_project/checkpoint/5b5t_sensitivity_sweep,param_57_rep_2,/project/theorie/n/N.Pfaffenzeller/results_project/checkpoint/5b5t_sensitivity_sweep/data/param_57_rep_2,10000,5.0e-6,10.0,0.1,100,10000.0,0.8,25,0,0,0,0,0.0
/project/theorie/n/N.Pfaffenzeller/results_project/checkpoint/5b5t_sensitivity_sweep,param_57_rep_2,/project/theorie/n/N.Pfaffenzeller/results_project/checkpoint/5b5t_sensitivity_sweep/data/param_57_rep_2,10000,5.0e-6,10.0,0.1,100,10000.0,0.9,25,0,0,0,0,0.0
/project/theorie/n/N.Pfaffenzeller/results_project/checkpoint/5b5t_sensitivity_sweep,param_57_rep_3,/project/theorie/n/N.Pfaffenzeller/results_project/checkpoint/5b5t_sensitivity_sweep/data/param_57_rep_3,10000,5.0e-6,10.0,0.1,100,5000.0,0.8,25,0,0,0,0,0.0
/project/theorie/n/N.Pfaffenzeller/results_project/checkpoint/5b5t_sensitivity_sweep,param_57_rep_3,/project/theorie/n/N.Pfaffenzeller/results_project/checkpoint/5b5t_sensitivity_sweep/data/param_57_rep_3,10000,5.0e-6,10.0,0.1,100,5000.0,0.9,25,0,0,0,0,0.0
/project/theorie/n/N.Pfaffenzeller/results_project/checkpoint/5b5t_sensitivity_sweep,param_57_rep_3,/project/theorie/n/N.Pfaffenzeller/results_project/checkpoint/5b5t_sensitivity_sweep/data/param_57_rep_3,10000,5.0e-6,10.0,0.1,100,10000.0,0.8,25,0,0,0,0,0.0
/project/theorie/n/N.Pfaffenzeller/results_project/checkpoint/5b5t_sensitivity_sweep,param_57_rep_3,/project/theorie/n/N.Pfaffenzeller/results_project/checkpoint/5b5t_sensitivity_sweep/data/param_57_rep_3,10000,5.0e-6,10.0,0.1,100,10000.0,0.9,25,0,0,0,0,0.0
/project/theorie/n/N.Pfaffenzeller/results_project/checkpoint/5b5t_sensitivity_sweep,param_57_rep_4,/project/theorie/n/N.Pfaffenzeller/results_project/checkpoint/5b5t_sensitivity_sweep/data/param_57_rep_4,10000,5.0e-6,10.0,0.1,100,5000.0,0.8,25,0,0,0,0,0.0
/project/theorie/n/N.Pfaffenzeller/results_project/checkpoint/5b5t_sensitivity_sweep,param_57_rep_4,/project/theorie/n/N.Pfaffenzeller/results_project/checkpoint/5b5t_sensitivity_sweep/data/param_57_rep_4,10000,5.0e-6,10.0,0.1,100,5000.0,0.9,25,0,0,0,0,0.0
/project/theorie/n/N.Pfaffenzeller/results_project/checkpoint/5b5t_sensitivity_sweep,param_57_rep_4,/project/theorie/n/N.Pfaffenzeller/results_project/checkpoint/5b5t_sensitivity_sweep/data/param_57_rep_4,10000,5.0e-6,10.0,0.1,100,10000.0,0.8,25,0,0,0,0,0.0
/project/theorie/n/N.Pfaffenzeller/results_project/checkpoint/5b5t_sensitivity_sweep,param_57_rep_4,/project/theorie/n/N.Pfaffenzeller/results_project/checkpoint/5b5t_sensitivity_sweep/data/param_57_rep_4,10000,5.0e-6,10.0,0.1,100,10000.0,0.9,25,0,0,0,0,0.0
/project/theorie/n/N.Pfaffenzeller/results_project/checkpoint/5b5t_sensitivity_sweep,param_57_rep_5,/project/theorie/n/N.Pfaffenzeller/results_project/checkpoint/5b5t_sensitivity_sweep/data/param_57_rep_5,10000,5.0e-6,10.0,0.1,100,5000.0,0.8,25,0,0,0,0,0.0
/project/theorie/n/N.Pfaffenzeller/results_project/checkpoint/5b5t_sensitivity_sweep,param_57_rep_5,/project/theorie/n/N.Pfaffenzeller/results_project/checkpoint/5b5t_sensitivity_sweep/data/param_57_rep_5,10000,5.0e-6,10.0,0.1,100,5000.0,0.9,25,0,0,0,0,0.0
/project/theorie/n/N.Pfaffenzeller/results_project/checkpoint/5b5t_sensitivity_sweep,param_57_rep_5,/project/theorie/n/N.Pfaffenzeller/results_project/checkpoint/5b5t_sensitivity_sweep/data/param_57_rep_5,10000,5.0e-6,10.0,0.1,100,10000.0,0.8,25,0,0,0,0,0.0
/project/theorie/n/N.Pfaffenzeller/results_project/checkpoint/5b5t_sensitivity_sweep,param_57_rep_5,/project/theorie/n/N.Pfaffenzeller/results_project/checkpoint/5b5t_sensitivity_sweep/data/param_57_rep_5,10000,5.0e-6,10.0,0.1,100,10000.0,0.9,25,0,0,0,0,0.0
/project/theorie/n/N.Pfaffenzeller/results_project/checkpoint/5b5t_sensitivity_sweep,param_58_rep_1,/project/theorie/n/N.Pfaffenzeller/results_project/checkpoint/5b5t_sensitivity_sweep/data/param_58_rep_1,10000,5.0e-6,10.0,1.0,100,5000.0,0.8,25,0,4,4,4,0.8
/project/theorie/n/N.Pfaffenzeller/results_project/checkpoint/5b5t_sensitivity_sweep,param_58_rep_1,/project/theorie/n/N.Pfaffenzeller/results_project/checkpoint/5b5t_sensitivity_sweep/data/param_58_rep_1,10000,5.0e-6,10.0,1.0,100,5000.0,0.9,25,0,0,0,0,0.0
/project/theorie/n/N.Pfaffenzeller/results_project/checkpoint/5b5t_sensitivity_sweep,param_58_rep_1,/project/theorie/n/N.Pfaffenzeller/results_project/checkpoint/5b5t_sensitivity_sweep/data/param_58_rep_1,10000,5.0e-6,10.0,1.0,100,10000.0,0.8,25,0,1,1,1,0.2
/project/theorie/n/N.Pfaffenzeller/results_project/checkpoint/5b5t_sensitivity_sweep,param_58_rep_1,/project/theorie/n/N.Pfaffenzeller/results_project/checkpoint/5b5t_sensitivity_sweep/data/param_58_rep_1,10000,5.0e-6,10.0,1.0,100,10000.0,0.9,25,0,0,0,0,0.0
/project/theorie/n/N.Pfaffenzeller/results_project/checkpoint/5b5t_sensitivity_sweep,param_58_rep_2,/project/theorie/n/N.Pfaffenzeller/results_project/checkpoint/5b5t_sensitivity_sweep/data/param_58_rep_2,10000,5.0e-6,10.0,1.0,100,5000.0,0.8,25,0,3,3,3,0.6
/project/theorie/n/N.Pfaffenzeller/results_project/checkpoint/5b5t_sensitivity_sweep,param_58_rep_2,/project/theorie/n/N.Pfaffenzeller/results_project/checkpoint/5b5t_sensitivity_sweep/data/param_58_rep_2,10000,5.0e-6,10.0,1.0,100,5000.0,0.9,25,0,0,0,0,0.0
/project/theorie/n/N.Pfaffenzeller/results_project/checkpoint/5b5t_sensitivity_sweep,param_58_rep_2,/project/theorie/n/N.Pfaffenzeller/results_project/checkpoint/5b5t_sensitivity_sweep/data/param_58_rep_2,10000,5.0e-6,10.0,1.0,100,10000.0,0.8,25,0,1,1,1,0.2
/project/theorie/n/N.Pfaffenzeller/results_project/checkpoint/5b5t_sensitivity_sweep,param_58_rep_2,/project/theorie/n/N.Pfaffenzeller/results_project/checkpoint/5b5t_sensitivity_sweep/data/param_58_rep_2,10000,5.0e-6,10.0,1.0,100,10000.0,0.9,25,0,0,0,0,0.0
/project/theorie/n/N.Pfaffenzeller/results_project/checkpoint/5b5t_sensitivity_sweep,param_58_rep_3,/project/theorie/n/N.Pfaffenzeller/results_project/checkpoint/5b5t_sensitivity_sweep/data/param_58_rep_3,10000,5.0e-6,10.0,1.0,100,5000.0,0.8,25,0,2,2,2,0.4
/project/theorie/n/N.Pfaffenzeller/results_project/checkpoint/5b5t_sensitivity_sweep,param_58_rep_3,/project/theorie/n/N.Pfaffenzeller/results_project/checkpoint/5b5t_sensitivity_sweep/data/param_58_rep_3,10000,5.0e-6,10.0,1.0,100,5000.0,0.9,25,0,1,1,1,0.2
/project/theorie/n/N.Pfaffenzeller/results_project/checkpoint/5b5t_sensitivity_sweep,param_58_rep_3,/project/theorie/n/N.Pfaffenzeller/results_project/checkpoint/5b5t_sensitivity_sweep/data/param_58_rep_3,10000,5.0e-6,10.0,1.0,100,10000.0,0.8,25,0,4,4,4,0.8
/project/theorie/n/N.Pfaffenzeller/results_project/checkpoint/5b5t_sensitivity_sweep,param_58_rep_3,/project/theorie/n/N.Pfaffenzeller/results_project/checkpoint/5b5t_sensitivity_sweep/data/param_58_rep_3,10000,5.0e-6,10.0,1.0,100,10000.0,0.9,25,0,0,0,0,0.0
/project/theorie/n/N.Pfaffenzeller/results_project/checkpoint/5b5t_sensitivity_sweep,param_58_rep_4,/project/theorie/n/N.Pfaffenzeller/results_project/checkpoint/5b5t_sensitivity_sweep/data/param_58_rep_4,10000,5.0e-6,10.0,1.0,100,5000.0,0.8,25,0,3,3,3,0.6
/project/theorie/n/N.Pfaffenzeller/results_project/checkpoint/5b5t_sensitivity_sweep,param_58_rep_4,/project/theorie/n/N.Pfaffenzeller/results_project/checkpoint/5b5t_sensitivity_sweep/data/param_58_rep_4,10000,5.0e-6,10.0,1.0,100,5000.0,0.9,25,0,0,0,0,0.0
/project/theorie/n/N.Pfaffenzeller/results_project/checkpoint/5b5t_sensitivity_sweep,param_58_rep_4,/project/theorie/n/N.Pfaffenzeller/results_project/checkpoint/5b5t_sensitivity_sweep/data/param_58_rep_4,10000,5.0e-6,10.0,1.0,100,10000.0,0.8,25,0,2,2,2,0.4
/project/theorie/n/N.Pfaffenzeller/results_project/checkpoint/5b5t_sensitivity_sweep,param_58_rep_4,/project/theorie/n/N.Pfaffenzeller/results_project/checkpoint/5b5t_sensitivity_sweep/data/param_58_rep_4,10000,5.0e-6,10.0,1.0,100,10000.0,0.9,25,0,0,0,0,0.0
/project/theorie/n/N.Pfaffenzeller/results_project/checkpoint/5b5t_sensitivity_sweep,param_58_rep_5,/project/theorie/n/N.Pfaffenzeller/results_project/checkpoint/5b5t_sensitivity_sweep/data/param_58_rep_5,10000,5.0e-6,10.0,1.0,100,5000.0,0.8,25,0,2,2,2,0.4
/project/theorie/n/N.Pfaffenzeller/results_project/checkpoint/5b5t_sensitivity_sweep,param_58_rep_5,/project/theorie/n/N.Pfaffenzeller/results_project/checkpoint/5b5t_sensitivity_sweep/data/param_58_rep_5,10000,5.0e-6,10.0,1.0,100,5000.0,0.9,25,0,1,1,1,0.2
/project/theorie/n/N.Pfaffenzeller/results_project/checkpoint/5b5t_sensitivity_sweep,param_58_rep_5,/project/theorie/n/N.Pfaffenzeller/results_project/checkpoint/5b5t_sensitivity_sweep/data/param_58_rep_5,10000,5.0e-6,10.0,1.0,100,10000.0,0.8,25,0,0,0,0,0.0
/project/theorie/n/N.Pfaffenzeller/results_project/checkpoint/5b5t_sensitivity_sweep,param_58_rep_5,/project/theorie/n/N.Pfaffenzeller/results_project/checkpoint/5b5t_sensitivity_sweep/data/param_58_rep_5,10000,5.0e-6,10.0,1.0,100,10000.0,0.9,25,0,0,0,0,0.0
/project/theorie/n/N.Pfaffenzeller/results_project/checkpoint/5b5t_sensitivity_sweep,param_59_rep_1,/project/theorie/n/N.Pfaffenzeller/results_project/checkpoint/5b5t_sensitivity_sweep/data/param_59_rep_1,10000,5.0e-6,10.0,10.0,100,5000.0,0.8,25,0,5,5,5,1.0
/project/theorie/n/N.Pfaffenzeller/results_project/checkpoint/5b5t_sensitivity_sweep,param_59_rep_1,/project/theorie/n/N.Pfaffenzeller/results_project/checkpoint/5b5t_sensitivity_sweep/data/param_59_rep_1,10000,5.0e-6,10.0,10.0,100,5000.0,0.9,25,0,5,5,5,1.0
/project/theorie/n/N.Pfaffenzeller/results_project/checkpoint/5b5t_sensitivity_sweep,param_59_rep_1,/project/theorie/n/N.Pfaffenzeller/results_project/checkpoint/5b5t_sensitivity_sweep/data/param_59_rep_1,10000,5.0e-6,10.0,10.0,100,10000.0,0.8,25,0,5,5,5,1.0
/project/theorie/n/N.Pfaffenzeller/results_project/checkpoint/5b5t_sensitivity_sweep,param_59_rep_1,/project/theorie/n/N.Pfaffenzeller/results_project/checkpoint/5b5t_sensitivity_sweep/data/param_59_rep_1,10000,5.0e-6,10.0,10.0,100,10000.0,0.9,25,0,5,5,5,1.0
/project/theorie/n/N.Pfaffenzeller/results_project/checkpoint/5b5t_sensitivity_sweep,param_59_rep_2,/project/theorie/n/N.Pfaffenzeller/results_project/checkpoint/5b5t_sensitivity_sweep/data/param_59_rep_2,10000,5.0e-6,10.0,10.0,100,5000.0,0.8,25,0,5,5,5,1.0
/project/theorie/n/N.Pfaffenzeller/results_project/checkpoint/5b5t_sensitivity_sweep,param_59_rep_2,/project/theorie/n/N.Pfaffenzeller/results_project/checkpoint/5b5t_sensitivity_sweep/data/param_59_rep_2,10000,5.0e-6,10.0,10.0,100,5000.0,0.9,25,0,5,5,5,1.0
/project/theorie/n/N.Pfaffenzeller/results_project/checkpoint/5b5t_sensitivity_sweep,param_59_rep_2,/project/theorie/n/N.Pfaffenzeller/results_project/checkpoint/5b5t_sensitivity_sweep/data/param_59_rep_2,10000,5.0e-6,10.0,10.0,100,10000.0,0.8,25,0,5,5,5,1.0
/project/theorie/n/N.Pfaffenzeller/results_project/checkpoint/5b5t_sensitivity_sweep,param_59_rep_2,/project/theorie/n/N.Pfaffenzeller/results_project/checkpoint/5b5t_sensitivity_sweep/data/param_59_rep_2,10000,5.0e-6,10.0,10.0,100,10000.0,0.9,25,0,5,5,5,1.0
/project/theorie/n/N.Pfaffenzeller/results_project/checkpoint/5b5t_sensitivity_sweep,param_59_rep_3,/project/theorie/n/N.Pfaffenzeller/results_project/checkpoint/5b5t_sensitivity_sweep/data/param_59_rep_3,10000,5.0e-6,10.0,10.0,100,5000.0,0.8,25,0,5,5,5,1.0
/project/theorie/n/N.Pfaffenzeller/results_project/checkpoint/5b5t_sensitivity_sweep,param_59_rep_3,/project/theorie/n/N.Pfaffenzeller/results_project/checkpoint/5b5t_sensitivity_sweep/data/param_59_rep_3,10000,5.0e-6,10.0,10.0,100,5000.0,0.9,25,0,5,5,5,1.0
/project/theorie/n/N.Pfaffenzeller/results_project/checkpoint/5b5t_sensitivity_sweep,param_59_rep_3,/project/theorie/n/N.Pfaffenzeller/results_project/checkpoint/5b5t_sensitivity_sweep/data/param_59_rep_3,10000,5.0e-6,10.0,10.0,100,10000.0,0.8,25,0,5,5,5,1.0
/project/theorie/n/N.Pfaffenzeller/results_project/checkpoint/5b5t_sensitivity_sweep,param_59_rep_3,/project/theorie/n/N.Pfaffenzeller/results_project/checkpoint/5b5t_sensitivity_sweep/data/param_59_rep_3,10000,5.0e-6,10.0,10.0,100,10000.0,0.9,25,0,4,4,4,0.8
/project/theorie/n/N.Pfaffenzeller/results_project/checkpoint/5b5t_sensitivity_sweep,param_59_rep_4,/project/theorie/n/N.Pfaffenzeller/results_project/checkpoint/5b5t_sensitivity_sweep/data/param_59_rep_4,10000,5.0e-6,10.0,10.0,100,5000.0,0.8,25,0,5,5,5,1.0
/project/theorie/n/N.Pfaffenzeller/results_project/checkpoint/5b5t_sensitivity_sweep,param_59_rep_4,/project/theorie/n/N.Pfaffenzeller/results_project/checkpoint/5b5t_sensitivity_sweep/data/param_59_rep_4,10000,5.0e-6,10.0,10.0,100,5000.0,0.9,25,0,5,5,5,1.0
/project/theorie/n/N.Pfaffenzeller/results_project/checkpoint/5b5t_sensitivity_sweep,param_59_rep_4,/project/theorie/n/N.Pfaffenzeller/results_project/checkpoint/5b5t_sensitivity_sweep/data/param_59_rep_4,10000,5.0e-6,10.0,10.0,100,10000.0,0.8,25,0,5,5,5,1.0
/project/theorie/n/N.Pfaffenzeller/results_project/checkpoint/5b5t_sensitivity_sweep,param_59_rep_4,/project/theorie/n/N.Pfaffenzeller/results_project/checkpoint/5b5t_sensitivity_sweep/data/param_59_rep_4,10000,5.0e-6,10.0,10.0,100,10000.0,0.9,25,0,5,5,5,1.0
/project/theorie/n/N.Pfaffenzeller/results_project/checkpoint/5b5t_sensitivity_sweep,param_59_rep_5,/project/theorie/n/N.Pfaffenzeller/results_project/checkpoint/5b5t_sensitivity_sweep/data/param_59_rep_5,10000,5.0e-6,10.0,10.0,100,5000.0,0.8,25,0,5,5,5,1.0
/project/theorie/n/N.Pfaffenzeller/results_project/checkpoint/5b5t_sensitivity_sweep,param_59_rep_5,/project/theorie/n/N.Pfaffenzeller/results_project/checkpoint/5b5t_sensitivity_sweep/data/param_59_rep_5,10000,5.0e-6,10.0,10.0,100,5000.0,0.9,25,0,5,5,5,1.0
/project/theorie/n/N.Pfaffenzeller/results_project/checkpoint/5b5t_sensitivity_sweep,param_59_rep_5,/project/theorie/n/N.Pfaffenzeller/results_project/checkpoint/5b5t_sensitivity_sweep/data/param_59_rep_5,10000,5.0e-6,10.0,10.0,100,10000.0,0.8,25,0,5,5,5,1.0
/project/theorie/n/N.Pfaffenzeller/results_project/checkpoint/5b5t_sensitivity_sweep,param_59_rep_5,/project/theorie/n/N.Pfaffenzeller/results_project/checkpoint/5b5t_sensitivity_sweep/data/param_59_rep_5,10000,5.0e-6,10.0,10.0,100,10000.0,0.9,25,0,5,5,5,1.0
/project/theorie/n/N.Pfaffenzeller/results_project/checkpoint/5b5t_sensitivity_sweep,param_5_rep_1,/project/theorie/n/N.Pfaffenzeller/results_project/checkpoint/5b5t_sensitivity_sweep/data/param_5_rep_1,10000,5.0e-6,0.1,0.1,10,5000.0,0.8,25,0,0,0,0,0.0
/project/theorie/n/N.Pfaffenzeller/results_project/checkpoint/5b5t_sensitivity_sweep,param_5_rep_1,/project/theorie/n/N.Pfaffenzeller/results_project/checkpoint/5b5t_sensitivity_sweep/data/param_5_rep_1,10000,5.0e-6,0.1,0.1,10,5000.0,0.9,25,0,0,0,0,0.0
/project/theorie/n/N.Pfaffenzeller/results_project/checkpoint/5b5t_sensitivity_sweep,param_5_rep_1,/project/theorie/n/N.Pfaffenzeller/results_project/checkpoint/5b5t_sensitivity_sweep/data/param_5_rep_1,10000,5.0e-6,0.1,0.1,10,10000.0,0.8,25,0,0,0,0,0.0
/project/theorie/n/N.Pfaffenzeller/results_project/checkpoint/5b5t_sensitivity_sweep,param_5_rep_1,/project/theorie/n/N.Pfaffenzeller/results_project/checkpoint/5b5t_sensitivity_sweep/data/param_5_rep_1,10000,5.0e-6,0.1,0.1,10,10000.0,0.9,25,0,0,0,0,0.0
/project/theorie/n/N.Pfaffenzeller/results_project/checkpoint/5b5t_sensitivity_sweep,param_5_rep_2,/project/theorie/n/N.Pfaffenzeller/results_project/checkpoint/5b5t_sensitivity_sweep/data/param_5_rep_2,10000,5.0e-6,0.1,0.1,10,5000.0,0.8,25,0,0,0,0,0.0
/project/theorie/n/N.Pfaffenzeller/results_project/checkpoint/5b5t_sensitivity_sweep,param_5_rep_2,/project/theorie/n/N.Pfaffenzeller/results_project/checkpoint/5b5t_sensitivity_sweep/data/param_5_rep_2,10000,5.0e-6,0.1,0.1,10,5000.0,0.9,25,0,0,0,0,0.0
/project/theorie/n/N.Pfaffenzeller/results_project/checkpoint/5b5t_sensitivity_sweep,param_5_rep_2,/project/theorie/n/N.Pfaffenzeller/results_project/checkpoint/5b5t_sensitivity_sweep/data/param_5_rep_2,10000,5.0e-6,0.1,0.1,10,10000.0,0.8,25,0,0,0,0,0.0
/project/theorie/n/N.Pfaffenzeller/results_project/checkpoint/5b5t_sensitivity_sweep,param_5_rep_2,/project/theorie/n/N.Pfaffenzeller/results_project/checkpoint/5b5t_sensitivity_sweep/data/param_5_rep_2,10000,5.0e-6,0.1,0.1,10,10000.0,0.9,25,0,0,0,0,0.0
/project/theorie/n/N.Pfaffenzeller/results_project/checkpoint/5b5t_sensitivity_sweep,param_5_rep_3,/project/theorie/n/N.Pfaffenzeller/results_project/checkpoint/5b5t_sensitivity_sweep/data/param_5_rep_3,10000,5.0e-6,0.1,0.1,10,5000.0,0.8,25,0,0,0,0,0.0
/project/theorie/n/N.Pfaffenzeller/results_project/checkpoint/5b5t_sensitivity_sweep,param_5_rep_3,/project/theorie/n/N.Pfaffenzeller/results_project/checkpoint/5b5t_sensitivity_sweep/data/param_5_rep_3,10000,5.0e-6,0.1,0.1,10,5000.0,0.9,25,0,0,0,0,0.0
/project/theorie/n/N.Pfaffenzeller/results_project/checkpoint/5b5t_sensitivity_sweep,param_5_rep_3,/project/theorie/n/N.Pfaffenzeller/results_project/checkpoint/5b5t_sensitivity_sweep/data/param_5_rep_3,10000,5.0e-6,0.1,0.1,10,10000.0,0.8,25,0,0,0,0,0.0
/project/theorie/n/N.Pfaffenzeller/results_project/checkpoint/5b5t_sensitivity_sweep,param_5_rep_3,/project/theorie/n/N.Pfaffenzeller/results_project/checkpoint/5b5t_sensitivity_sweep/data/param_5_rep_3,10000,5.0e-6,0.1,0.1,10,10000.0,0.9,25,0,0,0,0,0.0
/project/theorie/n/N.Pfaffenzeller/results_project/checkpoint/5b5t_sensitivity_sweep,param_5_rep_4,/project/theorie/n/N.Pfaffenzeller/results_project/checkpoint/5b5t_sensitivity_sweep/data/param_5_rep_4,10000,5.0e-6,0.1,0.1,10,5000.0,0.8,25,0,0,0,0,0.0
/project/theorie/n/N.Pfaffenzeller/results_project/checkpoint/5b5t_sensitivity_sweep,param_5_rep_4,/project/theorie/n/N.Pfaffenzeller/results_project/checkpoint/5b5t_sensitivity_sweep/data/param_5_rep_4,10000,5.0e-6,0.1,0.1,10,5000.0,0.9,25,0,0,0,0,0.0
/project/theorie/n/N.Pfaffenzeller/results_project/checkpoint/5b5t_sensitivity_sweep,param_5_rep_4,/project/theorie/n/N.Pfaffenzeller/results_project/checkpoint/5b5t_sensitivity_sweep/data/param_5_rep_4,10000,5.0e-6,0.1,0.1,10,10000.0,0.8,25,0,0,0,0,0.0
/project/theorie/n/N.Pfaffenzeller/results_project/checkpoint/5b5t_sensitivity_sweep,param_5_rep_4,/project/theorie/n/N.Pfaffenzeller/results_project/checkpoint/5b5t_sensitivity_sweep/data/param_5_rep_4,10000,5.0e-6,0.1,0.1,10,10000.0,0.9,25,0,0,0,0,0.0
/project/theorie/n/N.Pfaffenzeller/results_project/checkpoint/5b5t_sensitivity_sweep,param_5_rep_5,/project/theorie/n/N.Pfaffenzeller/results_project/checkpoint/5b5t_sensitivity_sweep/data/param_5_rep_5,10000,5.0e-6,0.1,0.1,10,5000.0,0.8,25,0,0,0,0,0.0
/project/theorie/n/N.Pfaffenzeller/results_project/checkpoint/5b5t_sensitivity_sweep,param_5_rep_5,/project/theorie/n/N.Pfaffenzeller/results_project/checkpoint/5b5t_sensitivity_sweep/data/param_5_rep_5,10000,5.0e-6,0.1,0.1,10,5000.0,0.9,25,0,0,0,0,0.0
/project/theorie/n/N.Pfaffenzeller/results_project/checkpoint/5b5t_sensitivity_sweep,param_5_rep_5,/project/theorie/n/N.Pfaffenzeller/results_project/checkpoint/5b5t_sensitivity_sweep/data/param_5_rep_5,10000,5.0e-6,0.1,0.1,10,10000.0,0.8,25,0,0,0,0,0.0
/project/theorie/n/N.Pfaffenzeller/results_project/checkpoint/5b5t_sensitivity_sweep,param_5_rep_5,/project/theorie/n/N.Pfaffenzeller/results_project/checkpoint/5b5t_sensitivity_sweep/data/param_5_rep_5,10000,5.0e-6,0.1,0.1,10,10000.0,0.9,25,0,0,0,0,0.0
/project/theorie/n/N.Pfaffenzeller/results_project/checkpoint/5b5t_sensitivity_sweep,param_60_rep_1,/project/theorie/n/N.Pfaffenzeller/results_project/checkpoint/5b5t_sensitivity_sweep/data/param_60_rep_1,10000,5.0e-6,10.0,100.0,100,5000.0,0.8,25,0,5,5,5,1.0
/project/theorie/n/N.Pfaffenzeller/results_project/checkpoint/5b5t_sensitivity_sweep,param_60_rep_1,/project/theorie/n/N.Pfaffenzeller/results_project/checkpoint/5b5t_sensitivity_sweep/data/param_60_rep_1,10000,5.0e-6,10.0,100.0,100,5000.0,0.9,25,0,5,5,5,1.0
/project/theorie/n/N.Pfaffenzeller/results_project/checkpoint/5b5t_sensitivity_sweep,param_60_rep_1,/project/theorie/n/N.Pfaffenzeller/results_project/checkpoint/5b5t_sensitivity_sweep/data/param_60_rep_1,10000,5.0e-6,10.0,100.0,100,10000.0,0.8,25,0,5,5,5,1.0
/project/theorie/n/N.Pfaffenzeller/results_project/checkpoint/5b5t_sensitivity_sweep,param_60_rep_1,/project/theorie/n/N.Pfaffenzeller/results_project/checkpoint/5b5t_sensitivity_sweep/data/param_60_rep_1,10000,5.0e-6,10.0,100.0,100,10000.0,0.9,25,0,5,5,5,1.0
/project/theorie/n/N.Pfaffenzeller/results_project/checkpoint/5b5t_sensitivity_sweep,param_60_rep_2,/project/theorie/n/N.Pfaffenzeller/results_project/checkpoint/5b5t_sensitivity_sweep/data/param_60_rep_2,10000,5.0e-6,10.0,100.0,100,5000.0,0.8,25,0,5,5,5,1.0
/project/theorie/n/N.Pfaffenzeller/results_project/checkpoint/5b5t_sensitivity_sweep,param_60_rep_2,/project/theorie/n/N.Pfaffenzeller/results_project/checkpoint/5b5t_sensitivity_sweep/data/param_60_rep_2,10000,5.0e-6,10.0,100.0,100,5000.0,0.9,25,0,5,5,5,1.0
/project/theorie/n/N.Pfaffenzeller/results_project/checkpoint/5b5t_sensitivity_sweep,param_60_rep_2,/project/theorie/n/N.Pfaffenzeller/results_project/checkpoint/5b5t_sensitivity_sweep/data/param_60_rep_2,10000,5.0e-6,10.0,100.0,100,10000.0,0.8,25,0,5,5,5,1.0
/project/theorie/n/N.Pfaffenzeller/results_project/checkpoint/5b5t_sensitivity_sweep,param_60_rep_2,/project/theorie/n/N.Pfaffenzeller/results_project/checkpoint/5b5t_sensitivity_sweep/data/param_60_rep_2,10000,5.0e-6,10.0,100.0,100,10000.0,0.9,25,0,5,5,5,1.0
/project/theorie/n/N.Pfaffenzeller/results_project/checkpoint/5b5t_sensitivity_sweep,param_60_rep_3,/project/theorie/n/N.Pfaffenzeller/results_project/checkpoint/5b5t_sensitivity_sweep/data/param_60_rep_3,10000,5.0e-6,10.0,100.0,100,5000.0,0.8,25,0,5,5,5,1.0
/project/theorie/n/N.Pfaffenzeller/results_project/checkpoint/5b5t_sensitivity_sweep,param_60_rep_3,/project/theorie/n/N.Pfaffenzeller/results_project/checkpoint/5b5t_sensitivity_sweep/data/param_60_rep_3,10000,5.0e-6,10.0,100.0,100,5000.0,0.9,25,0,5,5,5,1.0
/project/theorie/n/N.Pfaffenzeller/results_project/checkpoint/5b5t_sensitivity_sweep,param_60_rep_3,/project/theorie/n/N.Pfaffenzeller/results_project/checkpoint/5b5t_sensitivity_sweep/data/param_60_rep_3,10000,5.0e-6,10.0,100.0,100,10000.0,0.8,25,0,5,5,5,1.0
/project/theorie/n/N.Pfaffenzeller/results_project/checkpoint/5b5t_sensitivity_sweep,param_60_rep_3,/project/theorie/n/N.Pfaffenzeller/results_project/checkpoint/5b5t_sensitivity_sweep/data/param_60_rep_3,10000,5.0e-6,10.0,100.0,100,10000.0,0.9,25,0,5,5,5,1.0
/project/theorie/n/N.Pfaffenzeller/results_project/checkpoint/5b5t_sensitivity_sweep,param_60_rep_4,/project/theorie/n/N.Pfaffenzeller/results_project/checkpoint/5b5t_sensitivity_sweep/data/param_60_rep_4,10000,5.0e-6,10.0,100.0,100,5000.0,0.8,25,0,5,5,5,1.0
/project/theorie/n/N.Pfaffenzeller/results_project/checkpoint/5b5t_sensitivity_sweep,param_60_rep_4,/project/theorie/n/N.Pfaffenzeller/results_project/checkpoint/5b5t_sensitivity_sweep/data/param_60_rep_4,10000,5.0e-6,10.0,100.0,100,5000.0,0.9,25,0,5,5,5,1.0
/project/theorie/n/N.Pfaffenzeller/results_project/checkpoint/5b5t_sensitivity_sweep,param_60_rep_4,/project/theorie/n/N.Pfaffenzeller/results_project/checkpoint/5b5t_sensitivity_sweep/data/param_60_rep_4,10000,5.0e-6,10.0,100.0,100,10000.0,0.8,25,0,5,5,5,1.0
/project/theorie/n/N.Pfaffenzeller/results_project/checkpoint/5b5t_sensitivity_sweep,param_60_rep_4,/project/theorie/n/N.Pfaffenzeller/results_project/checkpoint/5b5t_sensitivity_sweep/data/param_60_rep_4,10000,5.0e-6,10.0,100.0,100,10000.0,0.9,25,0,5,5,5,1.0
/project/theorie/n/N.Pfaffenzeller/results_project/checkpoint/5b5t_sensitivity_sweep,param_60_rep_5,/project/theorie/n/N.Pfaffenzeller/results_project/checkpoint/5b5t_sensitivity_sweep/data/param_60_rep_5,10000,5.0e-6,10.0,100.0,100,5000.0,0.8,25,0,5,5,5,1.0
/project/theorie/n/N.Pfaffenzeller/results_project/checkpoint/5b5t_sensitivity_sweep,param_60_rep_5,/project/theorie/n/N.Pfaffenzeller/results_project/checkpoint/5b5t_sensitivity_sweep/data/param_60_rep_5,10000,5.0e-6,10.0,100.0,100,5000.0,0.9,25,0,5,5,5,1.0
/project/theorie/n/N.Pfaffenzeller/results_project/checkpoint/5b5t_sensitivity_sweep,param_60_rep_5,/project/theorie/n/N.Pfaffenzeller/results_project/checkpoint/5b5t_sensitivity_sweep/data/param_60_rep_5,10000,5.0e-6,10.0,100.0,100,10000.0,0.8,25,0,5,5,5,1.0
/project/theorie/n/N.Pfaffenzeller/results_project/checkpoint/5b5t_sensitivity_sweep,param_60_rep_5,/project/theorie/n/N.Pfaffenzeller/results_project/checkpoint/5b5t_sensitivity_sweep/data/param_60_rep_5,10000,5.0e-6,10.0,100.0,100,10000.0,0.9,25,0,5,5,5,1.0
/project/theorie/n/N.Pfaffenzeller/results_project/checkpoint/5b5t_sensitivity_sweep,param_61_rep_1,/project/theorie/n/N.Pfaffenzeller/results_project/checkpoint/5b5t_sensitivity_sweep/data/param_61_rep_1,10000,5.0e-6,10.0,0.1,1000,5000.0,0.8,25,0,0,0,0,0.0
/project/theorie/n/N.Pfaffenzeller/results_project/checkpoint/5b5t_sensitivity_sweep,param_61_rep_1,/project/theorie/n/N.Pfaffenzeller/results_project/checkpoint/5b5t_sensitivity_sweep/data/param_61_rep_1,10000,5.0e-6,10.0,0.1,1000,5000.0,0.9,25,0,0,0,0,0.0
/project/theorie/n/N.Pfaffenzeller/results_project/checkpoint/5b5t_sensitivity_sweep,param_61_rep_1,/project/theorie/n/N.Pfaffenzeller/results_project/checkpoint/5b5t_sensitivity_sweep/data/param_61_rep_1,10000,5.0e-6,10.0,0.1,1000,10000.0,0.8,25,0,0,0,0,0.0
/project/theorie/n/N.Pfaffenzeller/results_project/checkpoint/5b5t_sensitivity_sweep,param_61_rep_1,/project/theorie/n/N.Pfaffenzeller/results_project/checkpoint/5b5t_sensitivity_sweep/data/param_61_rep_1,10000,5.0e-6,10.0,0.1,1000,10000.0,0.9,25,0,0,0,0,0.0
/project/theorie/n/N.Pfaffenzeller/results_project/checkpoint/5b5t_sensitivity_sweep,param_61_rep_2,/project/theorie/n/N.Pfaffenzeller/results_project/checkpoint/5b5t_sensitivity_sweep/data/param_61_rep_2,10000,5.0e-6,10.0,0.1,1000,5000.0,0.8,25,0,0,0,0,0.0
/project/theorie/n/N.Pfaffenzeller/results_project/checkpoint/5b5t_sensitivity_sweep,param_61_rep_2,/project/theorie/n/N.Pfaffenzeller/results_project/checkpoint/5b5t_sensitivity_sweep/data/param_61_rep_2,10000,5.0e-6,10.0,0.1,1000,5000.0,0.9,25,0,0,0,0,0.0
/project/theorie/n/N.Pfaffenzeller/results_project/checkpoint/5b5t_sensitivity_sweep,param_61_rep_2,/project/theorie/n/N.Pfaffenzeller/results_project/checkpoint/5b5t_sensitivity_sweep/data/param_61_rep_2,10000,5.0e-6,10.0,0.1,1000,10000.0,0.8,25,0,0,0,0,0.0
/project/theorie/n/N.Pfaffenzeller/results_project/checkpoint/5b5t_sensitivity_sweep,param_61_rep_2,/project/theorie/n/N.Pfaffenzeller/results_project/checkpoint/5b5t_sensitivity_sweep/data/param_61_rep_2,10000,5.0e-6,10.0,0.1,1000,10000.0,0.9,25,0,0,0,0,0.0
/project/theorie/n/N.Pfaffenzeller/results_project/checkpoint/5b5t_sensitivity_sweep,param_61_rep_3,/project/theorie/n/N.Pfaffenzeller/results_project/checkpoint/5b5t_sensitivity_sweep/data/param_61_rep_3,10000,5.0e-6,10.0,0.1,1000,5000.0,0.8,25,0,0,0,0,0.0
/project/theorie/n/N.Pfaffenzeller/results_project/checkpoint/5b5t_sensitivity_sweep,param_61_rep_3,/project/theorie/n/N.Pfaffenzeller/results_project/checkpoint/5b5t_sensitivity_sweep/data/param_61_rep_3,10000,5.0e-6,10.0,0.1,1000,5000.0,0.9,25,0,0,0,0,0.0
/project/theorie/n/N.Pfaffenzeller/results_project/checkpoint/5b5t_sensitivity_sweep,param_61_rep_3,/project/theorie/n/N.Pfaffenzeller/results_project/checkpoint/5b5t_sensitivity_sweep/data/param_61_rep_3,10000,5.0e-6,10.0,0.1,1000,10000.0,0.8,25,0,0,0,0,0.0
/project/theorie/n/N.Pfaffenzeller/results_project/checkpoint/5b5t_sensitivity_sweep,param_61_rep_3,/project/theorie/n/N.Pfaffenzeller/results_project/checkpoint/5b5t_sensitivity_sweep/data/param_61_rep_3,10000,5.0e-6,10.0,0.1,1000,10000.0,0.9,25,0,0,0,0,0.0
/project/theorie/n/N.Pfaffenzeller/results_project/checkpoint/5b5t_sensitivity_sweep,param_61_rep_4,/project/theorie/n/N.Pfaffenzeller/results_project/checkpoint/5b5t_sensitivity_sweep/data/param_61_rep_4,10000,5.0e-6,10.0,0.1,1000,5000.0,0.8,25,0,0,0,0,0.0
/project/theorie/n/N.Pfaffenzeller/results_project/checkpoint/5b5t_sensitivity_sweep,param_61_rep_4,/project/theorie/n/N.Pfaffenzeller/results_project/checkpoint/5b5t_sensitivity_sweep/data/param_61_rep_4,10000,5.0e-6,10.0,0.1,1000,5000.0,0.9,25,0,0,0,0,0.0
/project/theorie/n/N.Pfaffenzeller/results_project/checkpoint/5b5t_sensitivity_sweep,param_61_rep_4,/project/theorie/n/N.Pfaffenzeller/results_project/checkpoint/5b5t_sensitivity_sweep/data/param_61_rep_4,10000,5.0e-6,10.0,0.1,1000,10000.0,0.8,25,0,0,0,0,0.0
/project/theorie/n/N.Pfaffenzeller/results_project/checkpoint/5b5t_sensitivity_sweep,param_61_rep_4,/project/theorie/n/N.Pfaffenzeller/results_project/checkpoint/5b5t_sensitivity_sweep/data/param_61_rep_4,10000,5.0e-6,10.0,0.1,1000,10000.0,0.9,25,0,0,0,0,0.0
/project/theorie/n/N.Pfaffenzeller/results_project/checkpoint/5b5t_sensitivity_sweep,param_61_rep_5,/project/theorie/n/N.Pfaffenzeller/results_project/checkpoint/5b5t_sensitivity_sweep/data/param_61_rep_5,10000,5.0e-6,10.0,0.1,1000,5000.0,0.8,25,0,0,0,0,0.0
/project/theorie/n/N.Pfaffenzeller/results_project/checkpoint/5b5t_sensitivity_sweep,param_61_rep_5,/project/theorie/n/N.Pfaffenzeller/results_project/checkpoint/5b5t_sensitivity_sweep/data/param_61_rep_5,10000,5.0e-6,10.0,0.1,1000,5000.0,0.9,25,0,0,0,0,0.0
/project/theorie/n/N.Pfaffenzeller/results_project/checkpoint/5b5t_sensitivity_sweep,param_61_rep_5,/project/theorie/n/N.Pfaffenzeller/results_project/checkpoint/5b5t_sensitivity_sweep/data/param_61_rep_5,10000,5.0e-6,10.0,0.1,1000,10000.0,0.8,25,0,0,0,0,0.0
/project/theorie/n/N.Pfaffenzeller/results_project/checkpoint/5b5t_sensitivity_sweep,param_61_rep_5,/project/theorie/n/N.Pfaffenzeller/results_project/checkpoint/5b5t_sensitivity_sweep/data/param_61_rep_5,10000,5.0e-6,10.0,0.1,1000,10000.0,0.9,25,0,0,0,0,0.0
/project/theorie/n/N.Pfaffenzeller/results_project/checkpoint/5b5t_sensitivity_sweep,param_62_rep_1,/project/theorie/n/N.Pfaffenzeller/results_project/checkpoint/5b5t_sensitivity_sweep/data/param_62_rep_1,10000,5.0e-6,10.0,1.0,1000,5000.0,0.8,25,0,5,5,5,1.0
/project/theorie/n/N.Pfaffenzeller/results_project/checkpoint/5b5t_sensitivity_sweep,param_62_rep_1,/project/theorie/n/N.Pfaffenzeller/results_project/checkpoint/5b5t_sensitivity_sweep/data/param_62_rep_1,10000,5.0e-6,10.0,1.0,1000,5000.0,0.9,25,0,0,0,0,0.0
/project/theorie/n/N.Pfaffenzeller/results_project/checkpoint/5b5t_sensitivity_sweep,param_62_rep_1,/project/theorie/n/N.Pfaffenzeller/results_project/checkpoint/5b5t_sensitivity_sweep/data/param_62_rep_1,10000,5.0e-6,10.0,1.0,1000,10000.0,0.8,25,0,2,2,2,0.4
/project/theorie/n/N.Pfaffenzeller/results_project/checkpoint/5b5t_sensitivity_sweep,param_62_rep_1,/project/theorie/n/N.Pfaffenzeller/results_project/checkpoint/5b5t_sensitivity_sweep/data/param_62_rep_1,10000,5.0e-6,10.0,1.0,1000,10000.0,0.9,25,0,0,0,0,0.0
/project/theorie/n/N.Pfaffenzeller/results_project/checkpoint/5b5t_sensitivity_sweep,param_62_rep_2,/project/theorie/n/N.Pfaffenzeller/results_project/checkpoint/5b5t_sensitivity_sweep/data/param_62_rep_2,10000,5.0e-6,10.0,1.0,1000,5000.0,0.8,25,0,4,4,4,0.8
/project/theorie/n/N.Pfaffenzeller/results_project/checkpoint/5b5t_sensitivity_sweep,param_62_rep_2,/project/theorie/n/N.Pfaffenzeller/results_project/checkpoint/5b5t_sensitivity_sweep/data/param_62_rep_2,10000,5.0e-6,10.0,1.0,1000,5000.0,0.9,25,0,1,1,1,0.2
/project/theorie/n/N.Pfaffenzeller/results_project/checkpoint/5b5t_sensitivity_sweep,param_62_rep_2,/project/theorie/n/N.Pfaffenzeller/results_project/checkpoint/5b5t_sensitivity_sweep/data/param_62_rep_2,10000,5.0e-6,10.0,1.0,1000,10000.0,0.8,25,0,1,1,1,0.2
/project/theorie/n/N.Pfaffenzeller/results_project/checkpoint/5b5t_sensitivity_sweep,param_62_rep_2,/project/theorie/n/N.Pfaffenzeller/results_project/checkpoint/5b5t_sensitivity_sweep/data/param_62_rep_2,10000,5.0e-6,10.0,1.0,1000,10000.0,0.9,25,0,0,0,0,0.0
/project/theorie/n/N.Pfaffenzeller/results_project/checkpoint/5b5t_sensitivity_sweep,param_62_rep_3,/project/theorie/n/N.Pfaffenzeller/results_project/checkpoint/5b5t_sensitivity_sweep/data/param_62_rep_3,10000,5.0e-6,10.0,1.0,1000,5000.0,0.8,25,0,2,2,2,0.4
/project/theorie/n/N.Pfaffenzeller/results_project/checkpoint/5b5t_sensitivity_sweep,param_62_rep_3,/project/theorie/n/N.Pfaffenzeller/results_project/checkpoint/5b5t_sensitivity_sweep/data/param_62_rep_3,10000,5.0e-6,10.0,1.0,1000,5000.0,0.9,25,0,0,0,0,0.0
/project/theorie/n/N.Pfaffenzeller/results_project/checkpoint/5b5t_sensitivity_sweep,param_62_rep_3,/project/theorie/n/N.Pfaffenzeller/results_project/checkpoint/5b5t_sensitivity_sweep/data/param_62_rep_3,10000,5.0e-6,10.0,1.0,1000,10000.0,0.8,25,0,1,1,1,0.2
/project/theorie/n/N.Pfaffenzeller/results_project/checkpoint/5b5t_sensitivity_sweep,param_62_rep_3,/project/theorie/n/N.Pfaffenzeller/results_project/checkpoint/5b5t_sensitivity_sweep/data/param_62_rep_3,10000,5.0e-6,10.0,1.0,1000,10000.0,0.9,25,0,0,0,0,0.0
/project/theorie/n/N.Pfaffenzeller/results_project/checkpoint/5b5t_sensitivity_sweep,param_62_rep_4,/project/theorie/n/N.Pfaffenzeller/results_project/checkpoint/5b5t_sensitivity_sweep/data/param_62_rep_4,10000,5.0e-6,10.0,1.0,1000,5000.0,0.8,25,0,2,2,2,0.4
/project/theorie/n/N.Pfaffenzeller/results_project/checkpoint/5b5t_sensitivity_sweep,param_62_rep_4,/project/theorie/n/N.Pfaffenzeller/results_project/checkpoint/5b5t_sensitivity_sweep/data/param_62_rep_4,10000,5.0e-6,10.0,1.0,1000,5000.0,0.9,25,0,0,0,0,0.0
/project/theorie/n/N.Pfaffenzeller/results_project/checkpoint/5b5t_sensitivity_sweep,param_62_rep_4,/project/theorie/n/N.Pfaffenzeller/results_project/checkpoint/5b5t_sensitivity_sweep/data/param_62_rep_4,10000,5.0e-6,10.0,1.0,1000,10000.0,0.8,25,0,1,1,1,0.2
/project/theorie/n/N.Pfaffenzeller/results_project/checkpoint/5b5t_sensitivity_sweep,param_62_rep_4,/project/theorie/n/N.Pfaffenzeller/results_project/checkpoint/5b5t_sensitivity_sweep/data/param_62_rep_4,10000,5.0e-6,10.0,1.0,1000,10000.0,0.9,25,0,0,0,0,0.0
/project/theorie/n/N.Pfaffenzeller/results_project/checkpoint/5b5t_sensitivity_sweep,param_62_rep_5,/project/theorie/n/N.Pfaffenzeller/results_project/checkpoint/5b5t_sensitivity_sweep/data/param_62_rep_5,10000,5.0e-6,10.0,1.0,1000,5000.0,0.8,25,0,3,3,3,0.6
/project/theorie/n/N.Pfaffenzeller/results_project/checkpoint/5b5t_sensitivity_sweep,param_62_rep_5,/project/theorie/n/N.Pfaffenzeller/results_project/checkpoint/5b5t_sensitivity_sweep/data/param_62_rep_5,10000,5.0e-6,10.0,1.0,1000,5000.0,0.9,25,0,1,1,1,0.2
/project/theorie/n/N.Pfaffenzeller/results_project/checkpoint/5b5t_sensitivity_sweep,param_62_rep_5,/project/theorie/n/N.Pfaffenzeller/results_project/checkpoint/5b5t_sensitivity_sweep/data/param_62_rep_5,10000,5.0e-6,10.0,1.0,1000,10000.0,0.8,25,0,1,1,1,0.2
/project/theorie/n/N.Pfaffenzeller/results_project/checkpoint/5b5t_sensitivity_sweep,param_62_rep_5,/project/theorie/n/N.Pfaffenzeller/results_project/checkpoint/5b5t_sensitivity_sweep/data/param_62_rep_5,10000,5.0e-6,10.0,1.0,1000,10000.0,0.9,25,0,0,0,0,0.0
/project/theorie/n/N.Pfaffenzeller/results_project/checkpoint/5b5t_sensitivity_sweep,param_63_rep_1,/project/theorie/n/N.Pfaffenzeller/results_project/checkpoint/5b5t_sensitivity_sweep/data/param_63_rep_1,10000,5.0e-6,10.0,10.0,1000,5000.0,0.8,25,0,5,5,5,1.0
/project/theorie/n/N.Pfaffenzeller/results_project/checkpoint/5b5t_sensitivity_sweep,param_63_rep_1,/project/theorie/n/N.Pfaffenzeller/results_project/checkpoint/5b5t_sensitivity_sweep/data/param_63_rep_1,10000,5.0e-6,10.0,10.0,1000,5000.0,0.9,25,0,5,5,5,1.0
/project/theorie/n/N.Pfaffenzeller/results_project/checkpoint/5b5t_sensitivity_sweep,param_63_rep_1,/project/theorie/n/N.Pfaffenzeller/results_project/checkpoint/5b5t_sensitivity_sweep/data/param_63_rep_1,10000,5.0e-6,10.0,10.0,1000,10000.0,0.8,25,0,5,5,5,1.0
/project/theorie/n/N.Pfaffenzeller/results_project/checkpoint/5b5t_sensitivity_sweep,param_63_rep_1,/project/theorie/n/N.Pfaffenzeller/results_project/checkpoint/5b5t_sensitivity_sweep/data/param_63_rep_1,10000,5.0e-6,10.0,10.0,1000,10000.0,0.9,25,0,5,5,5,1.0
/project/theorie/n/N.Pfaffenzeller/results_project/checkpoint/5b5t_sensitivity_sweep,param_63_rep_2,/project/theorie/n/N.Pfaffenzeller/results_project/checkpoint/5b5t_sensitivity_sweep/data/param_63_rep_2,10000,5.0e-6,10.0,10.0,1000,5000.0,0.8,25,0,5,5,5,1.0
/project/theorie/n/N.Pfaffenzeller/results_project/checkpoint/5b5t_sensitivity_sweep,param_63_rep_2,/project/theorie/n/N.Pfaffenzeller/results_project/checkpoint/5b5t_sensitivity_sweep/data/param_63_rep_2,10000,5.0e-6,10.0,10.0,1000,5000.0,0.9,25,0,5,5,5,1.0
/project/theorie/n/N.Pfaffenzeller/results_project/checkpoint/5b5t_sensitivity_sweep,param_63_rep_2,/project/theorie/n/N.Pfaffenzeller/results_project/checkpoint/5b5t_sensitivity_sweep/data/param_63_rep_2,10000,5.0e-6,10.0,10.0,1000,10000.0,0.8,25,0,5,5,5,1.0
/project/theorie/n/N.Pfaffenzeller/results_project/checkpoint/5b5t_sensitivity_sweep,param_63_rep_2,/project/theorie/n/N.Pfaffenzeller/results_project/checkpoint/5b5t_sensitivity_sweep/data/param_63_rep_2,10000,5.0e-6,10.0,10.0,1000,10000.0,0.9,25,0,5,5,5,1.0
/project/theorie/n/N.Pfaffenzeller/results_project/checkpoint/5b5t_sensitivity_sweep,param_63_rep_3,/project/theorie/n/N.Pfaffenzeller/results_project/checkpoint/5b5t_sensitivity_sweep/data/param_63_rep_3,10000,5.0e-6,10.0,10.0,1000,5000.0,0.8,25,0,5,5,5,1.0
/project/theorie/n/N.Pfaffenzeller/results_project/checkpoint/5b5t_sensitivity_sweep,param_63_rep_3,/project/theorie/n/N.Pfaffenzeller/results_project/checkpoint/5b5t_sensitivity_sweep/data/param_63_rep_3,10000,5.0e-6,10.0,10.0,1000,5000.0,0.9,25,0,5,5,5,1.0
/project/theorie/n/N.Pfaffenzeller/results_project/checkpoint/5b5t_sensitivity_sweep,param_63_rep_3,/project/theorie/n/N.Pfaffenzeller/results_project/checkpoint/5b5t_sensitivity_sweep/data/param_63_rep_3,10000,5.0e-6,10.0,10.0,1000,10000.0,0.8,25,0,5,5,5,1.0
/project/theorie/n/N.Pfaffenzeller/results_project/checkpoint/5b5t_sensitivity_sweep,param_63_rep_3,/project/theorie/n/N.Pfaffenzeller/results_project/checkpoint/5b5t_sensitivity_sweep/data/param_63_rep_3,10000,5.0e-6,10.0,10.0,1000,10000.0,0.9,25,0,5,5,5,1.0
/project/theorie/n/N.Pfaffenzeller/results_project/checkpoint/5b5t_sensitivity_sweep,param_63_rep_4,/project/theorie/n/N.Pfaffenzeller/results_project/checkpoint/5b5t_sensitivity_sweep/data/param_63_rep_4,10000,5.0e-6,10.0,10.0,1000,5000.0,0.8,25,0,5,5,5,1.0
/project/theorie/n/N.Pfaffenzeller/results_project/checkpoint/5b5t_sensitivity_sweep,param_63_rep_4,/project/theorie/n/N.Pfaffenzeller/results_project/checkpoint/5b5t_sensitivity_sweep/data/param_63_rep_4,10000,5.0e-6,10.0,10.0,1000,5000.0,0.9,25,0,5,5,5,1.0
/project/theorie/n/N.Pfaffenzeller/results_project/checkpoint/5b5t_sensitivity_sweep,param_63_rep_4,/project/theorie/n/N.Pfaffenzeller/results_project/checkpoint/5b5t_sensitivity_sweep/data/param_63_rep_4,10000,5.0e-6,10.0,10.0,1000,10000.0,0.8,25,0,5,5,5,1.0
/project/theorie/n/N.Pfaffenzeller/results_project/checkpoint/5b5t_sensitivity_sweep,param_63_rep_4,/project/theorie/n/N.Pfaffenzeller/results_project/checkpoint/5b5t_sensitivity_sweep/data/param_63_rep_4,10000,5.0e-6,10.0,10.0,1000,10000.0,0.9,25,0,5,5,5,1.0
/project/theorie/n/N.Pfaffenzeller/results_project/checkpoint/5b5t_sensitivity_sweep,param_63_rep_5,/project/theorie/n/N.Pfaffenzeller/results_project/checkpoint/5b5t_sensitivity_sweep/data/param_63_rep_5,10000,5.0e-6,10.0,10.0,1000,5000.0,0.8,25,0,5,5,5,1.0
/project/theorie/n/N.Pfaffenzeller/results_project/checkpoint/5b5t_sensitivity_sweep,param_63_rep_5,/project/theorie/n/N.Pfaffenzeller/results_project/checkpoint/5b5t_sensitivity_sweep/data/param_63_rep_5,10000,5.0e-6,10.0,10.0,1000,5000.0,0.9,25,0,5,5,5,1.0
/project/theorie/n/N.Pfaffenzeller/results_project/checkpoint/5b5t_sensitivity_sweep,param_63_rep_5,/project/theorie/n/N.Pfaffenzeller/results_project/checkpoint/5b5t_sensitivity_sweep/data/param_63_rep_5,10000,5.0e-6,10.0,10.0,1000,10000.0,0.8,25,0,5,5,5,1.0
/project/theorie/n/N.Pfaffenzeller/results_project/checkpoint/5b5t_sensitivity_sweep,param_63_rep_5,/project/theorie/n/N.Pfaffenzeller/results_project/checkpoint/5b5t_sensitivity_sweep/data/param_63_rep_5,10000,5.0e-6,10.0,10.0,1000,10000.0,0.9,25,0,5,5,5,1.0
/project/theorie/n/N.Pfaffenzeller/results_project/checkpoint/5b5t_sensitivity_sweep,param_64_rep_1,/project/theorie/n/N.Pfaffenzeller/results_project/checkpoint/5b5t_sensitivity_sweep/data/param_64_rep_1,10000,5.0e-6,10.0,100.0,1000,5000.0,0.8,25,0,5,5,5,1.0
/project/theorie/n/N.Pfaffenzeller/results_project/checkpoint/5b5t_sensitivity_sweep,param_64_rep_1,/project/theorie/n/N.Pfaffenzeller/results_project/checkpoint/5b5t_sensitivity_sweep/data/param_64_rep_1,10000,5.0e-6,10.0,100.0,1000,5000.0,0.9,25,0,5,5,5,1.0
/project/theorie/n/N.Pfaffenzeller/results_project/checkpoint/5b5t_sensitivity_sweep,param_64_rep_1,/project/theorie/n/N.Pfaffenzeller/results_project/checkpoint/5b5t_sensitivity_sweep/data/param_64_rep_1,10000,5.0e-6,10.0,100.0,1000,10000.0,0.8,25,0,5,5,5,1.0
/project/theorie/n/N.Pfaffenzeller/results_project/checkpoint/5b5t_sensitivity_sweep,param_64_rep_1,/project/theorie/n/N.Pfaffenzeller/results_project/checkpoint/5b5t_sensitivity_sweep/data/param_64_rep_1,10000,5.0e-6,10.0,100.0,1000,10000.0,0.9,25,0,5,5,5,1.0
/project/theorie/n/N.Pfaffenzeller/results_project/checkpoint/5b5t_sensitivity_sweep,param_64_rep_2,/project/theorie/n/N.Pfaffenzeller/results_project/checkpoint/5b5t_sensitivity_sweep/data/param_64_rep_2,10000,5.0e-6,10.0,100.0,1000,5000.0,0.8,25,0,5,5,5,1.0
/project/theorie/n/N.Pfaffenzeller/results_project/checkpoint/5b5t_sensitivity_sweep,param_64_rep_2,/project/theorie/n/N.Pfaffenzeller/results_project/checkpoint/5b5t_sensitivity_sweep/data/param_64_rep_2,10000,5.0e-6,10.0,100.0,1000,5000.0,0.9,25,0,5,5,5,1.0
/project/theorie/n/N.Pfaffenzeller/results_project/checkpoint/5b5t_sensitivity_sweep,param_64_rep_2,/project/theorie/n/N.Pfaffenzeller/results_project/checkpoint/5b5t_sensitivity_sweep/data/param_64_rep_2,10000,5.0e-6,10.0,100.0,1000,10000.0,0.8,25,0,5,5,5,1.0
/project/theorie/n/N.Pfaffenzeller/results_project/checkpoint/5b5t_sensitivity_sweep,param_64_rep_2,/project/theorie/n/N.Pfaffenzeller/results_project/checkpoint/5b5t_sensitivity_sweep/data/param_64_rep_2,10000,5.0e-6,10.0,100.0,1000,10000.0,0.9,25,0,5,5,5,1.0
/project/theorie/n/N.Pfaffenzeller/results_project/checkpoint/5b5t_sensitivity_sweep,param_64_rep_3,/project/theorie/n/N.Pfaffenzeller/results_project/checkpoint/5b5t_sensitivity_sweep/data/param_64_rep_3,10000,5.0e-6,10.0,100.0,1000,5000.0,0.8,25,0,5,5,5,1.0
/project/theorie/n/N.Pfaffenzeller/results_project/checkpoint/5b5t_sensitivity_sweep,param_64_rep_3,/project/theorie/n/N.Pfaffenzeller/results_project/checkpoint/5b5t_sensitivity_sweep/data/param_64_rep_3,10000,5.0e-6,10.0,100.0,1000,5000.0,0.9,25,0,5,5,5,1.0
/project/theorie/n/N.Pfaffenzeller/results_project/checkpoint/5b5t_sensitivity_sweep,param_64_rep_3,/project/theorie/n/N.Pfaffenzeller/results_project/checkpoint/5b5t_sensitivity_sweep/data/param_64_rep_3,10000,5.0e-6,10.0,100.0,1000,10000.0,0.8,25,0,5,5,5,1.0
/project/theorie/n/N.Pfaffenzeller/results_project/checkpoint/5b5t_sensitivity_sweep,param_64_rep_3,/project/theorie/n/N.Pfaffenzeller/results_project/checkpoint/5b5t_sensitivity_sweep/data/param_64_rep_3,10000,5.0e-6,10.0,100.0,1000,10000.0,0.9,25,0,5,5,5,1.0
/project/theorie/n/N.Pfaffenzeller/results_project/checkpoint/5b5t_sensitivity_sweep,param_64_rep_4,/project/theorie/n/N.Pfaffenzeller/results_project/checkpoint/5b5t_sensitivity_sweep/data/param_64_rep_4,10000,5.0e-6,10.0,100.0,1000,5000.0,0.8,25,0,5,5,5,1.0
/project/theorie/n/N.Pfaffenzeller/results_project/checkpoint/5b5t_sensitivity_sweep,param_64_rep_4,/project/theorie/n/N.Pfaffenzeller/results_project/checkpoint/5b5t_sensitivity_sweep/data/param_64_rep_4,10000,5.0e-6,10.0,100.0,1000,5000.0,0.9,25,0,5,5,5,1.0
/project/theorie/n/N.Pfaffenzeller/results_project/checkpoint/5b5t_sensitivity_sweep,param_64_rep_4,/project/theorie/n/N.Pfaffenzeller/results_project/checkpoint/5b5t_sensitivity_sweep/data/param_64_rep_4,10000,5.0e-6,10.0,100.0,1000,10000.0,0.8,25,0,5,5,5,1.0
/project/theorie/n/N.Pfaffenzeller/results_project/checkpoint/5b5t_sensitivity_sweep,param_64_rep_4,/project/theorie/n/N.Pfaffenzeller/results_project/checkpoint/5b5t_sensitivity_sweep/data/param_64_rep_4,10000,5.0e-6,10.0,100.0,1000,10000.0,0.9,25,0,5,5,5,1.0
/project/theorie/n/N.Pfaffenzeller/results_project/checkpoint/5b5t_sensitivity_sweep,param_64_rep_5,/project/theorie/n/N.Pfaffenzeller/results_project/checkpoint/5b5t_sensitivity_sweep/data/param_64_rep_5,10000,5.0e-6,10.0,100.0,1000,5000.0,0.8,25,0,5,5,5,1.0
/project/theorie/n/N.Pfaffenzeller/results_project/checkpoint/5b5t_sensitivity_sweep,param_64_rep_5,/project/theorie/n/N.Pfaffenzeller/results_project/checkpoint/5b5t_sensitivity_sweep/data/param_64_rep_5,10000,5.0e-6,10.0,100.0,1000,5000.0,0.9,25,0,5,5,5,1.0
/project/theorie/n/N.Pfaffenzeller/results_project/checkpoint/5b5t_sensitivity_sweep,param_64_rep_5,/project/theorie/n/N.Pfaffenzeller/results_project/checkpoint/5b5t_sensitivity_sweep/data/param_64_rep_5,10000,5.0e-6,10.0,100.0,1000,10000.0,0.8,25,0,5,5,5,1.0
/project/theorie/n/N.Pfaffenzeller/results_project/checkpoint/5b5t_sensitivity_sweep,param_64_rep_5,/project/theorie/n/N.Pfaffenzeller/results_project/checkpoint/5b5t_sensitivity_sweep/data/param_64_rep_5,10000,5.0e-6,10.0,100.0,1000,10000.0,0.9,25,0,5,5,5,1.0
/project/theorie/n/N.Pfaffenzeller/results_project/checkpoint/5b5t_sensitivity_sweep,param_65_rep_1,/project/theorie/n/N.Pfaffenzeller/results_project/checkpoint/5b5t_sensitivity_sweep/data/param_65_rep_1,10000,5.0e-6,10.0,0.1,10000,5000.0,0.8,25,0,0,0,0,0.0
/project/theorie/n/N.Pfaffenzeller/results_project/checkpoint/5b5t_sensitivity_sweep,param_65_rep_1,/project/theorie/n/N.Pfaffenzeller/results_project/checkpoint/5b5t_sensitivity_sweep/data/param_65_rep_1,10000,5.0e-6,10.0,0.1,10000,5000.0,0.9,25,0,0,0,0,0.0
/project/theorie/n/N.Pfaffenzeller/results_project/checkpoint/5b5t_sensitivity_sweep,param_65_rep_1,/project/theorie/n/N.Pfaffenzeller/results_project/checkpoint/5b5t_sensitivity_sweep/data/param_65_rep_1,10000,5.0e-6,10.0,0.1,10000,10000.0,0.8,25,0,0,0,0,0.0
/project/theorie/n/N.Pfaffenzeller/results_project/checkpoint/5b5t_sensitivity_sweep,param_65_rep_1,/project/theorie/n/N.Pfaffenzeller/results_project/checkpoint/5b5t_sensitivity_sweep/data/param_65_rep_1,10000,5.0e-6,10.0,0.1,10000,10000.0,0.9,25,0,0,0,0,0.0
/project/theorie/n/N.Pfaffenzeller/results_project/checkpoint/5b5t_sensitivity_sweep,param_65_rep_2,/project/theorie/n/N.Pfaffenzeller/results_project/checkpoint/5b5t_sensitivity_sweep/data/param_65_rep_2,10000,5.0e-6,10.0,0.1,10000,5000.0,0.8,25,0,0,0,0,0.0
/project/theorie/n/N.Pfaffenzeller/results_project/checkpoint/5b5t_sensitivity_sweep,param_65_rep_2,/project/theorie/n/N.Pfaffenzeller/results_project/checkpoint/5b5t_sensitivity_sweep/data/param_65_rep_2,10000,5.0e-6,10.0,0.1,10000,5000.0,0.9,25,0,0,0,0,0.0
/project/theorie/n/N.Pfaffenzeller/results_project/checkpoint/5b5t_sensitivity_sweep,param_65_rep_2,/project/theorie/n/N.Pfaffenzeller/results_project/checkpoint/5b5t_sensitivity_sweep/data/param_65_rep_2,10000,5.0e-6,10.0,0.1,10000,10000.0,0.8,25,0,0,0,0,0.0
/project/theorie/n/N.Pfaffenzeller/results_project/checkpoint/5b5t_sensitivity_sweep,param_65_rep_2,/project/theorie/n/N.Pfaffenzeller/results_project/checkpoint/5b5t_sensitivity_sweep/data/param_65_rep_2,10000,5.0e-6,10.0,0.1,10000,10000.0,0.9,25,0,0,0,0,0.0
/project/theorie/n/N.Pfaffenzeller/results_project/checkpoint/5b5t_sensitivity_sweep,param_65_rep_3,/project/theorie/n/N.Pfaffenzeller/results_project/checkpoint/5b5t_sensitivity_sweep/data/param_65_rep_3,10000,5.0e-6,10.0,0.1,10000,5000.0,0.8,25,0,0,0,0,0.0
/project/theorie/n/N.Pfaffenzeller/results_project/checkpoint/5b5t_sensitivity_sweep,param_65_rep_3,/project/theorie/n/N.Pfaffenzeller/results_project/checkpoint/5b5t_sensitivity_sweep/data/param_65_rep_3,10000,5.0e-6,10.0,0.1,10000,5000.0,0.9,25,0,0,0,0,0.0
/project/theorie/n/N.Pfaffenzeller/results_project/checkpoint/5b5t_sensitivity_sweep,param_65_rep_3,/project/theorie/n/N.Pfaffenzeller/results_project/checkpoint/5b5t_sensitivity_sweep/data/param_65_rep_3,10000,5.0e-6,10.0,0.1,10000,10000.0,0.8,25,0,0,0,0,0.0
/project/theorie/n/N.Pfaffenzeller/results_project/checkpoint/5b5t_sensitivity_sweep,param_65_rep_3,/project/theorie/n/N.Pfaffenzeller/results_project/checkpoint/5b5t_sensitivity_sweep/data/param_65_rep_3,10000,5.0e-6,10.0,0.1,10000,10000.0,0.9,25,0,0,0,0,0.0
/project/theorie/n/N.Pfaffenzeller/results_project/checkpoint/5b5t_sensitivity_sweep,param_65_rep_4,/project/theorie/n/N.Pfaffenzeller/results_project/checkpoint/5b5t_sensitivity_sweep/data/param_65_rep_4,10000,5.0e-6,10.0,0.1,10000,5000.0,0.8,25,0,0,0,0,0.0
/project/theorie/n/N.Pfaffenzeller/results_project/checkpoint/5b5t_sensitivity_sweep,param_65_rep_4,/project/theorie/n/N.Pfaffenzeller/results_project/checkpoint/5b5t_sensitivity_sweep/data/param_65_rep_4,10000,5.0e-6,10.0,0.1,10000,5000.0,0.9,25,0,0,0,0,0.0
/project/theorie/n/N.Pfaffenzeller/results_project/checkpoint/5b5t_sensitivity_sweep,param_65_rep_4,/project/theorie/n/N.Pfaffenzeller/results_project/checkpoint/5b5t_sensitivity_sweep/data/param_65_rep_4,10000,5.0e-6,10.0,0.1,10000,10000.0,0.8,25,0,0,0,0,0.0
/project/theorie/n/N.Pfaffenzeller/results_project/checkpoint/5b5t_sensitivity_sweep,param_65_rep_4,/project/theorie/n/N.Pfaffenzeller/results_project/checkpoint/5b5t_sensitivity_sweep/data/param_65_rep_4,10000,5.0e-6,10.0,0.1,10000,10000.0,0.9,25,0,0,0,0,0.0
/project/theorie/n/N.Pfaffenzeller/results_project/checkpoint/5b5t_sensitivity_sweep,param_65_rep_5,/project/theorie/n/N.Pfaffenzeller/results_project/checkpoint/5b5t_sensitivity_sweep/data/param_65_rep_5,10000,5.0e-6,10.0,0.1,10000,5000.0,0.8,25,0,0,0,0,0.0
/project/theorie/n/N.Pfaffenzeller/results_project/checkpoint/5b5t_sensitivity_sweep,param_65_rep_5,/project/theorie/n/N.Pfaffenzeller/results_project/checkpoint/5b5t_sensitivity_sweep/data/param_65_rep_5,10000,5.0e-6,10.0,0.1,10000,5000.0,0.9,25,0,0,0,0,0.0
/project/theorie/n/N.Pfaffenzeller/results_project/checkpoint/5b5t_sensitivity_sweep,param_65_rep_5,/project/theorie/n/N.Pfaffenzeller/results_project/checkpoint/5b5t_sensitivity_sweep/data/param_65_rep_5,10000,5.0e-6,10.0,0.1,10000,10000.0,0.8,25,0,0,0,0,0.0
/project/theorie/n/N.Pfaffenzeller/results_project/checkpoint/5b5t_sensitivity_sweep,param_65_rep_5,/project/theorie/n/N.Pfaffenzeller/results_project/checkpoint/5b5t_sensitivity_sweep/data/param_65_rep_5,10000,5.0e-6,10.0,0.1,10000,10000.0,0.9,25,0,0,0,0,0.0
/project/theorie/n/N.Pfaffenzeller/results_project/checkpoint/5b5t_sensitivity_sweep,param_66_rep_1,/project/theorie/n/N.Pfaffenzeller/results_project/checkpoint/5b5t_sensitivity_sweep/data/param_66_rep_1,10000,5.0e-6,10.0,1.0,10000,5000.0,0.8,25,0,2,2,2,0.4
/project/theorie/n/N.Pfaffenzeller/results_project/checkpoint/5b5t_sensitivity_sweep,param_66_rep_1,/project/theorie/n/N.Pfaffenzeller/results_project/checkpoint/5b5t_sensitivity_sweep/data/param_66_rep_1,10000,5.0e-6,10.0,1.0,10000,5000.0,0.9,25,0,1,1,1,0.2
/project/theorie/n/N.Pfaffenzeller/results_project/checkpoint/5b5t_sensitivity_sweep,param_66_rep_1,/project/theorie/n/N.Pfaffenzeller/results_project/checkpoint/5b5t_sensitivity_sweep/data/param_66_rep_1,10000,5.0e-6,10.0,1.0,10000,10000.0,0.8,25,0,1,1,1,0.2
/project/theorie/n/N.Pfaffenzeller/results_project/checkpoint/5b5t_sensitivity_sweep,param_66_rep_1,/project/theorie/n/N.Pfaffenzeller/results_project/checkpoint/5b5t_sensitivity_sweep/data/param_66_rep_1,10000,5.0e-6,10.0,1.0,10000,10000.0,0.9,25,0,0,0,0,0.0
/project/theorie/n/N.Pfaffenzeller/results_project/checkpoint/5b5t_sensitivity_sweep,param_66_rep_2,/project/theorie/n/N.Pfaffenzeller/results_project/checkpoint/5b5t_sensitivity_sweep/data/param_66_rep_2,10000,5.0e-6,10.0,1.0,10000,5000.0,0.8,25,0,2,2,2,0.4
/project/theorie/n/N.Pfaffenzeller/results_project/checkpoint/5b5t_sensitivity_sweep,param_66_rep_2,/project/theorie/n/N.Pfaffenzeller/results_project/checkpoint/5b5t_sensitivity_sweep/data/param_66_rep_2,10000,5.0e-6,10.0,1.0,10000,5000.0,0.9,25,0,0,0,0,0.0
/project/theorie/n/N.Pfaffenzeller/results_project/checkpoint/5b5t_sensitivity_sweep,param_66_rep_2,/project/theorie/n/N.Pfaffenzeller/results_project/checkpoint/5b5t_sensitivity_sweep/data/param_66_rep_2,10000,5.0e-6,10.0,1.0,10000,10000.0,0.8,25,0,1,1,1,0.2
/project/theorie/n/N.Pfaffenzeller/results_project/checkpoint/5b5t_sensitivity_sweep,param_66_rep_2,/project/theorie/n/N.Pfaffenzeller/results_project/checkpoint/5b5t_sensitivity_sweep/data/param_66_rep_2,10000,5.0e-6,10.0,1.0,10000,10000.0,0.9,25,0,0,0,0,0.0
/project/theorie/n/N.Pfaffenzeller/results_project/checkpoint/5b5t_sensitivity_sweep,param_66_rep_3,/project/theorie/n/N.Pfaffenzeller/results_project/checkpoint/5b5t_sensitivity_sweep/data/param_66_rep_3,10000,5.0e-6,10.0,1.0,10000,5000.0,0.8,25,0,4,4,4,0.8
/project/theorie/n/N.Pfaffenzeller/results_project/checkpoint/5b5t_sensitivity_sweep,param_66_rep_3,/project/theorie/n/N.Pfaffenzeller/results_project/checkpoint/5b5t_sensitivity_sweep/data/param_66_rep_3,10000,5.0e-6,10.0,1.0,10000,5000.0,0.9,25,0,0,0,0,0.0
/project/theorie/n/N.Pfaffenzeller/results_project/checkpoint/5b5t_sensitivity_sweep,param_66_rep_3,/project/theorie/n/N.Pfaffenzeller/results_project/checkpoint/5b5t_sensitivity_sweep/data/param_66_rep_3,10000,5.0e-6,10.0,1.0,10000,10000.0,0.8,25,0,0,0,0,0.0
/project/theorie/n/N.Pfaffenzeller/results_project/checkpoint/5b5t_sensitivity_sweep,param_66_rep_3,/project/theorie/n/N.Pfaffenzeller/results_project/checkpoint/5b5t_sensitivity_sweep/data/param_66_rep_3,10000,5.0e-6,10.0,1.0,10000,10000.0,0.9,25,0,0,0,0,0.0
/project/theorie/n/N.Pfaffenzeller/results_project/checkpoint/5b5t_sensitivity_sweep,param_66_rep_4,/project/theorie/n/N.Pfaffenzeller/results_project/checkpoint/5b5t_sensitivity_sweep/data/param_66_rep_4,10000,5.0e-6,10.0,1.0,10000,5000.0,0.8,25,0,3,3,3,0.6
/project/theorie/n/N.Pfaffenzeller/results_project/checkpoint/5b5t_sensitivity_sweep,param_66_rep_4,/project/theorie/n/N.Pfaffenzeller/results_project/checkpoint/5b5t_sensitivity_sweep/data/param_66_rep_4,10000,5.0e-6,10.0,1.0,10000,5000.0,0.9,25,0,0,0,0,0.0
/project/theorie/n/N.Pfaffenzeller/results_project/checkpoint/5b5t_sensitivity_sweep,param_66_rep_4,/project/theorie/n/N.Pfaffenzeller/results_project/checkpoint/5b5t_sensitivity_sweep/data/param_66_rep_4,10000,5.0e-6,10.0,1.0,10000,10000.0,0.8,25,0,3,3,3,0.6
/project/theorie/n/N.Pfaffenzeller/results_project/checkpoint/5b5t_sensitivity_sweep,param_66_rep_4,/project/theorie/n/N.Pfaffenzeller/results_project/checkpoint/5b5t_sensitivity_sweep/data/param_66_rep_4,10000,5.0e-6,10.0,1.0,10000,10000.0,0.9,25,0,0,0,0,0.0
/project/theorie/n/N.Pfaffenzeller/results_project/checkpoint/5b5t_sensitivity_sweep,param_66_rep_5,/project/theorie/n/N.Pfaffenzeller/results_project/checkpoint/5b5t_sensitivity_sweep/data/param_66_rep_5,10000,5.0e-6,10.0,1.0,10000,5000.0,0.8,25,0,3,3,3,0.6
/project/theorie/n/N.Pfaffenzeller/results_project/checkpoint/5b5t_sensitivity_sweep,param_66_rep_5,/project/theorie/n/N.Pfaffenzeller/results_project/checkpoint/5b5t_sensitivity_sweep/data/param_66_rep_5,10000,5.0e-6,10.0,1.0,10000,5000.0,0.9,25,0,1,1,1,0.2
/project/theorie/n/N.Pfaffenzeller/results_project/checkpoint/5b5t_sensitivity_sweep,param_66_rep_5,/project/theorie/n/N.Pfaffenzeller/results_project/checkpoint/5b5t_sensitivity_sweep/data/param_66_rep_5,10000,5.0e-6,10.0,1.0,10000,10000.0,0.8,25,0,0,0,0,0.0
/project/theorie/n/N.Pfaffenzeller/results_project/checkpoint/5b5t_sensitivity_sweep,param_66_rep_5,/project/theorie/n/N.Pfaffenzeller/results_project/checkpoint/5b5t_sensitivity_sweep/data/param_66_rep_5,10000,5.0e-6,10.0,1.0,10000,10000.0,0.9,25,0,0,0,0,0.0
/project/theorie/n/N.Pfaffenzeller/results_project/checkpoint/5b5t_sensitivity_sweep,param_67_rep_1,/project/theorie/n/N.Pfaffenzeller/results_project/checkpoint/5b5t_sensitivity_sweep/data/param_67_rep_1,10000,5.0e-6,10.0,10.0,10000,5000.0,0.8,25,0,5,5,5,1.0
/project/theorie/n/N.Pfaffenzeller/results_project/checkpoint/5b5t_sensitivity_sweep,param_67_rep_1,/project/theorie/n/N.Pfaffenzeller/results_project/checkpoint/5b5t_sensitivity_sweep/data/param_67_rep_1,10000,5.0e-6,10.0,10.0,10000,5000.0,0.9,25,0,5,5,5,1.0
/project/theorie/n/N.Pfaffenzeller/results_project/checkpoint/5b5t_sensitivity_sweep,param_67_rep_1,/project/theorie/n/N.Pfaffenzeller/results_project/checkpoint/5b5t_sensitivity_sweep/data/param_67_rep_1,10000,5.0e-6,10.0,10.0,10000,10000.0,0.8,25,0,5,5,5,1.0
/project/theorie/n/N.Pfaffenzeller/results_project/checkpoint/5b5t_sensitivity_sweep,param_67_rep_1,/project/theorie/n/N.Pfaffenzeller/results_project/checkpoint/5b5t_sensitivity_sweep/data/param_67_rep_1,10000,5.0e-6,10.0,10.0,10000,10000.0,0.9,25,0,5,5,5,1.0
/project/theorie/n/N.Pfaffenzeller/results_project/checkpoint/5b5t_sensitivity_sweep,param_67_rep_2,/project/theorie/n/N.Pfaffenzeller/results_project/checkpoint/5b5t_sensitivity_sweep/data/param_67_rep_2,10000,5.0e-6,10.0,10.0,10000,5000.0,0.8,25,0,5,5,5,1.0
/project/theorie/n/N.Pfaffenzeller/results_project/checkpoint/5b5t_sensitivity_sweep,param_67_rep_2,/project/theorie/n/N.Pfaffenzeller/results_project/checkpoint/5b5t_sensitivity_sweep/data/param_67_rep_2,10000,5.0e-6,10.0,10.0,10000,5000.0,0.9,25,0,5,5,5,1.0
/project/theorie/n/N.Pfaffenzeller/results_project/checkpoint/5b5t_sensitivity_sweep,param_67_rep_2,/project/theorie/n/N.Pfaffenzeller/results_project/checkpoint/5b5t_sensitivity_sweep/data/param_67_rep_2,10000,5.0e-6,10.0,10.0,10000,10000.0,0.8,25,0,5,5,5,1.0
/project/theorie/n/N.Pfaffenzeller/results_project/checkpoint/5b5t_sensitivity_sweep,param_67_rep_2,/project/theorie/n/N.Pfaffenzeller/results_project/checkpoint/5b5t_sensitivity_sweep/data/param_67_rep_2,10000,5.0e-6,10.0,10.0,10000,10000.0,0.9,25,0,5,5,5,1.0
/project/theorie/n/N.Pfaffenzeller/results_project/checkpoint/5b5t_sensitivity_sweep,param_67_rep_3,/project/theorie/n/N.Pfaffenzeller/results_project/checkpoint/5b5t_sensitivity_sweep/data/param_67_rep_3,10000,5.0e-6,10.0,10.0,10000,5000.0,0.8,25,0,5,5,5,1.0
/project/theorie/n/N.Pfaffenzeller/results_project/checkpoint/5b5t_sensitivity_sweep,param_67_rep_3,/project/theorie/n/N.Pfaffenzeller/results_project/checkpoint/5b5t_sensitivity_sweep/data/param_67_rep_3,10000,5.0e-6,10.0,10.0,10000,5000.0,0.9,25,0,5,5,5,1.0
/project/theorie/n/N.Pfaffenzeller/results_project/checkpoint/5b5t_sensitivity_sweep,param_67_rep_3,/project/theorie/n/N.Pfaffenzeller/results_project/checkpoint/5b5t_sensitivity_sweep/data/param_67_rep_3,10000,5.0e-6,10.0,10.0,10000,10000.0,0.8,25,0,5,5,5,1.0
/project/theorie/n/N.Pfaffenzeller/results_project/checkpoint/5b5t_sensitivity_sweep,param_67_rep_3,/project/theorie/n/N.Pfaffenzeller/results_project/checkpoint/5b5t_sensitivity_sweep/data/param_67_rep_3,10000,5.0e-6,10.0,10.0,10000,10000.0,0.9,25,0,5,5,5,1.0
/project/theorie/n/N.Pfaffenzeller/results_project/checkpoint/5b5t_sensitivity_sweep,param_67_rep_4,/project/theorie/n/N.Pfaffenzeller/results_project/checkpoint/5b5t_sensitivity_sweep/data/param_67_rep_4,10000,5.0e-6,10.0,10.0,10000,5000.0,0.8,25,0,5,5,5,1.0
/project/theorie/n/N.Pfaffenzeller/results_project/checkpoint/5b5t_sensitivity_sweep,param_67_rep_4,/project/theorie/n/N.Pfaffenzeller/results_project/checkpoint/5b5t_sensitivity_sweep/data/param_67_rep_4,10000,5.0e-6,10.0,10.0,10000,5000.0,0.9,25,0,5,5,5,1.0
/project/theorie/n/N.Pfaffenzeller/results_project/checkpoint/5b5t_sensitivity_sweep,param_67_rep_4,/project/theorie/n/N.Pfaffenzeller/results_project/checkpoint/5b5t_sensitivity_sweep/data/param_67_rep_4,10000,5.0e-6,10.0,10.0,10000,10000.0,0.8,25,0,5,5,5,1.0
/project/theorie/n/N.Pfaffenzeller/results_project/checkpoint/5b5t_sensitivity_sweep,param_67_rep_4,/project/theorie/n/N.Pfaffenzeller/results_project/checkpoint/5b5t_sensitivity_sweep/data/param_67_rep_4,10000,5.0e-6,10.0,10.0,10000,10000.0,0.9,25,0,5,5,5,1.0
/project/theorie/n/N.Pfaffenzeller/results_project/checkpoint/5b5t_sensitivity_sweep,param_67_rep_5,/project/theorie/n/N.Pfaffenzeller/results_project/checkpoint/5b5t_sensitivity_sweep/data/param_67_rep_5,10000,5.0e-6,10.0,10.0,10000,5000.0,0.8,25,0,5,5,5,1.0
/project/theorie/n/N.Pfaffenzeller/results_project/checkpoint/5b5t_sensitivity_sweep,param_67_rep_5,/project/theorie/n/N.Pfaffenzeller/results_project/checkpoint/5b5t_sensitivity_sweep/data/param_67_rep_5,10000,5.0e-6,10.0,10.0,10000,5000.0,0.9,25,0,5,5,5,1.0
/project/theorie/n/N.Pfaffenzeller/results_project/checkpoint/5b5t_sensitivity_sweep,param_67_rep_5,/project/theorie/n/N.Pfaffenzeller/results_project/checkpoint/5b5t_sensitivity_sweep/data/param_67_rep_5,10000,5.0e-6,10.0,10.0,10000,10000.0,0.8,25,0,5,5,5,1.0
/project/theorie/n/N.Pfaffenzeller/results_project/checkpoint/5b5t_sensitivity_sweep,param_67_rep_5,/project/theorie/n/N.Pfaffenzeller/results_project/checkpoint/5b5t_sensitivity_sweep/data/param_67_rep_5,10000,5.0e-6,10.0,10.0,10000,10000.0,0.9,25,0,5,5,5,1.0
/project/theorie/n/N.Pfaffenzeller/results_project/checkpoint/5b5t_sensitivity_sweep,param_68_rep_1,/project/theorie/n/N.Pfaffenzeller/results_project/checkpoint/5b5t_sensitivity_sweep/data/param_68_rep_1,10000,5.0e-6,10.0,100.0,10000,5000.0,0.8,25,0,5,5,5,1.0
/project/theorie/n/N.Pfaffenzeller/results_project/checkpoint/5b5t_sensitivity_sweep,param_68_rep_1,/project/theorie/n/N.Pfaffenzeller/results_project/checkpoint/5b5t_sensitivity_sweep/data/param_68_rep_1,10000,5.0e-6,10.0,100.0,10000,5000.0,0.9,25,0,5,5,5,1.0
/project/theorie/n/N.Pfaffenzeller/results_project/checkpoint/5b5t_sensitivity_sweep,param_68_rep_1,/project/theorie/n/N.Pfaffenzeller/results_project/checkpoint/5b5t_sensitivity_sweep/data/param_68_rep_1,10000,5.0e-6,10.0,100.0,10000,10000.0,0.8,25,0,5,5,5,1.0
/project/theorie/n/N.Pfaffenzeller/results_project/checkpoint/5b5t_sensitivity_sweep,param_68_rep_1,/project/theorie/n/N.Pfaffenzeller/results_project/checkpoint/5b5t_sensitivity_sweep/data/param_68_rep_1,10000,5.0e-6,10.0,100.0,10000,10000.0,0.9,25,0,5,5,5,1.0
/project/theorie/n/N.Pfaffenzeller/results_project/checkpoint/5b5t_sensitivity_sweep,param_68_rep_2,/project/theorie/n/N.Pfaffenzeller/results_project/checkpoint/5b5t_sensitivity_sweep/data/param_68_rep_2,10000,5.0e-6,10.0,100.0,10000,5000.0,0.8,25,0,5,5,5,1.0
/project/theorie/n/N.Pfaffenzeller/results_project/checkpoint/5b5t_sensitivity_sweep,param_68_rep_2,/project/theorie/n/N.Pfaffenzeller/results_project/checkpoint/5b5t_sensitivity_sweep/data/param_68_rep_2,10000,5.0e-6,10.0,100.0,10000,5000.0,0.9,25,0,5,5,5,1.0
/project/theorie/n/N.Pfaffenzeller/results_project/checkpoint/5b5t_sensitivity_sweep,param_68_rep_2,/project/theorie/n/N.Pfaffenzeller/results_project/checkpoint/5b5t_sensitivity_sweep/data/param_68_rep_2,10000,5.0e-6,10.0,100.0,10000,10000.0,0.8,25,0,5,5,5,1.0
/project/theorie/n/N.Pfaffenzeller/results_project/checkpoint/5b5t_sensitivity_sweep,param_68_rep_2,/project/theorie/n/N.Pfaffenzeller/results_project/checkpoint/5b5t_sensitivity_sweep/data/param_68_rep_2,10000,5.0e-6,10.0,100.0,10000,10000.0,0.9,25,0,5,5,5,1.0
/project/theorie/n/N.Pfaffenzeller/results_project/checkpoint/5b5t_sensitivity_sweep,param_68_rep_3,/project/theorie/n/N.Pfaffenzeller/results_project/checkpoint/5b5t_sensitivity_sweep/data/param_68_rep_3,10000,5.0e-6,10.0,100.0,10000,5000.0,0.8,25,0,5,5,5,1.0
/project/theorie/n/N.Pfaffenzeller/results_project/checkpoint/5b5t_sensitivity_sweep,param_68_rep_3,/project/theorie/n/N.Pfaffenzeller/results_project/checkpoint/5b5t_sensitivity_sweep/data/param_68_rep_3,10000,5.0e-6,10.0,100.0,10000,5000.0,0.9,25,0,5,5,5,1.0
/project/theorie/n/N.Pfaffenzeller/results_project/checkpoint/5b5t_sensitivity_sweep,param_68_rep_3,/project/theorie/n/N.Pfaffenzeller/results_project/checkpoint/5b5t_sensitivity_sweep/data/param_68_rep_3,10000,5.0e-6,10.0,100.0,10000,10000.0,0.8,25,0,5,5,5,1.0
/project/theorie/n/N.Pfaffenzeller/results_project/checkpoint/5b5t_sensitivity_sweep,param_68_rep_3,/project/theorie/n/N.Pfaffenzeller/results_project/checkpoint/5b5t_sensitivity_sweep/data/param_68_rep_3,10000,5.0e-6,10.0,100.0,10000,10000.0,0.9,25,0,5,5,5,1.0
/project/theorie/n/N.Pfaffenzeller/results_project/checkpoint/5b5t_sensitivity_sweep,param_68_rep_4,/project/theorie/n/N.Pfaffenzeller/results_project/checkpoint/5b5t_sensitivity_sweep/data/param_68_rep_4,10000,5.0e-6,10.0,100.0,10000,5000.0,0.8,25,0,5,5,5,1.0
/project/theorie/n/N.Pfaffenzeller/results_project/checkpoint/5b5t_sensitivity_sweep,param_68_rep_4,/project/theorie/n/N.Pfaffenzeller/results_project/checkpoint/5b5t_sensitivity_sweep/data/param_68_rep_4,10000,5.0e-6,10.0,100.0,10000,5000.0,0.9,25,0,5,5,5,1.0
/project/theorie/n/N.Pfaffenzeller/results_project/checkpoint/5b5t_sensitivity_sweep,param_68_rep_4,/project/theorie/n/N.Pfaffenzeller/results_project/checkpoint/5b5t_sensitivity_sweep/data/param_68_rep_4,10000,5.0e-6,10.0,100.0,10000,10000.0,0.8,25,0,5,5,5,1.0
/project/theorie/n/N.Pfaffenzeller/results_project/checkpoint/5b5t_sensitivity_sweep,param_68_rep_4,/project/theorie/n/N.Pfaffenzeller/results_project/checkpoint/5b5t_sensitivity_sweep/data/param_68_rep_4,10000,5.0e-6,10.0,100.0,10000,10000.0,0.9,25,0,5,5,5,1.0
/project/theorie/n/N.Pfaffenzeller/results_project/checkpoint/5b5t_sensitivity_sweep,param_68_rep_5,/project/theorie/n/N.Pfaffenzeller/results_project/checkpoint/5b5t_sensitivity_sweep/data/param_68_rep_5,10000,5.0e-6,10.0,100.0,10000,5000.0,0.8,25,0,5,5,5,1.0
/project/theorie/n/N.Pfaffenzeller/results_project/checkpoint/5b5t_sensitivity_sweep,param_68_rep_5,/project/theorie/n/N.Pfaffenzeller/results_project/checkpoint/5b5t_sensitivity_sweep/data/param_68_rep_5,10000,5.0e-6,10.0,100.0,10000,5000.0,0.9,25,0,5,5,5,1.0
/project/theorie/n/N.Pfaffenzeller/results_project/checkpoint/5b5t_sensitivity_sweep,param_68_rep_5,/project/theorie/n/N.Pfaffenzeller/results_project/checkpoint/5b5t_sensitivity_sweep/data/param_68_rep_5,10000,5.0e-6,10.0,100.0,10000,10000.0,0.8,25,0,5,5,5,1.0
/project/theorie/n/N.Pfaffenzeller/results_project/checkpoint/5b5t_sensitivity_sweep,param_68_rep_5,/project/theorie/n/N.Pfaffenzeller/results_project/checkpoint/5b5t_sensitivity_sweep/data/param_68_rep_5,10000,5.0e-6,10.0,100.0,10000,10000.0,0.9,25,0,5,5,5,1.0
/project/theorie/n/N.Pfaffenzeller/results_project/checkpoint/5b5t_sensitivity_sweep,param_69_rep_1,/project/theorie/n/N.Pfaffenzeller/results_project/checkpoint/5b5t_sensitivity_sweep/data/param_69_rep_1,10000,5.0e-6,10.0,0.1,100000,5000.0,0.8,25,0,0,0,0,0.0
/project/theorie/n/N.Pfaffenzeller/results_project/checkpoint/5b5t_sensitivity_sweep,param_69_rep_1,/project/theorie/n/N.Pfaffenzeller/results_project/checkpoint/5b5t_sensitivity_sweep/data/param_69_rep_1,10000,5.0e-6,10.0,0.1,100000,5000.0,0.9,25,0,0,0,0,0.0
/project/theorie/n/N.Pfaffenzeller/results_project/checkpoint/5b5t_sensitivity_sweep,param_69_rep_1,/project/theorie/n/N.Pfaffenzeller/results_project/checkpoint/5b5t_sensitivity_sweep/data/param_69_rep_1,10000,5.0e-6,10.0,0.1,100000,10000.0,0.8,25,0,0,0,0,0.0
/project/theorie/n/N.Pfaffenzeller/results_project/checkpoint/5b5t_sensitivity_sweep,param_69_rep_1,/project/theorie/n/N.Pfaffenzeller/results_project/checkpoint/5b5t_sensitivity_sweep/data/param_69_rep_1,10000,5.0e-6,10.0,0.1,100000,10000.0,0.9,25,0,0,0,0,0.0
/project/theorie/n/N.Pfaffenzeller/results_project/checkpoint/5b5t_sensitivity_sweep,param_69_rep_2,/project/theorie/n/N.Pfaffenzeller/results_project/checkpoint/5b5t_sensitivity_sweep/data/param_69_rep_2,10000,5.0e-6,10.0,0.1,100000,5000.0,0.8,25,0,0,0,0,0.0
/project/theorie/n/N.Pfaffenzeller/results_project/checkpoint/5b5t_sensitivity_sweep,param_69_rep_2,/project/theorie/n/N.Pfaffenzeller/results_project/checkpoint/5b5t_sensitivity_sweep/data/param_69_rep_2,10000,5.0e-6,10.0,0.1,100000,5000.0,0.9,25,0,0,0,0,0.0
/project/theorie/n/N.Pfaffenzeller/results_project/checkpoint/5b5t_sensitivity_sweep,param_69_rep_2,/project/theorie/n/N.Pfaffenzeller/results_project/checkpoint/5b5t_sensitivity_sweep/data/param_69_rep_2,10000,5.0e-6,10.0,0.1,100000,10000.0,0.8,25,0,0,0,0,0.0
/project/theorie/n/N.Pfaffenzeller/results_project/checkpoint/5b5t_sensitivity_sweep,param_69_rep_2,/project/theorie/n/N.Pfaffenzeller/results_project/checkpoint/5b5t_sensitivity_sweep/data/param_69_rep_2,10000,5.0e-6,10.0,0.1,100000,10000.0,0.9,25,0,0,0,0,0.0
/project/theorie/n/N.Pfaffenzeller/results_project/checkpoint/5b5t_sensitivity_sweep,param_69_rep_3,/project/theorie/n/N.Pfaffenzeller/results_project/checkpoint/5b5t_sensitivity_sweep/data/param_69_rep_3,10000,5.0e-6,10.0,0.1,100000,5000.0,0.8,25,0,0,0,0,0.0
/project/theorie/n/N.Pfaffenzeller/results_project/checkpoint/5b5t_sensitivity_sweep,param_69_rep_3,/project/theorie/n/N.Pfaffenzeller/results_project/checkpoint/5b5t_sensitivity_sweep/data/param_69_rep_3,10000,5.0e-6,10.0,0.1,100000,5000.0,0.9,25,0,0,0,0,0.0
/project/theorie/n/N.Pfaffenzeller/results_project/checkpoint/5b5t_sensitivity_sweep,param_69_rep_3,/project/theorie/n/N.Pfaffenzeller/results_project/checkpoint/5b5t_sensitivity_sweep/data/param_69_rep_3,10000,5.0e-6,10.0,0.1,100000,10000.0,0.8,25,0,0,0,0,0.0
/project/theorie/n/N.Pfaffenzeller/results_project/checkpoint/5b5t_sensitivity_sweep,param_69_rep_3,/project/theorie/n/N.Pfaffenzeller/results_project/checkpoint/5b5t_sensitivity_sweep/data/param_69_rep_3,10000,5.0e-6,10.0,0.1,100000,10000.0,0.9,25,0,0,0,0,0.0
/project/theorie/n/N.Pfaffenzeller/results_project/checkpoint/5b5t_sensitivity_sweep,param_69_rep_4,/project/theorie/n/N.Pfaffenzeller/results_project/checkpoint/5b5t_sensitivity_sweep/data/param_69_rep_4,10000,5.0e-6,10.0,0.1,100000,5000.0,0.8,25,0,0,0,0,0.0
/project/theorie/n/N.Pfaffenzeller/results_project/checkpoint/5b5t_sensitivity_sweep,param_69_rep_4,/project/theorie/n/N.Pfaffenzeller/results_project/checkpoint/5b5t_sensitivity_sweep/data/param_69_rep_4,10000,5.0e-6,10.0,0.1,100000,5000.0,0.9,25,0,0,0,0,0.0
/project/theorie/n/N.Pfaffenzeller/results_project/checkpoint/5b5t_sensitivity_sweep,param_69_rep_4,/project/theorie/n/N.Pfaffenzeller/results_project/checkpoint/5b5t_sensitivity_sweep/data/param_69_rep_4,10000,5.0e-6,10.0,0.1,100000,10000.0,0.8,25,0,0,0,0,0.0
/project/theorie/n/N.Pfaffenzeller/results_project/checkpoint/5b5t_sensitivity_sweep,param_69_rep_4,/project/theorie/n/N.Pfaffenzeller/results_project/checkpoint/5b5t_sensitivity_sweep/data/param_69_rep_4,10000,5.0e-6,10.0,0.1,100000,10000.0,0.9,25,0,0,0,0,0.0
/project/theorie/n/N.Pfaffenzeller/results_project/checkpoint/5b5t_sensitivity_sweep,param_69_rep_5,/project/theorie/n/N.Pfaffenzeller/results_project/checkpoint/5b5t_sensitivity_sweep/data/param_69_rep_5,10000,5.0e-6,10.0,0.1,100000,5000.0,0.8,25,0,0,0,0,0.0
/project/theorie/n/N.Pfaffenzeller/results_project/checkpoint/5b5t_sensitivity_sweep,param_69_rep_5,/project/theorie/n/N.Pfaffenzeller/results_project/checkpoint/5b5t_sensitivity_sweep/data/param_69_rep_5,10000,5.0e-6,10.0,0.1,100000,5000.0,0.9,25,0,0,0,0,0.0
/project/theorie/n/N.Pfaffenzeller/results_project/checkpoint/5b5t_sensitivity_sweep,param_69_rep_5,/project/theorie/n/N.Pfaffenzeller/results_project/checkpoint/5b5t_sensitivity_sweep/data/param_69_rep_5,10000,5.0e-6,10.0,0.1,100000,10000.0,0.8,25,0,0,0,0,0.0
/project/theorie/n/N.Pfaffenzeller/results_project/checkpoint/5b5t_sensitivity_sweep,param_69_rep_5,/project/theorie/n/N.Pfaffenzeller/results_project/checkpoint/5b5t_sensitivity_sweep/data/param_69_rep_5,10000,5.0e-6,10.0,0.1,100000,10000.0,0.9,25,0,0,0,0,0.0
/project/theorie/n/N.Pfaffenzeller/results_project/checkpoint/5b5t_sensitivity_sweep,param_6_rep_1,/project/theorie/n/N.Pfaffenzeller/results_project/checkpoint/5b5t_sensitivity_sweep/data/param_6_rep_1,10000,5.0e-6,0.1,1.0,10,5000.0,0.8,25,0,0,0,0,0.0
/project/theorie/n/N.Pfaffenzeller/results_project/checkpoint/5b5t_sensitivity_sweep,param_6_rep_1,/project/theorie/n/N.Pfaffenzeller/results_project/checkpoint/5b5t_sensitivity_sweep/data/param_6_rep_1,10000,5.0e-6,0.1,1.0,10,5000.0,0.9,25,0,0,0,0,0.0
/project/theorie/n/N.Pfaffenzeller/results_project/checkpoint/5b5t_sensitivity_sweep,param_6_rep_1,/project/theorie/n/N.Pfaffenzeller/results_project/checkpoint/5b5t_sensitivity_sweep/data/param_6_rep_1,10000,5.0e-6,0.1,1.0,10,10000.0,0.8,25,0,0,0,0,0.0
/project/theorie/n/N.Pfaffenzeller/results_project/checkpoint/5b5t_sensitivity_sweep,param_6_rep_1,/project/theorie/n/N.Pfaffenzeller/results_project/checkpoint/5b5t_sensitivity_sweep/data/param_6_rep_1,10000,5.0e-6,0.1,1.0,10,10000.0,0.9,25,0,0,0,0,0.0
/project/theorie/n/N.Pfaffenzeller/results_project/checkpoint/5b5t_sensitivity_sweep,param_6_rep_2,/project/theorie/n/N.Pfaffenzeller/results_project/checkpoint/5b5t_sensitivity_sweep/data/param_6_rep_2,10000,5.0e-6,0.1,1.0,10,5000.0,0.8,25,0,0,0,0,0.0
/project/theorie/n/N.Pfaffenzeller/results_project/checkpoint/5b5t_sensitivity_sweep,param_6_rep_2,/project/theorie/n/N.Pfaffenzeller/results_project/checkpoint/5b5t_sensitivity_sweep/data/param_6_rep_2,10000,5.0e-6,0.1,1.0,10,5000.0,0.9,25,0,0,0,0,0.0
/project/theorie/n/N.Pfaffenzeller/results_project/checkpoint/5b5t_sensitivity_sweep,param_6_rep_2,/project/theorie/n/N.Pfaffenzeller/results_project/checkpoint/5b5t_sensitivity_sweep/data/param_6_rep_2,10000,5.0e-6,0.1,1.0,10,10000.0,0.8,25,0,0,0,0,0.0
/project/theorie/n/N.Pfaffenzeller/results_project/checkpoint/5b5t_sensitivity_sweep,param_6_rep_2,/project/theorie/n/N.Pfaffenzeller/results_project/checkpoint/5b5t_sensitivity_sweep/data/param_6_rep_2,10000,5.0e-6,0.1,1.0,10,10000.0,0.9,25,0,0,0,0,0.0
/project/theorie/n/N.Pfaffenzeller/results_project/checkpoint/5b5t_sensitivity_sweep,param_6_rep_3,/project/theorie/n/N.Pfaffenzeller/results_project/checkpoint/5b5t_sensitivity_sweep/data/param_6_rep_3,10000,5.0e-6,0.1,1.0,10,5000.0,0.8,25,0,0,0,0,0.0
/project/theorie/n/N.Pfaffenzeller/results_project/checkpoint/5b5t_sensitivity_sweep,param_6_rep_3,/project/theorie/n/N.Pfaffenzeller/results_project/checkpoint/5b5t_sensitivity_sweep/data/param_6_rep_3,10000,5.0e-6,0.1,1.0,10,5000.0,0.9,25,0,0,0,0,0.0
/project/theorie/n/N.Pfaffenzeller/results_project/checkpoint/5b5t_sensitivity_sweep,param_6_rep_3,/project/theorie/n/N.Pfaffenzeller/results_project/checkpoint/5b5t_sensitivity_sweep/data/param_6_rep_3,10000,5.0e-6,0.1,1.0,10,10000.0,0.8,25,0,0,0,0,0.0
/project/theorie/n/N.Pfaffenzeller/results_project/checkpoint/5b5t_sensitivity_sweep,param_6_rep_3,/project/theorie/n/N.Pfaffenzeller/results_project/checkpoint/5b5t_sensitivity_sweep/data/param_6_rep_3,10000,5.0e-6,0.1,1.0,10,10000.0,0.9,25,0,0,0,0,0.0
/project/theorie/n/N.Pfaffenzeller/results_project/checkpoint/5b5t_sensitivity_sweep,param_6_rep_4,/project/theorie/n/N.Pfaffenzeller/results_project/checkpoint/5b5t_sensitivity_sweep/data/param_6_rep_4,10000,5.0e-6,0.1,1.0,10,5000.0,0.8,25,0,0,0,0,0.0
/project/theorie/n/N.Pfaffenzeller/results_project/checkpoint/5b5t_sensitivity_sweep,param_6_rep_4,/project/theorie/n/N.Pfaffenzeller/results_project/checkpoint/5b5t_sensitivity_sweep/data/param_6_rep_4,10000,5.0e-6,0.1,1.0,10,5000.0,0.9,25,0,0,0,0,0.0
/project/theorie/n/N.Pfaffenzeller/results_project/checkpoint/5b5t_sensitivity_sweep,param_6_rep_4,/project/theorie/n/N.Pfaffenzeller/results_project/checkpoint/5b5t_sensitivity_sweep/data/param_6_rep_4,10000,5.0e-6,0.1,1.0,10,10000.0,0.8,25,0,0,0,0,0.0
/project/theorie/n/N.Pfaffenzeller/results_project/checkpoint/5b5t_sensitivity_sweep,param_6_rep_4,/project/theorie/n/N.Pfaffenzeller/results_project/checkpoint/5b5t_sensitivity_sweep/data/param_6_rep_4,10000,5.0e-6,0.1,1.0,10,10000.0,0.9,25,0,0,0,0,0.0
/project/theorie/n/N.Pfaffenzeller/results_project/checkpoint/5b5t_sensitivity_sweep,param_6_rep_5,/project/theorie/n/N.Pfaffenzeller/results_project/checkpoint/5b5t_sensitivity_sweep/data/param_6_rep_5,10000,5.0e-6,0.1,1.0,10,5000.0,0.8,25,0,0,0,0,0.0
/project/theorie/n/N.Pfaffenzeller/results_project/checkpoint/5b5t_sensitivity_sweep,param_6_rep_5,/project/theorie/n/N.Pfaffenzeller/results_project/checkpoint/5b5t_sensitivity_sweep/data/param_6_rep_5,10000,5.0e-6,0.1,1.0,10,5000.0,0.9,25,0,0,0,0,0.0
/project/theorie/n/N.Pfaffenzeller/results_project/checkpoint/5b5t_sensitivity_sweep,param_6_rep_5,/project/theorie/n/N.Pfaffenzeller/results_project/checkpoint/5b5t_sensitivity_sweep/data/param_6_rep_5,10000,5.0e-6,0.1,1.0,10,10000.0,0.8,25,0,0,0,0,0.0
/project/theorie/n/N.Pfaffenzeller/results_project/checkpoint/5b5t_sensitivity_sweep,param_6_rep_5,/project/theorie/n/N.Pfaffenzeller/results_project/checkpoint/5b5t_sensitivity_sweep/data/param_6_rep_5,10000,5.0e-6,0.1,1.0,10,10000.0,0.9,25,0,0,0,0,0.0
/project/theorie/n/N.Pfaffenzeller/results_project/checkpoint/5b5t_sensitivity_sweep,param_70_rep_1,/project/theorie/n/N.Pfaffenzeller/results_project/checkpoint/5b5t_sensitivity_sweep/data/param_70_rep_1,10000,5.0e-6,10.0,1.0,100000,5000.0,0.8,25,0,3,3,3,0.6
/project/theorie/n/N.Pfaffenzeller/results_project/checkpoint/5b5t_sensitivity_sweep,param_70_rep_1,/project/theorie/n/N.Pfaffenzeller/results_project/checkpoint/5b5t_sensitivity_sweep/data/param_70_rep_1,10000,5.0e-6,10.0,1.0,100000,5000.0,0.9,25,0,1,1,1,0.2
/project/theorie/n/N.Pfaffenzeller/results_project/checkpoint/5b5t_sensitivity_sweep,param_70_rep_1,/project/theorie/n/N.Pfaffenzeller/results_project/checkpoint/5b5t_sensitivity_sweep/data/param_70_rep_1,10000,5.0e-6,10.0,1.0,100000,10000.0,0.8,25,0,1,1,1,0.2
/project/theorie/n/N.Pfaffenzeller/results_project/checkpoint/5b5t_sensitivity_sweep,param_70_rep_1,/project/theorie/n/N.Pfaffenzeller/results_project/checkpoint/5b5t_sensitivity_sweep/data/param_70_rep_1,10000,5.0e-6,10.0,1.0,100000,10000.0,0.9,25,0,0,0,0,0.0
/project/theorie/n/N.Pfaffenzeller/results_project/checkpoint/5b5t_sensitivity_sweep,param_70_rep_2,/project/theorie/n/N.Pfaffenzeller/results_project/checkpoint/5b5t_sensitivity_sweep/data/param_70_rep_2,10000,5.0e-6,10.0,1.0,100000,5000.0,0.8,25,0,4,4,4,0.8
/project/theorie/n/N.Pfaffenzeller/results_project/checkpoint/5b5t_sensitivity_sweep,param_70_rep_2,/project/theorie/n/N.Pfaffenzeller/results_project/checkpoint/5b5t_sensitivity_sweep/data/param_70_rep_2,10000,5.0e-6,10.0,1.0,100000,5000.0,0.9,25,0,0,0,0,0.0
/project/theorie/n/N.Pfaffenzeller/results_project/checkpoint/5b5t_sensitivity_sweep,param_70_rep_2,/project/theorie/n/N.Pfaffenzeller/results_project/checkpoint/5b5t_sensitivity_sweep/data/param_70_rep_2,10000,5.0e-6,10.0,1.0,100000,10000.0,0.8,25,0,1,1,1,0.2
/project/theorie/n/N.Pfaffenzeller/results_project/checkpoint/5b5t_sensitivity_sweep,param_70_rep_2,/project/theorie/n/N.Pfaffenzeller/results_project/checkpoint/5b5t_sensitivity_sweep/data/param_70_rep_2,10000,5.0e-6,10.0,1.0,100000,10000.0,0.9,25,0,0,0,0,0.0
/project/theorie/n/N.Pfaffenzeller/results_project/checkpoint/5b5t_sensitivity_sweep,param_70_rep_3,/project/theorie/n/N.Pfaffenzeller/results_project/checkpoint/5b5t_sensitivity_sweep/data/param_70_rep_3,10000,5.0e-6,10.0,1.0,100000,5000.0,0.8,25,0,4,4,4,0.8
/project/theorie/n/N.Pfaffenzeller/results_project/checkpoint/5b5t_sensitivity_sweep,param_70_rep_3,/project/theorie/n/N.Pfaffenzeller/results_project/checkpoint/5b5t_sensitivity_sweep/data/param_70_rep_3,10000,5.0e-6,10.0,1.0,100000,5000.0,0.9,25,0,0,0,0,0.0
/project/theorie/n/N.Pfaffenzeller/results_project/checkpoint/5b5t_sensitivity_sweep,param_70_rep_3,/project/theorie/n/N.Pfaffenzeller/results_project/checkpoint/5b5t_sensitivity_sweep/data/param_70_rep_3,10000,5.0e-6,10.0,1.0,100000,10000.0,0.8,25,0,1,1,1,0.2
/project/theorie/n/N.Pfaffenzeller/results_project/checkpoint/5b5t_sensitivity_sweep,param_70_rep_3,/project/theorie/n/N.Pfaffenzeller/results_project/checkpoint/5b5t_sensitivity_sweep/data/param_70_rep_3,10000,5.0e-6,10.0,1.0,100000,10000.0,0.9,25,0,0,0,0,0.0
/project/theorie/n/N.Pfaffenzeller/results_project/checkpoint/5b5t_sensitivity_sweep,param_70_rep_4,/project/theorie/n/N.Pfaffenzeller/results_project/checkpoint/5b5t_sensitivity_sweep/data/param_70_rep_4,10000,5.0e-6,10.0,1.0,100000,5000.0,0.8,25,0,0,0,0,0.0
/project/theorie/n/N.Pfaffenzeller/results_project/checkpoint/5b5t_sensitivity_sweep,param_70_rep_4,/project/theorie/n/N.Pfaffenzeller/results_project/checkpoint/5b5t_sensitivity_sweep/data/param_70_rep_4,10000,5.0e-6,10.0,1.0,100000,5000.0,0.9,25,0,0,0,0,0.0
/project/theorie/n/N.Pfaffenzeller/results_project/checkpoint/5b5t_sensitivity_sweep,param_70_rep_4,/project/theorie/n/N.Pfaffenzeller/results_project/checkpoint/5b5t_sensitivity_sweep/data/param_70_rep_4,10000,5.0e-6,10.0,1.0,100000,10000.0,0.8,25,0,2,2,2,0.4
/project/theorie/n/N.Pfaffenzeller/results_project/checkpoint/5b5t_sensitivity_sweep,param_70_rep_4,/project/theorie/n/N.Pfaffenzeller/results_project/checkpoint/5b5t_sensitivity_sweep/data/param_70_rep_4,10000,5.0e-6,10.0,1.0,100000,10000.0,0.9,25,0,0,0,0,0.0
/project/theorie/n/N.Pfaffenzeller/results_project/checkpoint/5b5t_sensitivity_sweep,param_70_rep_5,/project/theorie/n/N.Pfaffenzeller/results_project/checkpoint/5b5t_sensitivity_sweep/data/param_70_rep_5,10000,5.0e-6,10.0,1.0,100000,5000.0,0.8,25,0,4,4,4,0.8
/project/theorie/n/N.Pfaffenzeller/results_project/checkpoint/5b5t_sensitivity_sweep,param_70_rep_5,/project/theorie/n/N.Pfaffenzeller/results_project/checkpoint/5b5t_sensitivity_sweep/data/param_70_rep_5,10000,5.0e-6,10.0,1.0,100000,5000.0,0.9,25,0,1,1,1,0.2
/project/theorie/n/N.Pfaffenzeller/results_project/checkpoint/5b5t_sensitivity_sweep,param_70_rep_5,/project/theorie/n/N.Pfaffenzeller/results_project/checkpoint/5b5t_sensitivity_sweep/data/param_70_rep_5,10000,5.0e-6,10.0,1.0,100000,10000.0,0.8,25,0,1,1,1,0.2
/project/theorie/n/N.Pfaffenzeller/results_project/checkpoint/5b5t_sensitivity_sweep,param_70_rep_5,/project/theorie/n/N.Pfaffenzeller/results_project/checkpoint/5b5t_sensitivity_sweep/data/param_70_rep_5,10000,5.0e-6,10.0,1.0,100000,10000.0,0.9,25,0,0,0,0,0.0
/project/theorie/n/N.Pfaffenzeller/results_project/checkpoint/5b5t_sensitivity_sweep,param_71_rep_1,/project/theorie/n/N.Pfaffenzeller/results_project/checkpoint/5b5t_sensitivity_sweep/data/param_71_rep_1,10000,5.0e-6,10.0,10.0,100000,5000.0,0.8,25,0,5,5,5,1.0
/project/theorie/n/N.Pfaffenzeller/results_project/checkpoint/5b5t_sensitivity_sweep,param_71_rep_1,/project/theorie/n/N.Pfaffenzeller/results_project/checkpoint/5b5t_sensitivity_sweep/data/param_71_rep_1,10000,5.0e-6,10.0,10.0,100000,5000.0,0.9,25,0,5,5,5,1.0
/project/theorie/n/N.Pfaffenzeller/results_project/checkpoint/5b5t_sensitivity_sweep,param_71_rep_1,/project/theorie/n/N.Pfaffenzeller/results_project/checkpoint/5b5t_sensitivity_sweep/data/param_71_rep_1,10000,5.0e-6,10.0,10.0,100000,10000.0,0.8,25,0,5,5,5,1.0
/project/theorie/n/N.Pfaffenzeller/results_project/checkpoint/5b5t_sensitivity_sweep,param_71_rep_1,/project/theorie/n/N.Pfaffenzeller/results_project/checkpoint/5b5t_sensitivity_sweep/data/param_71_rep_1,10000,5.0e-6,10.0,10.0,100000,10000.0,0.9,25,0,5,5,5,1.0
/project/theorie/n/N.Pfaffenzeller/results_project/checkpoint/5b5t_sensitivity_sweep,param_71_rep_2,/project/theorie/n/N.Pfaffenzeller/results_project/checkpoint/5b5t_sensitivity_sweep/data/param_71_rep_2,10000,5.0e-6,10.0,10.0,100000,5000.0,0.8,25,0,5,5,5,1.0
/project/theorie/n/N.Pfaffenzeller/results_project/checkpoint/5b5t_sensitivity_sweep,param_71_rep_2,/project/theorie/n/N.Pfaffenzeller/results_project/checkpoint/5b5t_sensitivity_sweep/data/param_71_rep_2,10000,5.0e-6,10.0,10.0,100000,5000.0,0.9,25,0,5,5,5,1.0
/project/theorie/n/N.Pfaffenzeller/results_project/checkpoint/5b5t_sensitivity_sweep,param_71_rep_2,/project/theorie/n/N.Pfaffenzeller/results_project/checkpoint/5b5t_sensitivity_sweep/data/param_71_rep_2,10000,5.0e-6,10.0,10.0,100000,10000.0,0.8,25,0,5,5,5,1.0
/project/theorie/n/N.Pfaffenzeller/results_project/checkpoint/5b5t_sensitivity_sweep,param_71_rep_2,/project/theorie/n/N.Pfaffenzeller/results_project/checkpoint/5b5t_sensitivity_sweep/data/param_71_rep_2,10000,5.0e-6,10.0,10.0,100000,10000.0,0.9,25,0,4,4,4,0.8
/project/theorie/n/N.Pfaffenzeller/results_project/checkpoint/5b5t_sensitivity_sweep,param_71_rep_3,/project/theorie/n/N.Pfaffenzeller/results_project/checkpoint/5b5t_sensitivity_sweep/data/param_71_rep_3,10000,5.0e-6,10.0,10.0,100000,5000.0,0.8,25,0,5,5,5,1.0
/project/theorie/n/N.Pfaffenzeller/results_project/checkpoint/5b5t_sensitivity_sweep,param_71_rep_3,/project/theorie/n/N.Pfaffenzeller/results_project/checkpoint/5b5t_sensitivity_sweep/data/param_71_rep_3,10000,5.0e-6,10.0,10.0,100000,5000.0,0.9,25,0,5,5,5,1.0
/project/theorie/n/N.Pfaffenzeller/results_project/checkpoint/5b5t_sensitivity_sweep,param_71_rep_3,/project/theorie/n/N.Pfaffenzeller/results_project/checkpoint/5b5t_sensitivity_sweep/data/param_71_rep_3,10000,5.0e-6,10.0,10.0,100000,10000.0,0.8,25,0,5,5,5,1.0
/project/theorie/n/N.Pfaffenzeller/results_project/checkpoint/5b5t_sensitivity_sweep,param_71_rep_3,/project/theorie/n/N.Pfaffenzeller/results_project/checkpoint/5b5t_sensitivity_sweep/data/param_71_rep_3,10000,5.0e-6,10.0,10.0,100000,10000.0,0.9,25,0,4,4,4,0.8
/project/theorie/n/N.Pfaffenzeller/results_project/checkpoint/5b5t_sensitivity_sweep,param_71_rep_4,/project/theorie/n/N.Pfaffenzeller/results_project/checkpoint/5b5t_sensitivity_sweep/data/param_71_rep_4,10000,5.0e-6,10.0,10.0,100000,5000.0,0.8,25,0,5,5,5,1.0
/project/theorie/n/N.Pfaffenzeller/results_project/checkpoint/5b5t_sensitivity_sweep,param_71_rep_4,/project/theorie/n/N.Pfaffenzeller/results_project/checkpoint/5b5t_sensitivity_sweep/data/param_71_rep_4,10000,5.0e-6,10.0,10.0,100000,5000.0,0.9,25,0,5,5,5,1.0
/project/theorie/n/N.Pfaffenzeller/results_project/checkpoint/5b5t_sensitivity_sweep,param_71_rep_4,/project/theorie/n/N.Pfaffenzeller/results_project/checkpoint/5b5t_sensitivity_sweep/data/param_71_rep_4,10000,5.0e-6,10.0,10.0,100000,10000.0,0.8,25,0,5,5,5,1.0
/project/theorie/n/N.Pfaffenzeller/results_project/checkpoint/5b5t_sensitivity_sweep,param_71_rep_4,/project/theorie/n/N.Pfaffenzeller/results_project/checkpoint/5b5t_sensitivity_sweep/data/param_71_rep_4,10000,5.0e-6,10.0,10.0,100000,10000.0,0.9,25,0,4,4,4,0.8
/project/theorie/n/N.Pfaffenzeller/results_project/checkpoint/5b5t_sensitivity_sweep,param_71_rep_5,/project/theorie/n/N.Pfaffenzeller/results_project/checkpoint/5b5t_sensitivity_sweep/data/param_71_rep_5,10000,5.0e-6,10.0,10.0,100000,5000.0,0.8,25,0,5,5,5,1.0
/project/theorie/n/N.Pfaffenzeller/results_project/checkpoint/5b5t_sensitivity_sweep,param_71_rep_5,/project/theorie/n/N.Pfaffenzeller/results_project/checkpoint/5b5t_sensitivity_sweep/data/param_71_rep_5,10000,5.0e-6,10.0,10.0,100000,5000.0,0.9,25,0,5,5,5,1.0
/project/theorie/n/N.Pfaffenzeller/results_project/checkpoint/5b5t_sensitivity_sweep,param_71_rep_5,/project/theorie/n/N.Pfaffenzeller/results_project/checkpoint/5b5t_sensitivity_sweep/data/param_71_rep_5,10000,5.0e-6,10.0,10.0,100000,10000.0,0.8,25,0,5,5,5,1.0
/project/theorie/n/N.Pfaffenzeller/results_project/checkpoint/5b5t_sensitivity_sweep,param_71_rep_5,/project/theorie/n/N.Pfaffenzeller/results_project/checkpoint/5b5t_sensitivity_sweep/data/param_71_rep_5,10000,5.0e-6,10.0,10.0,100000,10000.0,0.9,25,0,5,5,5,1.0
/project/theorie/n/N.Pfaffenzeller/results_project/checkpoint/5b5t_sensitivity_sweep,param_72_rep_1,/project/theorie/n/N.Pfaffenzeller/results_project/checkpoint/5b5t_sensitivity_sweep/data/param_72_rep_1,10000,5.0e-6,10.0,100.0,100000,5000.0,0.8,25,0,5,5,5,1.0
/project/theorie/n/N.Pfaffenzeller/results_project/checkpoint/5b5t_sensitivity_sweep,param_72_rep_1,/project/theorie/n/N.Pfaffenzeller/results_project/checkpoint/5b5t_sensitivity_sweep/data/param_72_rep_1,10000,5.0e-6,10.0,100.0,100000,5000.0,0.9,25,0,5,5,5,1.0
/project/theorie/n/N.Pfaffenzeller/results_project/checkpoint/5b5t_sensitivity_sweep,param_72_rep_1,/project/theorie/n/N.Pfaffenzeller/results_project/checkpoint/5b5t_sensitivity_sweep/data/param_72_rep_1,10000,5.0e-6,10.0,100.0,100000,10000.0,0.8,25,0,5,5,5,1.0
/project/theorie/n/N.Pfaffenzeller/results_project/checkpoint/5b5t_sensitivity_sweep,param_72_rep_1,/project/theorie/n/N.Pfaffenzeller/results_project/checkpoint/5b5t_sensitivity_sweep/data/param_72_rep_1,10000,5.0e-6,10.0,100.0,100000,10000.0,0.9,25,0,5,5,5,1.0
/project/theorie/n/N.Pfaffenzeller/results_project/checkpoint/5b5t_sensitivity_sweep,param_72_rep_2,/project/theorie/n/N.Pfaffenzeller/results_project/checkpoint/5b5t_sensitivity_sweep/data/param_72_rep_2,10000,5.0e-6,10.0,100.0,100000,5000.0,0.8,25,0,3,3,3,0.6
/project/theorie/n/N.Pfaffenzeller/results_project/checkpoint/5b5t_sensitivity_sweep,param_72_rep_2,/project/theorie/n/N.Pfaffenzeller/results_project/checkpoint/5b5t_sensitivity_sweep/data/param_72_rep_2,10000,5.0e-6,10.0,100.0,100000,5000.0,0.9,25,0,3,3,3,0.6
/project/theorie/n/N.Pfaffenzeller/results_project/checkpoint/5b5t_sensitivity_sweep,param_72_rep_2,/project/theorie/n/N.Pfaffenzeller/results_project/checkpoint/5b5t_sensitivity_sweep/data/param_72_rep_2,10000,5.0e-6,10.0,100.0,100000,10000.0,0.8,25,0,5,5,5,1.0
/project/theorie/n/N.Pfaffenzeller/results_project/checkpoint/5b5t_sensitivity_sweep,param_72_rep_2,/project/theorie/n/N.Pfaffenzeller/results_project/checkpoint/5b5t_sensitivity_sweep/data/param_72_rep_2,10000,5.0e-6,10.0,100.0,100000,10000.0,0.9,25,0,5,5,5,1.0
/project/theorie/n/N.Pfaffenzeller/results_project/checkpoint/5b5t_sensitivity_sweep,param_72_rep_3,/project/theorie/n/N.Pfaffenzeller/results_project/checkpoint/5b5t_sensitivity_sweep/data/param_72_rep_3,10000,5.0e-6,10.0,100.0,100000,5000.0,0.8,25,0,5,5,5,1.0
/project/theorie/n/N.Pfaffenzeller/results_project/checkpoint/5b5t_sensitivity_sweep,param_72_rep_3,/project/theorie/n/N.Pfaffenzeller/results_project/checkpoint/5b5t_sensitivity_sweep/data/param_72_rep_3,10000,5.0e-6,10.0,100.0,100000,5000.0,0.9,25,0,5,5,5,1.0
/project/theorie/n/N.Pfaffenzeller/results_project/checkpoint/5b5t_sensitivity_sweep,param_72_rep_3,/project/theorie/n/N.Pfaffenzeller/results_project/checkpoint/5b5t_sensitivity_sweep/data/param_72_rep_3,10000,5.0e-6,10.0,100.0,100000,10000.0,0.8,25,0,5,5,5,1.0
/project/theorie/n/N.Pfaffenzeller/results_project/checkpoint/5b5t_sensitivity_sweep,param_72_rep_3,/project/theorie/n/N.Pfaffenzeller/results_project/checkpoint/5b5t_sensitivity_sweep/data/param_72_rep_3,10000,5.0e-6,10.0,100.0,100000,10000.0,0.9,25,0,5,5,5,1.0
/project/theorie/n/N.Pfaffenzeller/results_project/checkpoint/5b5t_sensitivity_sweep,param_72_rep_4,/project/theorie/n/N.Pfaffenzeller/results_project/checkpoint/5b5t_sensitivity_sweep/data/param_72_rep_4,10000,5.0e-6,10.0,100.0,100000,5000.0,0.8,25,0,3,3,3,0.6
/project/theorie/n/N.Pfaffenzeller/results_project/checkpoint/5b5t_sensitivity_sweep,param_72_rep_4,/project/theorie/n/N.Pfaffenzeller/results_project/checkpoint/5b5t_sensitivity_sweep/data/param_72_rep_4,10000,5.0e-6,10.0,100.0,100000,5000.0,0.9,25,0,3,3,3,0.6
/project/theorie/n/N.Pfaffenzeller/results_project/checkpoint/5b5t_sensitivity_sweep,param_72_rep_4,/project/theorie/n/N.Pfaffenzeller/results_project/checkpoint/5b5t_sensitivity_sweep/data/param_72_rep_4,10000,5.0e-6,10.0,100.0,100000,10000.0,0.8,25,0,5,5,5,1.0
/project/theorie/n/N.Pfaffenzeller/results_project/checkpoint/5b5t_sensitivity_sweep,param_72_rep_4,/project/theorie/n/N.Pfaffenzeller/results_project/checkpoint/5b5t_sensitivity_sweep/data/param_72_rep_4,10000,5.0e-6,10.0,100.0,100000,10000.0,0.9,25,0,5,5,5,1.0
/project/theorie/n/N.Pfaffenzeller/results_project/checkpoint/5b5t_sensitivity_sweep,param_72_rep_5,/project/theorie/n/N.Pfaffenzeller/results_project/checkpoint/5b5t_sensitivity_sweep/data/param_72_rep_5,10000,5.0e-6,10.0,100.0,100000,5000.0,0.8,25,0,5,5,5,1.0
/project/theorie/n/N.Pfaffenzeller/results_project/checkpoint/5b5t_sensitivity_sweep,param_72_rep_5,/project/theorie/n/N.Pfaffenzeller/results_project/checkpoint/5b5t_sensitivity_sweep/data/param_72_rep_5,10000,5.0e-6,10.0,100.0,100000,5000.0,0.9,25,0,5,5,5,1.0
/project/theorie/n/N.Pfaffenzeller/results_project/checkpoint/5b5t_sensitivity_sweep,param_72_rep_5,/project/theorie/n/N.Pfaffenzeller/results_project/checkpoint/5b5t_sensitivity_sweep/data/param_72_rep_5,10000,5.0e-6,10.0,100.0,100000,10000.0,0.8,25,0,5,5,5,1.0
/project/theorie/n/N.Pfaffenzeller/results_project/checkpoint/5b5t_sensitivity_sweep,param_72_rep_5,/project/theorie/n/N.Pfaffenzeller/results_project/checkpoint/5b5t_sensitivity_sweep/data/param_72_rep_5,10000,5.0e-6,10.0,100.0,100000,10000.0,0.9,25,0,5,5,5,1.0
/project/theorie/n/N.Pfaffenzeller/results_project/checkpoint/5b5t_sensitivity_sweep,param_73_rep_1,/project/theorie/n/N.Pfaffenzeller/results_project/checkpoint/5b5t_sensitivity_sweep/data/param_73_rep_1,10000,5.0e-6,100.0,0.1,1,5000.0,0.8,25,0,0,0,0,0.0
/project/theorie/n/N.Pfaffenzeller/results_project/checkpoint/5b5t_sensitivity_sweep,param_73_rep_1,/project/theorie/n/N.Pfaffenzeller/results_project/checkpoint/5b5t_sensitivity_sweep/data/param_73_rep_1,10000,5.0e-6,100.0,0.1,1,5000.0,0.9,25,0,0,0,0,0.0
/project/theorie/n/N.Pfaffenzeller/results_project/checkpoint/5b5t_sensitivity_sweep,param_73_rep_1,/project/theorie/n/N.Pfaffenzeller/results_project/checkpoint/5b5t_sensitivity_sweep/data/param_73_rep_1,10000,5.0e-6,100.0,0.1,1,10000.0,0.8,25,0,0,0,0,0.0
/project/theorie/n/N.Pfaffenzeller/results_project/checkpoint/5b5t_sensitivity_sweep,param_73_rep_1,/project/theorie/n/N.Pfaffenzeller/results_project/checkpoint/5b5t_sensitivity_sweep/data/param_73_rep_1,10000,5.0e-6,100.0,0.1,1,10000.0,0.9,25,0,0,0,0,0.0
/project/theorie/n/N.Pfaffenzeller/results_project/checkpoint/5b5t_sensitivity_sweep,param_73_rep_2,/project/theorie/n/N.Pfaffenzeller/results_project/checkpoint/5b5t_sensitivity_sweep/data/param_73_rep_2,10000,5.0e-6,100.0,0.1,1,5000.0,0.8,25,0,0,0,0,0.0
/project/theorie/n/N.Pfaffenzeller/results_project/checkpoint/5b5t_sensitivity_sweep,param_73_rep_2,/project/theorie/n/N.Pfaffenzeller/results_project/checkpoint/5b5t_sensitivity_sweep/data/param_73_rep_2,10000,5.0e-6,100.0,0.1,1,5000.0,0.9,25,0,0,0,0,0.0
/project/theorie/n/N.Pfaffenzeller/results_project/checkpoint/5b5t_sensitivity_sweep,param_73_rep_2,/project/theorie/n/N.Pfaffenzeller/results_project/checkpoint/5b5t_sensitivity_sweep/data/param_73_rep_2,10000,5.0e-6,100.0,0.1,1,10000.0,0.8,25,0,0,0,0,0.0
/project/theorie/n/N.Pfaffenzeller/results_project/checkpoint/5b5t_sensitivity_sweep,param_73_rep_2,/project/theorie/n/N.Pfaffenzeller/results_project/checkpoint/5b5t_sensitivity_sweep/data/param_73_rep_2,10000,5.0e-6,100.0,0.1,1,10000.0,0.9,25,0,0,0,0,0.0
/project/theorie/n/N.Pfaffenzeller/results_project/checkpoint/5b5t_sensitivity_sweep,param_73_rep_3,/project/theorie/n/N.Pfaffenzeller/results_project/checkpoint/5b5t_sensitivity_sweep/data/param_73_rep_3,10000,5.0e-6,100.0,0.1,1,5000.0,0.8,25,0,0,0,0,0.0
/project/theorie/n/N.Pfaffenzeller/results_project/checkpoint/5b5t_sensitivity_sweep,param_73_rep_3,/project/theorie/n/N.Pfaffenzeller/results_project/checkpoint/5b5t_sensitivity_sweep/data/param_73_rep_3,10000,5.0e-6,100.0,0.1,1,5000.0,0.9,25,0,0,0,0,0.0
/project/theorie/n/N.Pfaffenzeller/results_project/checkpoint/5b5t_sensitivity_sweep,param_73_rep_3,/project/theorie/n/N.Pfaffenzeller/results_project/checkpoint/5b5t_sensitivity_sweep/data/param_73_rep_3,10000,5.0e-6,100.0,0.1,1,10000.0,0.8,25,0,0,0,0,0.0
/project/theorie/n/N.Pfaffenzeller/results_project/checkpoint/5b5t_sensitivity_sweep,param_73_rep_3,/project/theorie/n/N.Pfaffenzeller/results_project/checkpoint/5b5t_sensitivity_sweep/data/param_73_rep_3,10000,5.0e-6,100.0,0.1,1,10000.0,0.9,25,0,0,0,0,0.0
/project/theorie/n/N.Pfaffenzeller/results_project/checkpoint/5b5t_sensitivity_sweep,param_73_rep_4,/project/theorie/n/N.Pfaffenzeller/results_project/checkpoint/5b5t_sensitivity_sweep/data/param_73_rep_4,10000,5.0e-6,100.0,0.1,1,5000.0,0.8,25,0,0,0,0,0.0
/project/theorie/n/N.Pfaffenzeller/results_project/checkpoint/5b5t_sensitivity_sweep,param_73_rep_4,/project/theorie/n/N.Pfaffenzeller/results_project/checkpoint/5b5t_sensitivity_sweep/data/param_73_rep_4,10000,5.0e-6,100.0,0.1,1,5000.0,0.9,25,0,0,0,0,0.0
/project/theorie/n/N.Pfaffenzeller/results_project/checkpoint/5b5t_sensitivity_sweep,param_73_rep_4,/project/theorie/n/N.Pfaffenzeller/results_project/checkpoint/5b5t_sensitivity_sweep/data/param_73_rep_4,10000,5.0e-6,100.0,0.1,1,10000.0,0.8,25,0,0,0,0,0.0
/project/theorie/n/N.Pfaffenzeller/results_project/checkpoint/5b5t_sensitivity_sweep,param_73_rep_4,/project/theorie/n/N.Pfaffenzeller/results_project/checkpoint/5b5t_sensitivity_sweep/data/param_73_rep_4,10000,5.0e-6,100.0,0.1,1,10000.0,0.9,25,0,0,0,0,0.0
/project/theorie/n/N.Pfaffenzeller/results_project/checkpoint/5b5t_sensitivity_sweep,param_73_rep_5,/project/theorie/n/N.Pfaffenzeller/results_project/checkpoint/5b5t_sensitivity_sweep/data/param_73_rep_5,10000,5.0e-6,100.0,0.1,1,5000.0,0.8,25,0,0,0,0,0.0
/project/theorie/n/N.Pfaffenzeller/results_project/checkpoint/5b5t_sensitivity_sweep,param_73_rep_5,/project/theorie/n/N.Pfaffenzeller/results_project/checkpoint/5b5t_sensitivity_sweep/data/param_73_rep_5,10000,5.0e-6,100.0,0.1,1,5000.0,0.9,25,0,0,0,0,0.0
/project/theorie/n/N.Pfaffenzeller/results_project/checkpoint/5b5t_sensitivity_sweep,param_73_rep_5,/project/theorie/n/N.Pfaffenzeller/results_project/checkpoint/5b5t_sensitivity_sweep/data/param_73_rep_5,10000,5.0e-6,100.0,0.1,1,10000.0,0.8,25,0,0,0,0,0.0
/project/theorie/n/N.Pfaffenzeller/results_project/checkpoint/5b5t_sensitivity_sweep,param_73_rep_5,/project/theorie/n/N.Pfaffenzeller/results_project/checkpoint/5b5t_sensitivity_sweep/data/param_73_rep_5,10000,5.0e-6,100.0,0.1,1,10000.0,0.9,25,0,0,0,0,0.0
/project/theorie/n/N.Pfaffenzeller/results_project/checkpoint/5b5t_sensitivity_sweep,param_74_rep_1,/project/theorie/n/N.Pfaffenzeller/results_project/checkpoint/5b5t_sensitivity_sweep/data/param_74_rep_1,10000,5.0e-6,100.0,1.0,1,5000.0,0.8,25,0,0,0,0,0.0
/project/theorie/n/N.Pfaffenzeller/results_project/checkpoint/5b5t_sensitivity_sweep,param_74_rep_1,/project/theorie/n/N.Pfaffenzeller/results_project/checkpoint/5b5t_sensitivity_sweep/data/param_74_rep_1,10000,5.0e-6,100.0,1.0,1,5000.0,0.9,25,0,0,0,0,0.0
/project/theorie/n/N.Pfaffenzeller/results_project/checkpoint/5b5t_sensitivity_sweep,param_74_rep_1,/project/theorie/n/N.Pfaffenzeller/results_project/checkpoint/5b5t_sensitivity_sweep/data/param_74_rep_1,10000,5.0e-6,100.0,1.0,1,10000.0,0.8,25,0,0,0,0,0.0
/project/theorie/n/N.Pfaffenzeller/results_project/checkpoint/5b5t_sensitivity_sweep,param_74_rep_1,/project/theorie/n/N.Pfaffenzeller/results_project/checkpoint/5b5t_sensitivity_sweep/data/param_74_rep_1,10000,5.0e-6,100.0,1.0,1,10000.0,0.9,25,0,0,0,0,0.0
/project/theorie/n/N.Pfaffenzeller/results_project/checkpoint/5b5t_sensitivity_sweep,param_74_rep_2,/project/theorie/n/N.Pfaffenzeller/results_project/checkpoint/5b5t_sensitivity_sweep/data/param_74_rep_2,10000,5.0e-6,100.0,1.0,1,5000.0,0.8,25,0,0,0,0,0.0
/project/theorie/n/N.Pfaffenzeller/results_project/checkpoint/5b5t_sensitivity_sweep,param_74_rep_2,/project/theorie/n/N.Pfaffenzeller/results_project/checkpoint/5b5t_sensitivity_sweep/data/param_74_rep_2,10000,5.0e-6,100.0,1.0,1,5000.0,0.9,25,0,0,0,0,0.0
/project/theorie/n/N.Pfaffenzeller/results_project/checkpoint/5b5t_sensitivity_sweep,param_74_rep_2,/project/theorie/n/N.Pfaffenzeller/results_project/checkpoint/5b5t_sensitivity_sweep/data/param_74_rep_2,10000,5.0e-6,100.0,1.0,1,10000.0,0.8,25,0,0,0,0,0.0
/project/theorie/n/N.Pfaffenzeller/results_project/checkpoint/5b5t_sensitivity_sweep,param_74_rep_2,/project/theorie/n/N.Pfaffenzeller/results_project/checkpoint/5b5t_sensitivity_sweep/data/param_74_rep_2,10000,5.0e-6,100.0,1.0,1,10000.0,0.9,25,0,0,0,0,0.0
/project/theorie/n/N.Pfaffenzeller/results_project/checkpoint/5b5t_sensitivity_sweep,param_74_rep_3,/project/theorie/n/N.Pfaffenzeller/results_project/checkpoint/5b5t_sensitivity_sweep/data/param_74_rep_3,10000,5.0e-6,100.0,1.0,1,5000.0,0.8,25,0,0,0,0,0.0
/project/theorie/n/N.Pfaffenzeller/results_project/checkpoint/5b5t_sensitivity_sweep,param_74_rep_3,/project/theorie/n/N.Pfaffenzeller/results_project/checkpoint/5b5t_sensitivity_sweep/data/param_74_rep_3,10000,5.0e-6,100.0,1.0,1,5000.0,0.9,25,0,0,0,0,0.0
/project/theorie/n/N.Pfaffenzeller/results_project/checkpoint/5b5t_sensitivity_sweep,param_74_rep_3,/project/theorie/n/N.Pfaffenzeller/results_project/checkpoint/5b5t_sensitivity_sweep/data/param_74_rep_3,10000,5.0e-6,100.0,1.0,1,10000.0,0.8,25,0,0,0,0,0.0
/project/theorie/n/N.Pfaffenzeller/results_project/checkpoint/5b5t_sensitivity_sweep,param_74_rep_3,/project/theorie/n/N.Pfaffenzeller/results_project/checkpoint/5b5t_sensitivity_sweep/data/param_74_rep_3,10000,5.0e-6,100.0,1.0,1,10000.0,0.9,25,0,0,0,0,0.0
/project/theorie/n/N.Pfaffenzeller/results_project/checkpoint/5b5t_sensitivity_sweep,param_74_rep_4,/project/theorie/n/N.Pfaffenzeller/results_project/checkpoint/5b5t_sensitivity_sweep/data/param_74_rep_4,10000,5.0e-6,100.0,1.0,1,5000.0,0.8,25,0,0,0,0,0.0
/project/theorie/n/N.Pfaffenzeller/results_project/checkpoint/5b5t_sensitivity_sweep,param_74_rep_4,/project/theorie/n/N.Pfaffenzeller/results_project/checkpoint/5b5t_sensitivity_sweep/data/param_74_rep_4,10000,5.0e-6,100.0,1.0,1,5000.0,0.9,25,0,0,0,0,0.0
/project/theorie/n/N.Pfaffenzeller/results_project/checkpoint/5b5t_sensitivity_sweep,param_74_rep_4,/project/theorie/n/N.Pfaffenzeller/results_project/checkpoint/5b5t_sensitivity_sweep/data/param_74_rep_4,10000,5.0e-6,100.0,1.0,1,10000.0,0.8,25,0,0,0,0,0.0
/project/theorie/n/N.Pfaffenzeller/results_project/checkpoint/5b5t_sensitivity_sweep,param_74_rep_4,/project/theorie/n/N.Pfaffenzeller/results_project/checkpoint/5b5t_sensitivity_sweep/data/param_74_rep_4,10000,5.0e-6,100.0,1.0,1,10000.0,0.9,25,0,0,0,0,0.0
/project/theorie/n/N.Pfaffenzeller/results_project/checkpoint/5b5t_sensitivity_sweep,param_74_rep_5,/project/theorie/n/N.Pfaffenzeller/results_project/checkpoint/5b5t_sensitivity_sweep/data/param_74_rep_5,10000,5.0e-6,100.0,1.0,1,5000.0,0.8,25,0,0,0,0,0.0
/project/theorie/n/N.Pfaffenzeller/results_project/checkpoint/5b5t_sensitivity_sweep,param_74_rep_5,/project/theorie/n/N.Pfaffenzeller/results_project/checkpoint/5b5t_sensitivity_sweep/data/param_74_rep_5,10000,5.0e-6,100.0,1.0,1,5000.0,0.9,25,0,0,0,0,0.0
/project/theorie/n/N.Pfaffenzeller/results_project/checkpoint/5b5t_sensitivity_sweep,param_74_rep_5,/project/theorie/n/N.Pfaffenzeller/results_project/checkpoint/5b5t_sensitivity_sweep/data/param_74_rep_5,10000,5.0e-6,100.0,1.0,1,10000.0,0.8,25,0,0,0,0,0.0
/project/theorie/n/N.Pfaffenzeller/results_project/checkpoint/5b5t_sensitivity_sweep,param_74_rep_5,/project/theorie/n/N.Pfaffenzeller/results_project/checkpoint/5b5t_sensitivity_sweep/data/param_74_rep_5,10000,5.0e-6,100.0,1.0,1,10000.0,0.9,25,0,0,0,0,0.0
/project/theorie/n/N.Pfaffenzeller/results_project/checkpoint/5b5t_sensitivity_sweep,param_75_rep_1,/project/theorie/n/N.Pfaffenzeller/results_project/checkpoint/5b5t_sensitivity_sweep/data/param_75_rep_1,10000,5.0e-6,100.0,10.0,1,5000.0,0.8,25,0,0,0,0,0.0
/project/theorie/n/N.Pfaffenzeller/results_project/checkpoint/5b5t_sensitivity_sweep,param_75_rep_1,/project/theorie/n/N.Pfaffenzeller/results_project/checkpoint/5b5t_sensitivity_sweep/data/param_75_rep_1,10000,5.0e-6,100.0,10.0,1,5000.0,0.9,25,0,0,0,0,0.0
/project/theorie/n/N.Pfaffenzeller/results_project/checkpoint/5b5t_sensitivity_sweep,param_75_rep_1,/project/theorie/n/N.Pfaffenzeller/results_project/checkpoint/5b5t_sensitivity_sweep/data/param_75_rep_1,10000,5.0e-6,100.0,10.0,1,10000.0,0.8,25,0,0,0,0,0.0
/project/theorie/n/N.Pfaffenzeller/results_project/checkpoint/5b5t_sensitivity_sweep,param_75_rep_1,/project/theorie/n/N.Pfaffenzeller/results_project/checkpoint/5b5t_sensitivity_sweep/data/param_75_rep_1,10000,5.0e-6,100.0,10.0,1,10000.0,0.9,25,0,0,0,0,0.0
/project/theorie/n/N.Pfaffenzeller/results_project/checkpoint/5b5t_sensitivity_sweep,param_75_rep_2,/project/theorie/n/N.Pfaffenzeller/results_project/checkpoint/5b5t_sensitivity_sweep/data/param_75_rep_2,10000,5.0e-6,100.0,10.0,1,5000.0,0.8,25,0,0,0,0,0.0
/project/theorie/n/N.Pfaffenzeller/results_project/checkpoint/5b5t_sensitivity_sweep,param_75_rep_2,/project/theorie/n/N.Pfaffenzeller/results_project/checkpoint/5b5t_sensitivity_sweep/data/param_75_rep_2,10000,5.0e-6,100.0,10.0,1,5000.0,0.9,25,0,0,0,0,0.0
/project/theorie/n/N.Pfaffenzeller/results_project/checkpoint/5b5t_sensitivity_sweep,param_75_rep_2,/project/theorie/n/N.Pfaffenzeller/results_project/checkpoint/5b5t_sensitivity_sweep/data/param_75_rep_2,10000,5.0e-6,100.0,10.0,1,10000.0,0.8,25,0,0,0,0,0.0
/project/theorie/n/N.Pfaffenzeller/results_project/checkpoint/5b5t_sensitivity_sweep,param_75_rep_2,/project/theorie/n/N.Pfaffenzeller/results_project/checkpoint/5b5t_sensitivity_sweep/data/param_75_rep_2,10000,5.0e-6,100.0,10.0,1,10000.0,0.9,25,0,0,0,0,0.0
/project/theorie/n/N.Pfaffenzeller/results_project/checkpoint/5b5t_sensitivity_sweep,param_75_rep_3,/project/theorie/n/N.Pfaffenzeller/results_project/checkpoint/5b5t_sensitivity_sweep/data/param_75_rep_3,10000,5.0e-6,100.0,10.0,1,5000.0,0.8,25,0,0,0,0,0.0
/project/theorie/n/N.Pfaffenzeller/results_project/checkpoint/5b5t_sensitivity_sweep,param_75_rep_3,/project/theorie/n/N.Pfaffenzeller/results_project/checkpoint/5b5t_sensitivity_sweep/data/param_75_rep_3,10000,5.0e-6,100.0,10.0,1,5000.0,0.9,25,0,0,0,0,0.0
/project/theorie/n/N.Pfaffenzeller/results_project/checkpoint/5b5t_sensitivity_sweep,param_75_rep_3,/project/theorie/n/N.Pfaffenzeller/results_project/checkpoint/5b5t_sensitivity_sweep/data/param_75_rep_3,10000,5.0e-6,100.0,10.0,1,10000.0,0.8,25,0,0,0,0,0.0
/project/theorie/n/N.Pfaffenzeller/results_project/checkpoint/5b5t_sensitivity_sweep,param_75_rep_3,/project/theorie/n/N.Pfaffenzeller/results_project/checkpoint/5b5t_sensitivity_sweep/data/param_75_rep_3,10000,5.0e-6,100.0,10.0,1,10000.0,0.9,25,0,0,0,0,0.0
/project/theorie/n/N.Pfaffenzeller/results_project/checkpoint/5b5t_sensitivity_sweep,param_75_rep_4,/project/theorie/n/N.Pfaffenzeller/results_project/checkpoint/5b5t_sensitivity_sweep/data/param_75_rep_4,10000,5.0e-6,100.0,10.0,1,5000.0,0.8,25,0,0,0,0,0.0
/project/theorie/n/N.Pfaffenzeller/results_project/checkpoint/5b5t_sensitivity_sweep,param_75_rep_4,/project/theorie/n/N.Pfaffenzeller/results_project/checkpoint/5b5t_sensitivity_sweep/data/param_75_rep_4,10000,5.0e-6,100.0,10.0,1,5000.0,0.9,25,0,0,0,0,0.0
/project/theorie/n/N.Pfaffenzeller/results_project/checkpoint/5b5t_sensitivity_sweep,param_75_rep_4,/project/theorie/n/N.Pfaffenzeller/results_project/checkpoint/5b5t_sensitivity_sweep/data/param_75_rep_4,10000,5.0e-6,100.0,10.0,1,10000.0,0.8,25,0,0,0,0,0.0
/project/theorie/n/N.Pfaffenzeller/results_project/checkpoint/5b5t_sensitivity_sweep,param_75_rep_4,/project/theorie/n/N.Pfaffenzeller/results_project/checkpoint/5b5t_sensitivity_sweep/data/param_75_rep_4,10000,5.0e-6,100.0,10.0,1,10000.0,0.9,25,0,0,0,0,0.0
/project/theorie/n/N.Pfaffenzeller/results_project/checkpoint/5b5t_sensitivity_sweep,param_75_rep_5,/project/theorie/n/N.Pfaffenzeller/results_project/checkpoint/5b5t_sensitivity_sweep/data/param_75_rep_5,10000,5.0e-6,100.0,10.0,1,5000.0,0.8,25,0,0,0,0,0.0
/project/theorie/n/N.Pfaffenzeller/results_project/checkpoint/5b5t_sensitivity_sweep,param_75_rep_5,/project/theorie/n/N.Pfaffenzeller/results_project/checkpoint/5b5t_sensitivity_sweep/data/param_75_rep_5,10000,5.0e-6,100.0,10.0,1,5000.0,0.9,25,0,0,0,0,0.0
/project/theorie/n/N.Pfaffenzeller/results_project/checkpoint/5b5t_sensitivity_sweep,param_75_rep_5,/project/theorie/n/N.Pfaffenzeller/results_project/checkpoint/5b5t_sensitivity_sweep/data/param_75_rep_5,10000,5.0e-6,100.0,10.0,1,10000.0,0.8,25,0,0,0,0,0.0
/project/theorie/n/N.Pfaffenzeller/results_project/checkpoint/5b5t_sensitivity_sweep,param_75_rep_5,/project/theorie/n/N.Pfaffenzeller/results_project/checkpoint/5b5t_sensitivity_sweep/data/param_75_rep_5,10000,5.0e-6,100.0,10.0,1,10000.0,0.9,25,0,0,0,0,0.0
/project/theorie/n/N.Pfaffenzeller/results_project/checkpoint/5b5t_sensitivity_sweep,param_76_rep_1,/project/theorie/n/N.Pfaffenzeller/results_project/checkpoint/5b5t_sensitivity_sweep/data/param_76_rep_1,10000,5.0e-6,100.0,100.0,1,5000.0,0.8,25,0,0,0,0,0.0
/project/theorie/n/N.Pfaffenzeller/results_project/checkpoint/5b5t_sensitivity_sweep,param_76_rep_1,/project/theorie/n/N.Pfaffenzeller/results_project/checkpoint/5b5t_sensitivity_sweep/data/param_76_rep_1,10000,5.0e-6,100.0,100.0,1,5000.0,0.9,25,0,0,0,0,0.0
/project/theorie/n/N.Pfaffenzeller/results_project/checkpoint/5b5t_sensitivity_sweep,param_76_rep_1,/project/theorie/n/N.Pfaffenzeller/results_project/checkpoint/5b5t_sensitivity_sweep/data/param_76_rep_1,10000,5.0e-6,100.0,100.0,1,10000.0,0.8,25,0,0,0,0,0.0
/project/theorie/n/N.Pfaffenzeller/results_project/checkpoint/5b5t_sensitivity_sweep,param_76_rep_1,/project/theorie/n/N.Pfaffenzeller/results_project/checkpoint/5b5t_sensitivity_sweep/data/param_76_rep_1,10000,5.0e-6,100.0,100.0,1,10000.0,0.9,25,0,0,0,0,0.0
/project/theorie/n/N.Pfaffenzeller/results_project/checkpoint/5b5t_sensitivity_sweep,param_76_rep_2,/project/theorie/n/N.Pfaffenzeller/results_project/checkpoint/5b5t_sensitivity_sweep/data/param_76_rep_2,10000,5.0e-6,100.0,100.0,1,5000.0,0.8,25,0,0,0,0,0.0
/project/theorie/n/N.Pfaffenzeller/results_project/checkpoint/5b5t_sensitivity_sweep,param_76_rep_2,/project/theorie/n/N.Pfaffenzeller/results_project/checkpoint/5b5t_sensitivity_sweep/data/param_76_rep_2,10000,5.0e-6,100.0,100.0,1,5000.0,0.9,25,0,0,0,0,0.0
/project/theorie/n/N.Pfaffenzeller/results_project/checkpoint/5b5t_sensitivity_sweep,param_76_rep_2,/project/theorie/n/N.Pfaffenzeller/results_project/checkpoint/5b5t_sensitivity_sweep/data/param_76_rep_2,10000,5.0e-6,100.0,100.0,1,10000.0,0.8,25,0,0,0,0,0.0
/project/theorie/n/N.Pfaffenzeller/results_project/checkpoint/5b5t_sensitivity_sweep,param_76_rep_2,/project/theorie/n/N.Pfaffenzeller/results_project/checkpoint/5b5t_sensitivity_sweep/data/param_76_rep_2,10000,5.0e-6,100.0,100.0,1,10000.0,0.9,25,0,0,0,0,0.0
/project/theorie/n/N.Pfaffenzeller/results_project/checkpoint/5b5t_sensitivity_sweep,param_76_rep_3,/project/theorie/n/N.Pfaffenzeller/results_project/checkpoint/5b5t_sensitivity_sweep/data/param_76_rep_3,10000,5.0e-6,100.0,100.0,1,5000.0,0.8,25,0,0,0,0,0.0
/project/theorie/n/N.Pfaffenzeller/results_project/checkpoint/5b5t_sensitivity_sweep,param_76_rep_3,/project/theorie/n/N.Pfaffenzeller/results_project/checkpoint/5b5t_sensitivity_sweep/data/param_76_rep_3,10000,5.0e-6,100.0,100.0,1,5000.0,0.9,25,0,0,0,0,0.0
/project/theorie/n/N.Pfaffenzeller/results_project/checkpoint/5b5t_sensitivity_sweep,param_76_rep_3,/project/theorie/n/N.Pfaffenzeller/results_project/checkpoint/5b5t_sensitivity_sweep/data/param_76_rep_3,10000,5.0e-6,100.0,100.0,1,10000.0,0.8,25,0,0,0,0,0.0
/project/theorie/n/N.Pfaffenzeller/results_project/checkpoint/5b5t_sensitivity_sweep,param_76_rep_3,/project/theorie/n/N.Pfaffenzeller/results_project/checkpoint/5b5t_sensitivity_sweep/data/param_76_rep_3,10000,5.0e-6,100.0,100.0,1,10000.0,0.9,25,0,0,0,0,0.0
/project/theorie/n/N.Pfaffenzeller/results_project/checkpoint/5b5t_sensitivity_sweep,param_76_rep_4,/project/theorie/n/N.Pfaffenzeller/results_project/checkpoint/5b5t_sensitivity_sweep/data/param_76_rep_4,10000,5.0e-6,100.0,100.0,1,5000.0,0.8,25,0,0,0,0,0.0
/project/theorie/n/N.Pfaffenzeller/results_project/checkpoint/5b5t_sensitivity_sweep,param_76_rep_4,/project/theorie/n/N.Pfaffenzeller/results_project/checkpoint/5b5t_sensitivity_sweep/data/param_76_rep_4,10000,5.0e-6,100.0,100.0,1,5000.0,0.9,25,0,0,0,0,0.0
/project/theorie/n/N.Pfaffenzeller/results_project/checkpoint/5b5t_sensitivity_sweep,param_76_rep_4,/project/theorie/n/N.Pfaffenzeller/results_project/checkpoint/5b5t_sensitivity_sweep/data/param_76_rep_4,10000,5.0e-6,100.0,100.0,1,10000.0,0.8,25,0,0,0,0,0.0
/project/theorie/n/N.Pfaffenzeller/results_project/checkpoint/5b5t_sensitivity_sweep,param_76_rep_4,/project/theorie/n/N.Pfaffenzeller/results_project/checkpoint/5b5t_sensitivity_sweep/data/param_76_rep_4,10000,5.0e-6,100.0,100.0,1,10000.0,0.9,25,0,0,0,0,0.0
/project/theorie/n/N.Pfaffenzeller/results_project/checkpoint/5b5t_sensitivity_sweep,param_76_rep_5,/project/theorie/n/N.Pfaffenzeller/results_project/checkpoint/5b5t_sensitivity_sweep/data/param_76_rep_5,10000,5.0e-6,100.0,100.0,1,5000.0,0.8,25,0,0,0,0,0.0
/project/theorie/n/N.Pfaffenzeller/results_project/checkpoint/5b5t_sensitivity_sweep,param_76_rep_5,/project/theorie/n/N.Pfaffenzeller/results_project/checkpoint/5b5t_sensitivity_sweep/data/param_76_rep_5,10000,5.0e-6,100.0,100.0,1,5000.0,0.9,25,0,0,0,0,0.0
/project/theorie/n/N.Pfaffenzeller/results_project/checkpoint/5b5t_sensitivity_sweep,param_76_rep_5,/project/theorie/n/N.Pfaffenzeller/results_project/checkpoint/5b5t_sensitivity_sweep/data/param_76_rep_5,10000,5.0e-6,100.0,100.0,1,10000.0,0.8,25,0,0,0,0,0.0
/project/theorie/n/N.Pfaffenzeller/results_project/checkpoint/5b5t_sensitivity_sweep,param_76_rep_5,/project/theorie/n/N.Pfaffenzeller/results_project/checkpoint/5b5t_sensitivity_sweep/data/param_76_rep_5,10000,5.0e-6,100.0,100.0,1,10000.0,0.9,25,0,0,0,0,0.0
/project/theorie/n/N.Pfaffenzeller/results_project/checkpoint/5b5t_sensitivity_sweep,param_77_rep_1,/project/theorie/n/N.Pfaffenzeller/results_project/checkpoint/5b5t_sensitivity_sweep/data/param_77_rep_1,10000,5.0e-6,100.0,0.1,10,5000.0,0.8,25,0,2,2,2,0.4
/project/theorie/n/N.Pfaffenzeller/results_project/checkpoint/5b5t_sensitivity_sweep,param_77_rep_1,/project/theorie/n/N.Pfaffenzeller/results_project/checkpoint/5b5t_sensitivity_sweep/data/param_77_rep_1,10000,5.0e-6,100.0,0.1,10,5000.0,0.9,25,0,0,0,0,0.0
/project/theorie/n/N.Pfaffenzeller/results_project/checkpoint/5b5t_sensitivity_sweep,param_77_rep_1,/project/theorie/n/N.Pfaffenzeller/results_project/checkpoint/5b5t_sensitivity_sweep/data/param_77_rep_1,10000,5.0e-6,100.0,0.1,10,10000.0,0.8,25,0,1,1,1,0.2
/project/theorie/n/N.Pfaffenzeller/results_project/checkpoint/5b5t_sensitivity_sweep,param_77_rep_1,/project/theorie/n/N.Pfaffenzeller/results_project/checkpoint/5b5t_sensitivity_sweep/data/param_77_rep_1,10000,5.0e-6,100.0,0.1,10,10000.0,0.9,25,0,0,0,0,0.0
/project/theorie/n/N.Pfaffenzeller/results_project/checkpoint/5b5t_sensitivity_sweep,param_77_rep_2,/project/theorie/n/N.Pfaffenzeller/results_project/checkpoint/5b5t_sensitivity_sweep/data/param_77_rep_2,10000,5.0e-6,100.0,0.1,10,5000.0,0.8,25,0,4,4,4,0.8
/project/theorie/n/N.Pfaffenzeller/results_project/checkpoint/5b5t_sensitivity_sweep,param_77_rep_2,/project/theorie/n/N.Pfaffenzeller/results_project/checkpoint/5b5t_sensitivity_sweep/data/param_77_rep_2,10000,5.0e-6,100.0,0.1,10,5000.0,0.9,25,0,0,0,0,0.0
/project/theorie/n/N.Pfaffenzeller/results_project/checkpoint/5b5t_sensitivity_sweep,param_77_rep_2,/project/theorie/n/N.Pfaffenzeller/results_project/checkpoint/5b5t_sensitivity_sweep/data/param_77_rep_2,10000,5.0e-6,100.0,0.1,10,10000.0,0.8,25,0,0,0,0,0.0
/project/theorie/n/N.Pfaffenzeller/results_project/checkpoint/5b5t_sensitivity_sweep,param_77_rep_2,/project/theorie/n/N.Pfaffenzeller/results_project/checkpoint/5b5t_sensitivity_sweep/data/param_77_rep_2,10000,5.0e-6,100.0,0.1,10,10000.0,0.9,25,0,0,0,0,0.0
/project/theorie/n/N.Pfaffenzeller/results_project/checkpoint/5b5t_sensitivity_sweep,param_77_rep_3,/project/theorie/n/N.Pfaffenzeller/results_project/checkpoint/5b5t_sensitivity_sweep/data/param_77_rep_3,10000,5.0e-6,100.0,0.1,10,5000.0,0.8,25,0,4,4,4,0.8
/project/theorie/n/N.Pfaffenzeller/results_project/checkpoint/5b5t_sensitivity_sweep,param_77_rep_3,/project/theorie/n/N.Pfaffenzeller/results_project/checkpoint/5b5t_sensitivity_sweep/data/param_77_rep_3,10000,5.0e-6,100.0,0.1,10,5000.0,0.9,25,0,1,1,1,0.2
/project/theorie/n/N.Pfaffenzeller/results_project/checkpoint/5b5t_sensitivity_sweep,param_77_rep_3,/project/theorie/n/N.Pfaffenzeller/results_project/checkpoint/5b5t_sensitivity_sweep/data/param_77_rep_3,10000,5.0e-6,100.0,0.1,10,10000.0,0.8,25,0,2,2,2,0.4
/project/theorie/n/N.Pfaffenzeller/results_project/checkpoint/5b5t_sensitivity_sweep,param_77_rep_3,/project/theorie/n/N.Pfaffenzeller/results_project/checkpoint/5b5t_sensitivity_sweep/data/param_77_rep_3,10000,5.0e-6,100.0,0.1,10,10000.0,0.9,25,0,0,0,0,0.0
/project/theorie/n/N.Pfaffenzeller/results_project/checkpoint/5b5t_sensitivity_sweep,param_77_rep_4,/project/theorie/n/N.Pfaffenzeller/results_project/checkpoint/5b5t_sensitivity_sweep/data/param_77_rep_4,10000,5.0e-6,100.0,0.1,10,5000.0,0.8,25,0,3,3,3,0.6
/project/theorie/n/N.Pfaffenzeller/results_project/checkpoint/5b5t_sensitivity_sweep,param_77_rep_4,/project/theorie/n/N.Pfaffenzeller/results_project/checkpoint/5b5t_sensitivity_sweep/data/param_77_rep_4,10000,5.0e-6,100.0,0.1,10,5000.0,0.9,25,0,0,0,0,0.0
/project/theorie/n/N.Pfaffenzeller/results_project/checkpoint/5b5t_sensitivity_sweep,param_77_rep_4,/project/theorie/n/N.Pfaffenzeller/results_project/checkpoint/5b5t_sensitivity_sweep/data/param_77_rep_4,10000,5.0e-6,100.0,0.1,10,10000.0,0.8,25,0,1,1,1,0.2
/project/theorie/n/N.Pfaffenzeller/results_project/checkpoint/5b5t_sensitivity_sweep,param_77_rep_4,/project/theorie/n/N.Pfaffenzeller/results_project/checkpoint/5b5t_sensitivity_sweep/data/param_77_rep_4,10000,5.0e-6,100.0,0.1,10,10000.0,0.9,25,0,0,0,0,0.0
/project/theorie/n/N.Pfaffenzeller/results_project/checkpoint/5b5t_sensitivity_sweep,param_77_rep_5,/project/theorie/n/N.Pfaffenzeller/results_project/checkpoint/5b5t_sensitivity_sweep/data/param_77_rep_5,10000,5.0e-6,100.0,0.1,10,5000.0,0.8,25,0,5,5,5,1.0
/project/theorie/n/N.Pfaffenzeller/results_project/checkpoint/5b5t_sensitivity_sweep,param_77_rep_5,/project/theorie/n/N.Pfaffenzeller/results_project/checkpoint/5b5t_sensitivity_sweep/data/param_77_rep_5,10000,5.0e-6,100.0,0.1,10,5000.0,0.9,25,0,1,1,1,0.2
/project/theorie/n/N.Pfaffenzeller/results_project/checkpoint/5b5t_sensitivity_sweep,param_77_rep_5,/project/theorie/n/N.Pfaffenzeller/results_project/checkpoint/5b5t_sensitivity_sweep/data/param_77_rep_5,10000,5.0e-6,100.0,0.1,10,10000.0,0.8,25,0,0,0,0,0.0
/project/theorie/n/N.Pfaffenzeller/results_project/checkpoint/5b5t_sensitivity_sweep,param_77_rep_5,/project/theorie/n/N.Pfaffenzeller/results_project/checkpoint/5b5t_sensitivity_sweep/data/param_77_rep_5,10000,5.0e-6,100.0,0.1,10,10000.0,0.9,25,0,0,0,0,0.0
/project/theorie/n/N.Pfaffenzeller/results_project/checkpoint/5b5t_sensitivity_sweep,param_78_rep_1,/project/theorie/n/N.Pfaffenzeller/results_project/checkpoint/5b5t_sensitivity_sweep/data/param_78_rep_1,10000,5.0e-6,100.0,1.0,10,5000.0,0.8,25,0,5,5,5,1.0
/project/theorie/n/N.Pfaffenzeller/results_project/checkpoint/5b5t_sensitivity_sweep,param_78_rep_1,/project/theorie/n/N.Pfaffenzeller/results_project/checkpoint/5b5t_sensitivity_sweep/data/param_78_rep_1,10000,5.0e-6,100.0,1.0,10,5000.0,0.9,25,0,5,5,5,1.0
/project/theorie/n/N.Pfaffenzeller/results_project/checkpoint/5b5t_sensitivity_sweep,param_78_rep_1,/project/theorie/n/N.Pfaffenzeller/results_project/checkpoint/5b5t_sensitivity_sweep/data/param_78_rep_1,10000,5.0e-6,100.0,1.0,10,10000.0,0.8,25,0,5,5,5,1.0
/project/theorie/n/N.Pfaffenzeller/results_project/checkpoint/5b5t_sensitivity_sweep,param_78_rep_1,/project/theorie/n/N.Pfaffenzeller/results_project/checkpoint/5b5t_sensitivity_sweep/data/param_78_rep_1,10000,5.0e-6,100.0,1.0,10,10000.0,0.9,25,0,5,5,5,1.0
/project/theorie/n/N.Pfaffenzeller/results_project/checkpoint/5b5t_sensitivity_sweep,param_78_rep_2,/project/theorie/n/N.Pfaffenzeller/results_project/checkpoint/5b5t_sensitivity_sweep/data/param_78_rep_2,10000,5.0e-6,100.0,1.0,10,5000.0,0.8,25,0,5,5,5,1.0
/project/theorie/n/N.Pfaffenzeller/results_project/checkpoint/5b5t_sensitivity_sweep,param_78_rep_2,/project/theorie/n/N.Pfaffenzeller/results_project/checkpoint/5b5t_sensitivity_sweep/data/param_78_rep_2,10000,5.0e-6,100.0,1.0,10,5000.0,0.9,25,0,5,5,5,1.0
/project/theorie/n/N.Pfaffenzeller/results_project/checkpoint/5b5t_sensitivity_sweep,param_78_rep_2,/project/theorie/n/N.Pfaffenzeller/results_project/checkpoint/5b5t_sensitivity_sweep/data/param_78_rep_2,10000,5.0e-6,100.0,1.0,10,10000.0,0.8,25,0,5,5,5,1.0
/project/theorie/n/N.Pfaffenzeller/results_project/checkpoint/5b5t_sensitivity_sweep,param_78_rep_2,/project/theorie/n/N.Pfaffenzeller/results_project/checkpoint/5b5t_sensitivity_sweep/data/param_78_rep_2,10000,5.0e-6,100.0,1.0,10,10000.0,0.9,25,0,5,5,5,1.0
/project/theorie/n/N.Pfaffenzeller/results_project/checkpoint/5b5t_sensitivity_sweep,param_78_rep_3,/project/theorie/n/N.Pfaffenzeller/results_project/checkpoint/5b5t_sensitivity_sweep/data/param_78_rep_3,10000,5.0e-6,100.0,1.0,10,5000.0,0.8,25,0,5,5,5,1.0
/project/theorie/n/N.Pfaffenzeller/results_project/checkpoint/5b5t_sensitivity_sweep,param_78_rep_3,/project/theorie/n/N.Pfaffenzeller/results_project/checkpoint/5b5t_sensitivity_sweep/data/param_78_rep_3,10000,5.0e-6,100.0,1.0,10,5000.0,0.9,25,0,5,5,5,1.0
/project/theorie/n/N.Pfaffenzeller/results_project/checkpoint/5b5t_sensitivity_sweep,param_78_rep_3,/project/theorie/n/N.Pfaffenzeller/results_project/checkpoint/5b5t_sensitivity_sweep/data/param_78_rep_3,10000,5.0e-6,100.0,1.0,10,10000.0,0.8,25,0,5,5,5,1.0
/project/theorie/n/N.Pfaffenzeller/results_project/checkpoint/5b5t_sensitivity_sweep,param_78_rep_3,/project/theorie/n/N.Pfaffenzeller/results_project/checkpoint/5b5t_sensitivity_sweep/data/param_78_rep_3,10000,5.0e-6,100.0,1.0,10,10000.0,0.9,25,0,5,5,5,1.0
/project/theorie/n/N.Pfaffenzeller/results_project/checkpoint/5b5t_sensitivity_sweep,param_78_rep_4,/project/theorie/n/N.Pfaffenzeller/results_project/checkpoint/5b5t_sensitivity_sweep/data/param_78_rep_4,10000,5.0e-6,100.0,1.0,10,5000.0,0.8,25,0,5,5,5,1.0
/project/theorie/n/N.Pfaffenzeller/results_project/checkpoint/5b5t_sensitivity_sweep,param_78_rep_4,/project/theorie/n/N.Pfaffenzeller/results_project/checkpoint/5b5t_sensitivity_sweep/data/param_78_rep_4,10000,5.0e-6,100.0,1.0,10,5000.0,0.9,25,0,5,5,5,1.0
/project/theorie/n/N.Pfaffenzeller/results_project/checkpoint/5b5t_sensitivity_sweep,param_78_rep_4,/project/theorie/n/N.Pfaffenzeller/results_project/checkpoint/5b5t_sensitivity_sweep/data/param_78_rep_4,10000,5.0e-6,100.0,1.0,10,10000.0,0.8,25,0,5,5,5,1.0
/project/theorie/n/N.Pfaffenzeller/results_project/checkpoint/5b5t_sensitivity_sweep,param_78_rep_4,/project/theorie/n/N.Pfaffenzeller/results_project/checkpoint/5b5t_sensitivity_sweep/data/param_78_rep_4,10000,5.0e-6,100.0,1.0,10,10000.0,0.9,25,0,5,5,5,1.0
/project/theorie/n/N.Pfaffenzeller/results_project/checkpoint/5b5t_sensitivity_sweep,param_78_rep_5,/project/theorie/n/N.Pfaffenzeller/results_project/checkpoint/5b5t_sensitivity_sweep/data/param_78_rep_5,10000,5.0e-6,100.0,1.0,10,5000.0,0.8,25,0,5,5,5,1.0
/project/theorie/n/N.Pfaffenzeller/results_project/checkpoint/5b5t_sensitivity_sweep,param_78_rep_5,/project/theorie/n/N.Pfaffenzeller/results_project/checkpoint/5b5t_sensitivity_sweep/data/param_78_rep_5,10000,5.0e-6,100.0,1.0,10,5000.0,0.9,25,0,5,5,5,1.0
/project/theorie/n/N.Pfaffenzeller/results_project/checkpoint/5b5t_sensitivity_sweep,param_78_rep_5,/project/theorie/n/N.Pfaffenzeller/results_project/checkpoint/5b5t_sensitivity_sweep/data/param_78_rep_5,10000,5.0e-6,100.0,1.0,10,10000.0,0.8,25,0,5,5,5,1.0
/project/theorie/n/N.Pfaffenzeller/results_project/checkpoint/5b5t_sensitivity_sweep,param_78_rep_5,/project/theorie/n/N.Pfaffenzeller/results_project/checkpoint/5b5t_sensitivity_sweep/data/param_78_rep_5,10000,5.0e-6,100.0,1.0,10,10000.0,0.9,25,0,5,5,5,1.0
/project/theorie/n/N.Pfaffenzeller/results_project/checkpoint/5b5t_sensitivity_sweep,param_79_rep_1,/project/theorie/n/N.Pfaffenzeller/results_project/checkpoint/5b5t_sensitivity_sweep/data/param_79_rep_1,10000,5.0e-6,100.0,10.0,10,5000.0,0.8,25,0,0,0,0,0.0
/project/theorie/n/N.Pfaffenzeller/results_project/checkpoint/5b5t_sensitivity_sweep,param_79_rep_1,/project/theorie/n/N.Pfaffenzeller/results_project/checkpoint/5b5t_sensitivity_sweep/data/param_79_rep_1,10000,5.0e-6,100.0,10.0,10,5000.0,0.9,25,0,0,0,0,0.0
/project/theorie/n/N.Pfaffenzeller/results_project/checkpoint/5b5t_sensitivity_sweep,param_79_rep_1,/project/theorie/n/N.Pfaffenzeller/results_project/checkpoint/5b5t_sensitivity_sweep/data/param_79_rep_1,10000,5.0e-6,100.0,10.0,10,10000.0,0.8,25,0,0,0,0,0.0
/project/theorie/n/N.Pfaffenzeller/results_project/checkpoint/5b5t_sensitivity_sweep,param_79_rep_1,/project/theorie/n/N.Pfaffenzeller/results_project/checkpoint/5b5t_sensitivity_sweep/data/param_79_rep_1,10000,5.0e-6,100.0,10.0,10,10000.0,0.9,25,0,0,0,0,0.0
/project/theorie/n/N.Pfaffenzeller/results_project/checkpoint/5b5t_sensitivity_sweep,param_79_rep_2,/project/theorie/n/N.Pfaffenzeller/results_project/checkpoint/5b5t_sensitivity_sweep/data/param_79_rep_2,10000,5.0e-6,100.0,10.0,10,5000.0,0.8,25,0,0,0,0,0.0
/project/theorie/n/N.Pfaffenzeller/results_project/checkpoint/5b5t_sensitivity_sweep,param_79_rep_2,/project/theorie/n/N.Pfaffenzeller/results_project/checkpoint/5b5t_sensitivity_sweep/data/param_79_rep_2,10000,5.0e-6,100.0,10.0,10,5000.0,0.9,25,0,0,0,0,0.0
/project/theorie/n/N.Pfaffenzeller/results_project/checkpoint/5b5t_sensitivity_sweep,param_79_rep_2,/project/theorie/n/N.Pfaffenzeller/results_project/checkpoint/5b5t_sensitivity_sweep/data/param_79_rep_2,10000,5.0e-6,100.0,10.0,10,10000.0,0.8,25,0,0,0,0,0.0
/project/theorie/n/N.Pfaffenzeller/results_project/checkpoint/5b5t_sensitivity_sweep,param_79_rep_2,/project/theorie/n/N.Pfaffenzeller/results_project/checkpoint/5b5t_sensitivity_sweep/data/param_79_rep_2,10000,5.0e-6,100.0,10.0,10,10000.0,0.9,25,0,0,0,0,0.0
/project/theorie/n/N.Pfaffenzeller/results_project/checkpoint/5b5t_sensitivity_sweep,param_79_rep_3,/project/theorie/n/N.Pfaffenzeller/results_project/checkpoint/5b5t_sensitivity_sweep/data/param_79_rep_3,10000,5.0e-6,100.0,10.0,10,5000.0,0.8,25,0,0,0,0,0.0
/project/theorie/n/N.Pfaffenzeller/results_project/checkpoint/5b5t_sensitivity_sweep,param_79_rep_3,/project/theorie/n/N.Pfaffenzeller/results_project/checkpoint/5b5t_sensitivity_sweep/data/param_79_rep_3,10000,5.0e-6,100.0,10.0,10,5000.0,0.9,25,0,0,0,0,0.0
/project/theorie/n/N.Pfaffenzeller/results_project/checkpoint/5b5t_sensitivity_sweep,param_79_rep_3,/project/theorie/n/N.Pfaffenzeller/results_project/checkpoint/5b5t_sensitivity_sweep/data/param_79_rep_3,10000,5.0e-6,100.0,10.0,10,10000.0,0.8,25,0,0,0,0,0.0
/project/theorie/n/N.Pfaffenzeller/results_project/checkpoint/5b5t_sensitivity_sweep,param_79_rep_3,/project/theorie/n/N.Pfaffenzeller/results_project/checkpoint/5b5t_sensitivity_sweep/data/param_79_rep_3,10000,5.0e-6,100.0,10.0,10,10000.0,0.9,25,0,0,0,0,0.0
/project/theorie/n/N.Pfaffenzeller/results_project/checkpoint/5b5t_sensitivity_sweep,param_79_rep_4,/project/theorie/n/N.Pfaffenzeller/results_project/checkpoint/5b5t_sensitivity_sweep/data/param_79_rep_4,10000,5.0e-6,100.0,10.0,10,5000.0,0.8,25,0,0,0,0,0.0
/project/theorie/n/N.Pfaffenzeller/results_project/checkpoint/5b5t_sensitivity_sweep,param_79_rep_4,/project/theorie/n/N.Pfaffenzeller/results_project/checkpoint/5b5t_sensitivity_sweep/data/param_79_rep_4,10000,5.0e-6,100.0,10.0,10,5000.0,0.9,25,0,0,0,0,0.0
/project/theorie/n/N.Pfaffenzeller/results_project/checkpoint/5b5t_sensitivity_sweep,param_79_rep_4,/project/theorie/n/N.Pfaffenzeller/results_project/checkpoint/5b5t_sensitivity_sweep/data/param_79_rep_4,10000,5.0e-6,100.0,10.0,10,10000.0,0.8,25,0,0,0,0,0.0
/project/theorie/n/N.Pfaffenzeller/results_project/checkpoint/5b5t_sensitivity_sweep,param_79_rep_4,/project/theorie/n/N.Pfaffenzeller/results_project/checkpoint/5b5t_sensitivity_sweep/data/param_79_rep_4,10000,5.0e-6,100.0,10.0,10,10000.0,0.9,25,0,0,0,0,0.0
/project/theorie/n/N.Pfaffenzeller/results_project/checkpoint/5b5t_sensitivity_sweep,param_79_rep_5,/project/theorie/n/N.Pfaffenzeller/results_project/checkpoint/5b5t_sensitivity_sweep/data/param_79_rep_5,10000,5.0e-6,100.0,10.0,10,5000.0,0.8,25,0,0,0,0,0.0
/project/theorie/n/N.Pfaffenzeller/results_project/checkpoint/5b5t_sensitivity_sweep,param_79_rep_5,/project/theorie/n/N.Pfaffenzeller/results_project/checkpoint/5b5t_sensitivity_sweep/data/param_79_rep_5,10000,5.0e-6,100.0,10.0,10,5000.0,0.9,25,0,0,0,0,0.0
/project/theorie/n/N.Pfaffenzeller/results_project/checkpoint/5b5t_sensitivity_sweep,param_79_rep_5,/project/theorie/n/N.Pfaffenzeller/results_project/checkpoint/5b5t_sensitivity_sweep/data/param_79_rep_5,10000,5.0e-6,100.0,10.0,10,10000.0,0.8,25,0,0,0,0,0.0
/project/theorie/n/N.Pfaffenzeller/results_project/checkpoint/5b5t_sensitivity_sweep,param_79_rep_5,/project/theorie/n/N.Pfaffenzeller/results_project/checkpoint/5b5t_sensitivity_sweep/data/param_79_rep_5,10000,5.0e-6,100.0,10.0,10,10000.0,0.9,25,0,0,0,0,0.0
/project/theorie/n/N.Pfaffenzeller/results_project/checkpoint/5b5t_sensitivity_sweep,param_7_rep_1,/project/theorie/n/N.Pfaffenzeller/results_project/checkpoint/5b5t_sensitivity_sweep/data/param_7_rep_1,10000,5.0e-6,0.1,10.0,10,5000.0,0.8,25,0,0,0,0,0.0
/project/theorie/n/N.Pfaffenzeller/results_project/checkpoint/5b5t_sensitivity_sweep,param_7_rep_1,/project/theorie/n/N.Pfaffenzeller/results_project/checkpoint/5b5t_sensitivity_sweep/data/param_7_rep_1,10000,5.0e-6,0.1,10.0,10,5000.0,0.9,25,0,0,0,0,0.0
/project/theorie/n/N.Pfaffenzeller/results_project/checkpoint/5b5t_sensitivity_sweep,param_7_rep_1,/project/theorie/n/N.Pfaffenzeller/results_project/checkpoint/5b5t_sensitivity_sweep/data/param_7_rep_1,10000,5.0e-6,0.1,10.0,10,10000.0,0.8,25,0,0,0,0,0.0
/project/theorie/n/N.Pfaffenzeller/results_project/checkpoint/5b5t_sensitivity_sweep,param_7_rep_1,/project/theorie/n/N.Pfaffenzeller/results_project/checkpoint/5b5t_sensitivity_sweep/data/param_7_rep_1,10000,5.0e-6,0.1,10.0,10,10000.0,0.9,25,0,0,0,0,0.0
/project/theorie/n/N.Pfaffenzeller/results_project/checkpoint/5b5t_sensitivity_sweep,param_7_rep_2,/project/theorie/n/N.Pfaffenzeller/results_project/checkpoint/5b5t_sensitivity_sweep/data/param_7_rep_2,10000,5.0e-6,0.1,10.0,10,5000.0,0.8,25,0,0,0,0,0.0
/project/theorie/n/N.Pfaffenzeller/results_project/checkpoint/5b5t_sensitivity_sweep,param_7_rep_2,/project/theorie/n/N.Pfaffenzeller/results_project/checkpoint/5b5t_sensitivity_sweep/data/param_7_rep_2,10000,5.0e-6,0.1,10.0,10,5000.0,0.9,25,0,0,0,0,0.0
/project/theorie/n/N.Pfaffenzeller/results_project/checkpoint/5b5t_sensitivity_sweep,param_7_rep_2,/project/theorie/n/N.Pfaffenzeller/results_project/checkpoint/5b5t_sensitivity_sweep/data/param_7_rep_2,10000,5.0e-6,0.1,10.0,10,10000.0,0.8,25,0,0,0,0,0.0
/project/theorie/n/N.Pfaffenzeller/results_project/checkpoint/5b5t_sensitivity_sweep,param_7_rep_2,/project/theorie/n/N.Pfaffenzeller/results_project/checkpoint/5b5t_sensitivity_sweep/data/param_7_rep_2,10000,5.0e-6,0.1,10.0,10,10000.0,0.9,25,0,0,0,0,0.0
/project/theorie/n/N.Pfaffenzeller/results_project/checkpoint/5b5t_sensitivity_sweep,param_7_rep_3,/project/theorie/n/N.Pfaffenzeller/results_project/checkpoint/5b5t_sensitivity_sweep/data/param_7_rep_3,10000,5.0e-6,0.1,10.0,10,5000.0,0.8,25,0,0,0,0,0.0
/project/theorie/n/N.Pfaffenzeller/results_project/checkpoint/5b5t_sensitivity_sweep,param_7_rep_3,/project/theorie/n/N.Pfaffenzeller/results_project/checkpoint/5b5t_sensitivity_sweep/data/param_7_rep_3,10000,5.0e-6,0.1,10.0,10,5000.0,0.9,25,0,0,0,0,0.0
/project/theorie/n/N.Pfaffenzeller/results_project/checkpoint/5b5t_sensitivity_sweep,param_7_rep_3,/project/theorie/n/N.Pfaffenzeller/results_project/checkpoint/5b5t_sensitivity_sweep/data/param_7_rep_3,10000,5.0e-6,0.1,10.0,10,10000.0,0.8,25,0,0,0,0,0.0
/project/theorie/n/N.Pfaffenzeller/results_project/checkpoint/5b5t_sensitivity_sweep,param_7_rep_3,/project/theorie/n/N.Pfaffenzeller/results_project/checkpoint/5b5t_sensitivity_sweep/data/param_7_rep_3,10000,5.0e-6,0.1,10.0,10,10000.0,0.9,25,0,0,0,0,0.0
/project/theorie/n/N.Pfaffenzeller/results_project/checkpoint/5b5t_sensitivity_sweep,param_7_rep_4,/project/theorie/n/N.Pfaffenzeller/results_project/checkpoint/5b5t_sensitivity_sweep/data/param_7_rep_4,10000,5.0e-6,0.1,10.0,10,5000.0,0.8,25,0,0,0,0,0.0
/project/theorie/n/N.Pfaffenzeller/results_project/checkpoint/5b5t_sensitivity_sweep,param_7_rep_4,/project/theorie/n/N.Pfaffenzeller/results_project/checkpoint/5b5t_sensitivity_sweep/data/param_7_rep_4,10000,5.0e-6,0.1,10.0,10,5000.0,0.9,25,0,0,0,0,0.0
/project/theorie/n/N.Pfaffenzeller/results_project/checkpoint/5b5t_sensitivity_sweep,param_7_rep_4,/project/theorie/n/N.Pfaffenzeller/results_project/checkpoint/5b5t_sensitivity_sweep/data/param_7_rep_4,10000,5.0e-6,0.1,10.0,10,10000.0,0.8,25,0,0,0,0,0.0
/project/theorie/n/N.Pfaffenzeller/results_project/checkpoint/5b5t_sensitivity_sweep,param_7_rep_4,/project/theorie/n/N.Pfaffenzeller/results_project/checkpoint/5b5t_sensitivity_sweep/data/param_7_rep_4,10000,5.0e-6,0.1,10.0,10,10000.0,0.9,25,0,0,0,0,0.0
/project/theorie/n/N.Pfaffenzeller/results_project/checkpoint/5b5t_sensitivity_sweep,param_7_rep_5,/project/theorie/n/N.Pfaffenzeller/results_project/checkpoint/5b5t_sensitivity_sweep/data/param_7_rep_5,10000,5.0e-6,0.1,10.0,10,5000.0,0.8,25,0,0,0,0,0.0
/project/theorie/n/N.Pfaffenzeller/results_project/checkpoint/5b5t_sensitivity_sweep,param_7_rep_5,/project/theorie/n/N.Pfaffenzeller/results_project/checkpoint/5b5t_sensitivity_sweep/data/param_7_rep_5,10000,5.0e-6,0.1,10.0,10,5000.0,0.9,25,0,0,0,0,0.0
/project/theorie/n/N.Pfaffenzeller/results_project/checkpoint/5b5t_sensitivity_sweep,param_7_rep_5,/project/theorie/n/N.Pfaffenzeller/results_project/checkpoint/5b5t_sensitivity_sweep/data/param_7_rep_5,10000,5.0e-6,0.1,10.0,10,10000.0,0.8,25,0,0,0,0,0.0
/project/theorie/n/N.Pfaffenzeller/results_project/checkpoint/5b5t_sensitivity_sweep,param_7_rep_5,/project/theorie/n/N.Pfaffenzeller/results_project/checkpoint/5b5t_sensitivity_sweep/data/param_7_rep_5,10000,5.0e-6,0.1,10.0,10,10000.0,0.9,25,0,0,0,0,0.0
/project/theorie/n/N.Pfaffenzeller/results_project/checkpoint/5b5t_sensitivity_sweep,param_80_rep_1,/project/theorie/n/N.Pfaffenzeller/results_project/checkpoint/5b5t_sensitivity_sweep/data/param_80_rep_1,10000,5.0e-6,100.0,100.0,10,5000.0,0.8,25,0,0,0,0,0.0
/project/theorie/n/N.Pfaffenzeller/results_project/checkpoint/5b5t_sensitivity_sweep,param_80_rep_1,/project/theorie/n/N.Pfaffenzeller/results_project/checkpoint/5b5t_sensitivity_sweep/data/param_80_rep_1,10000,5.0e-6,100.0,100.0,10,5000.0,0.9,25,0,0,0,0,0.0
/project/theorie/n/N.Pfaffenzeller/results_project/checkpoint/5b5t_sensitivity_sweep,param_80_rep_1,/project/theorie/n/N.Pfaffenzeller/results_project/checkpoint/5b5t_sensitivity_sweep/data/param_80_rep_1,10000,5.0e-6,100.0,100.0,10,10000.0,0.8,25,0,0,0,0,0.0
/project/theorie/n/N.Pfaffenzeller/results_project/checkpoint/5b5t_sensitivity_sweep,param_80_rep_1,/project/theorie/n/N.Pfaffenzeller/results_project/checkpoint/5b5t_sensitivity_sweep/data/param_80_rep_1,10000,5.0e-6,100.0,100.0,10,10000.0,0.9,25,0,0,0,0,0.0
/project/theorie/n/N.Pfaffenzeller/results_project/checkpoint/5b5t_sensitivity_sweep,param_80_rep_2,/project/theorie/n/N.Pfaffenzeller/results_project/checkpoint/5b5t_sensitivity_sweep/data/param_80_rep_2,10000,5.0e-6,100.0,100.0,10,5000.0,0.8,25,0,0,0,0,0.0
/project/theorie/n/N.Pfaffenzeller/results_project/checkpoint/5b5t_sensitivity_sweep,param_80_rep_2,/project/theorie/n/N.Pfaffenzeller/results_project/checkpoint/5b5t_sensitivity_sweep/data/param_80_rep_2,10000,5.0e-6,100.0,100.0,10,5000.0,0.9,25,0,0,0,0,0.0
/project/theorie/n/N.Pfaffenzeller/results_project/checkpoint/5b5t_sensitivity_sweep,param_80_rep_2,/project/theorie/n/N.Pfaffenzeller/results_project/checkpoint/5b5t_sensitivity_sweep/data/param_80_rep_2,10000,5.0e-6,100.0,100.0,10,10000.0,0.8,25,0,0,0,0,0.0
/project/theorie/n/N.Pfaffenzeller/results_project/checkpoint/5b5t_sensitivity_sweep,param_80_rep_2,/project/theorie/n/N.Pfaffenzeller/results_project/checkpoint/5b5t_sensitivity_sweep/data/param_80_rep_2,10000,5.0e-6,100.0,100.0,10,10000.0,0.9,25,0,0,0,0,0.0
/project/theorie/n/N.Pfaffenzeller/results_project/checkpoint/5b5t_sensitivity_sweep,param_80_rep_3,/project/theorie/n/N.Pfaffenzeller/results_project/checkpoint/5b5t_sensitivity_sweep/data/param_80_rep_3,10000,5.0e-6,100.0,100.0,10,5000.0,0.8,25,0,0,0,0,0.0
/project/theorie/n/N.Pfaffenzeller/results_project/checkpoint/5b5t_sensitivity_sweep,param_80_rep_3,/project/theorie/n/N.Pfaffenzeller/results_project/checkpoint/5b5t_sensitivity_sweep/data/param_80_rep_3,10000,5.0e-6,100.0,100.0,10,5000.0,0.9,25,0,0,0,0,0.0
/project/theorie/n/N.Pfaffenzeller/results_project/checkpoint/5b5t_sensitivity_sweep,param_80_rep_3,/project/theorie/n/N.Pfaffenzeller/results_project/checkpoint/5b5t_sensitivity_sweep/data/param_80_rep_3,10000,5.0e-6,100.0,100.0,10,10000.0,0.8,25,0,0,0,0,0.0
/project/theorie/n/N.Pfaffenzeller/results_project/checkpoint/5b5t_sensitivity_sweep,param_80_rep_3,/project/theorie/n/N.Pfaffenzeller/results_project/checkpoint/5b5t_sensitivity_sweep/data/param_80_rep_3,10000,5.0e-6,100.0,100.0,10,10000.0,0.9,25,0,0,0,0,0.0
/project/theorie/n/N.Pfaffenzeller/results_project/checkpoint/5b5t_sensitivity_sweep,param_80_rep_4,/project/theorie/n/N.Pfaffenzeller/results_project/checkpoint/5b5t_sensitivity_sweep/data/param_80_rep_4,10000,5.0e-6,100.0,100.0,10,5000.0,0.8,25,0,0,0,0,0.0
/project/theorie/n/N.Pfaffenzeller/results_project/checkpoint/5b5t_sensitivity_sweep,param_80_rep_4,/project/theorie/n/N.Pfaffenzeller/results_project/checkpoint/5b5t_sensitivity_sweep/data/param_80_rep_4,10000,5.0e-6,100.0,100.0,10,5000.0,0.9,25,0,0,0,0,0.0
/project/theorie/n/N.Pfaffenzeller/results_project/checkpoint/5b5t_sensitivity_sweep,param_80_rep_4,/project/theorie/n/N.Pfaffenzeller/results_project/checkpoint/5b5t_sensitivity_sweep/data/param_80_rep_4,10000,5.0e-6,100.0,100.0,10,10000.0,0.8,25,0,0,0,0,0.0
/project/theorie/n/N.Pfaffenzeller/results_project/checkpoint/5b5t_sensitivity_sweep,param_80_rep_4,/project/theorie/n/N.Pfaffenzeller/results_project/checkpoint/5b5t_sensitivity_sweep/data/param_80_rep_4,10000,5.0e-6,100.0,100.0,10,10000.0,0.9,25,0,0,0,0,0.0
/project/theorie/n/N.Pfaffenzeller/results_project/checkpoint/5b5t_sensitivity_sweep,param_80_rep_5,/project/theorie/n/N.Pfaffenzeller/results_project/checkpoint/5b5t_sensitivity_sweep/data/param_80_rep_5,10000,5.0e-6,100.0,100.0,10,5000.0,0.8,25,0,0,0,0,0.0
/project/theorie/n/N.Pfaffenzeller/results_project/checkpoint/5b5t_sensitivity_sweep,param_80_rep_5,/project/theorie/n/N.Pfaffenzeller/results_project/checkpoint/5b5t_sensitivity_sweep/data/param_80_rep_5,10000,5.0e-6,100.0,100.0,10,5000.0,0.9,25,0,0,0,0,0.0
/project/theorie/n/N.Pfaffenzeller/results_project/checkpoint/5b5t_sensitivity_sweep,param_80_rep_5,/project/theorie/n/N.Pfaffenzeller/results_project/checkpoint/5b5t_sensitivity_sweep/data/param_80_rep_5,10000,5.0e-6,100.0,100.0,10,10000.0,0.8,25,0,0,0,0,0.0
/project/theorie/n/N.Pfaffenzeller/results_project/checkpoint/5b5t_sensitivity_sweep,param_80_rep_5,/project/theorie/n/N.Pfaffenzeller/results_project/checkpoint/5b5t_sensitivity_sweep/data/param_80_rep_5,10000,5.0e-6,100.0,100.0,10,10000.0,0.9,25,0,0,0,0,0.0
/project/theorie/n/N.Pfaffenzeller/results_project/checkpoint/5b5t_sensitivity_sweep,param_81_rep_1,/project/theorie/n/N.Pfaffenzeller/results_project/checkpoint/5b5t_sensitivity_sweep/data/param_81_rep_1,10000,5.0e-6,100.0,0.1,100,5000.0,0.8,25,0,0,0,0,0.0
/project/theorie/n/N.Pfaffenzeller/results_project/checkpoint/5b5t_sensitivity_sweep,param_81_rep_1,/project/theorie/n/N.Pfaffenzeller/results_project/checkpoint/5b5t_sensitivity_sweep/data/param_81_rep_1,10000,5.0e-6,100.0,0.1,100,5000.0,0.9,25,0,0,0,0,0.0
/project/theorie/n/N.Pfaffenzeller/results_project/checkpoint/5b5t_sensitivity_sweep,param_81_rep_1,/project/theorie/n/N.Pfaffenzeller/results_project/checkpoint/5b5t_sensitivity_sweep/data/param_81_rep_1,10000,5.0e-6,100.0,0.1,100,10000.0,0.8,25,0,1,1,1,0.2
/project/theorie/n/N.Pfaffenzeller/results_project/checkpoint/5b5t_sensitivity_sweep,param_81_rep_1,/project/theorie/n/N.Pfaffenzeller/results_project/checkpoint/5b5t_sensitivity_sweep/data/param_81_rep_1,10000,5.0e-6,100.0,0.1,100,10000.0,0.9,25,0,0,0,0,0.0
/project/theorie/n/N.Pfaffenzeller/results_project/checkpoint/5b5t_sensitivity_sweep,param_81_rep_2,/project/theorie/n/N.Pfaffenzeller/results_project/checkpoint/5b5t_sensitivity_sweep/data/param_81_rep_2,10000,5.0e-6,100.0,0.1,100,5000.0,0.8,25,0,4,4,4,0.8
/project/theorie/n/N.Pfaffenzeller/results_project/checkpoint/5b5t_sensitivity_sweep,param_81_rep_2,/project/theorie/n/N.Pfaffenzeller/results_project/checkpoint/5b5t_sensitivity_sweep/data/param_81_rep_2,10000,5.0e-6,100.0,0.1,100,5000.0,0.9,25,0,0,0,0,0.0
/project/theorie/n/N.Pfaffenzeller/results_project/checkpoint/5b5t_sensitivity_sweep,param_81_rep_2,/project/theorie/n/N.Pfaffenzeller/results_project/checkpoint/5b5t_sensitivity_sweep/data/param_81_rep_2,10000,5.0e-6,100.0,0.1,100,10000.0,0.8,25,0,0,0,0,0.0
/project/theorie/n/N.Pfaffenzeller/results_project/checkpoint/5b5t_sensitivity_sweep,param_81_rep_2,/project/theorie/n/N.Pfaffenzeller/results_project/checkpoint/5b5t_sensitivity_sweep/data/param_81_rep_2,10000,5.0e-6,100.0,0.1,100,10000.0,0.9,25,0,0,0,0,0.0
/project/theorie/n/N.Pfaffenzeller/results_project/checkpoint/5b5t_sensitivity_sweep,param_81_rep_3,/project/theorie/n/N.Pfaffenzeller/results_project/checkpoint/5b5t_sensitivity_sweep/data/param_81_rep_3,10000,5.0e-6,100.0,0.1,100,5000.0,0.8,25,0,3,3,3,0.6
/project/theorie/n/N.Pfaffenzeller/results_project/checkpoint/5b5t_sensitivity_sweep,param_81_rep_3,/project/theorie/n/N.Pfaffenzeller/results_project/checkpoint/5b5t_sensitivity_sweep/data/param_81_rep_3,10000,5.0e-6,100.0,0.1,100,5000.0,0.9,25,0,1,1,1,0.2
/project/theorie/n/N.Pfaffenzeller/results_project/checkpoint/5b5t_sensitivity_sweep,param_81_rep_3,/project/theorie/n/N.Pfaffenzeller/results_project/checkpoint/5b5t_sensitivity_sweep/data/param_81_rep_3,10000,5.0e-6,100.0,0.1,100,10000.0,0.8,25,0,2,2,2,0.4
/project/theorie/n/N.Pfaffenzeller/results_project/checkpoint/5b5t_sensitivity_sweep,param_81_rep_3,/project/theorie/n/N.Pfaffenzeller/results_project/checkpoint/5b5t_sensitivity_sweep/data/param_81_rep_3,10000,5.0e-6,100.0,0.1,100,10000.0,0.9,25,0,0,0,0,0.0
/project/theorie/n/N.Pfaffenzeller/results_project/checkpoint/5b5t_sensitivity_sweep,param_81_rep_4,/project/theorie/n/N.Pfaffenzeller/results_project/checkpoint/5b5t_sensitivity_sweep/data/param_81_rep_4,10000,5.0e-6,100.0,0.1,100,5000.0,0.8,25,0,4,4,4,0.8
/project/theorie/n/N.Pfaffenzeller/results_project/checkpoint/5b5t_sensitivity_sweep,param_81_rep_4,/project/theorie/n/N.Pfaffenzeller/results_project/checkpoint/5b5t_sensitivity_sweep/data/param_81_rep_4,10000,5.0e-6,100.0,0.1,100,5000.0,0.9,25,0,1,1,1,0.2
/project/theorie/n/N.Pfaffenzeller/results_project/checkpoint/5b5t_sensitivity_sweep,param_81_rep_4,/project/theorie/n/N.Pfaffenzeller/results_project/checkpoint/5b5t_sensitivity_sweep/data/param_81_rep_4,10000,5.0e-6,100.0,0.1,100,10000.0,0.8,25,0,4,4,4,0.8
/project/theorie/n/N.Pfaffenzeller/results_project/checkpoint/5b5t_sensitivity_sweep,param_81_rep_4,/project/theorie/n/N.Pfaffenzeller/results_project/checkpoint/5b5t_sensitivity_sweep/data/param_81_rep_4,10000,5.0e-6,100.0,0.1,100,10000.0,0.9,25,0,0,0,0,0.0
/project/theorie/n/N.Pfaffenzeller/results_project/checkpoint/5b5t_sensitivity_sweep,param_81_rep_5,/project/theorie/n/N.Pfaffenzeller/results_project/checkpoint/5b5t_sensitivity_sweep/data/param_81_rep_5,10000,5.0e-6,100.0,0.1,100,5000.0,0.8,25,0,4,4,4,0.8
/project/theorie/n/N.Pfaffenzeller/results_project/checkpoint/5b5t_sensitivity_sweep,param_81_rep_5,/project/theorie/n/N.Pfaffenzeller/results_project/checkpoint/5b5t_sensitivity_sweep/data/param_81_rep_5,10000,5.0e-6,100.0,0.1,100,5000.0,0.9,25,0,0,0,0,0.0
/project/theorie/n/N.Pfaffenzeller/results_project/checkpoint/5b5t_sensitivity_sweep,param_81_rep_5,/project/theorie/n/N.Pfaffenzeller/results_project/checkpoint/5b5t_sensitivity_sweep/data/param_81_rep_5,10000,5.0e-6,100.0,0.1,100,10000.0,0.8,25,0,1,1,1,0.2
/project/theorie/n/N.Pfaffenzeller/results_project/checkpoint/5b5t_sensitivity_sweep,param_81_rep_5,/project/theorie/n/N.Pfaffenzeller/results_project/checkpoint/5b5t_sensitivity_sweep/data/param_81_rep_5,10000,5.0e-6,100.0,0.1,100,10000.0,0.9,25,0,0,0,0,0.0
/project/theorie/n/N.Pfaffenzeller/results_project/checkpoint/5b5t_sensitivity_sweep,param_82_rep_1,/project/theorie/n/N.Pfaffenzeller/results_project/checkpoint/5b5t_sensitivity_sweep/data/param_82_rep_1,10000,5.0e-6,100.0,1.0,100,5000.0,0.8,25,0,5,5,5,1.0
/project/theorie/n/N.Pfaffenzeller/results_project/checkpoint/5b5t_sensitivity_sweep,param_82_rep_1,/project/theorie/n/N.Pfaffenzeller/results_project/checkpoint/5b5t_sensitivity_sweep/data/param_82_rep_1,10000,5.0e-6,100.0,1.0,100,5000.0,0.9,25,0,5,5,5,1.0
/project/theorie/n/N.Pfaffenzeller/results_project/checkpoint/5b5t_sensitivity_sweep,param_82_rep_1,/project/theorie/n/N.Pfaffenzeller/results_project/checkpoint/5b5t_sensitivity_sweep/data/param_82_rep_1,10000,5.0e-6,100.0,1.0,100,10000.0,0.8,25,0,5,5,5,1.0
/project/theorie/n/N.Pfaffenzeller/results_project/checkpoint/5b5t_sensitivity_sweep,param_82_rep_1,/project/theorie/n/N.Pfaffenzeller/results_project/checkpoint/5b5t_sensitivity_sweep/data/param_82_rep_1,10000,5.0e-6,100.0,1.0,100,10000.0,0.9,25,0,5,5,5,1.0
/project/theorie/n/N.Pfaffenzeller/results_project/checkpoint/5b5t_sensitivity_sweep,param_82_rep_2,/project/theorie/n/N.Pfaffenzeller/results_project/checkpoint/5b5t_sensitivity_sweep/data/param_82_rep_2,10000,5.0e-6,100.0,1.0,100,5000.0,0.8,25,0,5,5,5,1.0
/project/theorie/n/N.Pfaffenzeller/results_project/checkpoint/5b5t_sensitivity_sweep,param_82_rep_2,/project/theorie/n/N.Pfaffenzeller/results_project/checkpoint/5b5t_sensitivity_sweep/data/param_82_rep_2,10000,5.0e-6,100.0,1.0,100,5000.0,0.9,25,0,5,5,5,1.0
/project/theorie/n/N.Pfaffenzeller/results_project/checkpoint/5b5t_sensitivity_sweep,param_82_rep_2,/project/theorie/n/N.Pfaffenzeller/results_project/checkpoint/5b5t_sensitivity_sweep/data/param_82_rep_2,10000,5.0e-6,100.0,1.0,100,10000.0,0.8,25,0,5,5,5,1.0
/project/theorie/n/N.Pfaffenzeller/results_project/checkpoint/5b5t_sensitivity_sweep,param_82_rep_2,/project/theorie/n/N.Pfaffenzeller/results_project/checkpoint/5b5t_sensitivity_sweep/data/param_82_rep_2,10000,5.0e-6,100.0,1.0,100,10000.0,0.9,25,0,5,5,5,1.0
/project/theorie/n/N.Pfaffenzeller/results_project/checkpoint/5b5t_sensitivity_sweep,param_82_rep_3,/project/theorie/n/N.Pfaffenzeller/results_project/checkpoint/5b5t_sensitivity_sweep/data/param_82_rep_3,10000,5.0e-6,100.0,1.0,100,5000.0,0.8,25,0,5,5,5,1.0
/project/theorie/n/N.Pfaffenzeller/results_project/checkpoint/5b5t_sensitivity_sweep,param_82_rep_3,/project/theorie/n/N.Pfaffenzeller/results_project/checkpoint/5b5t_sensitivity_sweep/data/param_82_rep_3,10000,5.0e-6,100.0,1.0,100,5000.0,0.9,25,0,5,5,5,1.0
/project/theorie/n/N.Pfaffenzeller/results_project/checkpoint/5b5t_sensitivity_sweep,param_82_rep_3,/project/theorie/n/N.Pfaffenzeller/results_project/checkpoint/5b5t_sensitivity_sweep/data/param_82_rep_3,10000,5.0e-6,100.0,1.0,100,10000.0,0.8,25,0,5,5,5,1.0
/project/theorie/n/N.Pfaffenzeller/results_project/checkpoint/5b5t_sensitivity_sweep,param_82_rep_3,/project/theorie/n/N.Pfaffenzeller/results_project/checkpoint/5b5t_sensitivity_sweep/data/param_82_rep_3,10000,5.0e-6,100.0,1.0,100,10000.0,0.9,25,0,5,5,5,1.0
/project/theorie/n/N.Pfaffenzeller/results_project/checkpoint/5b5t_sensitivity_sweep,param_82_rep_4,/project/theorie/n/N.Pfaffenzeller/results_project/checkpoint/5b5t_sensitivity_sweep/data/param_82_rep_4,10000,5.0e-6,100.0,1.0,100,5000.0,0.8,25,0,5,5,5,1.0
/project/theorie/n/N.Pfaffenzeller/results_project/checkpoint/5b5t_sensitivity_sweep,param_82_rep_4,/project/theorie/n/N.Pfaffenzeller/results_project/checkpoint/5b5t_sensitivity_sweep/data/param_82_rep_4,10000,5.0e-6,100.0,1.0,100,5000.0,0.9,25,0,5,5,5,1.0
/project/theorie/n/N.Pfaffenzeller/results_project/checkpoint/5b5t_sensitivity_sweep,param_82_rep_4,/project/theorie/n/N.Pfaffenzeller/results_project/checkpoint/5b5t_sensitivity_sweep/data/param_82_rep_4,10000,5.0e-6,100.0,1.0,100,10000.0,0.8,25,0,5,5,5,1.0
/project/theorie/n/N.Pfaffenzeller/results_project/checkpoint/5b5t_sensitivity_sweep,param_82_rep_4,/project/theorie/n/N.Pfaffenzeller/results_project/checkpoint/5b5t_sensitivity_sweep/data/param_82_rep_4,10000,5.0e-6,100.0,1.0,100,10000.0,0.9,25,0,5,5,5,1.0
/project/theorie/n/N.Pfaffenzeller/results_project/checkpoint/5b5t_sensitivity_sweep,param_82_rep_5,/project/theorie/n/N.Pfaffenzeller/results_project/checkpoint/5b5t_sensitivity_sweep/data/param_82_rep_5,10000,5.0e-6,100.0,1.0,100,5000.0,0.8,25,0,5,5,5,1.0
/project/theorie/n/N.Pfaffenzeller/results_project/checkpoint/5b5t_sensitivity_sweep,param_82_rep_5,/project/theorie/n/N.Pfaffenzeller/results_project/checkpoint/5b5t_sensitivity_sweep/data/param_82_rep_5,10000,5.0e-6,100.0,1.0,100,5000.0,0.9,25,0,5,5,5,1.0
/project/theorie/n/N.Pfaffenzeller/results_project/checkpoint/5b5t_sensitivity_sweep,param_82_rep_5,/project/theorie/n/N.Pfaffenzeller/results_project/checkpoint/5b5t_sensitivity_sweep/data/param_82_rep_5,10000,5.0e-6,100.0,1.0,100,10000.0,0.8,25,0,5,5,5,1.0
/project/theorie/n/N.Pfaffenzeller/results_project/checkpoint/5b5t_sensitivity_sweep,param_82_rep_5,/project/theorie/n/N.Pfaffenzeller/results_project/checkpoint/5b5t_sensitivity_sweep/data/param_82_rep_5,10000,5.0e-6,100.0,1.0,100,10000.0,0.9,25,0,5,5,5,1.0
/project/theorie/n/N.Pfaffenzeller/results_project/checkpoint/5b5t_sensitivity_sweep,param_83_rep_1,/project/theorie/n/N.Pfaffenzeller/results_project/checkpoint/5b5t_sensitivity_sweep/data/param_83_rep_1,10000,5.0e-6,100.0,10.0,100,5000.0,0.8,25,0,5,5,5,1.0
/project/theorie/n/N.Pfaffenzeller/results_project/checkpoint/5b5t_sensitivity_sweep,param_83_rep_1,/project/theorie/n/N.Pfaffenzeller/results_project/checkpoint/5b5t_sensitivity_sweep/data/param_83_rep_1,10000,5.0e-6,100.0,10.0,100,5000.0,0.9,25,0,5,5,5,1.0
/project/theorie/n/N.Pfaffenzeller/results_project/checkpoint/5b5t_sensitivity_sweep,param_83_rep_1,/project/theorie/n/N.Pfaffenzeller/results_project/checkpoint/5b5t_sensitivity_sweep/data/param_83_rep_1,10000,5.0e-6,100.0,10.0,100,10000.0,0.8,25,0,5,5,5,1.0
/project/theorie/n/N.Pfaffenzeller/results_project/checkpoint/5b5t_sensitivity_sweep,param_83_rep_1,/project/theorie/n/N.Pfaffenzeller/results_project/checkpoint/5b5t_sensitivity_sweep/data/param_83_rep_1,10000,5.0e-6,100.0,10.0,100,10000.0,0.9,25,0,5,5,5,1.0
/project/theorie/n/N.Pfaffenzeller/results_project/checkpoint/5b5t_sensitivity_sweep,param_83_rep_2,/project/theorie/n/N.Pfaffenzeller/results_project/checkpoint/5b5t_sensitivity_sweep/data/param_83_rep_2,10000,5.0e-6,100.0,10.0,100,5000.0,0.8,25,0,5,5,5,1.0
/project/theorie/n/N.Pfaffenzeller/results_project/checkpoint/5b5t_sensitivity_sweep,param_83_rep_2,/project/theorie/n/N.Pfaffenzeller/results_project/checkpoint/5b5t_sensitivity_sweep/data/param_83_rep_2,10000,5.0e-6,100.0,10.0,100,5000.0,0.9,25,0,5,5,5,1.0
/project/theorie/n/N.Pfaffenzeller/results_project/checkpoint/5b5t_sensitivity_sweep,param_83_rep_2,/project/theorie/n/N.Pfaffenzeller/results_project/checkpoint/5b5t_sensitivity_sweep/data/param_83_rep_2,10000,5.0e-6,100.0,10.0,100,10000.0,0.8,25,0,5,5,5,1.0
/project/theorie/n/N.Pfaffenzeller/results_project/checkpoint/5b5t_sensitivity_sweep,param_83_rep_2,/project/theorie/n/N.Pfaffenzeller/results_project/checkpoint/5b5t_sensitivity_sweep/data/param_83_rep_2,10000,5.0e-6,100.0,10.0,100,10000.0,0.9,25,0,5,5,5,1.0
/project/theorie/n/N.Pfaffenzeller/results_project/checkpoint/5b5t_sensitivity_sweep,param_83_rep_3,/project/theorie/n/N.Pfaffenzeller/results_project/checkpoint/5b5t_sensitivity_sweep/data/param_83_rep_3,10000,5.0e-6,100.0,10.0,100,5000.0,0.8,25,0,5,5,5,1.0
/project/theorie/n/N.Pfaffenzeller/results_project/checkpoint/5b5t_sensitivity_sweep,param_83_rep_3,/project/theorie/n/N.Pfaffenzeller/results_project/checkpoint/5b5t_sensitivity_sweep/data/param_83_rep_3,10000,5.0e-6,100.0,10.0,100,5000.0,0.9,25,0,5,5,5,1.0
/project/theorie/n/N.Pfaffenzeller/results_project/checkpoint/5b5t_sensitivity_sweep,param_83_rep_3,/project/theorie/n/N.Pfaffenzeller/results_project/checkpoint/5b5t_sensitivity_sweep/data/param_83_rep_3,10000,5.0e-6,100.0,10.0,100,10000.0,0.8,25,0,5,5,5,1.0
/project/theorie/n/N.Pfaffenzeller/results_project/checkpoint/5b5t_sensitivity_sweep,param_83_rep_3,/project/theorie/n/N.Pfaffenzeller/results_project/checkpoint/5b5t_sensitivity_sweep/data/param_83_rep_3,10000,5.0e-6,100.0,10.0,100,10000.0,0.9,25,0,5,5,5,1.0
/project/theorie/n/N.Pfaffenzeller/results_project/checkpoint/5b5t_sensitivity_sweep,param_83_rep_4,/project/theorie/n/N.Pfaffenzeller/results_project/checkpoint/5b5t_sensitivity_sweep/data/param_83_rep_4,10000,5.0e-6,100.0,10.0,100,5000.0,0.8,25,0,5,5,5,1.0
/project/theorie/n/N.Pfaffenzeller/results_project/checkpoint/5b5t_sensitivity_sweep,param_83_rep_4,/project/theorie/n/N.Pfaffenzeller/results_project/checkpoint/5b5t_sensitivity_sweep/data/param_83_rep_4,10000,5.0e-6,100.0,10.0,100,5000.0,0.9,25,0,5,5,5,1.0
/project/theorie/n/N.Pfaffenzeller/results_project/checkpoint/5b5t_sensitivity_sweep,param_83_rep_4,/project/theorie/n/N.Pfaffenzeller/results_project/checkpoint/5b5t_sensitivity_sweep/data/param_83_rep_4,10000,5.0e-6,100.0,10.0,100,10000.0,0.8,25,0,5,5,5,1.0
/project/theorie/n/N.Pfaffenzeller/results_project/checkpoint/5b5t_sensitivity_sweep,param_83_rep_4,/project/theorie/n/N.Pfaffenzeller/results_project/checkpoint/5b5t_sensitivity_sweep/data/param_83_rep_4,10000,5.0e-6,100.0,10.0,100,10000.0,0.9,25,0,5,5,5,1.0
/project/theorie/n/N.Pfaffenzeller/results_project/checkpoint/5b5t_sensitivity_sweep,param_83_rep_5,/project/theorie/n/N.Pfaffenzeller/results_project/checkpoint/5b5t_sensitivity_sweep/data/param_83_rep_5,10000,5.0e-6,100.0,10.0,100,5000.0,0.8,25,0,5,5,5,1.0
/project/theorie/n/N.Pfaffenzeller/results_project/checkpoint/5b5t_sensitivity_sweep,param_83_rep_5,/project/theorie/n/N.Pfaffenzeller/results_project/checkpoint/5b5t_sensitivity_sweep/data/param_83_rep_5,10000,5.0e-6,100.0,10.0,100,5000.0,0.9,25,0,5,5,5,1.0
/project/theorie/n/N.Pfaffenzeller/results_project/checkpoint/5b5t_sensitivity_sweep,param_83_rep_5,/project/theorie/n/N.Pfaffenzeller/results_project/checkpoint/5b5t_sensitivity_sweep/data/param_83_rep_5,10000,5.0e-6,100.0,10.0,100,10000.0,0.8,25,0,5,5,5,1.0
/project/theorie/n/N.Pfaffenzeller/results_project/checkpoint/5b5t_sensitivity_sweep,param_83_rep_5,/project/theorie/n/N.Pfaffenzeller/results_project/checkpoint/5b5t_sensitivity_sweep/data/param_83_rep_5,10000,5.0e-6,100.0,10.0,100,10000.0,0.9,25,0,5,5,5,1.0
/project/theorie/n/N.Pfaffenzeller/results_project/checkpoint/5b5t_sensitivity_sweep,param_84_rep_1,/project/theorie/n/N.Pfaffenzeller/results_project/checkpoint/5b5t_sensitivity_sweep/data/param_84_rep_1,10000,5.0e-6,100.0,100.0,100,5000.0,0.8,25,0,5,5,5,1.0
/project/theorie/n/N.Pfaffenzeller/results_project/checkpoint/5b5t_sensitivity_sweep,param_84_rep_1,/project/theorie/n/N.Pfaffenzeller/results_project/checkpoint/5b5t_sensitivity_sweep/data/param_84_rep_1,10000,5.0e-6,100.0,100.0,100,5000.0,0.9,25,0,5,5,5,1.0
/project/theorie/n/N.Pfaffenzeller/results_project/checkpoint/5b5t_sensitivity_sweep,param_84_rep_1,/project/theorie/n/N.Pfaffenzeller/results_project/checkpoint/5b5t_sensitivity_sweep/data/param_84_rep_1,10000,5.0e-6,100.0,100.0,100,10000.0,0.8,25,0,5,5,5,1.0
/project/theorie/n/N.Pfaffenzeller/results_project/checkpoint/5b5t_sensitivity_sweep,param_84_rep_1,/project/theorie/n/N.Pfaffenzeller/results_project/checkpoint/5b5t_sensitivity_sweep/data/param_84_rep_1,10000,5.0e-6,100.0,100.0,100,10000.0,0.9,25,0,5,5,5,1.0
/project/theorie/n/N.Pfaffenzeller/results_project/checkpoint/5b5t_sensitivity_sweep,param_84_rep_2,/project/theorie/n/N.Pfaffenzeller/results_project/checkpoint/5b5t_sensitivity_sweep/data/param_84_rep_2,10000,5.0e-6,100.0,100.0,100,5000.0,0.8,25,0,5,5,5,1.0
/project/theorie/n/N.Pfaffenzeller/results_project/checkpoint/5b5t_sensitivity_sweep,param_84_rep_2,/project/theorie/n/N.Pfaffenzeller/results_project/checkpoint/5b5t_sensitivity_sweep/data/param_84_rep_2,10000,5.0e-6,100.0,100.0,100,5000.0,0.9,25,0,5,5,5,1.0
/project/theorie/n/N.Pfaffenzeller/results_project/checkpoint/5b5t_sensitivity_sweep,param_84_rep_2,/project/theorie/n/N.Pfaffenzeller/results_project/checkpoint/5b5t_sensitivity_sweep/data/param_84_rep_2,10000,5.0e-6,100.0,100.0,100,10000.0,0.8,25,0,5,5,5,1.0
/project/theorie/n/N.Pfaffenzeller/results_project/checkpoint/5b5t_sensitivity_sweep,param_84_rep_2,/project/theorie/n/N.Pfaffenzeller/results_project/checkpoint/5b5t_sensitivity_sweep/data/param_84_rep_2,10000,5.0e-6,100.0,100.0,100,10000.0,0.9,25,0,5,5,5,1.0
/project/theorie/n/N.Pfaffenzeller/results_project/checkpoint/5b5t_sensitivity_sweep,param_84_rep_3,/project/theorie/n/N.Pfaffenzeller/results_project/checkpoint/5b5t_sensitivity_sweep/data/param_84_rep_3,10000,5.0e-6,100.0,100.0,100,5000.0,0.8,25,0,5,5,5,1.0
/project/theorie/n/N.Pfaffenzeller/results_project/checkpoint/5b5t_sensitivity_sweep,param_84_rep_3,/project/theorie/n/N.Pfaffenzeller/results_project/checkpoint/5b5t_sensitivity_sweep/data/param_84_rep_3,10000,5.0e-6,100.0,100.0,100,5000.0,0.9,25,0,5,5,5,1.0
/project/theorie/n/N.Pfaffenzeller/results_project/checkpoint/5b5t_sensitivity_sweep,param_84_rep_3,/project/theorie/n/N.Pfaffenzeller/results_project/checkpoint/5b5t_sensitivity_sweep/data/param_84_rep_3,10000,5.0e-6,100.0,100.0,100,10000.0,0.8,25,0,5,5,5,1.0
/project/theorie/n/N.Pfaffenzeller/results_project/checkpoint/5b5t_sensitivity_sweep,param_84_rep_3,/project/theorie/n/N.Pfaffenzeller/results_project/checkpoint/5b5t_sensitivity_sweep/data/param_84_rep_3,10000,5.0e-6,100.0,100.0,100,10000.0,0.9,25,0,5,5,5,1.0
/project/theorie/n/N.Pfaffenzeller/results_project/checkpoint/5b5t_sensitivity_sweep,param_84_rep_4,/project/theorie/n/N.Pfaffenzeller/results_project/checkpoint/5b5t_sensitivity_sweep/data/param_84_rep_4,10000,5.0e-6,100.0,100.0,100,5000.0,0.8,25,0,2,2,2,0.4
/project/theorie/n/N.Pfaffenzeller/results_project/checkpoint/5b5t_sensitivity_sweep,param_84_rep_4,/project/theorie/n/N.Pfaffenzeller/results_project/checkpoint/5b5t_sensitivity_sweep/data/param_84_rep_4,10000,5.0e-6,100.0,100.0,100,5000.0,0.9,25,0,2,2,2,0.4
/project/theorie/n/N.Pfaffenzeller/results_project/checkpoint/5b5t_sensitivity_sweep,param_84_rep_4,/project/theorie/n/N.Pfaffenzeller/results_project/checkpoint/5b5t_sensitivity_sweep/data/param_84_rep_4,10000,5.0e-6,100.0,100.0,100,10000.0,0.8,25,0,4,4,4,0.8
/project/theorie/n/N.Pfaffenzeller/results_project/checkpoint/5b5t_sensitivity_sweep,param_84_rep_4,/project/theorie/n/N.Pfaffenzeller/results_project/checkpoint/5b5t_sensitivity_sweep/data/param_84_rep_4,10000,5.0e-6,100.0,100.0,100,10000.0,0.9,25,0,3,3,3,0.6
/project/theorie/n/N.Pfaffenzeller/results_project/checkpoint/5b5t_sensitivity_sweep,param_84_rep_5,/project/theorie/n/N.Pfaffenzeller/results_project/checkpoint/5b5t_sensitivity_sweep/data/param_84_rep_5,10000,5.0e-6,100.0,100.0,100,5000.0,0.8,25,0,5,5,5,1.0
/project/theorie/n/N.Pfaffenzeller/results_project/checkpoint/5b5t_sensitivity_sweep,param_84_rep_5,/project/theorie/n/N.Pfaffenzeller/results_project/checkpoint/5b5t_sensitivity_sweep/data/param_84_rep_5,10000,5.0e-6,100.0,100.0,100,5000.0,0.9,25,0,5,5,5,1.0
/project/theorie/n/N.Pfaffenzeller/results_project/checkpoint/5b5t_sensitivity_sweep,param_84_rep_5,/project/theorie/n/N.Pfaffenzeller/results_project/checkpoint/5b5t_sensitivity_sweep/data/param_84_rep_5,10000,5.0e-6,100.0,100.0,100,10000.0,0.8,25,0,5,5,5,1.0
/project/theorie/n/N.Pfaffenzeller/results_project/checkpoint/5b5t_sensitivity_sweep,param_84_rep_5,/project/theorie/n/N.Pfaffenzeller/results_project/checkpoint/5b5t_sensitivity_sweep/data/param_84_rep_5,10000,5.0e-6,100.0,100.0,100,10000.0,0.9,25,0,5,5,5,1.0
/project/theorie/n/N.Pfaffenzeller/results_project/checkpoint/5b5t_sensitivity_sweep,param_85_rep_1,/project/theorie/n/N.Pfaffenzeller/results_project/checkpoint/5b5t_sensitivity_sweep/data/param_85_rep_1,10000,5.0e-6,100.0,0.1,1000,5000.0,0.8,25,0,3,3,3,0.6
/project/theorie/n/N.Pfaffenzeller/results_project/checkpoint/5b5t_sensitivity_sweep,param_85_rep_1,/project/theorie/n/N.Pfaffenzeller/results_project/checkpoint/5b5t_sensitivity_sweep/data/param_85_rep_1,10000,5.0e-6,100.0,0.1,1000,5000.0,0.9,25,0,1,1,1,0.2
/project/theorie/n/N.Pfaffenzeller/results_project/checkpoint/5b5t_sensitivity_sweep,param_85_rep_1,/project/theorie/n/N.Pfaffenzeller/results_project/checkpoint/5b5t_sensitivity_sweep/data/param_85_rep_1,10000,5.0e-6,100.0,0.1,1000,10000.0,0.8,25,0,2,2,2,0.4
/project/theorie/n/N.Pfaffenzeller/results_project/checkpoint/5b5t_sensitivity_sweep,param_85_rep_1,/project/theorie/n/N.Pfaffenzeller/results_project/checkpoint/5b5t_sensitivity_sweep/data/param_85_rep_1,10000,5.0e-6,100.0,0.1,1000,10000.0,0.9,25,0,0,0,0,0.0
/project/theorie/n/N.Pfaffenzeller/results_project/checkpoint/5b5t_sensitivity_sweep,param_85_rep_2,/project/theorie/n/N.Pfaffenzeller/results_project/checkpoint/5b5t_sensitivity_sweep/data/param_85_rep_2,10000,5.0e-6,100.0,0.1,1000,5000.0,0.8,25,0,5,5,5,1.0
/project/theorie/n/N.Pfaffenzeller/results_project/checkpoint/5b5t_sensitivity_sweep,param_85_rep_2,/project/theorie/n/N.Pfaffenzeller/results_project/checkpoint/5b5t_sensitivity_sweep/data/param_85_rep_2,10000,5.0e-6,100.0,0.1,1000,5000.0,0.9,25,0,0,0,0,0.0
/project/theorie/n/N.Pfaffenzeller/results_project/checkpoint/5b5t_sensitivity_sweep,param_85_rep_2,/project/theorie/n/N.Pfaffenzeller/results_project/checkpoint/5b5t_sensitivity_sweep/data/param_85_rep_2,10000,5.0e-6,100.0,0.1,1000,10000.0,0.8,25,0,1,1,1,0.2
/project/theorie/n/N.Pfaffenzeller/results_project/checkpoint/5b5t_sensitivity_sweep,param_85_rep_2,/project/theorie/n/N.Pfaffenzeller/results_project/checkpoint/5b5t_sensitivity_sweep/data/param_85_rep_2,10000,5.0e-6,100.0,0.1,1000,10000.0,0.9,25,0,0,0,0,0.0
/project/theorie/n/N.Pfaffenzeller/results_project/checkpoint/5b5t_sensitivity_sweep,param_85_rep_3,/project/theorie/n/N.Pfaffenzeller/results_project/checkpoint/5b5t_sensitivity_sweep/data/param_85_rep_3,10000,5.0e-6,100.0,0.1,1000,5000.0,0.8,25,0,4,4,4,0.8
/project/theorie/n/N.Pfaffenzeller/results_project/checkpoint/5b5t_sensitivity_sweep,param_85_rep_3,/project/theorie/n/N.Pfaffenzeller/results_project/checkpoint/5b5t_sensitivity_sweep/data/param_85_rep_3,10000,5.0e-6,100.0,0.1,1000,5000.0,0.9,25,0,0,0,0,0.0
/project/theorie/n/N.Pfaffenzeller/results_project/checkpoint/5b5t_sensitivity_sweep,param_85_rep_3,/project/theorie/n/N.Pfaffenzeller/results_project/checkpoint/5b5t_sensitivity_sweep/data/param_85_rep_3,10000,5.0e-6,100.0,0.1,1000,10000.0,0.8,25,0,1,1,1,0.2
/project/theorie/n/N.Pfaffenzeller/results_project/checkpoint/5b5t_sensitivity_sweep,param_85_rep_3,/project/theorie/n/N.Pfaffenzeller/results_project/checkpoint/5b5t_sensitivity_sweep/data/param_85_rep_3,10000,5.0e-6,100.0,0.1,1000,10000.0,0.9,25,0,0,0,0,0.0
/project/theorie/n/N.Pfaffenzeller/results_project/checkpoint/5b5t_sensitivity_sweep,param_85_rep_4,/project/theorie/n/N.Pfaffenzeller/results_project/checkpoint/5b5t_sensitivity_sweep/data/param_85_rep_4,10000,5.0e-6,100.0,0.1,1000,5000.0,0.8,25,0,2,2,2,0.4
/project/theorie/n/N.Pfaffenzeller/results_project/checkpoint/5b5t_sensitivity_sweep,param_85_rep_4,/project/theorie/n/N.Pfaffenzeller/results_project/checkpoint/5b5t_sensitivity_sweep/data/param_85_rep_4,10000,5.0e-6,100.0,0.1,1000,5000.0,0.9,25,0,0,0,0,0.0
/project/theorie/n/N.Pfaffenzeller/results_project/checkpoint/5b5t_sensitivity_sweep,param_85_rep_4,/project/theorie/n/N.Pfaffenzeller/results_project/checkpoint/5b5t_sensitivity_sweep/data/param_85_rep_4,10000,5.0e-6,100.0,0.1,1000,10000.0,0.8,25,0,0,0,0,0.0
/project/theorie/n/N.Pfaffenzeller/results_project/checkpoint/5b5t_sensitivity_sweep,param_85_rep_4,/project/theorie/n/N.Pfaffenzeller/results_project/checkpoint/5b5t_sensitivity_sweep/data/param_85_rep_4,10000,5.0e-6,100.0,0.1,1000,10000.0,0.9,25,0,0,0,0,0.0
/project/theorie/n/N.Pfaffenzeller/results_project/checkpoint/5b5t_sensitivity_sweep,param_85_rep_5,/project/theorie/n/N.Pfaffenzeller/results_project/checkpoint/5b5t_sensitivity_sweep/data/param_85_rep_5,10000,5.0e-6,100.0,0.1,1000,5000.0,0.8,25,0,3,3,3,0.6
/project/theorie/n/N.Pfaffenzeller/results_project/checkpoint/5b5t_sensitivity_sweep,param_85_rep_5,/project/theorie/n/N.Pfaffenzeller/results_project/checkpoint/5b5t_sensitivity_sweep/data/param_85_rep_5,10000,5.0e-6,100.0,0.1,1000,5000.0,0.9,25,0,0,0,0,0.0
/project/theorie/n/N.Pfaffenzeller/results_project/checkpoint/5b5t_sensitivity_sweep,param_85_rep_5,/project/theorie/n/N.Pfaffenzeller/results_project/checkpoint/5b5t_sensitivity_sweep/data/param_85_rep_5,10000,5.0e-6,100.0,0.1,1000,10000.0,0.8,25,0,1,1,1,0.2
/project/theorie/n/N.Pfaffenzeller/results_project/checkpoint/5b5t_sensitivity_sweep,param_85_rep_5,/project/theorie/n/N.Pfaffenzeller/results_project/checkpoint/5b5t_sensitivity_sweep/data/param_85_rep_5,10000,5.0e-6,100.0,0.1,1000,10000.0,0.9,25,0,0,0,0,0.0
/project/theorie/n/N.Pfaffenzeller/results_project/checkpoint/5b5t_sensitivity_sweep,param_86_rep_1,/project/theorie/n/N.Pfaffenzeller/results_project/checkpoint/5b5t_sensitivity_sweep/data/param_86_rep_1,10000,5.0e-6,100.0,1.0,1000,5000.0,0.8,25,0,5,5,5,1.0
/project/theorie/n/N.Pfaffenzeller/results_project/checkpoint/5b5t_sensitivity_sweep,param_86_rep_1,/project/theorie/n/N.Pfaffenzeller/results_project/checkpoint/5b5t_sensitivity_sweep/data/param_86_rep_1,10000,5.0e-6,100.0,1.0,1000,5000.0,0.9,25,0,5,5,5,1.0
/project/theorie/n/N.Pfaffenzeller/results_project/checkpoint/5b5t_sensitivity_sweep,param_86_rep_1,/project/theorie/n/N.Pfaffenzeller/results_project/checkpoint/5b5t_sensitivity_sweep/data/param_86_rep_1,10000,5.0e-6,100.0,1.0,1000,10000.0,0.8,25,0,5,5,5,1.0
/project/theorie/n/N.Pfaffenzeller/results_project/checkpoint/5b5t_sensitivity_sweep,param_86_rep_1,/project/theorie/n/N.Pfaffenzeller/results_project/checkpoint/5b5t_sensitivity_sweep/data/param_86_rep_1,10000,5.0e-6,100.0,1.0,1000,10000.0,0.9,25,0,5,5,5,1.0
/project/theorie/n/N.Pfaffenzeller/results_project/checkpoint/5b5t_sensitivity_sweep,param_86_rep_2,/project/theorie/n/N.Pfaffenzeller/results_project/checkpoint/5b5t_sensitivity_sweep/data/param_86_rep_2,10000,5.0e-6,100.0,1.0,1000,5000.0,0.8,25,0,5,5,5,1.0
/project/theorie/n/N.Pfaffenzeller/results_project/checkpoint/5b5t_sensitivity_sweep,param_86_rep_2,/project/theorie/n/N.Pfaffenzeller/results_project/checkpoint/5b5t_sensitivity_sweep/data/param_86_rep_2,10000,5.0e-6,100.0,1.0,1000,5000.0,0.9,25,0,5,5,5,1.0
/project/theorie/n/N.Pfaffenzeller/results_project/checkpoint/5b5t_sensitivity_sweep,param_86_rep_2,/project/theorie/n/N.Pfaffenzeller/results_project/checkpoint/5b5t_sensitivity_sweep/data/param_86_rep_2,10000,5.0e-6,100.0,1.0,1000,10000.0,0.8,25,0,5,5,5,1.0
/project/theorie/n/N.Pfaffenzeller/results_project/checkpoint/5b5t_sensitivity_sweep,param_86_rep_2,/project/theorie/n/N.Pfaffenzeller/results_project/checkpoint/5b5t_sensitivity_sweep/data/param_86_rep_2,10000,5.0e-6,100.0,1.0,1000,10000.0,0.9,25,0,5,5,5,1.0
/project/theorie/n/N.Pfaffenzeller/results_project/checkpoint/5b5t_sensitivity_sweep,param_86_rep_3,/project/theorie/n/N.Pfaffenzeller/results_project/checkpoint/5b5t_sensitivity_sweep/data/param_86_rep_3,10000,5.0e-6,100.0,1.0,1000,5000.0,0.8,25,0,5,5,5,1.0
/project/theorie/n/N.Pfaffenzeller/results_project/checkpoint/5b5t_sensitivity_sweep,param_86_rep_3,/project/theorie/n/N.Pfaffenzeller/results_project/checkpoint/5b5t_sensitivity_sweep/data/param_86_rep_3,10000,5.0e-6,100.0,1.0,1000,5000.0,0.9,25,0,5,5,5,1.0
/project/theorie/n/N.Pfaffenzeller/results_project/checkpoint/5b5t_sensitivity_sweep,param_86_rep_3,/project/theorie/n/N.Pfaffenzeller/results_project/checkpoint/5b5t_sensitivity_sweep/data/param_86_rep_3,10000,5.0e-6,100.0,1.0,1000,10000.0,0.8,25,0,5,5,5,1.0
/project/theorie/n/N.Pfaffenzeller/results_project/checkpoint/5b5t_sensitivity_sweep,param_86_rep_3,/project/theorie/n/N.Pfaffenzeller/results_project/checkpoint/5b5t_sensitivity_sweep/data/param_86_rep_3,10000,5.0e-6,100.0,1.0,1000,10000.0,0.9,25,0,5,5,5,1.0
/project/theorie/n/N.Pfaffenzeller/results_project/checkpoint/5b5t_sensitivity_sweep,param_86_rep_4,/project/theorie/n/N.Pfaffenzeller/results_project/checkpoint/5b5t_sensitivity_sweep/data/param_86_rep_4,10000,5.0e-6,100.0,1.0,1000,5000.0,0.8,25,0,5,5,5,1.0
/project/theorie/n/N.Pfaffenzeller/results_project/checkpoint/5b5t_sensitivity_sweep,param_86_rep_4,/project/theorie/n/N.Pfaffenzeller/results_project/checkpoint/5b5t_sensitivity_sweep/data/param_86_rep_4,10000,5.0e-6,100.0,1.0,1000,5000.0,0.9,25,0,5,5,5,1.0
/project/theorie/n/N.Pfaffenzeller/results_project/checkpoint/5b5t_sensitivity_sweep,param_86_rep_4,/project/theorie/n/N.Pfaffenzeller/results_project/checkpoint/5b5t_sensitivity_sweep/data/param_86_rep_4,10000,5.0e-6,100.0,1.0,1000,10000.0,0.8,25,0,5,5,5,1.0
/project/theorie/n/N.Pfaffenzeller/results_project/checkpoint/5b5t_sensitivity_sweep,param_86_rep_4,/project/theorie/n/N.Pfaffenzeller/results_project/checkpoint/5b5t_sensitivity_sweep/data/param_86_rep_4,10000,5.0e-6,100.0,1.0,1000,10000.0,0.9,25,0,5,5,5,1.0
/project/theorie/n/N.Pfaffenzeller/results_project/checkpoint/5b5t_sensitivity_sweep,param_86_rep_5,/project/theorie/n/N.Pfaffenzeller/results_project/checkpoint/5b5t_sensitivity_sweep/data/param_86_rep_5,10000,5.0e-6,100.0,1.0,1000,5000.0,0.8,25,0,5,5,5,1.0
/project/theorie/n/N.Pfaffenzeller/results_project/checkpoint/5b5t_sensitivity_sweep,param_86_rep_5,/project/theorie/n/N.Pfaffenzeller/results_project/checkpoint/5b5t_sensitivity_sweep/data/param_86_rep_5,10000,5.0e-6,100.0,1.0,1000,5000.0,0.9,25,0,5,5,5,1.0
/project/theorie/n/N.Pfaffenzeller/results_project/checkpoint/5b5t_sensitivity_sweep,param_86_rep_5,/project/theorie/n/N.Pfaffenzeller/results_project/checkpoint/5b5t_sensitivity_sweep/data/param_86_rep_5,10000,5.0e-6,100.0,1.0,1000,10000.0,0.8,25,0,5,5,5,1.0
/project/theorie/n/N.Pfaffenzeller/results_project/checkpoint/5b5t_sensitivity_sweep,param_86_rep_5,/project/theorie/n/N.Pfaffenzeller/results_project/checkpoint/5b5t_sensitivity_sweep/data/param_86_rep_5,10000,5.0e-6,100.0,1.0,1000,10000.0,0.9,25,0,5,5,5,1.0
/project/theorie/n/N.Pfaffenzeller/results_project/checkpoint/5b5t_sensitivity_sweep,param_87_rep_1,/project/theorie/n/N.Pfaffenzeller/results_project/checkpoint/5b5t_sensitivity_sweep/data/param_87_rep_1,10000,5.0e-6,100.0,10.0,1000,5000.0,0.8,25,0,5,5,5,1.0
/project/theorie/n/N.Pfaffenzeller/results_project/checkpoint/5b5t_sensitivity_sweep,param_87_rep_1,/project/theorie/n/N.Pfaffenzeller/results_project/checkpoint/5b5t_sensitivity_sweep/data/param_87_rep_1,10000,5.0e-6,100.0,10.0,1000,5000.0,0.9,25,0,5,5,5,1.0
/project/theorie/n/N.Pfaffenzeller/results_project/checkpoint/5b5t_sensitivity_sweep,param_87_rep_1,/project/theorie/n/N.Pfaffenzeller/results_project/checkpoint/5b5t_sensitivity_sweep/data/param_87_rep_1,10000,5.0e-6,100.0,10.0,1000,10000.0,0.8,25,0,5,5,5,1.0
/project/theorie/n/N.Pfaffenzeller/results_project/checkpoint/5b5t_sensitivity_sweep,param_87_rep_1,/project/theorie/n/N.Pfaffenzeller/results_project/checkpoint/5b5t_sensitivity_sweep/data/param_87_rep_1,10000,5.0e-6,100.0,10.0,1000,10000.0,0.9,25,0,5,5,5,1.0
/project/theorie/n/N.Pfaffenzeller/results_project/checkpoint/5b5t_sensitivity_sweep,param_87_rep_2,/project/theorie/n/N.Pfaffenzeller/results_project/checkpoint/5b5t_sensitivity_sweep/data/param_87_rep_2,10000,5.0e-6,100.0,10.0,1000,5000.0,0.8,25,0,5,5,5,1.0
/project/theorie/n/N.Pfaffenzeller/results_project/checkpoint/5b5t_sensitivity_sweep,param_87_rep_2,/project/theorie/n/N.Pfaffenzeller/results_project/checkpoint/5b5t_sensitivity_sweep/data/param_87_rep_2,10000,5.0e-6,100.0,10.0,1000,5000.0,0.9,25,0,5,5,5,1.0
/project/theorie/n/N.Pfaffenzeller/results_project/checkpoint/5b5t_sensitivity_sweep,param_87_rep_2,/project/theorie/n/N.Pfaffenzeller/results_project/checkpoint/5b5t_sensitivity_sweep/data/param_87_rep_2,10000,5.0e-6,100.0,10.0,1000,10000.0,0.8,25,0,5,5,5,1.0
/project/theorie/n/N.Pfaffenzeller/results_project/checkpoint/5b5t_sensitivity_sweep,param_87_rep_2,/project/theorie/n/N.Pfaffenzeller/results_project/checkpoint/5b5t_sensitivity_sweep/data/param_87_rep_2,10000,5.0e-6,100.0,10.0,1000,10000.0,0.9,25,0,5,5,5,1.0
/project/theorie/n/N.Pfaffenzeller/results_project/checkpoint/5b5t_sensitivity_sweep,param_87_rep_3,/project/theorie/n/N.Pfaffenzeller/results_project/checkpoint/5b5t_sensitivity_sweep/data/param_87_rep_3,10000,5.0e-6,100.0,10.0,1000,5000.0,0.8,25,0,5,5,5,1.0
/project/theorie/n/N.Pfaffenzeller/results_project/checkpoint/5b5t_sensitivity_sweep,param_87_rep_3,/project/theorie/n/N.Pfaffenzeller/results_project/checkpoint/5b5t_sensitivity_sweep/data/param_87_rep_3,10000,5.0e-6,100.0,10.0,1000,5000.0,0.9,25,0,5,5,5,1.0
/project/theorie/n/N.Pfaffenzeller/results_project/checkpoint/5b5t_sensitivity_sweep,param_87_rep_3,/project/theorie/n/N.Pfaffenzeller/results_project/checkpoint/5b5t_sensitivity_sweep/data/param_87_rep_3,10000,5.0e-6,100.0,10.0,1000,10000.0,0.8,25,0,5,5,5,1.0
/project/theorie/n/N.Pfaffenzeller/results_project/checkpoint/5b5t_sensitivity_sweep,param_87_rep_3,/project/theorie/n/N.Pfaffenzeller/results_project/checkpoint/5b5t_sensitivity_sweep/data/param_87_rep_3,10000,5.0e-6,100.0,10.0,1000,10000.0,0.9,25,0,5,5,5,1.0
/project/theorie/n/N.Pfaffenzeller/results_project/checkpoint/5b5t_sensitivity_sweep,param_87_rep_4,/project/theorie/n/N.Pfaffenzeller/results_project/checkpoint/5b5t_sensitivity_sweep/data/param_87_rep_4,10000,5.0e-6,100.0,10.0,1000,5000.0,0.8,25,0,5,5,5,1.0
/project/theorie/n/N.Pfaffenzeller/results_project/checkpoint/5b5t_sensitivity_sweep,param_87_rep_4,/project/theorie/n/N.Pfaffenzeller/results_project/checkpoint/5b5t_sensitivity_sweep/data/param_87_rep_4,10000,5.0e-6,100.0,10.0,1000,5000.0,0.9,25,0,4,4,4,0.8
/project/theorie/n/N.Pfaffenzeller/results_project/checkpoint/5b5t_sensitivity_sweep,param_87_rep_4,/project/theorie/n/N.Pfaffenzeller/results_project/checkpoint/5b5t_sensitivity_sweep/data/param_87_rep_4,10000,5.0e-6,100.0,10.0,1000,10000.0,0.8,25,0,5,5,5,1.0
/project/theorie/n/N.Pfaffenzeller/results_project/checkpoint/5b5t_sensitivity_sweep,param_87_rep_4,/project/theorie/n/N.Pfaffenzeller/results_project/checkpoint/5b5t_sensitivity_sweep/data/param_87_rep_4,10000,5.0e-6,100.0,10.0,1000,10000.0,0.9,25,0,5,5,5,1.0
/project/theorie/n/N.Pfaffenzeller/results_project/checkpoint/5b5t_sensitivity_sweep,param_87_rep_5,/project/theorie/n/N.Pfaffenzeller/results_project/checkpoint/5b5t_sensitivity_sweep/data/param_87_rep_5,10000,5.0e-6,100.0,10.0,1000,5000.0,0.8,25,0,5,5,5,1.0
/project/theorie/n/N.Pfaffenzeller/results_project/checkpoint/5b5t_sensitivity_sweep,param_87_rep_5,/project/theorie/n/N.Pfaffenzeller/results_project/checkpoint/5b5t_sensitivity_sweep/data/param_87_rep_5,10000,5.0e-6,100.0,10.0,1000,5000.0,0.9,25,0,5,5,5,1.0
/project/theorie/n/N.Pfaffenzeller/results_project/checkpoint/5b5t_sensitivity_sweep,param_87_rep_5,/project/theorie/n/N.Pfaffenzeller/results_project/checkpoint/5b5t_sensitivity_sweep/data/param_87_rep_5,10000,5.0e-6,100.0,10.0,1000,10000.0,0.8,25,0,5,5,5,1.0
/project/theorie/n/N.Pfaffenzeller/results_project/checkpoint/5b5t_sensitivity_sweep,param_87_rep_5,/project/theorie/n/N.Pfaffenzeller/results_project/checkpoint/5b5t_sensitivity_sweep/data/param_87_rep_5,10000,5.0e-6,100.0,10.0,1000,10000.0,0.9,25,0,5,5,5,1.0
/project/theorie/n/N.Pfaffenzeller/results_project/checkpoint/5b5t_sensitivity_sweep,param_88_rep_1,/project/theorie/n/N.Pfaffenzeller/results_project/checkpoint/5b5t_sensitivity_sweep/data/param_88_rep_1,10000,5.0e-6,100.0,100.0,1000,5000.0,0.8,25,0,5,5,5,1.0
/project/theorie/n/N.Pfaffenzeller/results_project/checkpoint/5b5t_sensitivity_sweep,param_88_rep_1,/project/theorie/n/N.Pfaffenzeller/results_project/checkpoint/5b5t_sensitivity_sweep/data/param_88_rep_1,10000,5.0e-6,100.0,100.0,1000,5000.0,0.9,25,0,5,5,5,1.0
/project/theorie/n/N.Pfaffenzeller/results_project/checkpoint/5b5t_sensitivity_sweep,param_88_rep_1,/project/theorie/n/N.Pfaffenzeller/results_project/checkpoint/5b5t_sensitivity_sweep/data/param_88_rep_1,10000,5.0e-6,100.0,100.0,1000,10000.0,0.8,25,0,5,5,5,1.0
/project/theorie/n/N.Pfaffenzeller/results_project/checkpoint/5b5t_sensitivity_sweep,param_88_rep_1,/project/theorie/n/N.Pfaffenzeller/results_project/checkpoint/5b5t_sensitivity_sweep/data/param_88_rep_1,10000,5.0e-6,100.0,100.0,1000,10000.0,0.9,25,0,5,5,5,1.0
/project/theorie/n/N.Pfaffenzeller/results_project/checkpoint/5b5t_sensitivity_sweep,param_88_rep_2,/project/theorie/n/N.Pfaffenzeller/results_project/checkpoint/5b5t_sensitivity_sweep/data/param_88_rep_2,10000,5.0e-6,100.0,100.0,1000,5000.0,0.8,25,0,5,5,5,1.0
/project/theorie/n/N.Pfaffenzeller/results_project/checkpoint/5b5t_sensitivity_sweep,param_88_rep_2,/project/theorie/n/N.Pfaffenzeller/results_project/checkpoint/5b5t_sensitivity_sweep/data/param_88_rep_2,10000,5.0e-6,100.0,100.0,1000,5000.0,0.9,25,0,5,5,5,1.0
/project/theorie/n/N.Pfaffenzeller/results_project/checkpoint/5b5t_sensitivity_sweep,param_88_rep_2,/project/theorie/n/N.Pfaffenzeller/results_project/checkpoint/5b5t_sensitivity_sweep/data/param_88_rep_2,10000,5.0e-6,100.0,100.0,1000,10000.0,0.8,25,0,5,5,5,1.0
/project/theorie/n/N.Pfaffenzeller/results_project/checkpoint/5b5t_sensitivity_sweep,param_88_rep_2,/project/theorie/n/N.Pfaffenzeller/results_project/checkpoint/5b5t_sensitivity_sweep/data/param_88_rep_2,10000,5.0e-6,100.0,100.0,1000,10000.0,0.9,25,0,5,5,5,1.0
/project/theorie/n/N.Pfaffenzeller/results_project/checkpoint/5b5t_sensitivity_sweep,param_88_rep_3,/project/theorie/n/N.Pfaffenzeller/results_project/checkpoint/5b5t_sensitivity_sweep/data/param_88_rep_3,10000,5.0e-6,100.0,100.0,1000,5000.0,0.8,25,0,5,5,5,1.0
/project/theorie/n/N.Pfaffenzeller/results_project/checkpoint/5b5t_sensitivity_sweep,param_88_rep_3,/project/theorie/n/N.Pfaffenzeller/results_project/checkpoint/5b5t_sensitivity_sweep/data/param_88_rep_3,10000,5.0e-6,100.0,100.0,1000,5000.0,0.9,25,0,5,5,5,1.0
/project/theorie/n/N.Pfaffenzeller/results_project/checkpoint/5b5t_sensitivity_sweep,param_88_rep_3,/project/theorie/n/N.Pfaffenzeller/results_project/checkpoint/5b5t_sensitivity_sweep/data/param_88_rep_3,10000,5.0e-6,100.0,100.0,1000,10000.0,0.8,25,0,5,5,5,1.0
/project/theorie/n/N.Pfaffenzeller/results_project/checkpoint/5b5t_sensitivity_sweep,param_88_rep_3,/project/theorie/n/N.Pfaffenzeller/results_project/checkpoint/5b5t_sensitivity_sweep/data/param_88_rep_3,10000,5.0e-6,100.0,100.0,1000,10000.0,0.9,25,0,5,5,5,1.0
/project/theorie/n/N.Pfaffenzeller/results_project/checkpoint/5b5t_sensitivity_sweep,param_88_rep_4,/project/theorie/n/N.Pfaffenzeller/results_project/checkpoint/5b5t_sensitivity_sweep/data/param_88_rep_4,10000,5.0e-6,100.0,100.0,1000,5000.0,0.8,25,0,5,5,5,1.0
/project/theorie/n/N.Pfaffenzeller/results_project/checkpoint/5b5t_sensitivity_sweep,param_88_rep_4,/project/theorie/n/N.Pfaffenzeller/results_project/checkpoint/5b5t_sensitivity_sweep/data/param_88_rep_4,10000,5.0e-6,100.0,100.0,1000,5000.0,0.9,25,0,5,5,5,1.0
/project/theorie/n/N.Pfaffenzeller/results_project/checkpoint/5b5t_sensitivity_sweep,param_88_rep_4,/project/theorie/n/N.Pfaffenzeller/results_project/checkpoint/5b5t_sensitivity_sweep/data/param_88_rep_4,10000,5.0e-6,100.0,100.0,1000,10000.0,0.8,25,0,5,5,5,1.0
/project/theorie/n/N.Pfaffenzeller/results_project/checkpoint/5b5t_sensitivity_sweep,param_88_rep_4,/project/theorie/n/N.Pfaffenzeller/results_project/checkpoint/5b5t_sensitivity_sweep/data/param_88_rep_4,10000,5.0e-6,100.0,100.0,1000,10000.0,0.9,25,0,5,5,5,1.0
/project/theorie/n/N.Pfaffenzeller/results_project/checkpoint/5b5t_sensitivity_sweep,param_88_rep_5,/project/theorie/n/N.Pfaffenzeller/results_project/checkpoint/5b5t_sensitivity_sweep/data/param_88_rep_5,10000,5.0e-6,100.0,100.0,1000,5000.0,0.8,25,0,5,5,5,1.0
/project/theorie/n/N.Pfaffenzeller/results_project/checkpoint/5b5t_sensitivity_sweep,param_88_rep_5,/project/theorie/n/N.Pfaffenzeller/results_project/checkpoint/5b5t_sensitivity_sweep/data/param_88_rep_5,10000,5.0e-6,100.0,100.0,1000,5000.0,0.9,25,0,5,5,5,1.0
/project/theorie/n/N.Pfaffenzeller/results_project/checkpoint/5b5t_sensitivity_sweep,param_88_rep_5,/project/theorie/n/N.Pfaffenzeller/results_project/checkpoint/5b5t_sensitivity_sweep/data/param_88_rep_5,10000,5.0e-6,100.0,100.0,1000,10000.0,0.8,25,0,5,5,5,1.0
/project/theorie/n/N.Pfaffenzeller/results_project/checkpoint/5b5t_sensitivity_sweep,param_88_rep_5,/project/theorie/n/N.Pfaffenzeller/results_project/checkpoint/5b5t_sensitivity_sweep/data/param_88_rep_5,10000,5.0e-6,100.0,100.0,1000,10000.0,0.9,25,0,5,5,5,1.0
/project/theorie/n/N.Pfaffenzeller/results_project/checkpoint/5b5t_sensitivity_sweep,param_89_rep_1,/project/theorie/n/N.Pfaffenzeller/results_project/checkpoint/5b5t_sensitivity_sweep/data/param_89_rep_1,10000,5.0e-6,100.0,0.1,10000,5000.0,0.8,25,0,1,1,1,0.2
/project/theorie/n/N.Pfaffenzeller/results_project/checkpoint/5b5t_sensitivity_sweep,param_89_rep_1,/project/theorie/n/N.Pfaffenzeller/results_project/checkpoint/5b5t_sensitivity_sweep/data/param_89_rep_1,10000,5.0e-6,100.0,0.1,10000,5000.0,0.9,25,0,0,0,0,0.0
/project/theorie/n/N.Pfaffenzeller/results_project/checkpoint/5b5t_sensitivity_sweep,param_89_rep_1,/project/theorie/n/N.Pfaffenzeller/results_project/checkpoint/5b5t_sensitivity_sweep/data/param_89_rep_1,10000,5.0e-6,100.0,0.1,10000,10000.0,0.8,25,0,1,1,1,0.2
/project/theorie/n/N.Pfaffenzeller/results_project/checkpoint/5b5t_sensitivity_sweep,param_89_rep_1,/project/theorie/n/N.Pfaffenzeller/results_project/checkpoint/5b5t_sensitivity_sweep/data/param_89_rep_1,10000,5.0e-6,100.0,0.1,10000,10000.0,0.9,25,0,0,0,0,0.0
/project/theorie/n/N.Pfaffenzeller/results_project/checkpoint/5b5t_sensitivity_sweep,param_89_rep_2,/project/theorie/n/N.Pfaffenzeller/results_project/checkpoint/5b5t_sensitivity_sweep/data/param_89_rep_2,10000,5.0e-6,100.0,0.1,10000,5000.0,0.8,25,0,1,1,1,0.2
/project/theorie/n/N.Pfaffenzeller/results_project/checkpoint/5b5t_sensitivity_sweep,param_89_rep_2,/project/theorie/n/N.Pfaffenzeller/results_project/checkpoint/5b5t_sensitivity_sweep/data/param_89_rep_2,10000,5.0e-6,100.0,0.1,10000,5000.0,0.9,25,0,0,0,0,0.0
/project/theorie/n/N.Pfaffenzeller/results_project/checkpoint/5b5t_sensitivity_sweep,param_89_rep_2,/project/theorie/n/N.Pfaffenzeller/results_project/checkpoint/5b5t_sensitivity_sweep/data/param_89_rep_2,10000,5.0e-6,100.0,0.1,10000,10000.0,0.8,25,0,1,1,1,0.2
/project/theorie/n/N.Pfaffenzeller/results_project/checkpoint/5b5t_sensitivity_sweep,param_89_rep_2,/project/theorie/n/N.Pfaffenzeller/results_project/checkpoint/5b5t_sensitivity_sweep/data/param_89_rep_2,10000,5.0e-6,100.0,0.1,10000,10000.0,0.9,25,0,0,0,0,0.0
/project/theorie/n/N.Pfaffenzeller/results_project/checkpoint/5b5t_sensitivity_sweep,param_89_rep_3,/project/theorie/n/N.Pfaffenzeller/results_project/checkpoint/5b5t_sensitivity_sweep/data/param_89_rep_3,10000,5.0e-6,100.0,0.1,10000,5000.0,0.8,25,0,2,2,2,0.4
/project/theorie/n/N.Pfaffenzeller/results_project/checkpoint/5b5t_sensitivity_sweep,param_89_rep_3,/project/theorie/n/N.Pfaffenzeller/results_project/checkpoint/5b5t_sensitivity_sweep/data/param_89_rep_3,10000,5.0e-6,100.0,0.1,10000,5000.0,0.9,25,0,0,0,0,0.0
/project/theorie/n/N.Pfaffenzeller/results_project/checkpoint/5b5t_sensitivity_sweep,param_89_rep_3,/project/theorie/n/N.Pfaffenzeller/results_project/checkpoint/5b5t_sensitivity_sweep/data/param_89_rep_3,10000,5.0e-6,100.0,0.1,10000,10000.0,0.8,25,0,0,0,0,0.0
/project/theorie/n/N.Pfaffenzeller/results_project/checkpoint/5b5t_sensitivity_sweep,param_89_rep_3,/project/theorie/n/N.Pfaffenzeller/results_project/checkpoint/5b5t_sensitivity_sweep/data/param_89_rep_3,10000,5.0e-6,100.0,0.1,10000,10000.0,0.9,25,0,0,0,0,0.0
/project/theorie/n/N.Pfaffenzeller/results_project/checkpoint/5b5t_sensitivity_sweep,param_89_rep_4,/project/theorie/n/N.Pfaffenzeller/results_project/checkpoint/5b5t_sensitivity_sweep/data/param_89_rep_4,10000,5.0e-6,100.0,0.1,10000,5000.0,0.8,25,0,4,4,4,0.8
/project/theorie/n/N.Pfaffenzeller/results_project/checkpoint/5b5t_sensitivity_sweep,param_89_rep_4,/project/theorie/n/N.Pfaffenzeller/results_project/checkpoint/5b5t_sensitivity_sweep/data/param_89_rep_4,10000,5.0e-6,100.0,0.1,10000,5000.0,0.9,25,0,0,0,0,0.0
/project/theorie/n/N.Pfaffenzeller/results_project/checkpoint/5b5t_sensitivity_sweep,param_89_rep_4,/project/theorie/n/N.Pfaffenzeller/results_project/checkpoint/5b5t_sensitivity_sweep/data/param_89_rep_4,10000,5.0e-6,100.0,0.1,10000,10000.0,0.8,25,0,2,2,2,0.4
/project/theorie/n/N.Pfaffenzeller/results_project/checkpoint/5b5t_sensitivity_sweep,param_89_rep_4,/project/theorie/n/N.Pfaffenzeller/results_project/checkpoint/5b5t_sensitivity_sweep/data/param_89_rep_4,10000,5.0e-6,100.0,0.1,10000,10000.0,0.9,25,0,0,0,0,0.0
/project/theorie/n/N.Pfaffenzeller/results_project/checkpoint/5b5t_sensitivity_sweep,param_89_rep_5,/project/theorie/n/N.Pfaffenzeller/results_project/checkpoint/5b5t_sensitivity_sweep/data/param_89_rep_5,10000,5.0e-6,100.0,0.1,10000,5000.0,0.8,25,0,3,3,3,0.6
/project/theorie/n/N.Pfaffenzeller/results_project/checkpoint/5b5t_sensitivity_sweep,param_89_rep_5,/project/theorie/n/N.Pfaffenzeller/results_project/checkpoint/5b5t_sensitivity_sweep/data/param_89_rep_5,10000,5.0e-6,100.0,0.1,10000,5000.0,0.9,25,0,0,0,0,0.0
/project/theorie/n/N.Pfaffenzeller/results_project/checkpoint/5b5t_sensitivity_sweep,param_89_rep_5,/project/theorie/n/N.Pfaffenzeller/results_project/checkpoint/5b5t_sensitivity_sweep/data/param_89_rep_5,10000,5.0e-6,100.0,0.1,10000,10000.0,0.8,25,0,2,2,2,0.4
/project/theorie/n/N.Pfaffenzeller/results_project/checkpoint/5b5t_sensitivity_sweep,param_89_rep_5,/project/theorie/n/N.Pfaffenzeller/results_project/checkpoint/5b5t_sensitivity_sweep/data/param_89_rep_5,10000,5.0e-6,100.0,0.1,10000,10000.0,0.9,25,0,0,0,0,0.0
/project/theorie/n/N.Pfaffenzeller/results_project/checkpoint/5b5t_sensitivity_sweep,param_8_rep_1,/project/theorie/n/N.Pfaffenzeller/results_project/checkpoint/5b5t_sensitivity_sweep/data/param_8_rep_1,10000,5.0e-6,0.1,100.0,10,5000.0,0.8,25,0,2,2,2,0.4
/project/theorie/n/N.Pfaffenzeller/results_project/checkpoint/5b5t_sensitivity_sweep,param_8_rep_1,/project/theorie/n/N.Pfaffenzeller/results_project/checkpoint/5b5t_sensitivity_sweep/data/param_8_rep_1,10000,5.0e-6,0.1,100.0,10,5000.0,0.9,25,0,2,2,2,0.4
/project/theorie/n/N.Pfaffenzeller/results_project/checkpoint/5b5t_sensitivity_sweep,param_8_rep_1,/project/theorie/n/N.Pfaffenzeller/results_project/checkpoint/5b5t_sensitivity_sweep/data/param_8_rep_1,10000,5.0e-6,0.1,100.0,10,10000.0,0.8,25,0,3,3,3,0.6
/project/theorie/n/N.Pfaffenzeller/results_project/checkpoint/5b5t_sensitivity_sweep,param_8_rep_1,/project/theorie/n/N.Pfaffenzeller/results_project/checkpoint/5b5t_sensitivity_sweep/data/param_8_rep_1,10000,5.0e-6,0.1,100.0,10,10000.0,0.9,25,0,2,2,2,0.4
/project/theorie/n/N.Pfaffenzeller/results_project/checkpoint/5b5t_sensitivity_sweep,param_8_rep_2,/project/theorie/n/N.Pfaffenzeller/results_project/checkpoint/5b5t_sensitivity_sweep/data/param_8_rep_2,10000,5.0e-6,0.1,100.0,10,5000.0,0.8,25,0,2,2,2,0.4
/project/theorie/n/N.Pfaffenzeller/results_project/checkpoint/5b5t_sensitivity_sweep,param_8_rep_2,/project/theorie/n/N.Pfaffenzeller/results_project/checkpoint/5b5t_sensitivity_sweep/data/param_8_rep_2,10000,5.0e-6,0.1,100.0,10,5000.0,0.9,25,0,0,0,0,0.0
/project/theorie/n/N.Pfaffenzeller/results_project/checkpoint/5b5t_sensitivity_sweep,param_8_rep_2,/project/theorie/n/N.Pfaffenzeller/results_project/checkpoint/5b5t_sensitivity_sweep/data/param_8_rep_2,10000,5.0e-6,0.1,100.0,10,10000.0,0.8,25,0,3,3,3,0.6
/project/theorie/n/N.Pfaffenzeller/results_project/checkpoint/5b5t_sensitivity_sweep,param_8_rep_2,/project/theorie/n/N.Pfaffenzeller/results_project/checkpoint/5b5t_sensitivity_sweep/data/param_8_rep_2,10000,5.0e-6,0.1,100.0,10,10000.0,0.9,25,0,2,2,2,0.4
/project/theorie/n/N.Pfaffenzeller/results_project/checkpoint/5b5t_sensitivity_sweep,param_8_rep_3,/project/theorie/n/N.Pfaffenzeller/results_project/checkpoint/5b5t_sensitivity_sweep/data/param_8_rep_3,10000,5.0e-6,0.1,100.0,10,5000.0,0.8,25,0,2,2,2,0.4
/project/theorie/n/N.Pfaffenzeller/results_project/checkpoint/5b5t_sensitivity_sweep,param_8_rep_3,/project/theorie/n/N.Pfaffenzeller/results_project/checkpoint/5b5t_sensitivity_sweep/data/param_8_rep_3,10000,5.0e-6,0.1,100.0,10,5000.0,0.9,25,0,0,0,0,0.0
/project/theorie/n/N.Pfaffenzeller/results_project/checkpoint/5b5t_sensitivity_sweep,param_8_rep_3,/project/theorie/n/N.Pfaffenzeller/results_project/checkpoint/5b5t_sensitivity_sweep/data/param_8_rep_3,10000,5.0e-6,0.1,100.0,10,10000.0,0.8,25,0,2,2,2,0.4
/project/theorie/n/N.Pfaffenzeller/results_project/checkpoint/5b5t_sensitivity_sweep,param_8_rep_3,/project/theorie/n/N.Pfaffenzeller/results_project/checkpoint/5b5t_sensitivity_sweep/data/param_8_rep_3,10000,5.0e-6,0.1,100.0,10,10000.0,0.9,25,0,2,2,2,0.4
/project/theorie/n/N.Pfaffenzeller/results_project/checkpoint/5b5t_sensitivity_sweep,param_8_rep_4,/project/theorie/n/N.Pfaffenzeller/results_project/checkpoint/5b5t_sensitivity_sweep/data/param_8_rep_4,10000,5.0e-6,0.1,100.0,10,5000.0,0.8,25,0,2,2,2,0.4
/project/theorie/n/N.Pfaffenzeller/results_project/checkpoint/5b5t_sensitivity_sweep,param_8_rep_4,/project/theorie/n/N.Pfaffenzeller/results_project/checkpoint/5b5t_sensitivity_sweep/data/param_8_rep_4,10000,5.0e-6,0.1,100.0,10,5000.0,0.9,25,0,2,2,2,0.4
/project/theorie/n/N.Pfaffenzeller/results_project/checkpoint/5b5t_sensitivity_sweep,param_8_rep_4,/project/theorie/n/N.Pfaffenzeller/results_project/checkpoint/5b5t_sensitivity_sweep/data/param_8_rep_4,10000,5.0e-6,0.1,100.0,10,10000.0,0.8,25,0,1,1,1,0.2
/project/theorie/n/N.Pfaffenzeller/results_project/checkpoint/5b5t_sensitivity_sweep,param_8_rep_4,/project/theorie/n/N.Pfaffenzeller/results_project/checkpoint/5b5t_sensitivity_sweep/data/param_8_rep_4,10000,5.0e-6,0.1,100.0,10,10000.0,0.9,25,0,1,1,1,0.2
/project/theorie/n/N.Pfaffenzeller/results_project/checkpoint/5b5t_sensitivity_sweep,param_8_rep_5,/project/theorie/n/N.Pfaffenzeller/results_project/checkpoint/5b5t_sensitivity_sweep/data/param_8_rep_5,10000,5.0e-6,0.1,100.0,10,5000.0,0.8,25,0,4,4,4,0.8
/project/theorie/n/N.Pfaffenzeller/results_project/checkpoint/5b5t_sensitivity_sweep,param_8_rep_5,/project/theorie/n/N.Pfaffenzeller/results_project/checkpoint/5b5t_sensitivity_sweep/data/param_8_rep_5,10000,5.0e-6,0.1,100.0,10,5000.0,0.9,25,0,2,2,2,0.4
/project/theorie/n/N.Pfaffenzeller/results_project/checkpoint/5b5t_sensitivity_sweep,param_8_rep_5,/project/theorie/n/N.Pfaffenzeller/results_project/checkpoint/5b5t_sensitivity_sweep/data/param_8_rep_5,10000,5.0e-6,0.1,100.0,10,10000.0,0.8,25,0,3,3,3,0.6
/project/theorie/n/N.Pfaffenzeller/results_project/checkpoint/5b5t_sensitivity_sweep,param_8_rep_5,/project/theorie/n/N.Pfaffenzeller/results_project/checkpoint/5b5t_sensitivity_sweep/data/param_8_rep_5,10000,5.0e-6,0.1,100.0,10,10000.0,0.9,25,0,2,2,2,0.4
/project/theorie/n/N.Pfaffenzeller/results_project/checkpoint/5b5t_sensitivity_sweep,param_90_rep_1,/project/theorie/n/N.Pfaffenzeller/results_project/checkpoint/5b5t_sensitivity_sweep/data/param_90_rep_1,10000,5.0e-6,100.0,1.0,10000,5000.0,0.8,25,0,5,5,5,1.0
/project/theorie/n/N.Pfaffenzeller/results_project/checkpoint/5b5t_sensitivity_sweep,param_90_rep_1,/project/theorie/n/N.Pfaffenzeller/results_project/checkpoint/5b5t_sensitivity_sweep/data/param_90_rep_1,10000,5.0e-6,100.0,1.0,10000,5000.0,0.9,25,0,5,5,5,1.0
/project/theorie/n/N.Pfaffenzeller/results_project/checkpoint/5b5t_sensitivity_sweep,param_90_rep_1,/project/theorie/n/N.Pfaffenzeller/results_project/checkpoint/5b5t_sensitivity_sweep/data/param_90_rep_1,10000,5.0e-6,100.0,1.0,10000,10000.0,0.8,25,0,5,5,5,1.0
/project/theorie/n/N.Pfaffenzeller/results_project/checkpoint/5b5t_sensitivity_sweep,param_90_rep_1,/project/theorie/n/N.Pfaffenzeller/results_project/checkpoint/5b5t_sensitivity_sweep/data/param_90_rep_1,10000,5.0e-6,100.0,1.0,10000,10000.0,0.9,25,0,5,5,5,1.0
/project/theorie/n/N.Pfaffenzeller/results_project/checkpoint/5b5t_sensitivity_sweep,param_90_rep_2,/project/theorie/n/N.Pfaffenzeller/results_project/checkpoint/5b5t_sensitivity_sweep/data/param_90_rep_2,10000,5.0e-6,100.0,1.0,10000,5000.0,0.8,25,0,5,5,5,1.0
/project/theorie/n/N.Pfaffenzeller/results_project/checkpoint/5b5t_sensitivity_sweep,param_90_rep_2,/project/theorie/n/N.Pfaffenzeller/results_project/checkpoint/5b5t_sensitivity_sweep/data/param_90_rep_2,10000,5.0e-6,100.0,1.0,10000,5000.0,0.9,25,0,5,5,5,1.0
/project/theorie/n/N.Pfaffenzeller/results_project/checkpoint/5b5t_sensitivity_sweep,param_90_rep_2,/project/theorie/n/N.Pfaffenzeller/results_project/checkpoint/5b5t_sensitivity_sweep/data/param_90_rep_2,10000,5.0e-6,100.0,1.0,10000,10000.0,0.8,25,0,5,5,5,1.0
/project/theorie/n/N.Pfaffenzeller/results_project/checkpoint/5b5t_sensitivity_sweep,param_90_rep_2,/project/theorie/n/N.Pfaffenzeller/results_project/checkpoint/5b5t_sensitivity_sweep/data/param_90_rep_2,10000,5.0e-6,100.0,1.0,10000,10000.0,0.9,25,0,5,5,5,1.0
/project/theorie/n/N.Pfaffenzeller/results_project/checkpoint/5b5t_sensitivity_sweep,param_90_rep_3,/project/theorie/n/N.Pfaffenzeller/results_project/checkpoint/5b5t_sensitivity_sweep/data/param_90_rep_3,10000,5.0e-6,100.0,1.0,10000,5000.0,0.8,25,0,5,5,5,1.0
/project/theorie/n/N.Pfaffenzeller/results_project/checkpoint/5b5t_sensitivity_sweep,param_90_rep_3,/project/theorie/n/N.Pfaffenzeller/results_project/checkpoint/5b5t_sensitivity_sweep/data/param_90_rep_3,10000,5.0e-6,100.0,1.0,10000,5000.0,0.9,25,0,5,5,5,1.0
/project/theorie/n/N.Pfaffenzeller/results_project/checkpoint/5b5t_sensitivity_sweep,param_90_rep_3,/project/theorie/n/N.Pfaffenzeller/results_project/checkpoint/5b5t_sensitivity_sweep/data/param_90_rep_3,10000,5.0e-6,100.0,1.0,10000,10000.0,0.8,25,0,5,5,5,1.0
/project/theorie/n/N.Pfaffenzeller/results_project/checkpoint/5b5t_sensitivity_sweep,param_90_rep_3,/project/theorie/n/N.Pfaffenzeller/results_project/checkpoint/5b5t_sensitivity_sweep/data/param_90_rep_3,10000,5.0e-6,100.0,1.0,10000,10000.0,0.9,25,0,5,5,5,1.0
/project/theorie/n/N.Pfaffenzeller/results_project/checkpoint/5b5t_sensitivity_sweep,param_90_rep_4,/project/theorie/n/N.Pfaffenzeller/results_project/checkpoint/5b5t_sensitivity_sweep/data/param_90_rep_4,10000,5.0e-6,100.0,1.0,10000,5000.0,0.8,25,0,5,5,5,1.0
/project/theorie/n/N.Pfaffenzeller/results_project/checkpoint/5b5t_sensitivity_sweep,param_90_rep_4,/project/theorie/n/N.Pfaffenzeller/results_project/checkpoint/5b5t_sensitivity_sweep/data/param_90_rep_4,10000,5.0e-6,100.0,1.0,10000,5000.0,0.9,25,0,5,5,5,1.0
/project/theorie/n/N.Pfaffenzeller/results_project/checkpoint/5b5t_sensitivity_sweep,param_90_rep_4,/project/theorie/n/N.Pfaffenzeller/results_project/checkpoint/5b5t_sensitivity_sweep/data/param_90_rep_4,10000,5.0e-6,100.0,1.0,10000,10000.0,0.8,25,0,5,5,5,1.0
/project/theorie/n/N.Pfaffenzeller/results_project/checkpoint/5b5t_sensitivity_sweep,param_90_rep_4,/project/theorie/n/N.Pfaffenzeller/results_project/checkpoint/5b5t_sensitivity_sweep/data/param_90_rep_4,10000,5.0e-6,100.0,1.0,10000,10000.0,0.9,25,0,5,5,5,1.0
/project/theorie/n/N.Pfaffenzeller/results_project/checkpoint/5b5t_sensitivity_sweep,param_90_rep_5,/project/theorie/n/N.Pfaffenzeller/results_project/checkpoint/5b5t_sensitivity_sweep/data/param_90_rep_5,10000,5.0e-6,100.0,1.0,10000,5000.0,0.8,25,0,5,5,5,1.0
/project/theorie/n/N.Pfaffenzeller/results_project/checkpoint/5b5t_sensitivity_sweep,param_90_rep_5,/project/theorie/n/N.Pfaffenzeller/results_project/checkpoint/5b5t_sensitivity_sweep/data/param_90_rep_5,10000,5.0e-6,100.0,1.0,10000,5000.0,0.9,25,0,5,5,5,1.0
/project/theorie/n/N.Pfaffenzeller/results_project/checkpoint/5b5t_sensitivity_sweep,param_90_rep_5,/project/theorie/n/N.Pfaffenzeller/results_project/checkpoint/5b5t_sensitivity_sweep/data/param_90_rep_5,10000,5.0e-6,100.0,1.0,10000,10000.0,0.8,25,0,5,5,5,1.0
/project/theorie/n/N.Pfaffenzeller/results_project/checkpoint/5b5t_sensitivity_sweep,param_90_rep_5,/project/theorie/n/N.Pfaffenzeller/results_project/checkpoint/5b5t_sensitivity_sweep/data/param_90_rep_5,10000,5.0e-6,100.0,1.0,10000,10000.0,0.9,25,0,5,5,5,1.0
/project/theorie/n/N.Pfaffenzeller/results_project/checkpoint/5b5t_sensitivity_sweep,param_91_rep_1,/project/theorie/n/N.Pfaffenzeller/results_project/checkpoint/5b5t_sensitivity_sweep/data/param_91_rep_1,10000,5.0e-6,100.0,10.0,10000,5000.0,0.8,25,0,5,5,5,1.0
/project/theorie/n/N.Pfaffenzeller/results_project/checkpoint/5b5t_sensitivity_sweep,param_91_rep_1,/project/theorie/n/N.Pfaffenzeller/results_project/checkpoint/5b5t_sensitivity_sweep/data/param_91_rep_1,10000,5.0e-6,100.0,10.0,10000,5000.0,0.9,25,0,5,5,5,1.0
/project/theorie/n/N.Pfaffenzeller/results_project/checkpoint/5b5t_sensitivity_sweep,param_91_rep_1,/project/theorie/n/N.Pfaffenzeller/results_project/checkpoint/5b5t_sensitivity_sweep/data/param_91_rep_1,10000,5.0e-6,100.0,10.0,10000,10000.0,0.8,25,0,5,5,5,1.0
/project/theorie/n/N.Pfaffenzeller/results_project/checkpoint/5b5t_sensitivity_sweep,param_91_rep_1,/project/theorie/n/N.Pfaffenzeller/results_project/checkpoint/5b5t_sensitivity_sweep/data/param_91_rep_1,10000,5.0e-6,100.0,10.0,10000,10000.0,0.9,25,0,5,5,5,1.0
/project/theorie/n/N.Pfaffenzeller/results_project/checkpoint/5b5t_sensitivity_sweep,param_91_rep_2,/project/theorie/n/N.Pfaffenzeller/results_project/checkpoint/5b5t_sensitivity_sweep/data/param_91_rep_2,10000,5.0e-6,100.0,10.0,10000,5000.0,0.8,25,0,5,5,5,1.0
/project/theorie/n/N.Pfaffenzeller/results_project/checkpoint/5b5t_sensitivity_sweep,param_91_rep_2,/project/theorie/n/N.Pfaffenzeller/results_project/checkpoint/5b5t_sensitivity_sweep/data/param_91_rep_2,10000,5.0e-6,100.0,10.0,10000,5000.0,0.9,25,0,5,5,5,1.0
/project/theorie/n/N.Pfaffenzeller/results_project/checkpoint/5b5t_sensitivity_sweep,param_91_rep_2,/project/theorie/n/N.Pfaffenzeller/results_project/checkpoint/5b5t_sensitivity_sweep/data/param_91_rep_2,10000,5.0e-6,100.0,10.0,10000,10000.0,0.8,25,0,5,5,5,1.0
/project/theorie/n/N.Pfaffenzeller/results_project/checkpoint/5b5t_sensitivity_sweep,param_91_rep_2,/project/theorie/n/N.Pfaffenzeller/results_project/checkpoint/5b5t_sensitivity_sweep/data/param_91_rep_2,10000,5.0e-6,100.0,10.0,10000,10000.0,0.9,25,0,5,5,5,1.0
/project/theorie/n/N.Pfaffenzeller/results_project/checkpoint/5b5t_sensitivity_sweep,param_91_rep_3,/project/theorie/n/N.Pfaffenzeller/results_project/checkpoint/5b5t_sensitivity_sweep/data/param_91_rep_3,10000,5.0e-6,100.0,10.0,10000,5000.0,0.8,25,0,5,5,5,1.0
/project/theorie/n/N.Pfaffenzeller/results_project/checkpoint/5b5t_sensitivity_sweep,param_91_rep_3,/project/theorie/n/N.Pfaffenzeller/results_project/checkpoint/5b5t_sensitivity_sweep/data/param_91_rep_3,10000,5.0e-6,100.0,10.0,10000,5000.0,0.9,25,0,5,5,5,1.0
/project/theorie/n/N.Pfaffenzeller/results_project/checkpoint/5b5t_sensitivity_sweep,param_91_rep_3,/project/theorie/n/N.Pfaffenzeller/results_project/checkpoint/5b5t_sensitivity_sweep/data/param_91_rep_3,10000,5.0e-6,100.0,10.0,10000,10000.0,0.8,25,0,5,5,5,1.0
/project/theorie/n/N.Pfaffenzeller/results_project/checkpoint/5b5t_sensitivity_sweep,param_91_rep_3,/project/theorie/n/N.Pfaffenzeller/results_project/checkpoint/5b5t_sensitivity_sweep/data/param_91_rep_3,10000,5.0e-6,100.0,10.0,10000,10000.0,0.9,25,0,5,5,5,1.0
/project/theorie/n/N.Pfaffenzeller/results_project/checkpoint/5b5t_sensitivity_sweep,param_91_rep_4,/project/theorie/n/N.Pfaffenzeller/results_project/checkpoint/5b5t_sensitivity_sweep/data/param_91_rep_4,10000,5.0e-6,100.0,10.0,10000,5000.0,0.8,25,0,5,5,5,1.0
/project/theorie/n/N.Pfaffenzeller/results_project/checkpoint/5b5t_sensitivity_sweep,param_91_rep_4,/project/theorie/n/N.Pfaffenzeller/results_project/checkpoint/5b5t_sensitivity_sweep/data/param_91_rep_4,10000,5.0e-6,100.0,10.0,10000,5000.0,0.9,25,0,5,5,5,1.0
/project/theorie/n/N.Pfaffenzeller/results_project/checkpoint/5b5t_sensitivity_sweep,param_91_rep_4,/project/theorie/n/N.Pfaffenzeller/results_project/checkpoint/5b5t_sensitivity_sweep/data/param_91_rep_4,10000,5.0e-6,100.0,10.0,10000,10000.0,0.8,25,0,5,5,5,1.0
/project/theorie/n/N.Pfaffenzeller/results_project/checkpoint/5b5t_sensitivity_sweep,param_91_rep_4,/project/theorie/n/N.Pfaffenzeller/results_project/checkpoint/5b5t_sensitivity_sweep/data/param_91_rep_4,10000,5.0e-6,100.0,10.0,10000,10000.0,0.9,25,0,5,5,5,1.0
/project/theorie/n/N.Pfaffenzeller/results_project/checkpoint/5b5t_sensitivity_sweep,param_91_rep_5,/project/theorie/n/N.Pfaffenzeller/results_project/checkpoint/5b5t_sensitivity_sweep/data/param_91_rep_5,10000,5.0e-6,100.0,10.0,10000,5000.0,0.8,25,0,5,5,5,1.0
/project/theorie/n/N.Pfaffenzeller/results_project/checkpoint/5b5t_sensitivity_sweep,param_91_rep_5,/project/theorie/n/N.Pfaffenzeller/results_project/checkpoint/5b5t_sensitivity_sweep/data/param_91_rep_5,10000,5.0e-6,100.0,10.0,10000,5000.0,0.9,25,0,5,5,5,1.0
/project/theorie/n/N.Pfaffenzeller/results_project/checkpoint/5b5t_sensitivity_sweep,param_91_rep_5,/project/theorie/n/N.Pfaffenzeller/results_project/checkpoint/5b5t_sensitivity_sweep/data/param_91_rep_5,10000,5.0e-6,100.0,10.0,10000,10000.0,0.8,25,0,5,5,5,1.0
/project/theorie/n/N.Pfaffenzeller/results_project/checkpoint/5b5t_sensitivity_sweep,param_91_rep_5,/project/theorie/n/N.Pfaffenzeller/results_project/checkpoint/5b5t_sensitivity_sweep/data/param_91_rep_5,10000,5.0e-6,100.0,10.0,10000,10000.0,0.9,25,0,5,5,5,1.0
/project/theorie/n/N.Pfaffenzeller/results_project/checkpoint/5b5t_sensitivity_sweep,param_92_rep_1,/project/theorie/n/N.Pfaffenzeller/results_project/checkpoint/5b5t_sensitivity_sweep/data/param_92_rep_1,10000,5.0e-6,100.0,100.0,10000,5000.0,0.8,25,0,5,5,5,1.0
/project/theorie/n/N.Pfaffenzeller/results_project/checkpoint/5b5t_sensitivity_sweep,param_92_rep_1,/project/theorie/n/N.Pfaffenzeller/results_project/checkpoint/5b5t_sensitivity_sweep/data/param_92_rep_1,10000,5.0e-6,100.0,100.0,10000,5000.0,0.9,25,0,5,5,5,1.0
/project/theorie/n/N.Pfaffenzeller/results_project/checkpoint/5b5t_sensitivity_sweep,param_92_rep_1,/project/theorie/n/N.Pfaffenzeller/results_project/checkpoint/5b5t_sensitivity_sweep/data/param_92_rep_1,10000,5.0e-6,100.0,100.0,10000,10000.0,0.8,25,0,5,5,5,1.0
/project/theorie/n/N.Pfaffenzeller/results_project/checkpoint/5b5t_sensitivity_sweep,param_92_rep_1,/project/theorie/n/N.Pfaffenzeller/results_project/checkpoint/5b5t_sensitivity_sweep/data/param_92_rep_1,10000,5.0e-6,100.0,100.0,10000,10000.0,0.9,25,0,5,5,5,1.0
/project/theorie/n/N.Pfaffenzeller/results_project/checkpoint/5b5t_sensitivity_sweep,param_92_rep_2,/project/theorie/n/N.Pfaffenzeller/results_project/checkpoint/5b5t_sensitivity_sweep/data/param_92_rep_2,10000,5.0e-6,100.0,100.0,10000,5000.0,0.8,25,0,5,5,5,1.0
/project/theorie/n/N.Pfaffenzeller/results_project/checkpoint/5b5t_sensitivity_sweep,param_92_rep_2,/project/theorie/n/N.Pfaffenzeller/results_project/checkpoint/5b5t_sensitivity_sweep/data/param_92_rep_2,10000,5.0e-6,100.0,100.0,10000,5000.0,0.9,25,0,5,5,5,1.0
/project/theorie/n/N.Pfaffenzeller/results_project/checkpoint/5b5t_sensitivity_sweep,param_92_rep_2,/project/theorie/n/N.Pfaffenzeller/results_project/checkpoint/5b5t_sensitivity_sweep/data/param_92_rep_2,10000,5.0e-6,100.0,100.0,10000,10000.0,0.8,25,0,5,5,5,1.0
/project/theorie/n/N.Pfaffenzeller/results_project/checkpoint/5b5t_sensitivity_sweep,param_92_rep_2,/project/theorie/n/N.Pfaffenzeller/results_project/checkpoint/5b5t_sensitivity_sweep/data/param_92_rep_2,10000,5.0e-6,100.0,100.0,10000,10000.0,0.9,25,0,5,5,5,1.0
/project/theorie/n/N.Pfaffenzeller/results_project/checkpoint/5b5t_sensitivity_sweep,param_92_rep_3,/project/theorie/n/N.Pfaffenzeller/results_project/checkpoint/5b5t_sensitivity_sweep/data/param_92_rep_3,10000,5.0e-6,100.0,100.0,10000,5000.0,0.8,25,0,3,3,3,0.6
/project/theorie/n/N.Pfaffenzeller/results_project/checkpoint/5b5t_sensitivity_sweep,param_92_rep_3,/project/theorie/n/N.Pfaffenzeller/results_project/checkpoint/5b5t_sensitivity_sweep/data/param_92_rep_3,10000,5.0e-6,100.0,100.0,10000,5000.0,0.9,25,0,3,3,3,0.6
/project/theorie/n/N.Pfaffenzeller/results_project/checkpoint/5b5t_sensitivity_sweep,param_92_rep_3,/project/theorie/n/N.Pfaffenzeller/results_project/checkpoint/5b5t_sensitivity_sweep/data/param_92_rep_3,10000,5.0e-6,100.0,100.0,10000,10000.0,0.8,25,0,4,4,4,0.8
/project/theorie/n/N.Pfaffenzeller/results_project/checkpoint/5b5t_sensitivity_sweep,param_92_rep_3,/project/theorie/n/N.Pfaffenzeller/results_project/checkpoint/5b5t_sensitivity_sweep/data/param_92_rep_3,10000,5.0e-6,100.0,100.0,10000,10000.0,0.9,25,0,4,4,4,0.8
/project/theorie/n/N.Pfaffenzeller/results_project/checkpoint/5b5t_sensitivity_sweep,param_92_rep_4,/project/theorie/n/N.Pfaffenzeller/results_project/checkpoint/5b5t_sensitivity_sweep/data/param_92_rep_4,10000,5.0e-6,100.0,100.0,10000,5000.0,0.8,25,0,5,5,5,1.0
/project/theorie/n/N.Pfaffenzeller/results_project/checkpoint/5b5t_sensitivity_sweep,param_92_rep_4,/project/theorie/n/N.Pfaffenzeller/results_project/checkpoint/5b5t_sensitivity_sweep/data/param_92_rep_4,10000,5.0e-6,100.0,100.0,10000,5000.0,0.9,25,0,5,5,5,1.0
/project/theorie/n/N.Pfaffenzeller/results_project/checkpoint/5b5t_sensitivity_sweep,param_92_rep_4,/project/theorie/n/N.Pfaffenzeller/results_project/checkpoint/5b5t_sensitivity_sweep/data/param_92_rep_4,10000,5.0e-6,100.0,100.0,10000,10000.0,0.8,25,0,5,5,5,1.0
/project/theorie/n/N.Pfaffenzeller/results_project/checkpoint/5b5t_sensitivity_sweep,param_92_rep_4,/project/theorie/n/N.Pfaffenzeller/results_project/checkpoint/5b5t_sensitivity_sweep/data/param_92_rep_4,10000,5.0e-6,100.0,100.0,10000,10000.0,0.9,25,0,5,5,5,1.0
/project/theorie/n/N.Pfaffenzeller/results_project/checkpoint/5b5t_sensitivity_sweep,param_92_rep_5,/project/theorie/n/N.Pfaffenzeller/results_project/checkpoint/5b5t_sensitivity_sweep/data/param_92_rep_5,10000,5.0e-6,100.0,100.0,10000,5000.0,0.8,25,0,5,5,5,1.0
/project/theorie/n/N.Pfaffenzeller/results_project/checkpoint/5b5t_sensitivity_sweep,param_92_rep_5,/project/theorie/n/N.Pfaffenzeller/results_project/checkpoint/5b5t_sensitivity_sweep/data/param_92_rep_5,10000,5.0e-6,100.0,100.0,10000,5000.0,0.9,25,0,5,5,5,1.0
/project/theorie/n/N.Pfaffenzeller/results_project/checkpoint/5b5t_sensitivity_sweep,param_92_rep_5,/project/theorie/n/N.Pfaffenzeller/results_project/checkpoint/5b5t_sensitivity_sweep/data/param_92_rep_5,10000,5.0e-6,100.0,100.0,10000,10000.0,0.8,25,0,5,5,5,1.0
/project/theorie/n/N.Pfaffenzeller/results_project/checkpoint/5b5t_sensitivity_sweep,param_92_rep_5,/project/theorie/n/N.Pfaffenzeller/results_project/checkpoint/5b5t_sensitivity_sweep/data/param_92_rep_5,10000,5.0e-6,100.0,100.0,10000,10000.0,0.9,25,0,5,5,5,1.0
/project/theorie/n/N.Pfaffenzeller/results_project/checkpoint/5b5t_sensitivity_sweep,param_93_rep_1,/project/theorie/n/N.Pfaffenzeller/results_project/checkpoint/5b5t_sensitivity_sweep/data/param_93_rep_1,10000,5.0e-6,100.0,0.1,100000,5000.0,0.8,25,0,3,3,3,0.6
/project/theorie/n/N.Pfaffenzeller/results_project/checkpoint/5b5t_sensitivity_sweep,param_93_rep_1,/project/theorie/n/N.Pfaffenzeller/results_project/checkpoint/5b5t_sensitivity_sweep/data/param_93_rep_1,10000,5.0e-6,100.0,0.1,100000,5000.0,0.9,25,0,0,0,0,0.0
/project/theorie/n/N.Pfaffenzeller/results_project/checkpoint/5b5t_sensitivity_sweep,param_93_rep_1,/project/theorie/n/N.Pfaffenzeller/results_project/checkpoint/5b5t_sensitivity_sweep/data/param_93_rep_1,10000,5.0e-6,100.0,0.1,100000,10000.0,0.8,25,0,0,0,0,0.0
/project/theorie/n/N.Pfaffenzeller/results_project/checkpoint/5b5t_sensitivity_sweep,param_93_rep_1,/project/theorie/n/N.Pfaffenzeller/results_project/checkpoint/5b5t_sensitivity_sweep/data/param_93_rep_1,10000,5.0e-6,100.0,0.1,100000,10000.0,0.9,25,0,0,0,0,0.0
/project/theorie/n/N.Pfaffenzeller/results_project/checkpoint/5b5t_sensitivity_sweep,param_93_rep_2,/project/theorie/n/N.Pfaffenzeller/results_project/checkpoint/5b5t_sensitivity_sweep/data/param_93_rep_2,10000,5.0e-6,100.0,0.1,100000,5000.0,0.8,25,0,2,2,2,0.4
/project/theorie/n/N.Pfaffenzeller/results_project/checkpoint/5b5t_sensitivity_sweep,param_93_rep_2,/project/theorie/n/N.Pfaffenzeller/results_project/checkpoint/5b5t_sensitivity_sweep/data/param_93_rep_2,10000,5.0e-6,100.0,0.1,100000,5000.0,0.9,25,0,1,1,1,0.2
/project/theorie/n/N.Pfaffenzeller/results_project/checkpoint/5b5t_sensitivity_sweep,param_93_rep_2,/project/theorie/n/N.Pfaffenzeller/results_project/checkpoint/5b5t_sensitivity_sweep/data/param_93_rep_2,10000,5.0e-6,100.0,0.1,100000,10000.0,0.8,25,0,0,0,0,0.0
/project/theorie/n/N.Pfaffenzeller/results_project/checkpoint/5b5t_sensitivity_sweep,param_93_rep_2,/project/theorie/n/N.Pfaffenzeller/results_project/checkpoint/5b5t_sensitivity_sweep/data/param_93_rep_2,10000,5.0e-6,100.0,0.1,100000,10000.0,0.9,25,0,0,0,0,0.0
/project/theorie/n/N.Pfaffenzeller/results_project/checkpoint/5b5t_sensitivity_sweep,param_93_rep_3,/project/theorie/n/N.Pfaffenzeller/results_project/checkpoint/5b5t_sensitivity_sweep/data/param_93_rep_3,10000,5.0e-6,100.0,0.1,100000,5000.0,0.8,25,0,4,4,4,0.8
/project/theorie/n/N.Pfaffenzeller/results_project/checkpoint/5b5t_sensitivity_sweep,param_93_rep_3,/project/theorie/n/N.Pfaffenzeller/results_project/checkpoint/5b5t_sensitivity_sweep/data/param_93_rep_3,10000,5.0e-6,100.0,0.1,100000,5000.0,0.9,25,0,0,0,0,0.0
/project/theorie/n/N.Pfaffenzeller/results_project/checkpoint/5b5t_sensitivity_sweep,param_93_rep_3,/project/theorie/n/N.Pfaffenzeller/results_project/checkpoint/5b5t_sensitivity_sweep/data/param_93_rep_3,10000,5.0e-6,100.0,0.1,100000,10000.0,0.8,25,0,1,1,1,0.2
/project/theorie/n/N.Pfaffenzeller/results_project/checkpoint/5b5t_sensitivity_sweep,param_93_rep_3,/project/theorie/n/N.Pfaffenzeller/results_project/checkpoint/5b5t_sensitivity_sweep/data/param_93_rep_3,10000,5.0e-6,100.0,0.1,100000,10000.0,0.9,25,0,0,0,0,0.0
/project/theorie/n/N.Pfaffenzeller/results_project/checkpoint/5b5t_sensitivity_sweep,param_93_rep_4,/project/theorie/n/N.Pfaffenzeller/results_project/checkpoint/5b5t_sensitivity_sweep/data/param_93_rep_4,10000,5.0e-6,100.0,0.1,100000,5000.0,0.8,25,0,4,4,4,0.8
/project/theorie/n/N.Pfaffenzeller/results_project/checkpoint/5b5t_sensitivity_sweep,param_93_rep_4,/project/theorie/n/N.Pfaffenzeller/results_project/checkpoint/5b5t_sensitivity_sweep/data/param_93_rep_4,10000,5.0e-6,100.0,0.1,100000,5000.0,0.9,25,0,0,0,0,0.0
/project/theorie/n/N.Pfaffenzeller/results_project/checkpoint/5b5t_sensitivity_sweep,param_93_rep_4,/project/theorie/n/N.Pfaffenzeller/results_project/checkpoint/5b5t_sensitivity_sweep/data/param_93_rep_4,10000,5.0e-6,100.0,0.1,100000,10000.0,0.8,25,0,0,0,0,0.0
/project/theorie/n/N.Pfaffenzeller/results_project/checkpoint/5b5t_sensitivity_sweep,param_93_rep_4,/project/theorie/n/N.Pfaffenzeller/results_project/checkpoint/5b5t_sensitivity_sweep/data/param_93_rep_4,10000,5.0e-6,100.0,0.1,100000,10000.0,0.9,25,0,0,0,0,0.0
/project/theorie/n/N.Pfaffenzeller/results_project/checkpoint/5b5t_sensitivity_sweep,param_93_rep_5,/project/theorie/n/N.Pfaffenzeller/results_project/checkpoint/5b5t_sensitivity_sweep/data/param_93_rep_5,10000,5.0e-6,100.0,0.1,100000,5000.0,0.8,25,0,5,5,5,1.0
/project/theorie/n/N.Pfaffenzeller/results_project/checkpoint/5b5t_sensitivity_sweep,param_93_rep_5,/project/theorie/n/N.Pfaffenzeller/results_project/checkpoint/5b5t_sensitivity_sweep/data/param_93_rep_5,10000,5.0e-6,100.0,0.1,100000,5000.0,0.9,25,0,0,0,0,0.0
/project/theorie/n/N.Pfaffenzeller/results_project/checkpoint/5b5t_sensitivity_sweep,param_93_rep_5,/project/theorie/n/N.Pfaffenzeller/results_project/checkpoint/5b5t_sensitivity_sweep/data/param_93_rep_5,10000,5.0e-6,100.0,0.1,100000,10000.0,0.8,25,0,2,2,2,0.4
/project/theorie/n/N.Pfaffenzeller/results_project/checkpoint/5b5t_sensitivity_sweep,param_93_rep_5,/project/theorie/n/N.Pfaffenzeller/results_project/checkpoint/5b5t_sensitivity_sweep/data/param_93_rep_5,10000,5.0e-6,100.0,0.1,100000,10000.0,0.9,25,0,0,0,0,0.0
/project/theorie/n/N.Pfaffenzeller/results_project/checkpoint/5b5t_sensitivity_sweep,param_94_rep_1,/project/theorie/n/N.Pfaffenzeller/results_project/checkpoint/5b5t_sensitivity_sweep/data/param_94_rep_1,10000,5.0e-6,100.0,1.0,100000,5000.0,0.8,25,0,5,5,5,1.0
/project/theorie/n/N.Pfaffenzeller/results_project/checkpoint/5b5t_sensitivity_sweep,param_94_rep_1,/project/theorie/n/N.Pfaffenzeller/results_project/checkpoint/5b5t_sensitivity_sweep/data/param_94_rep_1,10000,5.0e-6,100.0,1.0,100000,5000.0,0.9,25,0,5,5,5,1.0
/project/theorie/n/N.Pfaffenzeller/results_project/checkpoint/5b5t_sensitivity_sweep,param_94_rep_1,/project/theorie/n/N.Pfaffenzeller/results_project/checkpoint/5b5t_sensitivity_sweep/data/param_94_rep_1,10000,5.0e-6,100.0,1.0,100000,10000.0,0.8,25,0,5,5,5,1.0
/project/theorie/n/N.Pfaffenzeller/results_project/checkpoint/5b5t_sensitivity_sweep,param_94_rep_1,/project/theorie/n/N.Pfaffenzeller/results_project/checkpoint/5b5t_sensitivity_sweep/data/param_94_rep_1,10000,5.0e-6,100.0,1.0,100000,10000.0,0.9,25,0,5,5,5,1.0
/project/theorie/n/N.Pfaffenzeller/results_project/checkpoint/5b5t_sensitivity_sweep,param_94_rep_2,/project/theorie/n/N.Pfaffenzeller/results_project/checkpoint/5b5t_sensitivity_sweep/data/param_94_rep_2,10000,5.0e-6,100.0,1.0,100000,5000.0,0.8,25,0,5,5,5,1.0
/project/theorie/n/N.Pfaffenzeller/results_project/checkpoint/5b5t_sensitivity_sweep,param_94_rep_2,/project/theorie/n/N.Pfaffenzeller/results_project/checkpoint/5b5t_sensitivity_sweep/data/param_94_rep_2,10000,5.0e-6,100.0,1.0,100000,5000.0,0.9,25,0,5,5,5,1.0
/project/theorie/n/N.Pfaffenzeller/results_project/checkpoint/5b5t_sensitivity_sweep,param_94_rep_2,/project/theorie/n/N.Pfaffenzeller/results_project/checkpoint/5b5t_sensitivity_sweep/data/param_94_rep_2,10000,5.0e-6,100.0,1.0,100000,10000.0,0.8,25,0,5,5,5,1.0
/project/theorie/n/N.Pfaffenzeller/results_project/checkpoint/5b5t_sensitivity_sweep,param_94_rep_2,/project/theorie/n/N.Pfaffenzeller/results_project/checkpoint/5b5t_sensitivity_sweep/data/param_94_rep_2,10000,5.0e-6,100.0,1.0,100000,10000.0,0.9,25,0,5,5,5,1.0
/project/theorie/n/N.Pfaffenzeller/results_project/checkpoint/5b5t_sensitivity_sweep,param_94_rep_3,/project/theorie/n/N.Pfaffenzeller/results_project/checkpoint/5b5t_sensitivity_sweep/data/param_94_rep_3,10000,5.0e-6,100.0,1.0,100000,5000.0,0.8,25,0,5,5,5,1.0
/project/theorie/n/N.Pfaffenzeller/results_project/checkpoint/5b5t_sensitivity_sweep,param_94_rep_3,/project/theorie/n/N.Pfaffenzeller/results_project/checkpoint/5b5t_sensitivity_sweep/data/param_94_rep_3,10000,5.0e-6,100.0,1.0,100000,5000.0,0.9,25,0,5,5,5,1.0
/project/theorie/n/N.Pfaffenzeller/results_project/checkpoint/5b5t_sensitivity_sweep,param_94_rep_3,/project/theorie/n/N.Pfaffenzeller/results_project/checkpoint/5b5t_sensitivity_sweep/data/param_94_rep_3,10000,5.0e-6,100.0,1.0,100000,10000.0,0.8,25,0,5,5,5,1.0
/project/theorie/n/N.Pfaffenzeller/results_project/checkpoint/5b5t_sensitivity_sweep,param_94_rep_3,/project/theorie/n/N.Pfaffenzeller/results_project/checkpoint/5b5t_sensitivity_sweep/data/param_94_rep_3,10000,5.0e-6,100.0,1.0,100000,10000.0,0.9,25,0,5,5,5,1.0
/project/theorie/n/N.Pfaffenzeller/results_project/checkpoint/5b5t_sensitivity_sweep,param_94_rep_4,/project/theorie/n/N.Pfaffenzeller/results_project/checkpoint/5b5t_sensitivity_sweep/data/param_94_rep_4,10000,5.0e-6,100.0,1.0,100000,5000.0,0.8,25,0,5,5,5,1.0
/project/theorie/n/N.Pfaffenzeller/results_project/checkpoint/5b5t_sensitivity_sweep,param_94_rep_4,/project/theorie/n/N.Pfaffenzeller/results_project/checkpoint/5b5t_sensitivity_sweep/data/param_94_rep_4,10000,5.0e-6,100.0,1.0,100000,5000.0,0.9,25,0,5,5,5,1.0
/project/theorie/n/N.Pfaffenzeller/results_project/checkpoint/5b5t_sensitivity_sweep,param_94_rep_4,/project/theorie/n/N.Pfaffenzeller/results_project/checkpoint/5b5t_sensitivity_sweep/data/param_94_rep_4,10000,5.0e-6,100.0,1.0,100000,10000.0,0.8,25,0,5,5,5,1.0
/project/theorie/n/N.Pfaffenzeller/results_project/checkpoint/5b5t_sensitivity_sweep,param_94_rep_4,/project/theorie/n/N.Pfaffenzeller/results_project/checkpoint/5b5t_sensitivity_sweep/data/param_94_rep_4,10000,5.0e-6,100.0,1.0,100000,10000.0,0.9,25,0,4,4,4,0.8
/project/theorie/n/N.Pfaffenzeller/results_project/checkpoint/5b5t_sensitivity_sweep,param_94_rep_5,/project/theorie/n/N.Pfaffenzeller/results_project/checkpoint/5b5t_sensitivity_sweep/data/param_94_rep_5,10000,5.0e-6,100.0,1.0,100000,5000.0,0.8,25,0,5,5,5,1.0
/project/theorie/n/N.Pfaffenzeller/results_project/checkpoint/5b5t_sensitivity_sweep,param_94_rep_5,/project/theorie/n/N.Pfaffenzeller/results_project/checkpoint/5b5t_sensitivity_sweep/data/param_94_rep_5,10000,5.0e-6,100.0,1.0,100000,5000.0,0.9,25,0,5,5,5,1.0
/project/theorie/n/N.Pfaffenzeller/results_project/checkpoint/5b5t_sensitivity_sweep,param_94_rep_5,/project/theorie/n/N.Pfaffenzeller/results_project/checkpoint/5b5t_sensitivity_sweep/data/param_94_rep_5,10000,5.0e-6,100.0,1.0,100000,10000.0,0.8,25,0,5,5,5,1.0
/project/theorie/n/N.Pfaffenzeller/results_project/checkpoint/5b5t_sensitivity_sweep,param_94_rep_5,/project/theorie/n/N.Pfaffenzeller/results_project/checkpoint/5b5t_sensitivity_sweep/data/param_94_rep_5,10000,5.0e-6,100.0,1.0,100000,10000.0,0.9,25,0,5,5,5,1.0
/project/theorie/n/N.Pfaffenzeller/results_project/checkpoint/5b5t_sensitivity_sweep,param_95_rep_1,/project/theorie/n/N.Pfaffenzeller/results_project/checkpoint/5b5t_sensitivity_sweep/data/param_95_rep_1,10000,5.0e-6,100.0,10.0,100000,5000.0,0.8,25,0,5,5,5,1.0
/project/theorie/n/N.Pfaffenzeller/results_project/checkpoint/5b5t_sensitivity_sweep,param_95_rep_1,/project/theorie/n/N.Pfaffenzeller/results_project/checkpoint/5b5t_sensitivity_sweep/data/param_95_rep_1,10000,5.0e-6,100.0,10.0,100000,5000.0,0.9,25,0,5,5,5,1.0
/project/theorie/n/N.Pfaffenzeller/results_project/checkpoint/5b5t_sensitivity_sweep,param_95_rep_1,/project/theorie/n/N.Pfaffenzeller/results_project/checkpoint/5b5t_sensitivity_sweep/data/param_95_rep_1,10000,5.0e-6,100.0,10.0,100000,10000.0,0.8,25,0,5,5,5,1.0
/project/theorie/n/N.Pfaffenzeller/results_project/checkpoint/5b5t_sensitivity_sweep,param_95_rep_1,/project/theorie/n/N.Pfaffenzeller/results_project/checkpoint/5b5t_sensitivity_sweep/data/param_95_rep_1,10000,5.0e-6,100.0,10.0,100000,10000.0,0.9,25,0,5,5,5,1.0
/project/theorie/n/N.Pfaffenzeller/results_project/checkpoint/5b5t_sensitivity_sweep,param_95_rep_2,/project/theorie/n/N.Pfaffenzeller/results_project/checkpoint/5b5t_sensitivity_sweep/data/param_95_rep_2,10000,5.0e-6,100.0,10.0,100000,5000.0,0.8,25,0,3,3,3,0.6
/project/theorie/n/N.Pfaffenzeller/results_project/checkpoint/5b5t_sensitivity_sweep,param_95_rep_2,/project/theorie/n/N.Pfaffenzeller/results_project/checkpoint/5b5t_sensitivity_sweep/data/param_95_rep_2,10000,5.0e-6,100.0,10.0,100000,5000.0,0.9,25,0,3,3,3,0.6
/project/theorie/n/N.Pfaffenzeller/results_project/checkpoint/5b5t_sensitivity_sweep,param_95_rep_2,/project/theorie/n/N.Pfaffenzeller/results_project/checkpoint/5b5t_sensitivity_sweep/data/param_95_rep_2,10000,5.0e-6,100.0,10.0,100000,10000.0,0.8,25,0,5,5,5,1.0
/project/theorie/n/N.Pfaffenzeller/results_project/checkpoint/5b5t_sensitivity_sweep,param_95_rep_2,/project/theorie/n/N.Pfaffenzeller/results_project/checkpoint/5b5t_sensitivity_sweep/data/param_95_rep_2,10000,5.0e-6,100.0,10.0,100000,10000.0,0.9,25,0,5,5,5,1.0
/project/theorie/n/N.Pfaffenzeller/results_project/checkpoint/5b5t_sensitivity_sweep,param_95_rep_3,/project/theorie/n/N.Pfaffenzeller/results_project/checkpoint/5b5t_sensitivity_sweep/data/param_95_rep_3,10000,5.0e-6,100.0,10.0,100000,5000.0,0.8,25,0,5,5,5,1.0
/project/theorie/n/N.Pfaffenzeller/results_project/checkpoint/5b5t_sensitivity_sweep,param_95_rep_3,/project/theorie/n/N.Pfaffenzeller/results_project/checkpoint/5b5t_sensitivity_sweep/data/param_95_rep_3,10000,5.0e-6,100.0,10.0,100000,5000.0,0.9,25,0,5,5,5,1.0
/project/theorie/n/N.Pfaffenzeller/results_project/checkpoint/5b5t_sensitivity_sweep,param_95_rep_3,/project/theorie/n/N.Pfaffenzeller/results_project/checkpoint/5b5t_sensitivity_sweep/data/param_95_rep_3,10000,5.0e-6,100.0,10.0,100000,10000.0,0.8,25,0,5,5,5,1.0
/project/theorie/n/N.Pfaffenzeller/results_project/checkpoint/5b5t_sensitivity_sweep,param_95_rep_3,/project/theorie/n/N.Pfaffenzeller/results_project/checkpoint/5b5t_sensitivity_sweep/data/param_95_rep_3,10000,5.0e-6,100.0,10.0,100000,10000.0,0.9,25,0,5,5,5,1.0
/project/theorie/n/N.Pfaffenzeller/results_project/checkpoint/5b5t_sensitivity_sweep,param_95_rep_4,/project/theorie/n/N.Pfaffenzeller/results_project/checkpoint/5b5t_sensitivity_sweep/data/param_95_rep_4,10000,5.0e-6,100.0,10.0,100000,5000.0,0.8,25,0,5,5,5,1.0
/project/theorie/n/N.Pfaffenzeller/results_project/checkpoint/5b5t_sensitivity_sweep,param_95_rep_4,/project/theorie/n/N.Pfaffenzeller/results_project/checkpoint/5b5t_sensitivity_sweep/data/param_95_rep_4,10000,5.0e-6,100.0,10.0,100000,5000.0,0.9,25,0,5,5,5,1.0
/project/theorie/n/N.Pfaffenzeller/results_project/checkpoint/5b5t_sensitivity_sweep,param_95_rep_4,/project/theorie/n/N.Pfaffenzeller/results_project/checkpoint/5b5t_sensitivity_sweep/data/param_95_rep_4,10000,5.0e-6,100.0,10.0,100000,10000.0,0.8,25,0,5,5,5,1.0
/project/theorie/n/N.Pfaffenzeller/results_project/checkpoint/5b5t_sensitivity_sweep,param_95_rep_4,/project/theorie/n/N.Pfaffenzeller/results_project/checkpoint/5b5t_sensitivity_sweep/data/param_95_rep_4,10000,5.0e-6,100.0,10.0,100000,10000.0,0.9,25,0,5,5,5,1.0
/project/theorie/n/N.Pfaffenzeller/results_project/checkpoint/5b5t_sensitivity_sweep,param_95_rep_5,/project/theorie/n/N.Pfaffenzeller/results_project/checkpoint/5b5t_sensitivity_sweep/data/param_95_rep_5,10000,5.0e-6,100.0,10.0,100000,5000.0,0.8,25,0,5,5,5,1.0
/project/theorie/n/N.Pfaffenzeller/results_project/checkpoint/5b5t_sensitivity_sweep,param_95_rep_5,/project/theorie/n/N.Pfaffenzeller/results_project/checkpoint/5b5t_sensitivity_sweep/data/param_95_rep_5,10000,5.0e-6,100.0,10.0,100000,5000.0,0.9,25,0,5,5,5,1.0
/project/theorie/n/N.Pfaffenzeller/results_project/checkpoint/5b5t_sensitivity_sweep,param_95_rep_5,/project/theorie/n/N.Pfaffenzeller/results_project/checkpoint/5b5t_sensitivity_sweep/data/param_95_rep_5,10000,5.0e-6,100.0,10.0,100000,10000.0,0.8,25,0,5,5,5,1.0
/project/theorie/n/N.Pfaffenzeller/results_project/checkpoint/5b5t_sensitivity_sweep,param_95_rep_5,/project/theorie/n/N.Pfaffenzeller/results_project/checkpoint/5b5t_sensitivity_sweep/data/param_95_rep_5,10000,5.0e-6,100.0,10.0,100000,10000.0,0.9,25,0,5,5,5,1.0
/project/theorie/n/N.Pfaffenzeller/results_project/checkpoint/5b5t_sensitivity_sweep,param_96_rep_1,/project/theorie/n/N.Pfaffenzeller/results_project/checkpoint/5b5t_sensitivity_sweep/data/param_96_rep_1,10000,5.0e-6,100.0,100.0,100000,5000.0,0.8,25,0,5,5,5,1.0
/project/theorie/n/N.Pfaffenzeller/results_project/checkpoint/5b5t_sensitivity_sweep,param_96_rep_1,/project/theorie/n/N.Pfaffenzeller/results_project/checkpoint/5b5t_sensitivity_sweep/data/param_96_rep_1,10000,5.0e-6,100.0,100.0,100000,5000.0,0.9,25,0,5,5,5,1.0
/project/theorie/n/N.Pfaffenzeller/results_project/checkpoint/5b5t_sensitivity_sweep,param_96_rep_1,/project/theorie/n/N.Pfaffenzeller/results_project/checkpoint/5b5t_sensitivity_sweep/data/param_96_rep_1,10000,5.0e-6,100.0,100.0,100000,10000.0,0.8,25,0,5,5,5,1.0
/project/theorie/n/N.Pfaffenzeller/results_project/checkpoint/5b5t_sensitivity_sweep,param_96_rep_1,/project/theorie/n/N.Pfaffenzeller/results_project/checkpoint/5b5t_sensitivity_sweep/data/param_96_rep_1,10000,5.0e-6,100.0,100.0,100000,10000.0,0.9,25,0,5,5,5,1.0
/project/theorie/n/N.Pfaffenzeller/results_project/checkpoint/5b5t_sensitivity_sweep,param_96_rep_2,/project/theorie/n/N.Pfaffenzeller/results_project/checkpoint/5b5t_sensitivity_sweep/data/param_96_rep_2,10000,5.0e-6,100.0,100.0,100000,5000.0,0.8,25,0,5,5,5,1.0
/project/theorie/n/N.Pfaffenzeller/results_project/checkpoint/5b5t_sensitivity_sweep,param_96_rep_2,/project/theorie/n/N.Pfaffenzeller/results_project/checkpoint/5b5t_sensitivity_sweep/data/param_96_rep_2,10000,5.0e-6,100.0,100.0,100000,5000.0,0.9,25,0,5,5,5,1.0
/project/theorie/n/N.Pfaffenzeller/results_project/checkpoint/5b5t_sensitivity_sweep,param_96_rep_2,/project/theorie/n/N.Pfaffenzeller/results_project/checkpoint/5b5t_sensitivity_sweep/data/param_96_rep_2,10000,5.0e-6,100.0,100.0,100000,10000.0,0.8,25,0,5,5,5,1.0
/project/theorie/n/N.Pfaffenzeller/results_project/checkpoint/5b5t_sensitivity_sweep,param_96_rep_2,/project/theorie/n/N.Pfaffenzeller/results_project/checkpoint/5b5t_sensitivity_sweep/data/param_96_rep_2,10000,5.0e-6,100.0,100.0,100000,10000.0,0.9,25,0,5,5,5,1.0
/project/theorie/n/N.Pfaffenzeller/results_project/checkpoint/5b5t_sensitivity_sweep,param_96_rep_3,/project/theorie/n/N.Pfaffenzeller/results_project/checkpoint/5b5t_sensitivity_sweep/data/param_96_rep_3,10000,5.0e-6,100.0,100.0,100000,5000.0,0.8,25,0,5,5,5,1.0
/project/theorie/n/N.Pfaffenzeller/results_project/checkpoint/5b5t_sensitivity_sweep,param_96_rep_3,/project/theorie/n/N.Pfaffenzeller/results_project/checkpoint/5b5t_sensitivity_sweep/data/param_96_rep_3,10000,5.0e-6,100.0,100.0,100000,5000.0,0.9,25,0,5,5,5,1.0
/project/theorie/n/N.Pfaffenzeller/results_project/checkpoint/5b5t_sensitivity_sweep,param_96_rep_3,/project/theorie/n/N.Pfaffenzeller/results_project/checkpoint/5b5t_sensitivity_sweep/data/param_96_rep_3,10000,5.0e-6,100.0,100.0,100000,10000.0,0.8,25,0,5,5,5,1.0
/project/theorie/n/N.Pfaffenzeller/results_project/checkpoint/5b5t_sensitivity_sweep,param_96_rep_3,/project/theorie/n/N.Pfaffenzeller/results_project/checkpoint/5b5t_sensitivity_sweep/data/param_96_rep_3,10000,5.0e-6,100.0,100.0,100000,10000.0,0.9,25,0,5,5,5,1.0
/project/theorie/n/N.Pfaffenzeller/results_project/checkpoint/5b5t_sensitivity_sweep,param_96_rep_4,/project/theorie/n/N.Pfaffenzeller/results_project/checkpoint/5b5t_sensitivity_sweep/data/param_96_rep_4,10000,5.0e-6,100.0,100.0,100000,5000.0,0.8,25,0,5,5,5,1.0
/project/theorie/n/N.Pfaffenzeller/results_project/checkpoint/5b5t_sensitivity_sweep,param_96_rep_4,/project/theorie/n/N.Pfaffenzeller/results_project/checkpoint/5b5t_sensitivity_sweep/data/param_96_rep_4,10000,5.0e-6,100.0,100.0,100000,5000.0,0.9,25,0,5,5,5,1.0
/project/theorie/n/N.Pfaffenzeller/results_project/checkpoint/5b5t_sensitivity_sweep,param_96_rep_4,/project/theorie/n/N.Pfaffenzeller/results_project/checkpoint/5b5t_sensitivity_sweep/data/param_96_rep_4,10000,5.0e-6,100.0,100.0,100000,10000.0,0.8,25,0,5,5,5,1.0
/project/theorie/n/N.Pfaffenzeller/results_project/checkpoint/5b5t_sensitivity_sweep,param_96_rep_4,/project/theorie/n/N.Pfaffenzeller/results_project/checkpoint/5b5t_sensitivity_sweep/data/param_96_rep_4,10000,5.0e-6,100.0,100.0,100000,10000.0,0.9,25,0,5,5,5,1.0
/project/theorie/n/N.Pfaffenzeller/results_project/checkpoint/5b5t_sensitivity_sweep,param_96_rep_5,/project/theorie/n/N.Pfaffenzeller/results_project/checkpoint/5b5t_sensitivity_sweep/data/param_96_rep_5,10000,5.0e-6,100.0,100.0,100000,5000.0,0.8,25,0,5,5,5,1.0
/project/theorie/n/N.Pfaffenzeller/results_project/checkpoint/5b5t_sensitivity_sweep,param_96_rep_5,/project/theorie/n/N.Pfaffenzeller/results_project/checkpoint/5b5t_sensitivity_sweep/data/param_96_rep_5,10000,5.0e-6,100.0,100.0,100000,5000.0,0.9,25,0,5,5,5,1.0
/project/theorie/n/N.Pfaffenzeller/results_project/checkpoint/5b5t_sensitivity_sweep,param_96_rep_5,/project/theorie/n/N.Pfaffenzeller/results_project/checkpoint/5b5t_sensitivity_sweep/data/param_96_rep_5,10000,5.0e-6,100.0,100.0,100000,10000.0,0.8,25,0,5,5,5,1.0
/project/theorie/n/N.Pfaffenzeller/results_project/checkpoint/5b5t_sensitivity_sweep,param_96_rep_5,/project/theorie/n/N.Pfaffenzeller/results_project/checkpoint/5b5t_sensitivity_sweep/data/param_96_rep_5,10000,5.0e-6,100.0,100.0,100000,10000.0,0.9,25,0,5,5,5,1.0
/project/theorie/n/N.Pfaffenzeller/results_project/checkpoint/5b5t_sensitivity_sweep,param_9_rep_1,/project/theorie/n/N.Pfaffenzeller/results_project/checkpoint/5b5t_sensitivity_sweep/data/param_9_rep_1,10000,5.0e-6,0.1,0.1,100,5000.0,0.8,25,0,0,0,0,0.0
/project/theorie/n/N.Pfaffenzeller/results_project/checkpoint/5b5t_sensitivity_sweep,param_9_rep_1,/project/theorie/n/N.Pfaffenzeller/results_project/checkpoint/5b5t_sensitivity_sweep/data/param_9_rep_1,10000,5.0e-6,0.1,0.1,100,5000.0,0.9,25,0,0,0,0,0.0
/project/theorie/n/N.Pfaffenzeller/results_project/checkpoint/5b5t_sensitivity_sweep,param_9_rep_1,/project/theorie/n/N.Pfaffenzeller/results_project/checkpoint/5b5t_sensitivity_sweep/data/param_9_rep_1,10000,5.0e-6,0.1,0.1,100,10000.0,0.8,25,0,0,0,0,0.0
/project/theorie/n/N.Pfaffenzeller/results_project/checkpoint/5b5t_sensitivity_sweep,param_9_rep_1,/project/theorie/n/N.Pfaffenzeller/results_project/checkpoint/5b5t_sensitivity_sweep/data/param_9_rep_1,10000,5.0e-6,0.1,0.1,100,10000.0,0.9,25,0,0,0,0,0.0
/project/theorie/n/N.Pfaffenzeller/results_project/checkpoint/5b5t_sensitivity_sweep,param_9_rep_2,/project/theorie/n/N.Pfaffenzeller/results_project/checkpoint/5b5t_sensitivity_sweep/data/param_9_rep_2,10000,5.0e-6,0.1,0.1,100,5000.0,0.8,25,0,0,0,0,0.0
/project/theorie/n/N.Pfaffenzeller/results_project/checkpoint/5b5t_sensitivity_sweep,param_9_rep_2,/project/theorie/n/N.Pfaffenzeller/results_project/checkpoint/5b5t_sensitivity_sweep/data/param_9_rep_2,10000,5.0e-6,0.1,0.1,100,5000.0,0.9,25,0,0,0,0,0.0
/project/theorie/n/N.Pfaffenzeller/results_project/checkpoint/5b5t_sensitivity_sweep,param_9_rep_2,/project/theorie/n/N.Pfaffenzeller/results_project/checkpoint/5b5t_sensitivity_sweep/data/param_9_rep_2,10000,5.0e-6,0.1,0.1,100,10000.0,0.8,25,0,0,0,0,0.0
/project/theorie/n/N.Pfaffenzeller/results_project/checkpoint/5b5t_sensitivity_sweep,param_9_rep_2,/project/theorie/n/N.Pfaffenzeller/results_project/checkpoint/5b5t_sensitivity_sweep/data/param_9_rep_2,10000,5.0e-6,0.1,0.1,100,10000.0,0.9,25,0,0,0,0,0.0
/project/theorie/n/N.Pfaffenzeller/results_project/checkpoint/5b5t_sensitivity_sweep,param_9_rep_3,/project/theorie/n/N.Pfaffenzeller/results_project/checkpoint/5b5t_sensitivity_sweep/data/param_9_rep_3,10000,5.0e-6,0.1,0.1,100,5000.0,0.8,25,0,0,0,0,0.0
/project/theorie/n/N.Pfaffenzeller/results_project/checkpoint/5b5t_sensitivity_sweep,param_9_rep_3,/project/theorie/n/N.Pfaffenzeller/results_project/checkpoint/5b5t_sensitivity_sweep/data/param_9_rep_3,10000,5.0e-6,0.1,0.1,100,5000.0,0.9,25,0,0,0,0,0.0
/project/theorie/n/N.Pfaffenzeller/results_project/checkpoint/5b5t_sensitivity_sweep,param_9_rep_3,/project/theorie/n/N.Pfaffenzeller/results_project/checkpoint/5b5t_sensitivity_sweep/data/param_9_rep_3,10000,5.0e-6,0.1,0.1,100,10000.0,0.8,25,0,0,0,0,0.0
/project/theorie/n/N.Pfaffenzeller/results_project/checkpoint/5b5t_sensitivity_sweep,param_9_rep_3,/project/theorie/n/N.Pfaffenzeller/results_project/checkpoint/5b5t_sensitivity_sweep/data/param_9_rep_3,10000,5.0e-6,0.1,0.1,100,10000.0,0.9,25,0,0,0,0,0.0
/project/theorie/n/N.Pfaffenzeller/results_project/checkpoint/5b5t_sensitivity_sweep,param_9_rep_4,/project/theorie/n/N.Pfaffenzeller/results_project/checkpoint/5b5t_sensitivity_sweep/data/param_9_rep_4,10000,5.0e-6,0.1,0.1,100,5000.0,0.8,25,0,0,0,0,0.0
/project/theorie/n/N.Pfaffenzeller/results_project/checkpoint/5b5t_sensitivity_sweep,param_9_rep_4,/project/theorie/n/N.Pfaffenzeller/results_project/checkpoint/5b5t_sensitivity_sweep/data/param_9_rep_4,10000,5.0e-6,0.1,0.1,100,5000.0,0.9,25,0,0,0,0,0.0
/project/theorie/n/N.Pfaffenzeller/results_project/checkpoint/5b5t_sensitivity_sweep,param_9_rep_4,/project/theorie/n/N.Pfaffenzeller/results_project/checkpoint/5b5t_sensitivity_sweep/data/param_9_rep_4,10000,5.0e-6,0.1,0.1,100,10000.0,0.8,25,0,0,0,0,0.0
/project/theorie/n/N.Pfaffenzeller/results_project/checkpoint/5b5t_sensitivity_sweep,param_9_rep_4,/project/theorie/n/N.Pfaffenzeller/results_project/checkpoint/5b5t_sensitivity_sweep/data/param_9_rep_4,10000,5.0e-6,0.1,0.1,100,10000.0,0.9,25,0,0,0,0,0.0
/project/theorie/n/N.Pfaffenzeller/results_project/checkpoint/5b5t_sensitivity_sweep,param_9_rep_5,/project/theorie/n/N.Pfaffenzeller/results_project/checkpoint/5b5t_sensitivity_sweep/data/param_9_rep_5,10000,5.0e-6,0.1,0.1,100,5000.0,0.8,25,0,0,0,0,0.0
/project/theorie/n/N.Pfaffenzeller/results_project/checkpoint/5b5t_sensitivity_sweep,param_9_rep_5,/project/theorie/n/N.Pfaffenzeller/results_project/checkpoint/5b5t_sensitivity_sweep/data/param_9_rep_5,10000,5.0e-6,0.1,0.1,100,5000.0,0.9,25,0,0,0,0,0.0
/project/theorie/n/N.Pfaffenzeller/results_project/checkpoint/5b5t_sensitivity_sweep,param_9_rep_5,/project/theorie/n/N.Pfaffenzeller/results_project/checkpoint/5b5t_sensitivity_sweep/data/param_9_rep_5,10000,5.0e-6,0.1,0.1,100,10000.0,0.8,25,0,0,0,0,0.0
/project/theorie/n/N.Pfaffenzeller/results_project/checkpoint/5b5t_sensitivity_sweep,param_9_rep_5,/project/theorie/n/N.Pfaffenzeller/results_project/checkpoint/5b5t_sensitivity_sweep/data/param_9_rep_5,10000,5.0e-6,0.1,0.1,100,10000.0,0.9,25,0,0,0,0,0.0
